{
  "sigma_values": [
    0.0,
    0.01,
    0.02,
    0.03,
    0.05,
    0.07,
    0.1,
    0.12,
    0.15
  ],
  "metric_name": "quality_mismatch_only",
  "per_trial": [
    [
      -0.5241053104400635,
      -0.5241053104400635,
      -0.5241053104400635,
      -0.5241053104400635,
      -0.5241053104400635,
      -0.5241053104400635,
      -0.5241053104400635,
      -0.5241053104400635,
      -0.5241053104400635,
      -0.5241053104400635
    ],
    [
      -0.5274595618247986,
      -0.5239440202713013,
      -0.525431215763092,
      -0.524451732635498,
      -0.5245668888092041,
      -0.5238471627235413,
      -0.5216115713119507,
      -0.522080659866333,
      -0.5228003263473511,
      -0.5227023363113403
    ],
    [
      -0.5197809338569641,
      -0.525962769985199,
      -0.5235620737075806,
      -0.5265738368034363,
      -0.531247079372406,
      -0.5323969125747681,
      -0.5225545167922974,
      -0.5253790616989136,
      -0.5259736776351929,
      -0.5216689705848694
    ],
    [
      -0.5247012972831726,
      -0.5351365208625793,
      -0.5245556831359863,
      -0.5302360653877258,
      -0.5210744738578796,
      -0.5198778510093689,
      -0.528382420539856,
      -0.5187500715255737,
      -0.5409547090530396,
      -0.5234076380729675
    ],
    [
      -0.5348641276359558,
      -0.5444780588150024,
      -0.5419842004776001,
      -0.5221108198165894,
      -0.5272346138954163,
      -0.517446756362915,
      -0.5380972027778625,
      -0.5628942847251892,
      -0.5421656966209412,
      -0.5567101836204529
    ],
    [
      -0.5622546076774597,
      -0.5360549688339233,
      -0.5398131608963013,
      -0.5255913734436035,
      -0.579387366771698,
      -0.5861725807189941,
      -0.5400251150131226,
      -0.5523250102996826,
      -0.5579583048820496,
      -0.5284093022346497
    ],
    [
      -0.5583009719848633,
      -0.5371645092964172,
      -0.5392370820045471,
      -0.5606783032417297,
      -0.5367155075073242,
      -0.555154025554657,
      -0.5477773547172546,
      -0.5428886413574219,
      -0.5484800934791565,
      -0.5516968965530396
    ],
    [
      -0.5770896673202515,
      -0.5514533519744873,
      -0.6132432818412781,
      -0.6464203596115112,
      -0.5316258668899536,
      -0.6501752734184265,
      -0.6053500175476074,
      -0.5702834129333496,
      -0.594946563243866,
      -0.5958511233329773
    ],
    [
      -0.529094398021698,
      -0.6256944537162781,
      -0.5876376628875732,
      -0.5784187912940979,
      -0.5352059006690979,
      -0.5975263118743896,
      -0.699104905128479,
      -0.5805705785751343,
      -0.68354332447052,
      -0.6104711890220642
    ]
  ],
  "digital_baseline": -0.5241053104400635,
  "mean": [
    -0.5241053104400635,
    -0.523889547586441,
    -0.5255099833011627,
    -0.526707673072815,
    -0.5387985944747925,
    -0.5507991790771485,
    -0.5478093385696411,
    -0.5936438918113709,
    -0.6027267515659332
  ],
  "std": [
    0.0,
    0.0016419035766731202,
    0.003768521452742421,
    0.006712134544144236,
    0.013561893423423033,
    0.01960682265055693,
    0.008241816632975527,
    0.03599294700605087,
    0.05265438774912018
  ],
  "normalized_mean": [
    1.0,
    1.0004116784343233,
    0.9973198652386869,
    0.995034657003253,
    0.9719650159194306,
    0.9490677386674987,
    0.954772394674508,
    0.8673194489998212,
    0.8499892301036684
  ],
  "normalized_std": [
    0.0,
    0.0031327741657387535,
    0.007190389751208957,
    0.012806843224901523,
    0.02587627553713552,
    0.03741008201976454,
    0.015725497278505553,
    0.06867502826069345,
    0.10046528188182081
  ],
  "degradation_threshold_10pct": 0.1
}