{
  "sigma_values": [
    2.0,
    4.0,
    6.0,
    8.0,
    10.0,
    12.0,
    16.0
  ],
  "metric_name": "quality_vs_adc_bits_sigma0.050",
  "per_trial": [
    [
      -0.7275899648666382,
      -0.7386713624000549,
      -0.7511364221572876,
      -0.7597967982292175,
      -0.7378835678100586,
      -0.732433021068573,
      -0.7702937126159668,
      -0.763159990310669,
      -0.719355583190918,
      -0.7593045234680176,
      -0.7479799389839172,
      -0.7424779534339905,
      -0.7423230409622192,
      -0.7349629402160645,
      -0.7680543661117554,
      -0.7310222387313843,
      -0.7522832751274109,
      -0.7433867454528809,
      -0.7539867758750916,
      -0.735314667224884,
      -0.7467252612113953,
      -0.7251567840576172,
      -0.7546239495277405,
      -0.7336170673370361,
      -0.7527772188186646
    ],
    [
      -0.56214839220047,
      -0.5557733178138733,
      -0.5232208967208862,
      -0.5579995512962341,
      -0.5265032052993774,
      -0.5410416722297668,
      -0.5612213015556335,
      -0.5522313714027405,
      -0.5712473392486572,
      -0.5536563992500305,
      -0.543872594833374,
      -0.5525936484336853,
      -0.5311634540557861,
      -0.5429826378822327,
      -0.5405197739601135,
      -0.5496177077293396,
      -0.5314568877220154,
      -0.5437378287315369,
      -0.55963134765625,
      -0.5411151051521301,
      -0.5497100353240967,
      -0.5307064652442932,
      -0.532380998134613,
      -0.5732442140579224,
      -0.5348722338676453
    ],
    [
      -0.5266198515892029,
      -0.5617690682411194,
      -0.549435019493103,
      -0.5176133513450623,
      -0.5350526571273804,
      -0.5448718667030334,
      -0.5001055002212524,
      -0.5336432456970215,
      -0.5565115809440613,
      -0.5400423407554626,
      -0.5286508798599243,
      -0.5333728790283203,
      -0.5435144305229187,
      -0.520661473274231,
      -0.5126848220825195,
      -0.5434561967849731,
      -0.5320029854774475,
      -0.5260190367698669,
      -0.5257183313369751,
      -0.5307004451751709,
      -0.5477870106697083,
      -0.5549989938735962,
      -0.5452566146850586,
      -0.5258834362030029,
      -0.5484357476234436
    ],
    [
      -0.5221500396728516,
      -0.5458587408065796,
      -0.5529769062995911,
      -0.5239121317863464,
      -0.5430882573127747,
      -0.5198432803153992,
      -0.533839225769043,
      -0.5431545972824097,
      -0.5266060829162598,
      -0.5473596453666687,
      -0.547163724899292,
      -0.5261760950088501,
      -0.5350771546363831,
      -0.5649663805961609,
      -0.5485184788703918,
      -0.5634117722511292,
      -0.5565594434738159,
      -0.5424025058746338,
      -0.5304537415504456,
      -0.5223658680915833,
      -0.5204316973686218,
      -0.5399443507194519,
      -0.5335812568664551,
      -0.545071005821228,
      -0.5190780758857727
    ],
    [
      -0.5262373089790344,
      -0.5227475166320801,
      -0.5320638418197632,
      -0.5348228216171265,
      -0.5198582410812378,
      -0.5182245969772339,
      -0.5304715037345886,
      -0.5244406461715698,
      -0.543686032295227,
      -0.5389894247055054,
      -0.5467230677604675,
      -0.5524254441261292,
      -0.5322182774543762,
      -0.5285730957984924,
      -0.551969587802887,
      -0.5137994289398193,
      -0.5344560742378235,
      -0.5416107177734375,
      -0.5476831793785095,
      -0.5464417338371277,
      -0.5776140689849854,
      -0.5368175506591797,
      -0.5386728048324585,
      -0.5339992642402649,
      -0.5310689210891724
    ],
    [
      -0.5283359289169312,
      -0.5099466443061829,
      -0.5260201692581177,
      -0.5485690236091614,
      -0.5439262390136719,
      -0.5318619012832642,
      -0.537712037563324,
      -0.5392366051673889,
      -0.5271666646003723,
      -0.531011164188385,
      -0.5382039546966553,
      -0.562053918838501,
      -0.5162575840950012,
      -0.5533087253570557,
      -0.5163226127624512,
      -0.5472305417060852,
      -0.5321782231330872,
      -0.5255619287490845,
      -0.5596204400062561,
      -0.5268670320510864,
      -0.5341715216636658,
      -0.5361428260803223,
      -0.5288860201835632,
      -0.5220759510993958,
      -0.5462448000907898
    ],
    [
      -0.53049635887146,
      -0.537837564945221,
      -0.5434458255767822,
      -0.5337996482849121,
      -0.5319355130195618,
      -0.5368983745574951,
      -0.5364357829093933,
      -0.5446360111236572,
      -0.5244353413581848,
      -0.5313778519630432,
      -0.538074791431427,
      -0.5407324433326721,
      -0.5487394332885742,
      -0.5456567406654358,
      -0.5201935768127441,
      -0.5400403738021851,
      -0.5340221524238586,
      -0.5379100441932678,
      -0.5260253548622131,
      -0.5228298902511597,
      -0.5386083722114563,
      -0.5429559350013733,
      -0.5234231352806091,
      -0.5390554070472717,
      -0.5569136738777161
    ]
  ],
  "digital_baseline": -0.5241053104400635,
  "mean": [
    -0.7449726867675781,
    -0.5465059351921081,
    -0.5353923106193542,
    -0.5381596183776856,
    -0.5362246060371398,
    -0.534756498336792,
    -0.536259183883667
  ],
  "std": [
    0.013266171168658667,
    0.013311493203720411,
    0.01430498986490775,
    0.013376222554014182,
    0.013182802468034799,
    0.01289457902956137,
    0.008552135661788415
  ],
  "normalized_mean": [
    0.5785820675198579,
    0.9572593058955347,
    0.9784642514501263,
    0.97318419092945,
    0.9768762205692966,
    0.9796773898593295,
    0.9768102455718326
  ],
  "normalized_std": [
    0.02531203348716266,
    0.025398508541238506,
    0.027294113568314366,
    0.02552201301448916,
    0.02515296488212626,
    0.024603030674759763,
    0.016317590170203844
  ],
  "degradation_threshold_10pct": 16.0
}