{
  "sigma_values": [
    0.0,
    0.01,
    0.02,
    0.03,
    0.05,
    0.07,
    0.1,
    0.12,
    0.15
  ],
  "metric_name": "quality_thermal_only",
  "per_trial": [
    [
      -2.3368325233459473,
      -2.3367855548858643,
      -2.3368098735809326,
      -2.3368213176727295,
      -2.3368117809295654,
      -2.336794137954712,
      -2.336827278137207,
      -2.3367509841918945,
      -2.3367629051208496,
      -2.3368263244628906
    ],
    [
      -2.3368139266967773,
      -2.3368124961853027,
      -2.3368418216705322,
      -2.336815357208252,
      -2.3367600440979004,
      -2.3368027210235596,
      -2.336784601211548,
      -2.336822986602783,
      -2.3368337154388428,
      -2.3367984294891357
    ],
    [
      -2.3367748260498047,
      -2.3367960453033447,
      -2.336803913116455,
      -2.3368446826934814,
      -2.336848497390747,
      -2.3367559909820557,
      -2.3368594646453857,
      -2.336761713027954,
      -2.336811065673828,
      -2.3367974758148193
    ],
    [
      -2.336803674697876,
      -2.3368005752563477,
      -2.3368148803710938,
      -2.3368287086486816,
      -2.3368122577667236,
      -2.3368284702301025,
      -2.3367958068847656,
      -2.3367950916290283,
      -2.336806535720825,
      -2.3368308544158936
    ],
    [
      -2.3367855548858643,
      -2.3367862701416016,
      -2.336761713027954,
      -2.336815357208252,
      -2.3367979526519775,
      -2.336803913116455,
      -2.3367867469787598,
      -2.336780309677124,
      -2.3367626667022705,
      -2.336789608001709
    ],
    [
      -2.336820363998413,
      -2.336846113204956,
      -2.3367607593536377,
      -2.3368096351623535,
      -2.3367576599121094,
      -2.3368022441864014,
      -2.336806535720825,
      -2.3367884159088135,
      -2.336810827255249,
      -2.33681058883667
    ],
    [
      -2.3367438316345215,
      -2.336841344833374,
      -2.3368237018585205,
      -2.3367919921875,
      -2.336831569671631,
      -2.336833953857422,
      -2.3367669582366943,
      -2.3367836475372314,
      -2.336796760559082,
      -2.3367786407470703
    ],
    [
      -2.3367977142333984,
      -2.336845636367798,
      -2.3367390632629395,
      -2.3367810249328613,
      -2.336801767349243,
      -2.3367385864257812,
      -2.336791515350342,
      -2.336841106414795,
      -2.336761713027954,
      -2.3368093967437744
    ],
    [
      -2.336822271347046,
      -2.336829662322998,
      -2.336763381958008,
      -2.336834192276001,
      -2.3367679119110107,
      -2.3367931842803955,
      -2.33677077293396,
      -2.3367953300476074,
      -2.336836814880371,
      -2.336778163909912
    ]
  ],
  "digital_baseline": -2.3367979526519775,
  "mean": [
    -2.336802268028259,
    -2.336808609962463,
    -2.3368053674697875,
    -2.3368116855621337,
    -2.3367870092391967,
    -2.336801314353943,
    -2.3367992401123048,
    -2.336790752410889,
    -2.336799168586731
  ],
  "std": [
    2.6750192707625363e-05,
    2.2588207014475526e-05,
    3.4340461774854574e-05,
    1.3004285633884634e-05,
    1.5798518900255596e-05,
    2.522000925671564e-05,
    3.0756772940842626e-05,
    3.520899190307872e-05,
    2.7682532656063507e-05
  ],
  "normalized_mean": [
    0.9999981532950777,
    0.9999954393530371,
    0.9999968269324262,
    0.9999941231931753,
    1.0000046830804386,
    0.9999985614066628,
    0.9999994490493601,
    1.0000030812424672,
    0.9999994796577291
  ],
  "normalized_std": [
    1.1447370825221408e-05,
    9.66630725982993e-06,
    1.4695520310552473e-05,
    5.565002151395405e-06,
    6.760755195940764e-06,
    1.0792550219454806e-05,
    1.316193079762736e-05,
    1.506719563115025e-05,
    1.1846352665897898e-05
  ],
  "degradation_threshold_10pct": 0.15
}