{
  "sigma_values": [
    0.0,
    0.01,
    0.02,
    0.03,
    0.05,
    0.07,
    0.1,
    0.12,
    0.15
  ],
  "metric_name": "quality",
  "per_trial": [
    [
      -2.336508274078369,
      -2.336909532546997,
      -2.336717128753662,
      -2.336536169052124,
      -2.3368828296661377,
      -2.3367059230804443,
      -2.3366055488586426,
      -2.336764335632324,
      -2.336702585220337,
      -2.3366520404815674,
      -2.3364388942718506,
      -2.336562156677246,
      -2.3368325233459473,
      -2.3365845680236816,
      -2.3366801738739014,
      -2.3365206718444824,
      -2.336571216583252,
      -2.3365025520324707,
      -2.336658477783203,
      -2.336757183074951,
      -2.3367273807525635,
      -2.336580753326416,
      -2.3367180824279785,
      -2.336527109146118,
      -2.336764335632324,
      -2.3366305828094482,
      -2.336355447769165,
      -2.3366732597351074,
      -2.336599588394165,
      -2.3368983268737793,
      -2.336834669113159,
      -2.336573839187622,
      -2.3366267681121826,
      -2.3366763591766357,
      -2.3365566730499268,
      -2.3367488384246826,
      -2.336557388305664,
      -2.3366925716400146,
      -2.3367369174957275,
      -2.336796760559082,
      -2.3367974758148193,
      -2.33673095703125,
      -2.336747884750366,
      -2.3365378379821777,
      -2.3366174697875977,
      -2.336928606033325,
      -2.33677339553833,
      -2.3367481231689453,
      -2.3366918563842773,
      -2.3366189002990723
    ],
    [
      -2.334897756576538,
      -2.3370649814605713,
      -2.3380239009857178,
      -2.334770679473877,
      -2.336989402770996,
      -2.336141347885132,
      -2.336406946182251,
      -2.337783098220825,
      -2.3367512226104736,
      -2.33681321144104,
      -2.337012767791748,
      -2.336620569229126,
      -2.3356425762176514,
      -2.3377840518951416,
      -2.3366453647613525,
      -2.3363406658172607,
      -2.33676815032959,
      -2.3353939056396484,
      -2.337609052658081,
      -2.3376059532165527,
      -2.3365063667297363,
      -2.338144063949585,
      -2.3362107276916504,
      -2.3362510204315186,
      -2.3354287147521973,
      -2.3360345363616943,
      -2.337921619415283,
      -2.3363685607910156,
      -2.336496591567993,
      -2.3372111320495605,
      -2.3355703353881836,
      -2.3361704349517822,
      -2.3368678092956543,
      -2.33762264251709,
      -2.3359177112579346,
      -2.33713698387146,
      -2.3375048637390137,
      -2.3360214233398438,
      -2.336596727371216,
      -2.3371872901916504,
      -2.336099624633789,
      -2.3359086513519287,
      -2.336864948272705,
      -2.335969924926758,
      -2.3373124599456787,
      -2.336763620376587,
      -2.336818218231201,
      -2.3368144035339355,
      -2.337613105773926,
      -2.33608341217041
    ],
    [
      -2.3404335975646973,
      -2.3362796306610107,
      -2.3366689682006836,
      -2.338582754135132,
      -2.33656907081604,
      -2.3384296894073486,
      -2.3373680114746094,
      -2.337069272994995,
      -2.3329756259918213,
      -2.3418262004852295,
      -2.3390135765075684,
      -2.3350086212158203,
      -2.338069200515747,
      -2.3403046131134033,
      -2.339076519012451,
      -2.336087465286255,
      -2.334545135498047,
      -2.3356516361236572,
      -2.337150812149048,
      -2.3376405239105225,
      -2.3382294178009033,
      -2.3389368057250977,
      -2.3388097286224365,
      -2.337984323501587,
      -2.3341565132141113,
      -2.3392248153686523,
      -2.3376011848449707,
      -2.3370771408081055,
      -2.3383119106292725,
      -2.3359904289245605,
      -2.334761142730713,
      -2.339101552963257,
      -2.3331661224365234,
      -2.3380894660949707,
      -2.3361213207244873,
      -2.336920738220215,
      -2.3389759063720703,
      -2.3384785652160645,
      -2.339982748031616,
      -2.3400609493255615,
      -2.3356423377990723,
      -2.3363430500030518,
      -2.337453842163086,
      -2.3398611545562744,
      -2.3338088989257812,
      -2.337212324142456,
      -2.3357388973236084,
      -2.333693504333496,
      -2.3388350009918213,
      -2.3368260860443115
    ],
    [
      -2.341646909713745,
      -2.3409438133239746,
      -2.337132453918457,
      -2.3376357555389404,
      -2.3415465354919434,
      -2.3375115394592285,
      -2.333350896835327,
      -2.342029333114624,
      -2.3359286785125732,
      -2.3364522457122803,
      -2.3358566761016846,
      -2.334268569946289,
      -2.3382086753845215,
      -2.33674955368042,
      -2.33711838722229,
      -2.335554361343384,
      -2.338277578353882,
      -2.33794903755188,
      -2.3377556800842285,
      -2.3356878757476807,
      -2.339806318283081,
      -2.336526393890381,
      -2.3362510204315186,
      -2.333860158920288,
      -2.3320579528808594,
      -2.335118055343628,
      -2.3361475467681885,
      -2.337174415588379,
      -2.3354451656341553,
      -2.341421365737915,
      -2.335568428039551,
      -2.3360650539398193,
      -2.3362491130828857,
      -2.3412930965423584,
      -2.339505672454834,
      -2.3346993923187256,
      -2.336578845977783,
      -2.33388352394104,
      -2.33679461479187,
      -2.3357081413269043,
      -2.3355495929718018,
      -2.337005853652954,
      -2.3369596004486084,
      -2.335761070251465,
      -2.3347856998443604,
      -2.334792375564575,
      -2.337826728820801,
      -2.3411056995391846,
      -2.3365039825439453,
      -2.334841012954712
    ],
    [
      -2.338754653930664,
      -2.335757255554199,
      -2.338045358657837,
      -2.3535540103912354,
      -2.3414273262023926,
      -2.33984375,
      -2.334718704223633,
      -2.3374428749084473,
      -2.3322505950927734,
      -2.3322649002075195,
      -2.3352551460266113,
      -2.3388891220092773,
      -2.339240550994873,
      -2.337459087371826,
      -2.3357796669006348,
      -2.332669973373413,
      -2.3395373821258545,
      -2.3292908668518066,
      -2.3331522941589355,
      -2.3407554626464844,
      -2.3364994525909424,
      -2.3283658027648926,
      -2.339784622192383,
      -2.3416619300842285,
      -2.3343520164489746,
      -2.3290677070617676,
      -2.3424603939056396,
      -2.333528518676758,
      -2.3294661045074463,
      -2.347918748855591,
      -2.335286855697632,
      -2.3406760692596436,
      -2.33457350730896,
      -2.3333332538604736,
      -2.3390414714813232,
      -2.33670711517334,
      -2.3331921100616455,
      -2.339343309402466,
      -2.339468002319336,
      -2.339431047439575,
      -2.3392035961151123,
      -2.3444623947143555,
      -2.330091953277588,
      -2.336055040359497,
      -2.330993175506592,
      -2.3440794944763184,
      -2.342210292816162,
      -2.338932752609253,
      -2.3463311195373535,
      -2.3316867351531982
    ],
    [
      -2.323678731918335,
      -2.3379244804382324,
      -2.3319098949432373,
      -2.332584857940674,
      -2.3343820571899414,
      -2.331490993499756,
      -2.333650827407837,
      -2.3310024738311768,
      -2.3365330696105957,
      -2.3347156047821045,
      -2.3362183570861816,
      -2.3290834426879883,
      -2.3363656997680664,
      -2.344749689102173,
      -2.3505795001983643,
      -2.3326518535614014,
      -2.3400862216949463,
      -2.3463103771209717,
      -2.3369152545928955,
      -2.3368213176727295,
      -2.3380212783813477,
      -2.334622383117676,
      -2.3421459197998047,
      -2.334688186645508,
      -2.3447866439819336,
      -2.330169677734375,
      -2.350278377532959,
      -2.32338285446167,
      -2.3286709785461426,
      -2.334174394607544,
      -2.3491480350494385,
      -2.326453685760498,
      -2.3417372703552246,
      -2.346384286880493,
      -2.3514564037323,
      -2.33667254447937,
      -2.3385238647460938,
      -2.335022449493408,
      -2.337271213531494,
      -2.337739944458008,
      -2.331845998764038,
      -2.329800844192505,
      -2.3290247917175293,
