{
  "sigma_values": [
    0.0,
    0.01,
    0.02,
    0.03,
    0.05,
    0.07,
    0.1,
    0.12,
    0.15
  ],
  "metric_name": "quality_thermal_only",
  "per_trial": [
    [
      0.8805999755859375,
      0.8804999589920044,
      0.8805999755859375,
      0.8805999755859375,
      0.8804999589920044,
      0.8805999755859375,
      0.8805999755859375,
      0.8805999755859375,
      0.8804999589920044,
      0.8805999755859375,
      0.8805999755859375,
      0.8805999755859375,
      0.8805999755859375,
      0.8805999755859375,
      0.8805999755859375,
      0.8805999755859375,
      0.8804999589920044,
      0.8805999755859375,
      0.8805999755859375,
      0.8805999755859375
    ],
    [
      0.8804999589920044,
      0.8805999755859375,
      0.8805999755859375,
      0.8805999755859375,
      0.8804999589920044,
      0.8805999755859375,
      0.8804999589920044,
      0.8805999755859375,
      0.8805999755859375,
      0.8805999755859375,
      0.8804999589920044,
      0.8806999921798706,
      0.8804999589920044,
      0.8805999755859375,
      0.8805999755859375,
      0.8804999589920044,
      0.8804999589920044,
      0.8804999589920044,
      0.8805999755859375,
      0.8805999755859375
    ],
    [
      0.8805999755859375,
      0.8805999755859375,
      0.8805999755859375,
      0.8804999589920044,
      0.8805999755859375,
      0.8805999755859375,
      0.8805999755859375,
      0.8804999589920044,
      0.8805999755859375,
      0.8805999755859375,
      0.8804999589920044,
      0.8805999755859375,
      0.8805999755859375,
      0.8805999755859375,
      0.8805999755859375,
      0.8804999589920044,
      0.8804999589920044,
      0.8805999755859375,
      0.8805999755859375,
      0.8805999755859375
    ],
    [
      0.8804999589920044,
      0.8805999755859375,
      0.8804999589920044,
      0.8804999589920044,
      0.8805999755859375,
      0.8805999755859375,
      0.8805999755859375,
      0.8804999589920044,
      0.8805999755859375,
      0.8805999755859375,
      0.8805999755859375,
      0.8805999755859375,
      0.8805999755859375,
      0.8805999755859375,
      0.8805999755859375,
      0.8805999755859375,
      0.8805999755859375,
      0.8806999921798706,
      0.8805999755859375,
      0.8805999755859375
    ],
    [
      0.8805999755859375,
      0.8805999755859375,
      0.8805999755859375,
      0.8805999755859375,
      0.8804999589920044,
      0.8805999755859375,
      0.8804999589920044,
      0.8805999755859375,
      0.8805999755859375,
      0.8805999755859375,
      0.8805999755859375,
      0.8805999755859375,
      0.8805999755859375,
      0.8805999755859375,
      0.8805999755859375,
      0.8804999589920044,
      0.8804999589920044,
      0.8805999755859375,
      0.8805999755859375,
      0.8805999755859375
    ],
    [
      0.8805999755859375,
      0.8804999589920044,
      0.8805999755859375,
      0.8804999589920044,
      0.8805999755859375,
      0.8805999755859375,
      0.8805999755859375,
      0.8805999755859375,
      0.8805999755859375,
      0.8805999755859375,
      0.8805999755859375,
      0.8804999589920044,
      0.8805999755859375,
      0.8805999755859375,
      0.8805999755859375,
      0.8805999755859375,
      0.8805999755859375,
      0.8805999755859375,
      0.8805999755859375,
      0.8805999755859375
    ],
    [
      0.8805999755859375,
      0.8804999589920044,
      0.8805999755859375,
      0.8804999589920044,
      0.8805999755859375,
      0.8805999755859375,
      0.8805999755859375,
      0.8805999755859375,
      0.8806999921798706,
      0.8805999755859375,
      0.8805999755859375,
      0.8805999755859375,
      0.8804999589920044,
      0.8804999589920044,
      0.8805999755859375,
      0.8806999921798706,
      0.8805999755859375,
      0.8805999755859375,
      0.8805999755859375,
      0.8805999755859375
    ],
    [
      0.8805999755859375,
      0.8805999755859375,
      0.8805999755859375,
      0.8805999755859375,
      0.8805999755859375,
      0.8804999589920044,
      0.8805999755859375,
      0.8805999755859375,
      0.8805999755859375,
      0.8805999755859375,
      0.8805999755859375,
      0.8805999755859375,
      0.8804999589920044,
      0.8804999589920044,
      0.8805999755859375,
      0.8804999589920044,
      0.8806999921798706,
      0.8806999921798706,
      0.8805999755859375,
      0.8806999921798706
    ],
    [
      0.8805999755859375,
      0.8805999755859375,
      0.8805999755859375,
      0.8804999589920044,
      0.8804999589920044,
      0.8805999755859375,
      0.8805999755859375,
      0.8805999755859375,
      0.8805999755859375,
      0.8805999755859375,
      0.8805999755859375,
      0.8805999755859375,
      0.8804999589920044,
      0.8805999755859375,
      0.8805999755859375,
      0.8804999589920044,
      0.8805999755859375,
      0.8804999589920044,
      0.8804999589920044,
      0.8805999755859375
    ]
  ],
  "digital_baseline": 0.880299985408783,
  "ideal_analog_baseline": 0.8805999755859375,
  "mean": [
    0.8805799722671509,
    0.8805649697780609,
    0.8805749714374542,
    0.8805849730968476,
    0.8805799722671509,
    0.8805849730968476,
    0.8805899739265441,
    0.8805949747562408,
    0.8805699706077575
  ],
  "std": [
    4.000663757324219e-05,
    5.723711202356698e-05,
    4.330845557303095e-05,
    4.770487487249478e-05,
    4.000663757324219e-05,
    3.571306736199529e-05,
    5.3860584177802184e-05,
    5.895891259205811e-05,
    4.583336124501169e-05
  ],
  "normalized_mean": [
    1.000318058460762,
    1.0003010159873567,
    1.0003123776362937,
    1.0003237392852304,
    1.000318058460762,
    1.0003237392852304,
    1.0003294201096988,
    1.0003351009341672,
    1.000306696811825
  ],
  "normalized_std": [
    4.54465957473172e-05,
    6.502000792035446e-05,
    4.9197383040873166e-05,
    5.419161156789315e-05,
    4.54465957473172e-05,
    4.056920135629821e-05,
    6.11843520056303e-05,
    6.697593271534531e-05,
    5.206561627253481e-05
  ],
  "degradation_threshold_10pct": 0.15,
  "trial_seeds": {
    "digital_baseline": [
      101050345,
      101050346,
      101050347,
      101050348,
      101050349,
      101050350,
      101050351,
      101050352,
      101050353,
      101050354,
      101050355,
      101050356,
      101050357,
      101050358,
      101050359,
      101050360,
      101050361,
      101050362,
      101050363,
      101050364
    ],
    "ideal_analog_baseline": [
      202050648,
      202050649,
      202050650,
      202050651,
      202050652,
      202050653,
      202050654,
      202050655,
      202050656,
      202050657,
      202050658,
      202050659,
      202050660,
      202050661,
      202050662,
      202050663,
      202050664,
      202050665,
      202050666,
      202050667
    ],
    "per_trial": [
      [
        606131916,
        606131917,
        606131918,
        606131919,
        606131920,
        606131921,
        606131922,
        606131923,
        606131924,
        606131925,
        606131926,
        606131927,
        606131928,
        606131929,
        606131930,
        606131931,
        606131932,
        606131933,
        606131934,
        606131935
      ]
    ]
  },
  "metadata": {
    "arch": "deq",
    "analog_domain": "conservative",
    "analog_substrate": "classic",
    "seed": 50042,
    "pilot_profile_path": "/workspace/NEW_ACTUAL_RUNS/5-14/945/experiments/cross_arch_tolerance/results/profiles/deq_profile_classic.json",
    "dynamics_diagnostics": {},
    "calibration": "tensor sample_input",
    "ablation_noise": "thermal"
  },
  "normalized_mean_vs_ideal_analog": [
    0.9999772844431738,
    0.999960247775554,
    0.9999716055539671,
    0.9999829633323803,
    0.9999772844431738,
    0.9999829633323803,
    0.9999886422215868,
    0.9999943211107934,
    0.9999659266647606
  ],