{
  "sigma_values": [
    0.0,
    0.01,
    0.02,
    0.03,
    0.05,
    0.07,
    0.1,
    0.12,
    0.15
  ],
  "metric_name": "quality_thermal_only",
  "per_trial": [
    [
      -0.5395966172218323,
      -0.5395916700363159,
      -0.539591372013092,
      -0.5395990014076233,
      -0.539588451385498,
      -0.5395939350128174,
      -0.5395860075950623,
      -0.5395979285240173,
      -0.5395914316177368,
      -0.5395933985710144
    ],
    [
      -0.5396010279655457,
      -0.5395908355712891,
      -0.5395879745483398,
      -0.5395995378494263,
      -0.5395947694778442,
      -0.5395903587341309,
      -0.5395926833152771,
      -0.5395840406417847,
      -0.5395819544792175,
      -0.539589524269104
    ],
    [
      -0.5395960807800293,
      -0.5396009683609009,
      -0.5395944118499756,
      -0.5395891666412354,
      -0.539594829082489,
      -0.5395908951759338,
      -0.5395851135253906,
      -0.5395963788032532,
      -0.5395952463150024,
      -0.5395951271057129
    ],
    [
      -0.5395954251289368,
      -0.5395936369895935,
      -0.5395952463150024,
      -0.5395967960357666,
      -0.5395908951759338,
      -0.5395860075950623,
      -0.5395891070365906,
      -0.5395882725715637,
      -0.5395907163619995,
      -0.539594292640686
    ],
    [
      -0.539597749710083,
      -0.5395963788032532,
      -0.5395880341529846,
      -0.5395912528038025,
      -0.5395939350128174,
      -0.5395963788032532,
      -0.5395952463150024,
      -0.5395892858505249,
      -0.5395984649658203,
      -0.5395901799201965
    ],
    [
      -0.5395928025245667,
      -0.5395887494087219,
      -0.5395957827568054,
      -0.5395979285240173,
      -0.5395941734313965,
      -0.53959721326828,
      -0.5395961999893188,
      -0.5395892262458801,
      -0.5395939350128174,
      -0.5395938158035278
    ],
    [
      -0.5395876169204712,
      -0.5395947098731995,
      -0.5395989418029785,
      -0.5395989418029785,
      -0.5395873188972473,
      -0.5395987033843994,
      -0.5395943522453308,
      -0.5395832657814026,
      -0.5395961999893188,
      -0.5395931601524353
    ],
    [
      -0.5395885705947876,
      -0.539597749710083,
      -0.5395928025245667,
      -0.5395865440368652,
      -0.5395901799201965,
      -0.5395854115486145,
      -0.5395903587341309,
      -0.5395967364311218,
      -0.5395828485488892,
      -0.5395854711532593
    ],
    [
      -0.5395952463150024,
      -0.5395950675010681,
      -0.5395897030830383,
      -0.539592444896698,
      -0.539588451385498,
      -0.5395882725715637,
      -0.5395931601524353,
      -0.5395943522453308,
      -0.5395978093147278,
      -0.5395941138267517
    ]
  ],
  "digital_baseline": -0.5395926117897034,
  "mean": [
    -0.539592981338501,
    -0.539591270685196,
    -0.5395938217639923,
    -0.5395920395851135,
    -0.5395936906337738,
    -0.5395939826965332,
    -0.5395933210849762,
    -0.5395896673202515,
    -0.5395928621292114
  ],
  "std": [
    3.884375753433971e-06,
    5.760106646014001e-06,
    4.169893407632442e-06,
    3.379830388387556e-06,
    3.5477984392416527e-06,
    2.9263149083503596e-06,
    5.226212614289151e-06,
    4.6801755334414284e-06,
    2.992841747736058e-06
  ],
  "normalized_mean": [
    0.9999993151336962,
    1.000002485401909,
    0.9999977576151666,
    1.000001060438148,
    0.9999980006322421,
    0.9999974593669374,
    0.9999986854985461,
    1.0000054568379693,
    0.9999995360583104
  ],
  "normalized_std": [
    7.198719308906766e-06,
    1.0674917558468907e-05,
    7.727854897423214e-06,
    6.263670618427193e-06,
    6.574957406244739e-06,
    5.423193061603369e-06,
    9.685478451891729e-06,
    8.673535239703102e-06,
    5.546483925733336e-06
  ],
  "degradation_threshold_10pct": 0.15
}