{
  "sigma_values": [
    0.0,
    0.01,
    0.02,
    0.03,
    0.05,
    0.07,
    0.1,
    0.12,
    0.15
  ],
  "metric_name": "quality_quantization_only",
  "per_trial": [
    [
      -0.5400148034095764,
      -0.5399948954582214,
      -0.5400532484054565,
      -0.53998202085495,
      -0.5400266647338867,
      -0.5399839878082275,
      -0.5399616956710815,
      -0.5400511026382446,
      -0.5400204658508301,
      -0.5400939583778381
    ],
    [
      -0.5399542450904846,
      -0.5400037169456482,
      -0.5399994850158691,
      -0.5399429798126221,
      -0.5400704145431519,
      -0.5400224328041077,
      -0.5399870872497559,
      -0.5400834679603577,
      -0.5400751233100891,
      -0.5399827361106873
    ],
    [
      -0.5400062799453735,
      -0.5399668216705322,
      -0.5400237441062927,
      -0.5400208830833435,
      -0.5400128364562988,
      -0.5400383472442627,
      -0.5399988293647766,
      -0.5399777889251709,
      -0.5399979948997498,
      -0.5400440692901611
    ],
    [
      -0.5399884581565857,
      -0.5399365425109863,
      -0.540016770362854,
      -0.5400376319885254,
      -0.5400555729866028,
      -0.5400035381317139,
      -0.5398615002632141,
      -0.5400546193122864,
      -0.5399448275566101,
      -0.5399288535118103
    ],
    [
      -0.5399913191795349,
      -0.5399611592292786,
      -0.5400497317314148,
      -0.5400413274765015,
      -0.5400792956352234,
      -0.5400015711784363,
      -0.540050208568573,
      -0.539905309677124,
      -0.5400729775428772,
      -0.5399300456047058
    ],
    [
      -0.5400456786155701,
      -0.5399366617202759,
      -0.5400985479354858,
      -0.5400000214576721,
      -0.5399414300918579,
      -0.5400804281234741,
      -0.5399945378303528,
      -0.5400561094284058,
      -0.53995281457901,
      -0.540084958076477
    ],
    [
      -0.5399719476699829,
      -0.5400300621986389,
      -0.5400038957595825,
      -0.5400116443634033,
      -0.5398709177970886,
      -0.5399363040924072,
      -0.5400629043579102,
      -0.5400600433349609,
      -0.5400043725967407,
      -0.5400151014328003
    ],
    [
      -0.5400809645652771,
      -0.539982795715332,
      -0.5400871634483337,
      -0.5400453805923462,
      -0.5400866866111755,
      -0.5399900674819946,
      -0.5400159358978271,
      -0.5401042699813843,
      -0.5400142669677734,
      -0.5400103330612183
    ],
    [
      -0.5401134490966797,
      -0.5399812459945679,
      -0.5400048494338989,
      -0.5400075316429138,
      -0.5400047898292542,
      -0.5399906039237976,
      -0.5399633049964905,
      -0.5400851368904114,
      -0.540012538433075,
      -0.5399668216705322
    ]
  ],
  "digital_baseline": -0.539592730998993,
  "mean": [
    -0.5400182843208313,
    -0.5400121688842774,
    -0.5400087594985962,
    -0.5399828314781189,
    -0.540008294582367,
    -0.5400191187858582,
    -0.5399967193603515,
    -0.5400417864322662,
    -0.5400130271911621
  ],
  "std": [
    3.788641329535918e-05,
    4.734417458033151e-05,
    2.3342980966955166e-05,
    6.023457489502527e-05,
    5.7509938035342145e-05,
    5.88865426665236e-05,
    5.501138802818729e-05,
    4.254030766838502e-05,
    4.644311764899097e-05
  ],
  "normalized_mean": [
    0.9992113434866876,
    0.999222676916889,
    0.9992289953594575,
    0.9992770464524167,
    0.9992298569652622,
    0.9992097970147303,
    0.9992513087405558,
    0.9991677882086331,
    0.9992210862600188
  ],
  "normalized_std": [
    7.021297938023907e-05,
    8.774057147263509e-05,
    4.326036958232992e-05,
    0.00011162970039182697,
    0.00010658026828654494,
    0.00010913146023576344,
    0.00010194983154487668,
    7.88378071543451e-05,
    8.607068809657045e-05
  ],
  "degradation_threshold_10pct": 0.15
}