{
  "sigma_values": [
    2.0,
    4.0,
    6.0,
    8.0,
    10.0,
    12.0,
    16.0
  ],
  "metric_name": "quality_vs_adc_bits_sigma0.050",
  "per_trial": [
    [
      -2.2741453647613525,
      -2.2700295448303223,
      -2.269078016281128,
      -2.271083116531372,
      -2.270240068435669,
      -2.2702267169952393,
      -2.272217035293579,
      -2.269166946411133,
      -2.272218704223633,
      -2.2709732055664062,
      -2.2733254432678223,
      -2.2734382152557373,
      -2.2707931995391846,
      -2.270948648452759,
      -2.272178888320923,
      -2.2717366218566895,
      -2.26717472076416,
      -2.2727272510528564,
      -2.273026466369629,
      -2.2720043659210205,
      -2.270817518234253,
      -2.273864507675171,
      -2.27510666847229,
      -2.273087501525879,
      -2.271458864212036
    ],
    [
      -0.5902540683746338,
      -0.5929762125015259,
      -0.6148485541343689,
      -0.6043417453765869,
      -0.6139541268348694,
      -0.5925351977348328,
      -0.5922975540161133,
      -0.6212480664253235,
      -0.6079609990119934,
      -0.6279195547103882,
      -0.6169789433479309,
      -0.5906214714050293,
      -0.6301702857017517,
      -0.6154694557189941,
      -0.6123550534248352,
      -0.616442859172821,
      -0.6043686866760254,
      -0.5976653099060059,
      -0.6190739870071411,
      -0.6111245155334473,
      -0.6175398230552673,
      -0.6093963980674744,
      -0.6445519328117371,
      -0.6149652004241943,
      -0.5994467735290527
    ],
    [
      -0.5518674850463867,
      -0.5556008815765381,
      -0.5675296187400818,
      -0.5448628664016724,
      -0.5370028614997864,
      -0.565197229385376,
      -0.5409666895866394,
      -0.5433430075645447,
      -0.5283343195915222,
      -0.5587056875228882,
      -0.5494149923324585,
      -0.5629041790962219,
      -0.5611507892608643,
      -0.5534830093383789,
      -0.5373244285583496,
      -0.5506733059883118,
      -0.5383106470108032,
      -0.5398299098014832,
      -0.5617413520812988,
      -0.547341525554657,
      -0.549532949924469,
      -0.5382116436958313,
      -0.5653222799301147,
      -0.549511194229126,
      -0.567794144153595
    ],
    [
      -0.5513313412666321,
      -0.5441128015518188,
      -0.5542771220207214,
      -0.5569862723350525,
      -0.536356508731842,
      -0.5309152603149414,
      -0.5482786893844604,
      -0.5378943681716919,
      -0.5561578869819641,
      -0.5425649285316467,
      -0.5693263411521912,
      -0.5471035838127136,
      -0.534579873085022,
      -0.5479200482368469,
      -0.5540435314178467,
      -0.546517550945282,
      -0.5874561667442322,
      -0.5701534152030945,
      -0.5725033283233643,
      -0.5855945944786072,
      -0.5655776858329773,
      -0.5285550951957703,
      -0.541595458984375,
      -0.5330638289451599,
      -0.555389404296875
    ],
    [
      -0.5533550381660461,
      -0.5440426468849182,
      -0.5661391019821167,
      -0.5800303816795349,
      -0.5514519810676575,
      -0.526086151599884,
      -0.5411692261695862,
      -0.5524035692214966,
      -0.5422251224517822,
      -0.5719090104103088,
      -0.5420600771903992,
      -0.5875996947288513,
      -0.5305846929550171,
      -0.5650615692138672,
      -0.545494794845581,
      -0.5524294972419739,
      -0.5481887459754944,
      -0.5591700077056885,
      -0.5480573773384094,
      -0.5796631574630737,
      -0.548243522644043,
      -0.559036135673523,
      -0.5462696552276611,
      -0.5430296659469604,
      -0.55983567237854
    ],
    [
      -0.5626304149627686,
      -0.5343903303146362,
      -0.5648913383483887,
      -0.542738676071167,
      -0.5683133006095886,
      -0.5489620566368103,
      -0.564151406288147,
      -0.5376763939857483,
      -0.5474022030830383,
      -0.5607558488845825,
      -0.5431683659553528,
      -0.5509461164474487,
      -0.5537372827529907,
      -0.5673046112060547,
      -0.5614673495292664,
      -0.5669988989830017,
      -0.529949426651001,
      -0.5575066208839417,
      -0.5332967042922974,
      -0.5461506247520447,
      -0.5626094937324524,
      -0.5410158634185791,
      -0.544189989566803,
      -0.5451412796974182,
      -0.5343379974365234
    ],
    [
      -0.5375396609306335,
      -0.5700758099555969,
      -0.5591036677360535,
      -0.5508899092674255,
      -0.5424401164054871,
      -0.5563217997550964,
      -0.57016921043396,
      -0.5632110238075256,
      -0.5654963254928589,
      -0.5623478293418884,
      -0.5292572379112244,
      -0.5628368258476257,
      -0.5596253275871277,
      -0.5523737072944641,
      -0.5571547150611877,
      -0.555431604385376,
      -0.5362905263900757,
      -0.5471970438957214,
      -0.5531565546989441,
      -0.5541172623634338,
      -0.5605984330177307,
      -0.5504434704780579,
      -0.5562193989753723,
      -0.558468222618103,
      -0.5425135493278503
    ]
  ],
  "digital_baseline": -0.5395928740501403,
  "mean": [
    -2.27164270401001,
    -0.6103402709960938,
    -0.5506382799148559,
    -0.5519302034378052,
    -0.5537414598464966,
    -0.550789303779602,
    -0.5541311693191528
  ],
  "std": [
    0.0017600624779217624,
    0.013237424440819077,
    0.01089884052357833,
    0.015655691464663005,
    0.014668442143335599,
    0.011914918222702037,
    0.010123353359404869
  ],
  "normalized_mean": [
    -2.2099197622074658,
    0.8688874513576704,
    0.9795301116899309,
    0.9771358556033888,
    0.9737791463216366,
    0.9792502268508066,
    0.9730569175980972
  ],
  "normalized_std": [
    0.003261834176405771,
    0.024532244730105575,
    0.0201982662257426,
    0.029013895878855212,
    0.02718427697763216,
    0.02208131129173302,
    0.018761095348461144
  ],
  "degradation_threshold_10pct": 16.0
}