{
  "sigma_values": [
    0.0,
    0.01,
    0.02,
    0.03,
    0.05,
    0.07,
    0.1,
    0.12,
    0.15
  ],
  "metric_name": "quality_thermal_only",
  "per_trial": [
    [
      -0.49186280369758606,
      -0.4918663203716278,
      -0.4918632209300995,
      -0.4918666481971741,
      -0.49185189604759216,
      -0.49185723066329956,
      -0.49186763167381287,
      -0.4918566048145294,
      -0.491870641708374,
      -0.4918524920940399
    ],
    [
      -0.4918687045574188,
      -0.4918670952320099,
      -0.4918668568134308,
      -0.4918633699417114,
      -0.49185678362846375,
      -0.4918729066848755,
      -0.4918684661388397,
      -0.4918672740459442,
      -0.4918614327907562,
      -0.4918658137321472
    ],
    [
      -0.4918665885925293,
      -0.49186092615127563,
      -0.49186572432518005,
      -0.49185967445373535,
      -0.4918648898601532,
      -0.49186888337135315,
      -0.4918648898601532,
      -0.4918566346168518,
      -0.49186137318611145,
      -0.49186405539512634
    ],
    [
      -0.49186962842941284,
      -0.49187031388282776,
      -0.49186351895332336,
      -0.491864949464798,
      -0.4918670952320099,
      -0.4918580651283264,
      -0.4918622076511383,
      -0.49186113476753235,
      -0.49186787009239197,
      -0.49186253547668457
    ],
    [
      -0.49186480045318604,
      -0.4918648898601532,
      -0.4918553829193115,
      -0.4918590784072876,
      -0.49187183380126953,
      -0.4918626844882965,
      -0.4918578267097473,
      -0.4918674826622009,
      -0.4918665885925293,
      -0.49186497926712036
    ],
    [
      -0.4918619692325592,
      -0.49186718463897705,
      -0.4918529689311981,
      -0.491863876581192,
      -0.4918714761734009,
      -0.49186840653419495,
      -0.49186787009239197,
      -0.49186474084854126,
      -0.4918648898601532,
      -0.49186602234840393
    ],
    [
      -0.49185967445373535,
      -0.4918588399887085,
      -0.4918614625930786,
      -0.4918701648712158,
      -0.4918665885925293,
      -0.49187055230140686,
      -0.49186187982559204,
      -0.4918610453605652,
      -0.4918566048145294,
      -0.4918626844882965
    ],
    [
      -0.49185776710510254,
      -0.49186035990715027,
      -0.4918600618839264,
      -0.4918625056743622,
      -0.49186357855796814,
      -0.4918648302555084,
      -0.4918559491634369,
      -0.49186834692955017,
      -0.4918695390224457,
      -0.49186646938323975
    ],
    [
      -0.4918596148490906,
      -0.49186035990715027,
      -0.4918602406978607,
      -0.4918612241744995,
      -0.4918689429759979,
      -0.4918704032897949,
      -0.49186834692955017,
      -0.4918600618839264,
      -0.4918619692325592,
      -0.49186810851097107
    ]
  ],
  "digital_baseline": -0.49186304211616516,
  "mean": [
    -0.49186154901981355,
    -0.49186587035655976,
    -0.49186336398124697,
    -0.4918647319078445,
    -0.4918635547161102,
    -0.49186494052410124,
    -0.49186294972896577,
    -0.49186294078826903,
    -0.49186392724514005
  ],
  "std": [
    6.2539085313842464e-06,
    4.2099923482759025e-06,
    3.4694511559742598e-06,
    3.750573430465112e-06,
    4.678922853465711e-06,
    4.720579681035849e-06,
    4.450025656780849e-06,
    4.242393827576146e-06,
    4.184590983302913e-06
  ],
  "normalized_mean": [
    1.0000030355936993,
    0.9999942499432719,
    0.9999993456205198,
    0.9999965645077294,
    0.9999989578400873,
    0.9999961403728812,
    1.000000187831147,
    1.0000002060083548,
    0.9999982004564297
  ],
  "normalized_std": [
    1.27147355989134e-05,
    8.559277660226427e-06,
    7.0536935262455976e-06,
    7.6252393640490774e-06,
    9.512653834155469e-06,
    9.597345758539368e-06,
    9.047286085238884e-06,
    8.625152663074458e-06,
    8.507634493739057e-06
  ],
  "degradation_threshold_10pct": 0.15
}