{
  "sigma_values": [
    2.0,
    4.0,
    6.0,
    8.0,
    10.0,
    12.0,
    16.0
  ],
  "metric_name": "quality_vs_adc_bits_sigma0.050",
  "per_trial": [
    [
      0.8391000032424927,
      0.8375999927520752,
      0.836899995803833,
      0.8414999842643738,
      0.8396999835968018,
      0.8265999555587769,
      0.8312000036239624,
      0.840999960899353,
      0.8351999521255493,
      0.8330000042915344,
      0.8360999822616577,
      0.840999960899353,
      0.8337000012397766,
      0.8367999792098999,
      0.8366000056266785,
      0.8391000032424927,
      0.8374999761581421,
      0.8380999565124512,
      0.8310999870300293,
      0.835599958896637,
      0.8367999792098999,
      0.8335999846458435,
      0.8319000005722046,
      0.835099995136261,
      0.8361999988555908,
      0.8309999704360962,
      0.835599958896637,
      0.833899974822998,
      0.8364999890327454,
      0.8357999920845032,
      0.835599958896637,
      0.8370999693870544,
      0.8288999795913696,
      0.8328999876976013,
      0.8303999900817871,
      0.8389999866485596,
      0.8392999768257141,
      0.8352999687194824,
      0.8359000086784363,
      0.8416999578475952,
      0.8309999704360962,
      0.8337000012397766,
      0.8364999890327454,
      0.832099974155426,
      0.8393999934196472,
      0.8331999778747559,
      0.8376999497413635,
      0.8382999897003174,
      0.8334999680519104,
      0.8314999938011169
    ],
    [
      0.877299964427948,
      0.8782999515533447,
      0.8797000050544739,
      0.8762999773025513,
      0.880299985408783,
      0.8795999884605408,
      0.8770999908447266,
      0.8786999583244324,
      0.8789999485015869,
      0.8772000074386597,
      0.8804999589920044,
      0.8800999522209167,
      0.8794999718666077,
      0.8801999688148499,
      0.8782999515533447,
      0.8783999681472778,
      0.8789999485015869,
      0.878600001335144,
      0.8801999688148499,
      0.876800000667572,
      0.8777999877929688,
      0.8792999982833862,
      0.8774999976158142,
      0.8809999823570251,
      0.8792999982833862,
      0.8795999884605408,
      0.8801999688148499,
      0.8784999847412109,
      0.877299964427948,
      0.8775999546051025,
      0.8789999485015869,
      0.8761000037193298,
      0.8762999773025513,
      0.8797999620437622,
      0.8783999681472778,
      0.8797999620437622,
      0.878600001335144,
      0.8791999816894531,
      0.876800000667572,
      0.8782999515533447,
      0.8797000050544739,
      0.8798999786376953,
      0.8772000074386597,
      0.8795999884605408,
      0.8804000020027161,
      0.8761000037193298,
      0.8775999546051025,
      0.8786999583244324,
      0.8762999773025513,
      0.8801999688148499
    ],
    [
      0.8783999681472778,
      0.8809999823570251,
      0.87909996509552,
      0.8797000050544739,
      0.8815000057220459,
      0.877299964427948,
      0.8781999945640564,
      0.8795999884605408,
      0.8787999749183655,
      0.8782999515533447,
      0.87909996509552,
      0.8806999921798706,
      0.8809999823570251,
      0.8792999982833862,
      0.8779999613761902,
      0.8779000043869019,
      0.8783999681472778,
      0.8815000057220459,
      0.8801999688148499,
      0.8789999485015869,
      0.8810999989509583,
      0.880299985408783,
      0.8788999915122986,
      0.8789999485015869,
      0.8798999786376953,
      0.8786999583244324,
      0.8788999915122986,
      0.8795999884605408,
      0.8775999546051025,
      0.8788999915122986,
      0.8784999847412109,
      0.8798999786376953,
      0.8754000067710876,
      0.8806999921798706,
      0.8786999583244324,
      0.8794999718666077,
      0.87909996509552,
      0.8755999803543091,
      0.8822000026702881,
      0.8804000020027161,
      0.8795999884605408,
      0.8779999613761902,
      0.8788999915122986,
      0.8822999596595764,
      0.8789999485015869,
      0.8797000050544739,
      0.8801999688148499,
      0.8787999749183655,
      0.8804000020027161,
      0.8783999681472778
    ],
    [
      0.8764999508857727,
      0.878600001335144,
      0.8779000043869019,
      0.8797000050544739,
      0.880899965763092,
      0.8773999810218811,
      0.8773999810218811,
      0.8794999718666077,
      0.8791999816894531,
      0.8800999522209167,
      0.8777999877929688,
      0.87909996509552,
      0.8795999884605408,
      0.8786999583244324,
      0.8777999877929688,
      0.8797999620437622,
      0.8779999613761902,
      0.8789999485015869,
      0.8781999945640564,
      0.8804999589920044,
      0.8761000037193298,
      0.8799999952316284,
      0.880299985408783,
      0.8787999749183655,
      0.8786999583244324,
      0.8804000020027161,
      0.8786999583244324,
      0.8797000050544739,
      0.876800000667572,
      0.8783999681472778,
      0.8777999877929688,
      0.8800999522209167,
      0.8747999668121338,
      0.8777999877929688,
      0.8786999583244324,
      0.8782999515533447,
      0.8815000057220459,
      0.8774999976158142,
      0.8798999786376953,
      0.8775999546051025,
      0.8759999871253967,
      0.8777999877929688,
      0.878600001335144,
      0.8784999847412109,
      0.8794999718666077,
      0.8797000050544739,
      0.8794999718666077,
      0.8804000020027161,
      0.8779000043869019,
      0.8776999711990356
    ],
    [
      0.8805999755859375,
      0.877299964427948,
      0.8770999908447266,
      0.8772000074386597,
      0.8798999786376953,
      0.8773999810218811,
      0.8798999786376953,
      0.878600001335144,
      0.8793999552726746,
      0.8794999718666077,
      0.8781999945640564,
      0.8800999522209167,
      0.8795999884605408,
      0.8782999515533447,
      0.8783999681472778,
      0.8782999515533447,
      0.8791999816894531,
      0.8834999799728394,
      0.8787999749183655,
      0.8774999976158142,
      0.8799999952316284,
      0.8768999576568604,
      0.8757999539375305,
      0.8789999485015869,
      0.8779000043869019,
      0.8800999522209167,
      0.8784999847412109,
      0.8800999522209167,
      0.8804999589920044,
      0.8815999627113342,
      0.8780999779701233,
      0.8815000057220459,
      0.8797999620437622,
      0.8804999589920044,
      0.8794999718666077,
      0.8786999583244324,
      0.8801999688148499,
      0.8789999485015869,
      0.8799999952316284,
      0.8800999522209167,
      0.8773999810218811,
      0.8775999546051025,
      0.8769999742507935,
      0.8793999552726746,
      0.8788999915122986,
      0.8783999681472778,
      0.8774999976158142,
      0.8746999502182007,
      0.8797999620437622,
      0.8797999620437622
    ],
    [
      0.8811999559402466,
      0.8788999915122986,
      0.8811999559402466,
      0.8791999816894531,
      0.8787999749183655,
      0.8779999613761902,
      0.8795999884605408,
      0.8774999976158142,
      0.8807999491691589,
      0.8798999786376953,
      0.8786999583244324,
      0.8793999552726746,
      0.8792999982833862,
      0.8750999569892883,
      0.8791999816894531,
      0.8789999485015869,
      0.8765999674797058,
      0.8800999522209167,
      0.8766999840736389,
      0.8793999552726746,
      0.8770999908447266,
      0.880299985408783,
      0.8793999552726746,
      0.87909996509552,
      0.8779999613761902,
      0.8773999810218811,
      0.8792999982833862,
      0.8792999982833862,
      0.8798999786376953,
      0.8779999613761902,
      0.8773999810218811,
      0.8797000050544739,
      0.878600001335144,
      0.8794999718666077,
      0.8791999816894531,
      0.8798999786376953,
      0.8819999694824219,
      0.878600001335144,
      0.8792999982833862,
      0.8779999613761902,
      0.8816999793052673,
      0.8761000037193298,
      0.876800000667572,
      0.8784999847412109,
      0.8800999522209167,
      0.8775999546051025,
      0.8780999779701233,
      0.8797999620437622,
      0.8787999749183655,
      0.8758999705314636
    ],
    [
