{
  "sigma_values": [
    2.0,
    4.0,
    6.0,
    8.0,
    10.0,
    12.0,
    16.0
  ],
  "metric_name": "quality_vs_adc_bits_sigma0.050",
  "per_trial": [
    [
      -0.7365906238555908,
      -0.7681065797805786,
      -0.7478755712509155,
      -0.7649181485176086,
      -0.7241190075874329,
      -0.7356520891189575,
      -0.7370467185974121,
      -0.7456139922142029,
      -0.7295143008232117,
      -0.744168758392334,
      -0.7609342932701111,
      -0.7744606137275696,
      -0.7410325407981873,
      -0.7835922837257385,
      -0.733815610408783,
      -0.726487398147583,
      -0.7467852830886841,
      -0.7366029620170593,
      -0.757942259311676,
      -0.7516476511955261,
      -0.7586826682090759,
      -0.7612512707710266,
      -0.7463992834091187,
      -0.7514864206314087,
      -0.7386436462402344
    ],
    [
      -0.6177228093147278,
      -0.593491792678833,
      -0.6086315512657166,
      -0.6078928112983704,
      -0.5730605721473694,
      -0.6176493763923645,
      -0.5887238383293152,
      -0.5904620885848999,
      -0.5874103307723999,
      -0.6121026277542114,
      -0.6149330139160156,
      -0.620400607585907,
      -0.5824102759361267,
      -0.6363356113433838,
      -0.5947906970977783,
      -0.618888795375824,
      -0.5862047672271729,
      -0.6331121325492859,
      -0.602989137172699,
      -0.5917347073554993,
      -0.6058029532432556,
      -0.5683421492576599,
      -0.6079689264297485,
      -0.5833520293235779,
      -0.6202338933944702
    ],
    [
      -0.6036069989204407,
      -0.602957010269165,
      -0.6057505011558533,
      -0.573355495929718,
      -0.612890362739563,
      -0.6048521399497986,
      -0.6086069941520691,
      -0.5660746097564697,
      -0.5769209861755371,
      -0.6238807439804077,
      -0.5726109147071838,
      -0.5926617980003357,
      -0.5625908970832825,
      -0.5752802491188049,
      -0.5781151056289673,
      -0.5928086042404175,
      -0.5880946516990662,
      -0.5683900117874146,
      -0.5910590887069702,
      -0.5868395566940308,
      -0.577856719493866,
      -0.5879676938056946,
      -0.5933792591094971,
      -0.5850318074226379,
      -0.5889996290206909
    ],
    [
      -0.5904504656791687,
      -0.6028661727905273,
      -0.5966521501541138,
      -0.5898452401161194,
      -0.5746757984161377,
      -0.5679096579551697,
      -0.5888912081718445,
      -0.5961382389068604,
      -0.6042332053184509,
      -0.5808984637260437,
      -0.5832509994506836,
      -0.6238390803337097,
      -0.6258230209350586,
      -0.6307216882705688,
      -0.5872353315353394,
      -0.5959518551826477,
      -0.5914018750190735,
      -0.5768137574195862,
      -0.609682023525238,
      -0.5734213590621948,
      -0.6005772352218628,
      -0.5863310098648071,
      -0.5755020380020142,
      -0.5891261696815491,
      -0.5825559496879578
    ],
    [
      -0.602897047996521,
      -0.6084614396095276,
      -0.6068518757820129,
      -0.5775038003921509,
      -0.6021175980567932,
      -0.5880369544029236,
      -0.5997328162193298,
      -0.5884639620780945,
      -0.5667737722396851,
      -0.602133572101593,
      -0.5933375358581543,
      -0.5809744000434875,
      -0.5950441956520081,
      -0.5862362384796143,
      -0.6022772192955017,
      -0.5697415471076965,
      -0.5911991596221924,
      -0.6075810790061951,
      -0.6030600666999817,
      -0.593543529510498,
      -0.6088481545448303,
      -0.5940921902656555,
      -0.6085781455039978,
      -0.5934545397758484,
      -0.6010523438453674
    ],
    [
      -0.5906435251235962,
      -0.5968580842018127,
      -0.5984587669372559,
      -0.578512966632843,
      -0.5831528902053833,
      -0.5885658264160156,
      -0.5863429307937622,
      -0.5838541984558105,
      -0.5707515478134155,
      -0.5993245840072632,
      -0.5826770067214966,
      -0.6107719540596008,
      -0.5659414529800415,
      -0.5998082160949707,
      -0.584208607673645,
      -0.586050808429718,
      -0.5862898230552673,
      -0.6002962589263916,
      -0.606361985206604,
      -0.6031964421272278,
      -0.5725626945495605,
      -0.6056851744651794,
      -0.600196361541748,
      -0.5731254816055298,
      -0.5917388200759888
    ],
    [
      -0.5769649147987366,
      -0.5878473520278931,
      -0.5816845297813416,
      -0.6015878319740295,
      -0.6101267337799072,
      -0.5894749164581299,
      -0.6179453134536743,
      -0.5767192840576172,
      -0.6025211215019226,
      -0.5968787670135498,
      -0.6122597455978394,
      -0.5949538946151733,
      -0.5962082743644714,
      -0.598404586315155,
      -0.6390743851661682,
      -0.6224744319915771,
      -0.6170414090156555,
      -0.6240425705909729,
      -0.5957437753677368,
      -0.5843719840049744,
      -0.5827136635780334,
      -0.619667112827301,
      -0.6093677282333374,
      -0.6066990494728088,
      -0.5869728326797485
    ]
  ],
  "digital_baseline": -0.5846233868598938,
  "mean": [
    -0.748134799003601,
    -0.6025858998298645,
    -0.5888232731819153,
    -0.5929917597770691,
    -0.5948797273635864,
    -0.5898150563240051,
    -0.6012698483467102
  ],
  "std": [
    0.014842337194132142,
    0.01753753234046034,
    0.015391762642595343,
    0.016047956908087982,
    0.011532039231251298,
    0.01186649738135989,
    0.016015955048555835
  ],
  "normalized_mean": [
    0.7203132549623898,
    0.9692750694315355,
    0.9928160822566819,
    0.9856858738373038,
    0.982456499801041,
    0.9911196343136449,
    0.9715261793131007
  ],
  "normalized_std": [
    0.025387860848079858,
    0.029997999968248354,
    0.026327654672295912,
    0.027450076867920285,
    0.019725586574960225,
    0.020297678211432416,
    0.027395337594310253
  ],
  "degradation_threshold_10pct": 16.0
}