{
  "sigma_values": [
    0.0,
    0.01,
    0.02,
    0.03,
    0.05,
    0.07,
    0.1,
    0.12,
    0.15
  ],
  "convergence_failure_rate": [
    0.9874999997206032,
    0.9902777774725109,
    0.9897222219966352,
    0.9919444442261011,
    0.9899999997345731,
    0.9891666662879288,
    0.9916666663717478,
    0.9916666663717478,
    0.9816666664555669
  ]
}