{
  "sigma_values": [
    0.0,
    0.01,
    0.02,
    0.03,
    0.05,
    0.07,
    0.1,
    0.12,
    0.15
  ],
  "convergence_failure_rate": [
    0.9997500000092259,
    0.9997100000116916,
    0.9996700000148848,
    0.9996500000139349,
    0.9997800000070128,
    0.9997200000121665,
    0.9996400000178255,
    0.9997300000104588,
    0.9995600000205741
  ]
}