{
  "sigma_values": [
    0.0,
    0.01,
    0.02,
    0.03,
    0.05,
    0.07,
    0.1,
    0.12,
    0.15
  ],
  "metric_name": "output_mse",
  "per_trial": [
    [
      -0.5425777435302734,
      -0.039842456579208374,
      -0.042326509952545166,
      -0.03965359181165695,
      -0.041309840977191925,
      -0.04067126661539078,
      -0.0407390259206295,
      -0.04065624624490738,
      -0.04010355472564697,
      -0.04479663819074631,
      -0.04350188374519348,
      -0.039474211633205414,
      -0.043237872421741486,
      -0.041299011558294296,
      -0.04412815347313881,
      -0.04046779125928879,
      -0.044031258672475815,
      -0.040573734790086746,
      -0.04061711207032204,
      -0.042238008230924606,
      -0.044224489480257034,
      -0.040800657123327255,
      -0.04401163011789322,
      -0.04194814711809158,
      -0.04010749235749245,
      -0.042093388736248016,
      -0.040302589535713196,
      -0.03975751996040344,
      -0.043028801679611206,
      -0.042055029422044754,
      -0.03948502987623215,
      -0.03888082876801491,
      -0.04163626953959465,
      -0.042941588908433914,
      -0.04131326824426651,
      -0.0408853180706501,
      -0.04220699891448021,
      -0.04332809895277023,
      -0.039676640182733536,
      -0.03986695781350136,
      -0.04020528867840767,
      -0.040324971079826355,
      -0.04139992594718933,
      -0.0396304652094841,
      -0.043061207979917526,
      -0.039652127772569656,
      -0.03968774527311325,
      -0.04027785360813141,
      -0.0418485589325428,
      -0.04383677989244461
    ],
    [
      -0.03997007757425308,
      -0.04340482875704765,
      -0.019786646589636803,
      -0.04591324180364609,
      -0.047745052725076675,
      -0.04588492959737778,
      -0.05766535550355911,
      -0.04700691998004913,
      -0.08362939953804016,
      -0.04201725497841835,
      -0.0211554616689682,
      -0.04773684963583946,
      -0.05954044312238693,
      -0.03935213387012482,
      -0.046110641211271286,
      -0.01379689946770668,
      -0.04917078837752342,
      -0.04058045148849487,
      -0.07905485481023788,
      -0.05516143888235092,
      -0.03392758220434189,
      -0.019612254574894905,
      -0.027257800102233887,
      -0.03890690207481384,
      -0.08722647279500961,
      -0.04349290579557419,
      -0.06497617810964584,
      -0.020677834749221802,
      -0.06779830902814865,
      -0.05726160109043121,
      -0.05951043963432312,
      -0.07672663033008575,
      -0.09079687297344208,
      -0.04066433757543564,
      -0.03960636258125305,
      -0.0353669710457325,
      -0.041422486305236816,
      -0.04943639785051346,
      -0.022800331935286522,
      -0.019601739943027496,
      -0.04075558856129646,
      -0.07849880307912827,
      -0.019891859963536263,
      -0.07197768986225128,
      -0.03527206927537918,
      -0.04711458459496498,
      -0.05268780142068863,
      -0.0191603135317564,
      -0.06874562799930573,
      -0.011958005838096142
    ],
    [
      -0.0991121232509613,
      -0.13167425990104675,
      -0.06761255115270615,
      -0.09162035584449768,
      -0.057874467223882675,
      -0.059769973158836365,
      -0.06026308983564377,
      -0.07961062341928482,
      -0.015075107105076313,
      -0.049355316907167435,
      -0.061030544340610504,
      -0.06729192286729813,
      -0.12287478148937225,
      -0.05412339046597481,
      -0.07651077210903168,
      -0.045652903616428375,
      -0.045745570212602615,
      -0.05494135990738869,
      -0.07901952415704727,
      -0.13391973078250885,
      -0.06190326437354088,
      -0.03669596090912819,
      -0.09534386545419693,
      -0.06594200432300568,
      -0.021523378789424896,
      -0.08452342450618744,
      -0.026232393458485603,
      -0.06670426577329636,
      -0.12745548784732819,
      -0.06427258253097534,
      -0.05104654282331467,
      -0.09131049364805222,
      -0.08544705808162689,
      -0.04605558142066002,
      -0.027211349457502365,
      -0.02391061745584011,
      -0.08169668167829514,
      -0.03790564090013504,
      -0.07060853391885757,
      -0.0600406639277935,
      -0.0641055479645729,
      -0.057121340185403824,
      -0.02475755102932453,
      -0.08841593563556671,
      -0.05670638009905815,
      -0.09134228527545929,
      -0.044442448765039444,
      -0.04054199904203415,
      -0.04927275702357292,
      -0.0643741637468338
    ],
    [
      -0.06279092282056808,
      -0.03401230275630951,
      -0.10982160270214081,
      -0.048736363649368286,
      -0.09638551622629166,
      -0.06600487232208252,
      -0.09539547562599182,
      -0.04665667936205864,
      -0.10810757428407669,
      -0.0601394958794117,
      -0.11526372283697128,
      -0.1515720784664154,
      -0.10340040922164917,
      -0.1282096952199936,
      -0.05340678244829178,
      -0.11210507154464722,
      -0.06630314141511917,
      -0.08457034826278687,
      -0.17068584263324738,
      -0.10197089612483978,
      -0.07531828433275223,
      -0.14654241502285004,
      -0.08126495033502579,
      -0.14373409748077393,
      -0.12859612703323364,
      -0.053939417004585266,
      -0.16888660192489624,
      -0.05128394067287445,
      -0.08639737963676453,
      -0.09287672489881516,
      -0.07812126725912094,
      -0.09026829153299332,
      -0.12154468148946762,
      -0.07014010846614838,
      -0.12295912206172943,
      -0.09517242759466171,
      -0.0898103341460228,
      -0.09816296398639679,
      -0.07757600396871567,
      -0.0898161455988884,
      -0.10598950833082199,
      -0.07708168029785156,
      -0.0598907433450222,
      -0.13121432065963745,
      -0.11489973217248917,
      -0.0834154337644577,
      -0.1480553150177002,
      -0.0837974026799202,
      -0.07547035813331604,
      -0.03866317868232727
    ],
    [
      -0.08764328062534332,
      -0.1170082613825798,
      -0.1680683046579361,
      -0.10258615761995316,
      -0.2911757528781891,
      -0.19529353082180023,
      -0.1152082160115242,
      -0.1568486988544464,
      -0.10690533369779587,
      -0.19820144772529602,
      -0.09121119230985641,
      -0.12146981060504913,
      -0.06981895118951797,
      -0.11737764626741409,
      -0.20933103561401367,
      -0.12602949142456055,
      -0.19510811567306519,
      -0.05221041291952133,
      -0.13067708909511566,
      -0.15777285397052765,
      -0.07245218008756638,
      -0.08331785351037979,
      -0.06901048123836517,
      -0.1336824893951416,
      -0.058638859540224075,
      -0.09590544551610947,
      -0.09721886366605759,
      -0.2800595760345459,
      -0.10692109912633896,
      -0.21045389771461487,
      -0.13785992562770844,
      -0.14174237847328186,
      -0.10162918269634247,
      -0.1351432055234909,
      -0.081614650785923,
      -0.20367783308029175,
      -0.22148823738098145,
      -0.09648182988166809,
      -0.11290358752012253,
      -0.13995122909545898,
      -0.11677765101194382,
      -0.09740527719259262,
      -0.10364722460508347,
      -0.12533681094646454,
      -0.14660406112670898,
      -0.09753690659999847,
      -0.14696985483169556,
      -0.04732581228017807,
      -0.07984436303377151,
      -0.17837722599506378
    ],
    [
      -0.10321281105279922,
      -0.19086122512817383,
      -0.1476493775844574,
      -0.1107495129108429,
      -0.19101950526237488,
      -0.10427319258451462,
      -0.17944729328155518,
      -0.09344752132892609,
      -0.15174442529678345,
      -0.15223276615142822,
      -0.14660099148750305,
      -0.1830996870994568,
      -0.13515238463878632,
      -0.21987895667552948,
      -0.1704861968755722,
      -0.062296707183122635,
      -0.33244073390960693,
      -0.26409950852394104,
      -0.14036427438259125,
      -0.06322681158781052,
      -0.18018600344657898,
      -0.3110342025756836,
      -0.25751209259033203,
      -0.08309031277894974,
      -0.07346542924642563,
      -0.15086865425109863,
      -0.2223740816116333,
