{
  "sigma_values": [
    0.0,
    0.01,
    0.02,
    0.03,
    0.05,
    0.07,
    0.1,
    0.12,
    0.15
  ],
  "metric_name": "quality_mismatch_only",
  "per_trial": [
    [
      -0.5013422966003418,
      -0.5013422966003418,
      -0.5013422966003418,
      -0.5013422966003418,
      -0.5013422966003418,
      -0.5013422966003418,
      -0.5013422966003418,
      -0.5013422966003418,
      -0.5013422966003418,
      -0.5013422966003418
    ],
    [
      -0.5034565329551697,
      -0.5015011429786682,
      -0.501964271068573,
      -0.5027027726173401,
      -0.502810537815094,
      -0.5000877976417542,
      -0.503015398979187,
      -0.5001491904258728,
      -0.5020926594734192,
      -0.5025219917297363
    ],
    [
      -0.5018265843391418,
      -0.500159740447998,
      -0.4995829164981842,
      -0.5020594000816345,
      -0.5007757544517517,
      -0.5004690885543823,
      -0.5046268701553345,
      -0.5043783187866211,
      -0.501983642578125,
      -0.501571774482727
    ],
    [
      -0.5150847434997559,
      -0.5039429068565369,
      -0.5039471983909607,
      -0.5029676556587219,
      -0.502846360206604,
      -0.5055928230285645,
      -0.5016692280769348,
      -0.5016344785690308,
      -0.5002733469009399,
      -0.5090662240982056
    ],
    [
      -0.5085124969482422,
      -0.5094889402389526,
      -0.5259615778923035,
      -0.5096824169158936,
      -0.5104231238365173,
      -0.5095821022987366,
      -0.5072160363197327,
      -0.5202397704124451,
      -0.5107165575027466,
      -0.5103654265403748
    ],
    [
      -0.5115163326263428,
      -0.5247079133987427,
      -0.5274189114570618,
      -0.5227286219596863,
      -0.5236600041389465,
      -0.536109209060669,
      -0.5105885863304138,
      -0.5042781233787537,
      -0.5202990174293518,
      -0.517280638217926
    ],
    [
      -0.5703808665275574,
      -0.5396429300308228,
      -0.5619593858718872,
      -0.5421551465988159,
      -0.5283578038215637,
      -0.5250153541564941,
      -0.5366882085800171,
      -0.5245702266693115,
      -0.5118929743766785,
      -0.5236163139343262
    ],
    [
      -0.529608964920044,
      -0.5434518456459045,
      -0.6116585731506348,
      -0.5618566274642944,
      -0.584690272808075,
      -0.527899980545044,
      -0.5472753643989563,
      -0.5822594165802002,
      -0.5368591547012329,
      -0.5663456916809082
    ],
    [
      -0.5590218305587769,
      -0.5624703764915466,
      -0.561803936958313,
      -0.6426953673362732,
      -0.5665640830993652,
      -0.598585307598114,
      -0.5423468351364136,
      -0.5864289402961731,
      -0.6221444606781006,
      -0.5749780535697937
    ]
  ],
  "digital_baseline": -0.5013422966003418,
  "mean": [
    -0.5013422966003418,
    -0.5020302295684814,
    -0.5017434090375901,
    -0.5047024965286255,
    -0.5122188448905944,
    -0.5198587357997895,
    -0.5364279210567474,
    -0.5591905891895295,
    -0.581703919172287
  ],
  "std": [
    0.0,
    0.0010912129002383654,
    0.0015870418631565352,
    0.004164841371636093,
    0.005672018724441023,
    0.008789549638502423,
    0.017175397007754105,
    0.02595408548711408,
    0.02960835830385143
  ],
  "normalized_mean": [
    1.0,
    0.9986278178146856,
    0.9991999230067595,
    0.9932975933786764,
    0.9783051452789686,
    0.9630662736317886,
    0.9300166279718963,
    0.884613181490045,
    0.839707076149596
  ],
  "normalized_std": [
    0.0,
    0.002176582561730782,
    0.003165585417225803,
    0.008307380805246931,
    0.011313664861121068,
    0.017532032900685505,
    0.034258823012186274,
    0.05176919175404038,
    0.05905816944755913
  ],
  "degradation_threshold_10pct": 0.1
}