{
  "sigma_values": [
    0.0,
    0.01,
    0.02,
    0.03,
    0.05,
    0.07,
    0.1,
    0.12,
    0.15
  ],
  "metric_name": "quality_quantization_only",
  "per_trial": [
    [
      0.8809999823570251,
      0.8809999823570251,
      0.8809999823570251,
      0.8809999823570251,
      0.8809999823570251,
      0.8809999823570251,
      0.8809999823570251,
      0.8809999823570251,
      0.8809999823570251,
      0.8809999823570251,
      0.8809999823570251,
      0.8809999823570251,
      0.8809999823570251,
      0.8809999823570251,
      0.8809999823570251,
      0.8809999823570251,
      0.8809999823570251,
      0.8809999823570251,
      0.8809999823570251,
      0.8809999823570251
    ],
    [
      0.8809999823570251,
      0.8809999823570251,
      0.8809999823570251,
      0.8809999823570251,
      0.8809999823570251,
      0.8809999823570251,
      0.8809999823570251,
      0.8809999823570251,
      0.8809999823570251,
      0.8809999823570251,
      0.8809999823570251,
      0.8809999823570251,
      0.8809999823570251,
      0.8809999823570251,
      0.8809999823570251,
      0.8809999823570251,
      0.8809999823570251,
      0.8809999823570251,
      0.8809999823570251,
      0.8809999823570251
    ],
    [
      0.8809999823570251,
      0.8809999823570251,
      0.8809999823570251,
      0.8809999823570251,
      0.8809999823570251,
      0.8809999823570251,
      0.8809999823570251,
      0.8809999823570251,
      0.8809999823570251,
      0.8809999823570251,
      0.8809999823570251,
      0.8809999823570251,
      0.8809999823570251,
      0.8809999823570251,
      0.8809999823570251,
      0.8809999823570251,
      0.8809999823570251,
      0.8809999823570251,
      0.8809999823570251,
      0.8809999823570251
    ],
    [
      0.8809999823570251,
      0.8809999823570251,
      0.8809999823570251,
      0.8809999823570251,
      0.8809999823570251,
      0.8809999823570251,
      0.8809999823570251,
      0.8809999823570251,
      0.8809999823570251,
      0.8809999823570251,
      0.8809999823570251,
      0.8809999823570251,
      0.8809999823570251,
      0.8809999823570251,
      0.8809999823570251,
      0.8809999823570251,
      0.8809999823570251,
      0.8809999823570251,
      0.8809999823570251,
      0.8809999823570251
    ],
    [
      0.8809999823570251,
      0.8809999823570251,
      0.8809999823570251,
      0.8809999823570251,
      0.8809999823570251,
      0.8809999823570251,
      0.8809999823570251,
      0.8809999823570251,
      0.8809999823570251,
      0.8809999823570251,
      0.8809999823570251,
      0.8809999823570251,
      0.8809999823570251,
      0.8809999823570251,
      0.8809999823570251,
      0.8809999823570251,
      0.8809999823570251,
      0.8809999823570251,
      0.8809999823570251,
      0.8809999823570251
    ],
    [
      0.8809999823570251,
      0.8809999823570251,
      0.8809999823570251,
      0.8809999823570251,
      0.8809999823570251,
      0.8809999823570251,
      0.8809999823570251,
      0.8809999823570251,
      0.8809999823570251,
      0.8809999823570251,
      0.8809999823570251,
      0.8809999823570251,
      0.8809999823570251,
      0.8809999823570251,
      0.8809999823570251,
      0.8809999823570251,
      0.8809999823570251,
      0.8809999823570251,
      0.8809999823570251,
      0.8809999823570251
    ],
    [
      0.8809999823570251,
      0.8809999823570251,
      0.8809999823570251,
      0.8809999823570251,
      0.8809999823570251,
      0.8809999823570251,
      0.8809999823570251,
      0.8809999823570251,
      0.8809999823570251,
      0.8809999823570251,
      0.8809999823570251,
      0.8809999823570251,
      0.8809999823570251,
      0.8809999823570251,
      0.8809999823570251,
      0.8809999823570251,
      0.8809999823570251,
      0.8809999823570251,
      0.8809999823570251,
      0.8809999823570251
    ],
    [
      0.8809999823570251,
      0.8809999823570251,
      0.8809999823570251,
      0.8809999823570251,
      0.8809999823570251,
      0.8809999823570251,
      0.8809999823570251,
      0.8809999823570251,
      0.8809999823570251,
      0.8809999823570251,
      0.8809999823570251,
      0.8809999823570251,
      0.8809999823570251,
      0.8809999823570251,
      0.8809999823570251,
      0.8809999823570251,
      0.8809999823570251,
      0.8809999823570251,
      0.8809999823570251,
      0.8809999823570251
    ],
    [
      0.8809999823570251,
      0.8809999823570251,
      0.8809999823570251,
      0.8809999823570251,
      0.8809999823570251,
      0.8809999823570251,
      0.8809999823570251,
      0.8809999823570251,
      0.8809999823570251,
      0.8809999823570251,
      0.8809999823570251,
      0.8809999823570251,
      0.8809999823570251,
      0.8809999823570251,
      0.8809999823570251,
      0.8809999823570251,
      0.8809999823570251,
      0.8809999823570251,
      0.8809999823570251,
      0.8809999823570251
    ]
  ],
  "digital_baseline": 0.8804000020027161,
  "ideal_analog_baseline": 0.8815000057220459,
  "mean": [
    0.8809999823570251,
    0.8809999823570251,
    0.8809999823570251,
    0.8809999823570251,
    0.8809999823570251,
    0.8809999823570251,
    0.8809999823570251,
    0.8809999823570251,
    0.8809999823570251
  ],
  "std": [
    0.0,
    0.0,
    0.0,
    0.0,
    0.0,
    0.0,
    0.0,
    0.0,
    0.0
  ],
  "normalized_mean": [
    1.0006814860892144,
    1.0006814860892144,
    1.0006814860892144,
    1.0006814860892144,
    1.0006814860892144,
    1.0006814860892144,
    1.0006814860892144,
    1.0006814860892144,
    1.0006814860892144
  ],
  "normalized_std": [
    0.0,
    0.0,
    0.0,
    0.0,
    0.0,
    0.0,
    0.0,
    0.0,
    0.0
  ],
  "degradation_threshold_10pct": 0.15,
  "trial_seeds": {
    "digital_baseline": [
      101050345,
      101050346,
      101050347,
      101050348,
      101050349,
      101050350,
      101050351,
      101050352,
      101050353,
      101050354,
      101050355,
      101050356,
      101050357,
      101050358,
      101050359,
      101050360,
      101050361,
      101050362,
      101050363,
      101050364
    ],
    "ideal_analog_baseline": [
      202050648,
      202050649,
      202050650,
      202050651,
      202050652,
      202050653,
      202050654,
      202050655,
      202050656,
      202050657,
      202050658,
      202050659,
      202050660,
      202050661,
      202050662,
      202050663,
      202050664,
      202050665,
      202050666,
      202050667
    ],
    "per_trial": [
      [
        707132219,
        707132220,
        707132221,
        707132222,
        707132223,
        707132224,
        707132225,
        707132226,
        707132227,
        707132228,
        707132229,
        707132230,
        707132231,
        707132232,
        707132233,
        707132234,
        707132235,
        707132236,
        707132237,
        707132238
      ]
    ]
  },
  "metadata": {
    "arch": "deq",
    "analog_domain": "full_analog",
    "analog_substrate": "classic",
    "seed": 50042,
    "pilot_profile_path": "/workspace/NEW_ACTUAL_RUNS/5-14/945/experiments/cross_arch_tolerance/results/profiles/deq_profile_full_analog_classic_pcm.json",
    "dynamics_diagnostics": {},
    "calibration": "tensor sample_input",
    "ablation_noise": "quantization"
  },
  "normalized_mean_vs_ideal_analog": [
    0.9994327585232274,
    0.9994327585232274,
    0.9994327585232274,
    0.9994327585232274,
    0.9994327585232274,
    0.9994327585232274,
    0.9994327585232274,
    0.9994327585232274,
    0.9994327585232274
  ],
  "normalized_std_vs_ideal_analog": [
    0.0,
    0.0,
    0.0,
    0.0,
    0.0,
    0.0,
    0.0,
    0.0,
    0.0
  ],
  "degradation_threshold_10pct_vs_ideal_analog": 0.15,
  "analog_energy_pJ": 24655.0,
  "digital_energy_pJ": 147849000.0,
  "analog_latency_ns": 11830.0,
  "digital_latency_ns": 14784900.0,
  "energy_saving_vs_digital": 0.9998332420239568,