{
  "sigma_values": [
    0.0,
    0.01,
    0.02,
    0.03,
    0.05,
    0.07,
    0.1,
    0.12,
    0.15
  ],
  "metric_name": "quality_thermal_only",
  "per_trial": [
    [
      -0.5240987539291382,
      -0.5241025686264038,
      -0.5241073966026306,
      -0.5240973830223083,
      -0.5241039991378784,
      -0.5240954756736755,
      -0.5241028070449829,
      -0.5240992307662964,
      -0.5241060853004456,
      -0.5241066813468933
    ],
    [
      -0.524105966091156,
      -0.5241010189056396,
      -0.5241116285324097,
      -0.5241076350212097,
      -0.5240986347198486,
      -0.524111270904541,
      -0.5241171717643738,
      -0.5241031646728516,
      -0.5241056680679321,
      -0.524106502532959
    ],
    [
      -0.5241107940673828,
      -0.5241150856018066,
      -0.5241103172302246,
      -0.524101972579956,
      -0.5241125822067261,
      -0.5241022706031799,
      -0.5241119265556335,
      -0.5241031050682068,
      -0.5241034030914307,
      -0.5241100788116455
    ],
    [
      -0.5241133570671082,
      -0.5241183638572693,
      -0.5241020917892456,
      -0.5241090059280396,
      -0.5241031050682068,
      -0.5241144299507141,
      -0.5241097211837769,
      -0.5240986943244934,
      -0.5241162180900574,
      -0.524095356464386
    ],
    [
      -0.5241050720214844,
      -0.5241070985794067,
      -0.524100661277771,
      -0.5240992307662964,
      -0.5241055488586426,
      -0.5241106748580933,
      -0.5241132974624634,
      -0.5241077542304993,
      -0.5241014361381531,
      -0.5241039395332336
    ],
    [
      -0.5241022706031799,
      -0.524105966091156,
      -0.5241105556488037,
      -0.5241065621376038,
      -0.5241066813468933,
      -0.52412348985672,
      -0.5241190791130066,
      -0.5241090059280396,
      -0.5241060256958008,
      -0.5240998864173889
    ],
    [
      -0.5241124629974365,
      -0.5240997672080994,
      -0.5241084694862366,
      -0.5241089463233948,
      -0.5241096615791321,
      -0.5241062641143799,
      -0.5240970849990845,
      -0.5241005420684814,
      -0.5241126418113708,
      -0.5241036415100098
    ],
    [
      -0.5241115093231201,
      -0.5241007804870605,
      -0.5241068601608276,
      -0.5241121053695679,
      -0.5241148471832275,
      -0.5241052508354187,
      -0.5240978598594666,
      -0.5241019129753113,
      -0.5241031050682068,
      -0.5241076350212097
    ],
    [
      -0.524100661277771,
      -0.5240947008132935,
      -0.5241106152534485,
      -0.5241034626960754,
      -0.5240975022315979,
      -0.524107813835144,
      -0.5241042375564575,
      -0.5241060256958008,
      -0.5241087079048157,
      -0.5241122841835022
    ]
  ],
  "digital_baseline": -0.5241053104400635,
  "mean": [
    -0.5241020381450653,
    -0.5241068661212921,
    -0.5241081535816192,
    -0.5241080343723297,
    -0.5241054713726043,
    -0.5241089522838592,
    -0.5241059482097625,
    -0.5241061866283416,
    -0.5241046011447906
  ],
  "std": [
    3.9341278086200495e-06,
    5.166278789185475e-06,
    4.670437556828707e-06,
    7.444954178205191e-06,
    4.2078557436707265e-06,
    6.867709661979806e-06,
    5.17484010887906e-06,
    5.1779972111143905e-06,
    5.383091453245012e-06
  ],
  "normalized_mean": [
    1.0000062435829842,
    0.999997031739237,
    0.9999945752475712,
    0.9999948027005032,
    0.9999996929385419,
    0.9999930513129266,
    0.9999987831268138,
    0.9999983282209497,
    1.0000013533449457
  ],
  "normalized_std": [
    7.5063689114631765e-06,
    9.857329598220679e-06,
    8.911257840351185e-06,
    1.4205072968930723e-05,
    8.028645502823875e-06,
    1.3103682647697948e-05,
    9.8736647116474e-06,
    9.879688505286658e-06,
    1.0271011085014795e-05
  ],
  "degradation_threshold_10pct": 0.15
}