{
  "sigma_values": [
    0.0,
    0.05,
    0.07,
    0.1,
    0.11,
    0.12,
    0.13,
    0.15
  ],
  "metric_name": "quality_thermal_only",
  "per_trial": [
    [
      -0.5672714114189148,
      -0.567268431186676,
      -0.5672668218612671,
      -0.5672646760940552,
      -0.567269504070282,
      -0.5672645568847656,
      -0.5672631859779358,
      -0.5672664046287537,
      -0.5672668218612671,
      -0.567266583442688,
      -0.5672662854194641,
      -0.567276120185852,
      -0.5672637224197388,
      -0.5672717094421387,
      -0.5672764182090759,
      -0.5672711730003357,
      -0.5672779679298401,
      -0.5672757029533386,
      -0.5672639608383179,
      -0.5672712922096252,
      -0.5672693252563477,
      -0.5672743320465088,
      -0.5672714114189148,
      -0.5672772526741028,
      -0.5672714114189148,
      -0.5672728419303894,
      -0.5672648549079895,
      -0.5672642588615417,
      -0.5672680735588074,
      -0.567267894744873,
      -0.5672727227210999,
      -0.5672686696052551,
      -0.5672684907913208,
      -0.5672711133956909,
      -0.5672640204429626,
      -0.5672630667686462,
      -0.5672646164894104,
      -0.5672634840011597,
      -0.5672667026519775,
      -0.5672706365585327
    ],
    [
      -0.5672661066055298,
      -0.5672770738601685,
      -0.5672701001167297,
      -0.5672641396522522,
      -0.5672562718391418,
      -0.5672740340232849,
      -0.5672664046287537,
      -0.5672670602798462,
      -0.5672699213027954,
      -0.5672599673271179,
      -0.5672726631164551,
      -0.5672682523727417,
      -0.5672640800476074,
      -0.5672743916511536,
      -0.5672619342803955,
      -0.5672740936279297,
      -0.5672600269317627,
      -0.5672755837440491,
      -0.567267894744873,
      -0.5672645568847656,
      -0.5672671794891357,
      -0.5672752261161804,
      -0.567267656326294,
      -0.5672648549079895,
      -0.567267894744873,
      -0.5672668814659119,
      -0.5672662854194641,
      -0.5672760009765625,
      -0.5672690272331238,
      -0.567270040512085,
      -0.5672830939292908,
      -0.5672733187675476,
      -0.5672639608383179,
      -0.5672633051872253,
      -0.5672696828842163,
      -0.567274808883667,
      -0.5672757625579834,
      -0.5672731399536133,
      -0.5672641396522522,
      -0.5672657489776611
    ],
    [
      -0.5672712326049805,
      -0.5672743916511536,
      -0.5672738552093506,
      -0.5672606229782104,
      -0.5672615766525269,
      -0.5672754049301147,
      -0.5672673583030701,
      -0.5672649145126343,
      -0.567269504070282,
      -0.5672749876976013,
      -0.5672740936279297,
      -0.5672677159309387,
      -0.567271888256073,
      -0.5672734379768372,
      -0.5672780871391296,
      -0.5672723650932312,
      -0.5672664046287537,
      -0.5672717690467834,
      -0.5672642588615417,
      -0.567265510559082,
      -0.5672653913497925,
      -0.5672701001167297,
      -0.5672750473022461,
      -0.5672647356987,
      -0.5672761797904968,
      -0.5672677755355835,
      -0.5672634243965149,
      -0.5672599673271179,
      -0.5672776699066162,
      -0.5672717690467834,
      -0.5672686100006104,
      -0.5672752261161804,
      -0.5672739148139954,
      -0.5672733187675476,
      -0.5672788023948669,
      -0.5672761797904968,
      -0.5672608613967896,
      -0.5672657489776611,
      -0.5672650933265686,
      -0.5672721862792969
    ],
    [
      -0.5672667622566223,
      -0.567267656326294,
      -0.5672630667686462,
      -0.5672724843025208,
      -0.5672578811645508,
      -0.5672659873962402,
      -0.5672703385353088,
      -0.5672743320465088,
      -0.5672661066055298,
      -0.5672703385353088,
      -0.5672705173492432,
      -0.5672668814659119,
      -0.5672674179077148,
      -0.5672690272331238,
      -0.5672698020935059,
      -0.5672664642333984,
      -0.5672706961631775,
      -0.5672680139541626,
      -0.5672673583030701,
      -0.5672616958618164,
      -0.5672751665115356,
      -0.5672701597213745,
      -0.567268431186676,
      -0.5672760605812073,
      -0.5672730207443237,
      -0.5672727823257446,
      -0.5672711133956909,
      -0.5672627687454224,
      -0.567269504070282,
      -0.5672735571861267,
      -0.5672670602798462,
      -0.5672685503959656,
      -0.5672571659088135,
      -0.5672677755355835,
      -0.5672706961631775,
      -0.567273736000061,
      -0.5672605633735657,
      -0.5672681927680969,
      -0.5672656297683716,
      -0.5672760009765625
    ],
    [
      -0.5672734975814819,
      -0.5672646760940552,
      -0.5672727227210999,
      -0.5672680735588074,
      -0.5672681331634521,
      -0.5672705173492432,
      -0.5672671794891357,
      -0.5672706365585327,
      -0.5672734975814819,
      -0.5672630667686462,
      -0.5672662258148193,
      -0.5672717094421387,
      -0.5672662854194641,
      -0.5672724843025208,
      -0.5672671794891357,
      -0.5672622323036194,
      -0.5672746300697327,
      -0.5672743320465088,
      -0.5672688484191895,
      -0.5672702193260193,
      -0.5672558546066284,
      -0.5672629475593567,
      -0.5672573447227478,
      -0.5672654509544373,
      -0.5672739148139954,
      -0.5672760009765625,
      -0.5672630667686462,
      -0.5672746300697327,
      -0.5672646760940552,
      -0.5672684907913208,
      -0.5672789812088013,
      -0.5672587752342224,
      -0.5672762989997864,
      -0.5672738552093506,
      -0.5672613382339478,
      -0.5672638416290283,
      -0.5672635436058044,
      -0.5672712922096252,
      -0.5672699213027954,
      -0.5672649145126343
    ],
    [
      -0.567267894744873,
      -0.5672696232795715,
      -0.5672638416290283,
      -0.5672622323036194,
      -0.5672680139541626,
      -0.5672692656517029,
      -0.567269504070282,
      -0.5672627687454224,
      -0.5672702193260193,
      -0.5672619938850403,
      -0.5672662258148193,
      -0.5672726631164551,
      -0.5672681927680969,
      -0.5672670006752014,
      -0.5672720670700073,
      -0.5672703981399536,
      -0.5672702193260193,
      -0.5672627687454224,
      -0.5672732591629028,
      -0.5672648549079895,
      -0.5672606825828552,
      -0.5672707557678223,
      -0.5672705173492432,
      -0.5672786235809326,
      -0.567270040512085,
      -0.5672692060470581,
      -0.5672690272331238,
      -0.5672734379768372,
      -0.5672780275344849,
      -0.5672631859779358,
      -0.5672701001167297,
      -0.5672765374183655,
      -0.5672655701637268,
      -0.567262589931488,
      -0.5672597885131836,
      -0.5672736167907715,
      -0.5672736167907715,
      -0.5672690272331238,
      -0.5672705769538879,
      -0.5672655701637268
    ],
    [
      -0.5672658681869507,
      -0.5672599673271179,
      -0.567273736000061,
      -0.567265510559082,
      -0.5672749280929565,
      -0.5672619342803955,
      -0.5672705173492432,
      -0.5672702193260193,
      -0.5672581791877747,
      -0.5672786831855774,
      -0.5672697424888611,
      -0.5672619342803955,
      -0.5672711133956909,
      -0.5672640800476074,
      -0.5672795176506042,
      -0.5672680735588074,
      -0.567271888256073,
      -0.5672727227210999,
      -0.5672584176063538,
      -0.5672667622566223,
      -0.5672641396522522,
      -0.5672728419303894,
      -0.5672682523727417,
      -0.5672627687454224,
      -0.5672797560691833,
      -0.5672624707221985,
      -0.567266583442688,
      -0.567270040512085,
      -0.5672772526741028,
      -0.5672661662101746,
      -0.5672719478607178,
      -0.5672649145126343,
      -0.567268431186676,
      -0.5672699213027954,
      -0.5672706961631775,
      -0.5672604441642761,
      -0.5672728419303894,
      -0.567273736000061,
      -0.567266583442688,
      -0.5672681927680969
    ],
    [
      -0.5672577023506165,
      -0.5672760605812073,
      -0.5672734379768372,
      -0.5672717690467834,
      -0.5672709941864014,
      -0.5672705769538879,
      -0.5672662854194641,
      -0.5672754645347595,
