{
  "sigma_values": [
    0.0,
    0.01,
    0.02,
    0.03,
    0.05,
    0.07,
    0.1,
    0.12,
    0.15
  ],
  "convergence_failure_rate": [
    1.0,
    1.0,
    1.0,
    1.0,
    0.9997999999905005,
    0.9997999999905005,
    1.0,
    1.0,
    1.0
  ]
}