{
  "sigma_values": [
    0.0,
    0.01,
    0.02,
    0.03,
    0.05,
    0.07,
    0.1,
    0.12,
    0.15
  ],
  "metric_name": "quality_thermal_only",
  "per_trial": [
    [
      -0.5846192240715027,
      -0.5846274495124817,
      -0.5846301913261414,
      -0.5846186876296997,
      -0.5846274495124817,
      -0.5846237540245056,
      -0.5846256613731384,
      -0.5846187472343445,
      -0.5846263766288757,
      -0.5846284031867981
    ],
    [
      -0.5846185684204102,
      -0.5846218466758728,
      -0.5846208333969116,
      -0.5846192836761475,
      -0.5846191048622131,
      -0.5846267938613892,
      -0.5846261978149414,
      -0.5846204161643982,
      -0.5846250653266907,
      -0.5846275687217712
    ],
    [
      -0.5846226811408997,
      -0.5846282243728638,
      -0.5846222639083862,
      -0.5846263766288757,
      -0.584629476070404,
      -0.5846208930015564,
      -0.5846318602561951,
      -0.5846189260482788,
      -0.5846205353736877,
      -0.5846211910247803
    ],
    [
      -0.5846294164657593,
      -0.5846174955368042,
      -0.5846231579780579,
      -0.5846202373504639,
      -0.5846268534660339,
      -0.5846219658851624,
      -0.5846222639083862,
      -0.5846259593963623,
      -0.5846275687217712,
      -0.5846219658851624
    ],
    [
      -0.584625780582428,
      -0.5846197009086609,
      -0.5846226811408997,
      -0.5846243500709534,
      -0.5846192240715027,
      -0.5846130847930908,
      -0.5846267342567444,
      -0.584624707698822,
      -0.5846208333969116,
      -0.5846191048622131
    ],
    [
      -0.5846240520477295,
      -0.5846192836761475,
      -0.5846293568611145,
      -0.5846263766288757,
      -0.5846312642097473,
      -0.584628701210022,
      -0.584629237651825,
      -0.5846196413040161,
      -0.5846265554428101,
      -0.5846256017684937
    ],
    [
      -0.5846221446990967,
      -0.5846284031867981,
      -0.5846192240715027,
      -0.5846245884895325,
      -0.5846222639083862,
      -0.5846278071403503,
      -0.5846226811408997,
      -0.584617555141449,
      -0.5846324563026428,
      -0.5846199989318848
    ],
    [
      -0.5846240520477295,
      -0.5846210718154907,
      -0.5846270322799683,
      -0.5846286416053772,
      -0.5846213698387146,
      -0.5846220850944519,
      -0.5846205353736877,
      -0.5846325159072876,
      -0.5846250653266907,
      -0.584625244140625
    ],
    [
      -0.5846253633499146,
      -0.5846215486526489,
      -0.58463054895401,
      -0.5846220254898071,
      -0.5846316814422607,
      -0.584623396396637,
      -0.5846243500709534,
      -0.5846218466758728,
      -0.5846198201179504,
      -0.5846304893493652
    ]
  ],
  "digital_baseline": -0.5846231579780579,
  "mean": [
    -0.5846245944499969,
    -0.5846225678920746,
    -0.5846242427825927,
    -0.5846236884593964,
    -0.5846216201782226,
    -0.5846260070800782,
    -0.5846237123012543,
    -0.5846247613430023,
    -0.584625107049942
  ],
  "std": [
    4.062960568527553e-06,
    3.3047483403224264e-06,
    4.179964564896898e-06,
    3.4863826213058375e-06,
    3.883259761140047e-06,
    3.8302002240994715e-06,
    4.398406824485093e-06,
    3.6236927989383622e-06,
    4.075672165880913e-06
  ],
  "normalized_mean": [
    0.9999975429096172,
    1.0000010093441822,
    0.9999981444379682,
    0.9999990926097756,
    1.0000026304121112,
    0.9999951266008172,
    0.9999990518281924,
    0.9999972574385352,
    0.9999966661055801
  ],
  "normalized_std": [
    6.949708565393581e-06,
    5.652783840708651e-06,
    7.149844319122544e-06,
    5.96346992712986e-06,
    6.642329692464551e-06,
    6.551571164827561e-06,
    7.5234905844256245e-06,
    6.198339476443331e-06,
    6.971451798072429e-06
  ],
  "degradation_threshold_10pct": 0.15
}