{
  "sigma_values": [
    2.0,
    4.0,
    6.0,
    8.0,
    10.0,
    12.0,
    16.0
  ],
  "metric_name": "quality_vs_adc_bits_sigma0.050",
  "per_trial": [
    [
      0.10019999742507935,
      0.10089999437332153,
      0.1006999984383583,
      0.10029999911785126,
      0.10089999437332153,
      0.1005999967455864,
      0.1005999967455864,
      0.10040000081062317,
      0.10049999505281448,
      0.10049999505281448,
      0.10019999742507935,
      0.10080000013113022,
      0.1006999984383583,
      0.1006999984383583,
      0.10049999505281448,
      0.1006999984383583,
      0.10109999775886536,
      0.10080000013113022,
      0.10049999505281448,
      0.1006999984383583,
      0.10099999606609344,
      0.10049999505281448,
      0.10080000013113022,
      0.10040000081062317,
      0.10119999945163727,
      0.10109999775886536,
      0.1005999967455864,
      0.10089999437332153,
      0.1006999984383583,
      0.10009999573230743,
      0.10029999911785126,
      0.10080000013113022,
      0.10029999911785126,
      0.10049999505281448,
      0.1006999984383583,
      0.10019999742507935,
      0.10109999775886536,
      0.10049999505281448,
      0.10089999437332153,
      0.10049999505281448,
      0.10019999742507935,
      0.10049999505281448,
      0.10029999911785126,
      0.10119999945163727,
      0.10029999911785126,
      0.10089999437332153,
      0.10089999437332153,
      0.10089999437332153,
      0.10040000081062317,
      0.1006999984383583
    ],
    [
      0.8596000075340271,
      0.85589998960495,
      0.8628000020980835,
      0.8659999966621399,
      0.8605999946594238,
      0.861799955368042,
      0.8615999817848206,
      0.8569999933242798,
      0.8621999621391296,
      0.8621000051498413,
      0.8650999665260315,
      0.8592000007629395,
      0.8642999529838562,
      0.8606999516487122,
      0.8639000058174133,
      0.8574999570846558,
      0.8632999658584595,
      0.864799976348877,
      0.8616999983787537,
      0.8590999841690063,
      0.8598999977111816,
      0.8619999885559082,
      0.8605999946594238,
      0.8623999953269958,
      0.8621999621391296,
      0.8603000044822693,
      0.8642999529838562,
      0.859499990940094,
      0.8616999983787537,
      0.8580999970436096,
      0.8585000038146973,
      0.8500999808311462,
      0.8568999767303467,
      0.861299991607666,
      0.8603000044822693,
      0.8622999787330627,
      0.8601999878883362,
      0.8567999601364136,
      0.8597999811172485,
      0.863599956035614,
      0.863099992275238,
      0.8574000000953674,
      0.8637999892234802,
      0.8634999990463257,
      0.854200005531311,
      0.8628999590873718,
      0.8624999523162842,
      0.8633999824523926,
      0.8632999658584595,
      0.8619999885559082
    ],
    [
      0.8732999563217163,
      0.8744999766349792,
      0.8739999532699585,
      0.8705999851226807,
      0.8779000043869019,
      0.8765999674797058,
      0.8703999519348145,
      0.8795999884605408,
      0.8766999840736389,
      0.8764999508857727,
      0.8786999583244324,
      0.8774999976158142,
      0.8804000020027161,
      0.8703999519348145,
      0.8788999915122986,
      0.8787999749183655,
      0.8727999925613403,
      0.8711999654769897,
      0.878600001335144,
      0.8769999742507935,
      0.8766999840736389,
      0.8773999810218811,
      0.8770999908447266,
      0.8782999515533447,
      0.8770999908447266,
      0.8738999962806702,
      0.8728999495506287,
      0.8780999779701233,
      0.8765999674797058,
      0.8779000043869019,
      0.877299964427948,
      0.8776999711990356,
      0.8770999908447266,
      0.876800000667572,
      0.8784999847412109,
      0.8733999729156494,
      0.8768999576568604,
      0.8761999607086182,
      0.8762999773025513,
      0.8775999546051025,
      0.8764999508857727,
      0.876800000667572,
      0.8782999515533447,
      0.8740999698638916,
      0.8743000030517578,
      0.8761999607086182,
      0.8741999864578247,
      0.8756999969482422,
      0.8780999779701233,
      0.8752999901771545
    ],
    [
      0.8738999962806702,
      0.8772000074386597,
      0.8720999956130981,
      0.8777999877929688,
      0.8784999847412109,
      0.8780999779701233,
      0.8751999735832214,
      0.8744999766349792,
      0.8776999711990356,
      0.8750999569892883,
      0.8757999539375305,
      0.8763999938964844,
      0.8736000061035156,
      0.8748999834060669,
      0.8789999485015869,
      0.8770999908447266,
      0.8716999888420105,
      0.8781999945640564,
      0.8729999661445618,
      0.8799999952316284,
      0.8779999613761902,
      0.8761999607086182,
      0.8755999803543091,
      0.8754000067710876,
      0.8755999803543091,
      0.878600001335144,
      0.8743000030517578,
      0.8774999976158142,
      0.8751999735832214,
      0.8765999674797058,
      0.8774999976158142,
      0.8770999908447266,
      0.8800999522209167,
      0.8779999613761902,
      0.870199978351593,
      0.8783999681472778,
      0.8791999816894531,
      0.8797000050544739,
      0.8776999711990356,
      0.8727999925613403,
      0.8786999583244324,
      0.8769999742507935,
      0.8775999546051025,
      0.8799999952316284,
      0.8758999705314636,
      0.8754000067710876,
      0.875,
      0.8784999847412109,
      0.8779000043869019,
      0.8764999508857727
    ],
    [
      0.8775999546051025,
      0.8728999495506287,
      0.8786999583244324,
      0.8770999908447266,
      0.8804000020027161,
      0.8754000067710876,
      0.8774999976158142,
      0.8710999488830566,
      0.8780999779701233,
      0.8764999508857727,
      0.8774999976158142,
      0.8776999711990356,
      0.8761000037193298,
      0.8774999976158142,
      0.8781999945640564,
      0.8761000037193298,
      0.8756999969482422,
      0.8769999742507935,
      0.8779999613761902,
      0.8780999779701233,
      0.871999979019165,
      0.880299985408783,
      0.8762999773025513,
      0.8765999674797058,
      0.8781999945640564,
      0.8774999976158142,
      0.8761000037193298,
      0.8756999969482422,
      0.8779999613761902,
      0.8758999705314636,
      0.8740999698638916,
      0.8786999583244324,
      0.8729999661445618,
      0.8741999864578247,
      0.8786999583244324,
      0.8795999884605408,
      0.8766999840736389,
      0.877299964427948,
      0.87909996509552,
      0.8758999705314636,
      0.8787999749183655,
      0.8776999711990356,
      0.8792999982833862,
      0.8780999779701233,
      0.878600001335144,
      0.877299964427948,
      0.8774999976158142,
      0.8746999502182007,
      0.8725000023841858,
      0.8757999539375305
    ],
    [
      0.8704999685287476,
      0.8747999668121338,
      0.8718999624252319,
      0.876800000667572,
      0.8734999895095825,
      0.8780999779701233,
      0.8748999834060669,
      0.8754000067710876,
      0.8773999810218811,
      0.8779999613761902,
      0.8766999840736389,
      0.8752999901771545,
      0.8754000067710876,
      0.8722999691963196,
      0.8797000050544739,
      0.8757999539375305,
      0.8743999600410461,
      0.8761999607086182,
      0.8779999613761902,
      0.880299985408783,
      0.8783999681472778,
      0.8758999705314636,
      0.8784999847412109,
      0.8775999546051025,
      0.8768999576568604,
      0.8761000037193298,
      0.8773999810218811,
      0.8780999779701233,
      0.8775999546051025,
      0.8751999735832214,
      0.8758999705314636,
      0.8791999816894531,
      0.8748999834060669,
      0.8743000030517578,
      0.8776999711990356,
      0.8777999877929688,
      0.8788999915122986,
      0.8779000043869019,
      0.8768999576568604,
      0.8794999718666077,
      0.8718999624252319,
      0.8774999976158142,
      0.8756999969482422,
      0.8758999705314636,
      0.8783999681472778,
      0.875499963760376,
      0.8791999816894531,
      0.871999979019165,
      0.8786999583244324,
