{
  "sigma_values": [
    0.0,
    0.01,
    0.02,
    0.03,
    0.05,
    0.07,
    0.1,
    0.12,
    0.15
  ],
  "metric_name": "quality_thermal_only",
  "per_trial": [
    [
      -0.4987874925136566,
      -0.49879759550094604,
      -0.49879151582717896,
      -0.4987873136997223,
      -0.4987929165363312,
      -0.49878695607185364,
      -0.49878978729248047,
      -0.4987882375717163,
      -0.4987940788269043,
      -0.49879029393196106
    ],
    [
      -0.49879124760627747,
      -0.4987998604774475,
      -0.4987868666648865,
      -0.498794287443161,
      -0.49878719449043274,
      -0.4987906217575073,
      -0.4987899959087372,
      -0.49879252910614014,
      -0.49879512190818787,
      -0.49878808856010437
    ],
    [
      -0.4987902343273163,
      -0.49878382682800293,
      -0.49879637360572815,
      -0.49879029393196106,
      -0.4987964928150177,
      -0.4987815022468567,
      -0.4987923800945282,
      -0.4987953007221222,
      -0.4987875521183014,
      -0.49878984689712524
    ],
    [
      -0.4987882673740387,
      -0.49879190325737,
      -0.4987920820713043,
      -0.4987853467464447,
      -0.4987853467464447,
      -0.49878793954849243,
      -0.49878978729248047,
      -0.49879246950149536,
      -0.49877962470054626,
      -0.498794287443161
    ],
    [
      -0.49878397583961487,
      -0.4987848103046417,
      -0.49879589676856995,
      -0.4987946152687073,
      -0.49879083037376404,
      -0.49879369139671326,
      -0.49878931045532227,
      -0.49878472089767456,
      -0.4987952709197998,
      -0.4987873435020447
    ],
    [
      -0.4987844228744507,
      -0.4987913966178894,
      -0.4987916946411133,
      -0.49879443645477295,
      -0.4987896978855133,
      -0.49879100918769836,
      -0.4988003075122833,
      -0.4987882375717163,
      -0.49879008531570435,
      -0.49878573417663574
    ],
    [
      -0.49878832697868347,
      -0.49878740310668945,
      -0.49879002571105957,
      -0.49879154562950134,
      -0.4987903833389282,
      -0.4987865686416626,
      -0.4987952709197998,
      -0.4987910985946655,
      -0.4987834095954895,
      -0.49879369139671326
    ],
    [
      -0.4987851679325104,
      -0.4987868070602417,
      -0.4987899959087372,
      -0.49878281354904175,
      -0.49878495931625366,
      -0.4987933933734894,
      -0.4987957179546356,
      -0.49878808856010437,
      -0.4987868666648865,
      -0.4987866282463074
    ],
    [
      -0.4987935423851013,
      -0.4987848699092865,
      -0.49878984689712524,
      -0.4987868666648865,
      -0.49879327416419983,
      -0.4987903833389282,
      -0.49879422783851624,
      -0.4987930655479431,
      -0.49879276752471924,
      -0.4987873136997223
    ]
  ],
  "digital_baseline": -0.4987895667552948,
  "mean": [
    -0.4987906187772751,
    -0.4987915813922882,
    -0.498790380358696,
    -0.4987887054681778,
    -0.4987900465726852,
    -0.49879070222377775,
    -0.4987897723913193,
    -0.4987880438566208,
    -0.49879061579704287
  ],
  "std": [
    3.2758283842220252e-06,
    3.827778545225454e-06,
    4.812192909841755e-06,
    4.170431192579011e-06,
    4.435924270606581e-06,
    4.2348890384581586e-06,
    3.3073394979318113e-06,
    3.7600859204799454e-06,
    3.129380086930444e-06
  ],
  "normalized_mean": [
    0.999997890850069,
    0.9999959609480076,
    0.9999983688443876,
    1.000001726754476,
    0.9999990380364338,
    0.9999977235520575,
    0.9999995877299002,
    1.0000030531887103,
    0.999997896824998
  ],
  "normalized_std": [
    6.567555944547534e-06,
    7.674135147063641e-06,
    9.64774171429814e-06,
    8.361103500436722e-06,
    8.893378222529736e-06,
    8.490332037229214e-06,
    6.630731110609589e-06,
    7.538421352595445e-06,
    6.2739485656998754e-06
  ],
  "degradation_threshold_10pct": 0.15
}