{
  "sigma_values": [
    0.0,
    0.01,
    0.02,
    0.03,
    0.05,
    0.07,
    0.1,
    0.12,
    0.15
  ],
  "metric_name": "quality_thermal_only",
  "per_trial": [
    [
      0.8805999755859375,
      0.8806999921798706,
      0.8801999688148499,
      0.8806999921798706,
      0.8806999921798706,
      0.8800999522209167,
      0.8806999921798706,
      0.8804000020027161,
      0.8804999589920044,
      0.8806999921798706,
      0.8805999755859375,
      0.8800999522209167,
      0.8804999589920044,
      0.8806999921798706,
      0.8806999921798706,
      0.8805999755859375,
      0.8799999952316284,
      0.8806999921798706,
      0.8807999491691589,
      0.8804999589920044
    ],
    [
      0.8804000020027161,
      0.8804000020027161,
      0.8800999522209167,
      0.8806999921798706,
      0.8804999589920044,
      0.8806999921798706,
      0.8805999755859375,
      0.8801999688148499,
      0.8799999952316284,
      0.8801999688148499,
      0.8801999688148499,
      0.8805999755859375,
      0.8804999589920044,
      0.8804000020027161,
      0.8804999589920044,
      0.8804999589920044,
      0.8801999688148499,
      0.8804000020027161,
      0.8804000020027161,
      0.8810999989509583
    ],
    [
      0.8804000020027161,
      0.8805999755859375,
      0.8806999921798706,
      0.8799999952316284,
      0.8807999491691589,
      0.8806999921798706,
      0.8804000020027161,
      0.8807999491691589,
      0.8806999921798706,
      0.8807999491691589,
      0.8807999491691589,
      0.8806999921798706,
      0.8805999755859375,
      0.880299985408783,
      0.8800999522209167,
      0.880299985408783,
      0.8804000020027161,
      0.8807999491691589,
      0.8801999688148499,
      0.8804000020027161
    ],
    [
      0.8800999522209167,
      0.8804999589920044,
      0.880299985408783,
      0.8801999688148499,
      0.8805999755859375,
      0.8804999589920044,
      0.8804999589920044,
      0.880299985408783,
      0.880299985408783,
      0.8804999589920044,
      0.8797999620437622,
      0.8804999589920044,
      0.8805999755859375,
      0.880299985408783,
      0.8807999491691589,
      0.880899965763092,
      0.8806999921798706,
      0.8804999589920044,
      0.880299985408783,
      0.8805999755859375
    ],
    [
      0.8807999491691589,
      0.880299985408783,
      0.8805999755859375,
      0.8801999688148499,
      0.880899965763092,
      0.880299985408783,
      0.8804000020027161,
      0.8804999589920044,
      0.880299985408783,
      0.8804000020027161,
      0.8804000020027161,
      0.8804000020027161,
      0.8804999589920044,
      0.8801999688148499,
      0.8800999522209167,
      0.8804999589920044,
      0.8801999688148499,
      0.8804999589920044,
      0.880899965763092,
      0.880299985408783
    ],
    [
      0.8807999491691589,
      0.8804000020027161,
      0.8806999921798706,
      0.880299985408783,
      0.8798999786376953,
      0.880299985408783,
      0.8804999589920044,
      0.8804000020027161,
      0.8805999755859375,
      0.8807999491691589,
      0.8805999755859375,
      0.8801999688148499,
      0.880299985408783,
      0.8805999755859375,
      0.8805999755859375,
      0.880299985408783,
      0.880899965763092,
      0.8804999589920044,
      0.8797000050544739,
      0.8804000020027161
    ],
    [
      0.8806999921798706,
      0.8806999921798706,
      0.8804000020027161,
      0.8805999755859375,
      0.8807999491691589,
      0.8804000020027161,
      0.8804999589920044,
      0.8804000020027161,
      0.8806999921798706,
      0.8806999921798706,
      0.8804000020027161,
      0.8804000020027161,
      0.8804000020027161,
      0.880899965763092,
      0.8807999491691589,
      0.8804000020027161,
      0.8805999755859375,
      0.8806999921798706,
      0.8809999823570251,
      0.8805999755859375
    ],
    [
      0.8806999921798706,
      0.8807999491691589,
      0.8801999688148499,
      0.8801999688148499,
      0.8804000020027161,
      0.8804999589920044,
      0.8806999921798706,
      0.8806999921798706,
      0.8804000020027161,
      0.8810999989509583,
      0.8804000020027161,
      0.8804000020027161,
      0.880299985408783,
      0.8804000020027161,
      0.880299985408783,
      0.8804999589920044,
      0.8806999921798706,
      0.8805999755859375,
      0.880899965763092,
      0.8805999755859375
    ],
    [
      0.8804999589920044,
      0.8805999755859375,
      0.8807999491691589,
      0.8804000020027161,
      0.8799999952316284,
      0.8801999688148499,
      0.8805999755859375,
      0.8806999921798706,
      0.8801999688148499,
      0.8805999755859375,
      0.880299985408783,
      0.8807999491691589,
      0.8800999522209167,
      0.8809999823570251,
      0.8804000020027161,
      0.8805999755859375,
      0.8804000020027161,
      0.8804000020027161,
      0.880299985408783,
      0.8804999589920044
    ]
  ],
  "digital_baseline": 0.880299985408783,
  "ideal_analog_baseline": 0.8805999755859375,
  "mean": [
    0.8805249780416489,
    0.8804299801588058,
    0.8805249780416489,
    0.8804399698972702,
    0.880434975028038,
    0.8804399788379669,
    0.8806049853563309,
    0.8805399835109711,
    0.8804699778556824
  ],
  "std": [
    0.00023425961221199338,
    0.00024310933792684534,
    0.0002487387153176104,
    0.0002437202646256702,
    0.00021971128995651408,
    0.0002852977894944272,
    0.00018295113931962183,
    0.00023108354070347463,
    0.00024514920133712596
  ],
  "normalized_mean": [
    1.0002555863189768,
    1.0001476709669175,
    1.0002555863189768,
    1.0001590190739607,
    1.0001533450204392,
    1.000159029230381,
    1.0003464727395246,
    1.0002726321778554,
    1.0001931074062445
  ],
  "normalized_std": [
    0.0002661133887253341,
    0.00027616646819998887,
    0.00028256130800922844,
    0.0002768604665061926,
    0.0002495868381214243,
    0.0003240915531333834,
    0.00020782817488593415,
    0.00026250544647705163,
    0.0002784837048739545
  ],
  "degradation_threshold_10pct": 0.15,
  "trial_seeds": {
    "digital_baseline": [
      101050345,
      101050346,
      101050347,
      101050348,
      101050349,
      101050350,
      101050351,
      101050352,
      101050353,
      101050354,
      101050355,
      101050356,
      101050357,
      101050358,
      101050359,
      101050360,
      101050361,
      101050362,
      101050363,
      101050364
    ],
    "ideal_analog_baseline": [
      202050648,
      202050649,
      202050650,
      202050651,
      202050652,
      202050653,
      202050654,
      202050655,
      202050656,
      202050657,
      202050658,
      202050659,
      202050660,
      202050661,
      202050662,
      202050663,
      202050664,
      202050665,
      202050666,
      202050667
    ],
    "per_trial": [
      [
        606131916,
        606131917,
        606131918,
        606131919,
        606131920,
        606131921,
        606131922,
        606131923,
        606131924,
        606131925,
        606131926,
        606131927,
        606131928,
        606131929,
        606131930,
        606131931,
        606131932,
        606131933,
        606131934,
        606131935
      ]
    ]
  },
  "metadata": {
    "arch": "deq",
    "analog_domain": "full_analog",
    "analog_substrate": "classic",
    "seed": 50042,
    "pilot_profile_path": "/workspace/NEW_ACTUAL_RUNS/5-14/945/experiments/cross_arch_tolerance/results/profiles/deq_profile_full_analog_classic_reram.json",
    "dynamics_diagnostics": {},
    "calibration": "tensor sample_input",
    "ablation_noise": "thermal"
  },
  "normalized_mean_vs_ideal_analog": [
    0.9999148335835023,
    0.9998069549944985,
    0.9999148335835023,
    0.999818299235631,
    0.9998126271150647,
    0.9998183093885914,
    1.0000056890421671,
    0.9999318736354421,
    0.9998523759551905
  ],