{
  "sigma_values": [
    0.0,
    0.01,
    0.02,
    0.03,
    0.05,
    0.07,
    0.1,
    0.12,
    0.15
  ],
  "metric_name": "quality_mismatch_only",
  "per_trial": [
    [
      0.8800999522209167,
      0.880899965763092,
      0.8804000020027161,
      0.8805999755859375,
      0.8804000020027161,
      0.8800999522209167,
      0.8805999755859375,
      0.8804999589920044,
      0.8804000020027161,
      0.8804999589920044,
      0.8804000020027161,
      0.8809999823570251,
      0.8800999522209167,
      0.8800999522209167,
      0.8797999620437622,
      0.8801999688148499,
      0.8805999755859375,
      0.8804999589920044,
      0.8804000020027161,
      0.8804000020027161
    ],
    [
      0.8801999688148499,
      0.8807999491691589,
      0.880299985408783,
      0.880899965763092,
      0.8806999921798706,
      0.880299985408783,
      0.8797999620437622,
      0.8807999491691589,
      0.8807999491691589,
      0.8805999755859375,
      0.8804000020027161,
      0.8798999786376953,
      0.8806999921798706,
      0.8801999688148499,
      0.8797000050544739,
      0.8801999688148499,
      0.8799999952316284,
      0.8805999755859375,
      0.8813999891281128,
      0.8804000020027161
    ],
    [
      0.8800999522209167,
      0.8801999688148499,
      0.8797000050544739,
      0.8810999989509583,
      0.8805999755859375,
      0.8811999559402466,
      0.880299985408783,
      0.8807999491691589,
      0.8804999589920044,
      0.8799999952316284,
      0.8797999620437622,
      0.880299985408783,
      0.87909996509552,
      0.880899965763092,
      0.8804000020027161,
      0.8798999786376953,
      0.8806999921798706,
      0.8798999786376953,
      0.8799999952316284,
      0.8801999688148499
    ],
    [
      0.8776999711990356,
      0.880299985408783,
      0.8791999816894531,
      0.878600001335144,
      0.8797000050544739,
      0.880299985408783,
      0.8798999786376953,
      0.8795999884605408,
      0.8786999583244324,
      0.8797000050544739,
      0.8799999952316284,
      0.8804999589920044,
      0.8811999559402466,
      0.8798999786376953,
      0.8810999989509583,
      0.8805999755859375,
      0.8786999583244324,
      0.8804000020027161,
      0.8817999958992004,
      0.880299985408783
    ],
    [
      0.8776999711990356,
      0.8797999620437622,
      0.8783999681472778,
      0.8787999749183655,
      0.8791999816894531,
      0.8794999718666077,
      0.8797000050544739,
      0.8783999681472778,
      0.8791999816894531,
      0.8779999613761902,
      0.8813999891281128,
      0.8791999816894531,
      0.8798999786376953,
      0.8793999552726746,
      0.8779999613761902,
      0.8805999755859375,
      0.8789999485015869,
      0.8804000020027161,
      0.8811999559402466,
      0.8797999620437622
    ],
    [
      0.8732999563217163,
      0.8762999773025513,
      0.8783999681472778,
      0.8798999786376953,
      0.877299964427948,
      0.8781999945640564,
      0.8732999563217163,
      0.8774999976158142,
      0.8789999485015869,
      0.877299964427948,
      0.8787999749183655,
      0.8777999877929688,
      0.878600001335144,
      0.8762999773025513,
      0.8792999982833862,
      0.8764999508857727,
      0.8763999938964844,
      0.8740999698638916,
      0.8795999884605408,
      0.8764999508857727
    ],
    [
      0.8743000030517578,
      0.8711999654769897,
      0.8738999962806702,
      0.8766999840736389,
      0.8615999817848206,
      0.8809999823570251,
      0.8729999661445618,
      0.8759999871253967,
      0.8716999888420105,
      0.873699963092804,
      0.8755999803543091,
      0.8776999711990356,
      0.8662999868392944,
      0.8697999715805054,
      0.8734999895095825,
      0.8761000037193298,
      0.8765999674797058,
      0.865399956703186,
      0.8700000047683716,
      0.8759999871253967
    ],
    [
      0.8721999526023865,
      0.8709999918937683,
      0.8682000041007996,
      0.8680999875068665,
      0.850600004196167,
      0.8727999925613403,
      0.8755999803543091,
      0.8738999962806702,
      0.8679999709129333,
      0.8716999888420105,
      0.8703999519348145,
      0.8671000003814697,
      0.8726999759674072,
      0.8730999827384949,
      0.8712999820709229,
      0.873199999332428,
      0.8650999665260315,
      0.8725999593734741,
      0.8756999969482422,
      0.873699963092804
    ],
    [
      0.875499963760376,
      0.8662999868392944,
      0.8598999977111816,
      0.8739999532699585,
      0.8686999678611755,
      0.8547999858856201,
      0.8734999895095825,
      0.8610000014305115,
      0.8776999711990356,
      0.8687999844551086,
      0.8698999881744385,
      0.8752999901771545,
      0.8677999973297119,
      0.8667999505996704,
      0.863599956035614,
      0.868399977684021,
      0.8650999665260315,
      0.8585999608039856,
      0.8353999853134155,
      0.8496999740600586
    ]
  ],
  "digital_baseline": 0.880299985408783,
  "ideal_analog_baseline": 0.8805999755859375,
  "mean": [
    0.880399975180626,
    0.8804349780082703,
    0.8802849769592285,
    0.8799099832773208,
    0.8793799728155136,
    0.8772199749946594,
    0.8730049818754196,
    0.870349982380867,
    0.8650399774312973
  ],
  "std": [
    0.000275686723361881,
    0.00041020914246188753,
    0.0004982701838337997,
    0.0009591170024901753,
    0.0009947907261370938,
    0.0018893459150249661,
    0.004511817042148351,
    0.00530211825621004,
    0.009763572738108841
  ],
  "normalized_mean": [
    1.0001135860201071,
    1.0001533484059126,
    0.9999829507556478,
    0.9995569667864064,
    0.9989548874150644,
    0.9965011808869981,
    0.991713048217335,
    0.9886970314746791,
    0.9826649912184204
  ],
  "normalized_std": [
    0.0003131736089190788,
    0.0004659879010124027,
    0.0005660231649355522,
    0.0010895342705757199,
    0.0011300587784005755,
    0.002146252352994888,
    0.005125317638228983,
    0.006023081158802822,
    0.011091188117622145
  ],
  "degradation_threshold_10pct": 0.15,
  "trial_seeds": {
    "digital_baseline": [
      101050345,
      101050346,
      101050347,
      101050348,
      101050349,
      101050350,
      101050351,
      101050352,
      101050353,
      101050354,
      101050355,
      101050356,
      101050357,
      101050358,
      101050359,
      101050360,
      101050361,
      101050362,
      101050363,
      101050364
    ],
    "ideal_analog_baseline": [
      202050648,
      202050649,
      202050650,
      202050651,
      202050652,
      202050653,
      202050654,
      202050655,
      202050656,
      202050657,
      202050658,
      202050659,
      202050660,
      202050661,
      202050662,
      202050663,
      202050664,
      202050665,
      202050666,
      202050667
    ],
    "per_trial": [
      [
        505131613,
        505131614,
        505131615,
        505131616,
        505131617,
        505131618,
        505131619,
        505131620,
        505131621,
        505131622,
        505131623,
        505131624,
        505131625,
        505131626,
        505131627,
        505131628,
        505131629,
        505131630,
        505131631,
        505131632
      ]
    ]
  },
  "metadata": {
    "arch": "deq",
    "analog_domain": "conservative",
    "analog_substrate": "classic",
    "seed": 50042,
    "pilot_profile_path": "/workspace/NEW_ACTUAL_RUNS/5-14/945/experiments/cross_arch_tolerance/results/profiles/deq_profile_classic_capacitive.json",
    "dynamics_diagnostics": {},
    "calibration": "tensor sample_input",
    "ablation_noise": "mismatch"
  },
  "normalized_mean_vs_ideal_analog": [
    0.9997728816592591,
    0.999812630499385,
    0.999642290897749,
    0.9992164520466202,
    0.9986145777830483,
    0.9961617071485506,
    0.9913752056312921,
    0.9883602163419886,
    0.982330230994741
  ],