{
  "sigma_values": [
    2.0,
    4.0,
    6.0,
    8.0,
    10.0,
    12.0,
    16.0
  ],
  "metric_name": "quality_vs_adc_bits_sigma0.120",
  "per_trial": [
    [
      -2.3025853633880615,
      -2.3025853633880615,
      -2.3025853633880615,
      -2.3025853633880615,
      -2.3025853633880615,
      -2.3025853633880615,
      -2.3025853633880615,
      -2.3025853633880615,
      -2.3025853633880615,
      -2.3025853633880615,
      -2.3025853633880615,
      -2.3025853633880615,
      -2.3025853633880615,
      -2.3025853633880615,
      -2.30257511138916,
      -2.3025853633880615,
      -2.302564859390259,
      -2.3025853633880615,
      -2.3025853633880615,
      -2.3025853633880615,
      -2.30257511138916,
      -2.3025853633880615,
      -2.30257511138916,
      -2.3025853633880615,
      -2.3025853633880615
    ],
    [
      -0.6642122864723206,
      -0.7169439196586609,
      -0.6562982201576233,
      -0.6921586990356445,
      -0.6863542199134827,
      -0.7885680794715881,
      -0.692378580570221,
      -0.6804128885269165,
      -0.7249180674552917,
      -0.6631213426589966,
      -0.6947020888328552,
      -0.712011992931366,
      -0.689964234828949,
      -0.6994768381118774,
      -0.7138720154762268,
      -0.7122675776481628,
      -0.7609226703643799,
      -0.6504430174827576,
      -0.7126858234405518,
      -0.7240830063819885,
      -0.733940064907074,
      -0.7280322313308716,
      -0.6810393333435059,
      -0.6816924214363098,
      -0.89266037940979
    ],
    [
      -0.5965990424156189,
      -0.5948960185050964,
      -0.6581674814224243,
      -0.6257500648498535,
      -0.6331672072410583,
      -0.7255311608314514,
      -0.635031521320343,
      -0.6072591543197632,
      -0.6737620830535889,
      -0.71687912940979,
      -0.7011019587516785,
      -0.6617132425308228,
      -0.6703588962554932,
      -0.6039848327636719,
      -0.5952321290969849,
      -0.6808908581733704,
      -0.5926817655563354,
      -0.7627453804016113,
      -0.5902508497238159,
      -0.5894203186035156,
      -0.5925859212875366,
      -0.614985466003418,
      -0.5812820792198181,
      -0.5974774360656738,
      -0.6475923657417297
    ],
    [
      -0.603429913520813,
      -0.625337541103363,
      -0.673660933971405,
      -0.569388210773468,
      -0.6969959735870361,
      -0.6128751635551453,
      -0.6593875288963318,
      -0.5948069095611572,
      -0.7273639440536499,
      -0.6105238199234009,
      -0.6311581134796143,
      -0.6488184332847595,
      -0.5863951444625854,
      -0.596581220626831,
      -0.6566202640533447,
      -0.604041337966919,
      -0.6391482353210449,
      -0.533028244972229,
      -0.6300135254859924,
      -0.6521164178848267,
      -0.6527238488197327,
      -0.6179834604263306,
      -0.6615437865257263,
      -0.63768070936203,
      -0.5925987958908081
    ],
    [
      -0.617480456829071,
      -0.5968367457389832,
      -0.6264325976371765,
      -0.6377889513969421,
      -0.6246516704559326,
      -0.6325282454490662,
      -0.5941386818885803,
      -0.6125933527946472,
      -0.6006349921226501,
      -0.7057685256004333,
      -0.7059441208839417,
      -0.6074146628379822,
      -0.5708099603652954,
      -0.671463668346405,
      -0.7174702882766724,
      -0.6205693483352661,
      -0.6869208216667175,
      -0.620871365070343,
      -0.6645346879959106,
      -0.6560101509094238,
      -0.6122708916664124,
      -0.6098937392234802,
      -0.6399422287940979,
      -0.6399034261703491,
      -0.6389366388320923
    ],
    [
      -0.5943008065223694,
      -0.5765694379806519,
      -0.6347839832305908,
      -0.5981430411338806,
      -0.6015672087669373,
      -0.6531734466552734,
      -0.679604172706604,
      -0.6773887872695923,
      -0.6699032187461853,
      -0.5885564684867859,
      -0.6046757698059082,
      -0.559863269329071,
      -0.6384835243225098,
      -0.6040027737617493,
      -0.5996843576431274,
      -0.5673972964286804,
      -0.5957361459732056,
      -0.6839464902877808,
      -0.6447477340698242,
      -0.644034743309021,
      -0.6495682001113892,
      -0.613858163356781,
      -0.6451173424720764,
      -0.6616536378860474,
      -0.6340579390525818
    ],
    [
      -0.6300544142723083,
      -0.6387956738471985,
      -0.5964087247848511,
      -0.6431101560592651,
      -0.5665565729141235,
      -0.6261603236198425,
      -0.5667006969451904,
      -0.6634169816970825,
      -0.6049814820289612,
      -0.6122643351554871,
      -0.6048651337623596,
      -0.6238415837287903,
      -0.6495972275733948,
      -0.6184750199317932,
      -0.599366307258606,
      -0.5854416489601135,
      -0.708797037601471,
      -0.6081531047821045,
      -0.5678960680961609,
      -0.6212575435638428,
      -0.6028136610984802,
      -0.5855432152748108,
      -0.6340774893760681,
      -0.6120651364326477,
      -0.6840071678161621
    ]
  ],
  "digital_baseline": -0.5672683119773865,
  "mean": [
    -2.3025833129882813,
    -0.7101263999938965,
    -0.6379738545417786,
    -0.6285688591003418,
    -0.6364724087715149,
    -0.624832718372345,
    -0.6181858682632446
  ],
  "std": [
    5.022433230384667e-06,
    0.048457766157784,
    0.04918688471645011,
    0.04042062131209925,
    0.03684452568956967,
    0.03543817078895088,
    0.03387780808194391
  ],
  "normalized_mean": [
    -2.0590726898915364,
    0.7481648718953917,
    0.8753578490610089,
    0.8919372969921877,
    0.8780046490647495,
    0.8985234937691121,
    0.9102407886871567
  ],
  "normalized_std": [
    8.853717234578901e-06,
    0.08542300906756047,
    0.08670832422314273,
    0.07125485499304705,
    0.06495079120696316,
    0.06247162064353699,
    0.059720959846765446
  ],
  "degradation_threshold_10pct": 16.0
}