{
  "sigma_values": [
    0.0,
    0.01,
    0.02,
    0.03,
    0.05,
    0.07,
    0.1,
    0.12,
    0.15
  ],
  "metric_name": "quality_mismatch_only",
  "per_trial": [
    [
      -0.49186304211616516,
      -0.49186304211616516,
      -0.49186304211616516,
      -0.49186304211616516,
      -0.49186304211616516,
      -0.49186304211616516,
      -0.49186304211616516,
      -0.49186304211616516,
      -0.49186304211616516,
      -0.49186304211616516
    ],
    [
      -0.49478501081466675,
      -0.4917356073856354,
      -0.4993484914302826,
      -0.4946350157260895,
      -0.4941120743751526,
      -0.4973766505718231,
      -0.49403277039527893,
      -0.5101799368858337,
      -0.4964510202407837,
      -0.5035380125045776
    ],
    [
      -0.4839852452278137,
      -0.4992743134498596,
      -0.4915653467178345,
      -0.5186159014701843,
      -0.49972954392433167,
      -0.5139240622520447,
      -0.48575347661972046,
      -0.48841753602027893,
      -0.4773958623409271,
      -0.49487563967704773
    ],
    [
      -0.5209619998931885,
      -0.48705512285232544,
      -0.4968079626560211,
      -0.5044273734092712,
      -0.49740082025527954,
      -0.5045587420463562,
      -0.48880869150161743,
      -0.46997910737991333,
      -0.48502621054649353,
      -0.49972328543663025
    ],
    [
      -0.49861738085746765,
      -0.48645874857902527,
      -0.4978300929069519,
      -0.5105875730514526,
      -0.4786466360092163,
      -0.5062753558158875,
      -0.49320366978645325,
      -0.5442789793014526,
      -0.4900062382221222,
      -0.47663602232933044
    ],
    [
      -0.5081671476364136,
      -0.504203736782074,
      -0.5607372522354126,
      -0.4881334602832794,
      -0.4779498875141144,
      -0.4841781258583069,
      -0.4790685176849365,
      -0.4813268184661865,
      -0.46461591124534607,
      -0.5096248984336853
    ],
    [
      -0.4718603491783142,
      -0.4956601560115814,
      -0.48180633783340454,
      -0.5948117971420288,
      -0.6291950941085815,
      -0.49097880721092224,
      -0.63823002576828,
      -0.4928126931190491,
      -0.5825941562652588,
      -0.5992125868797302
    ],
    [
      -0.5514889359474182,
      -0.475383460521698,
      -0.6534422636032104,
      -0.5791842937469482,
      -0.49809569120407104,
      -0.6150022745132446,
      -0.5367547869682312,
      -0.4953717887401581,
      -0.6431724429130554,
      -0.5233603715896606
    ],
    [
      -0.5192609429359436,
      -0.5306635499000549,
      -0.9543809294700623,
      -0.5580611228942871,
      -0.5671943426132202,
      -0.525130033493042,
      -0.5013197064399719,
      -0.5378384590148926,
      -0.5093756318092346,
      -0.5643752217292786
    ]
  ],
  "digital_baseline": -0.49186304211616516,
  "mean": [
    -0.49186304211616516,
    -0.4976194590330124,
    -0.4953536927700043,
    -0.49547493159770967,
    -0.498254069685936,
    -0.4958005756139755,
    -0.5477162003517151,
    -0.5571256309747696,
    -0.5767599940299988
  ],
  "std": [
    0.0,
    0.005233884108032104,
    0.012357540655603776,
    0.013077965310772474,
    0.018491929814904186,
    0.025701900425878135,
    0.06321351624786804,
    0.06006989898806518,
    0.12768537659067827
  ],
  "normalized_mean": [
    1.0,
    0.988296707774422,
    0.992903206065613,
    0.9926567170690342,
    0.9870064895661312,
    0.9919946546890986,
    0.8864457105879509,
    0.8673155263346841,
    0.8273971722929669
  ],
  "normalized_std": [
    0.0,
    0.010640937943851448,
    0.025123946296996328,
    0.026588631775435977,
    0.03759568870095525,
    0.05225418099172415,
    0.12851853226439133,
    0.12212728716031128,
    0.2595953866371654
  ],
  "degradation_threshold_10pct": 0.07
}