{
  "sigma_values": [
    0.0,
    0.05,
    0.07,
    0.1,
    0.11,
    0.12,
    0.13,
    0.15
  ],
  "metric_name": "quality_mismatch_only",
  "per_trial": [
    [
      -0.5672683119773865,
      -0.5672683119773865,
      -0.5672683119773865,
      -0.5672683119773865,
      -0.5672683119773865,
      -0.5672683119773865,
      -0.5672683119773865,
      -0.5672683119773865,
      -0.5672683119773865,
      -0.5672683119773865,
      -0.5672683119773865,
      -0.5672683119773865,
      -0.5672683119773865,
      -0.5672683119773865,
      -0.5672683119773865,
      -0.5672683119773865,
      -0.5672683119773865,
      -0.5672683119773865,
      -0.5672683119773865,
      -0.5672683119773865,
      -0.5672683119773865,
      -0.5672683119773865,
      -0.5672683119773865,
      -0.5672683119773865,
      -0.5672683119773865,
      -0.5672683119773865,
      -0.5672683119773865,
      -0.5672683119773865,
      -0.5672683119773865,
      -0.5672683119773865,
      -0.5672683119773865,
      -0.5672683119773865,
      -0.5672683119773865,
      -0.5672683119773865,
      -0.5672683119773865,
      -0.5672683119773865,
      -0.5672683119773865,
      -0.5672683119773865,
      -0.5672683119773865,
      -0.5672683119773865
    ],
    [
      -0.5769252181053162,
      -0.5766886472702026,
      -0.5832423567771912,
      -0.5697818398475647,
      -0.5980555415153503,
      -0.6040593981742859,
      -0.5803003907203674,
      -0.5720928907394409,
      -0.5653698444366455,
      -0.6100566387176514,
      -0.6176393628120422,
      -0.560731053352356,
      -0.5693644285202026,
      -0.6101802587509155,
      -0.5723612308502197,
      -0.5589690208435059,
      -0.5900524258613586,
      -0.5682330131530762,
      -0.5779007077217102,
      -0.5700733661651611,
      -0.5747906565666199,
      -0.5630003213882446,
      -0.5631882548332214,
      -0.5574401617050171,
      -0.5488176941871643,
      -0.5730647444725037,
      -0.5949326753616333,
      -0.5664174556732178,
      -0.599427342414856,
      -0.5740931630134583,
      -0.5750550031661987,
      -0.5527034401893616,
      -0.5760359168052673,
      -0.6019431352615356,
      -0.6058712005615234,
      -0.6043965816497803,
      -0.5874151587486267,
      -0.5971279740333557,
      -0.5643520355224609,
      -0.5979715585708618
    ],
    [
      -0.6078301668167114,
      -0.5813475847244263,
      -0.5711255073547363,
      -0.5948212146759033,
      -0.5681113004684448,
      -0.5830156207084656,
      -0.5447266697883606,
      -0.5744858980178833,
      -0.5922912359237671,
      -0.5950358510017395,
      -0.6031647324562073,
      -0.5898698568344116,
      -0.6050085425376892,
      -0.6180863380432129,
      -0.5850703120231628,
      -0.5995033383369446,
      -0.5997403264045715,
      -0.5712065696716309,
      -0.5882546901702881,
      -0.5770413875579834,
      -0.5827801823616028,
      -0.5821182131767273,
      -0.5689515471458435,
      -0.5850707292556763,
      -0.6257157921791077,
      -0.579308807849884,
      -0.5946792960166931,
      -0.5910035967826843,
      -0.6369990706443787,
      -0.5791783332824707,
      -0.6078788638114929,
      -0.5793819427490234,
      -0.6431624889373779,
      -0.6329500079154968,
      -0.575258195400238,
      -0.5774710774421692,
      -0.5984444618225098,
      -0.5848495364189148,
      -0.5806639790534973,
      -0.5798980593681335
    ],
    [
      -0.600149393081665,
      -0.5927112102508545,
      -0.6253558397293091,
      -0.5905606150627136,
      -0.5595888495445251,
      -0.6749522686004639,
      -0.5876379609107971,
      -0.6167806386947632,
      -0.622736394405365,
      -0.575167715549469,
      -0.5545248985290527,
      -0.6008194088935852,
      -0.5447681546211243,
      -0.7076223492622375,
      -0.6422169208526611,
      -0.6590498089790344,
      -0.6391156315803528,
      -0.5682449340820312,
      -0.6621056199073792,
      -0.5790295600891113,
      -0.5925710201263428,
      -0.5840625762939453,
      -0.6160484552383423,
      -0.5854220986366272,
      -0.6006430387496948,
      -0.6325392127037048,
      -0.5945079922676086,
      -0.6102856397628784,
      -0.6006287336349487,
      -0.5789706707000732,
      -0.590520977973938,
      -0.5724450349807739,
      -0.6146137118339539,
      -0.6166391372680664,
      -0.5666274428367615,
      -0.5817767381668091,
      -0.6446800231933594,
      -0.6000956892967224,
      -0.5877597332000732,
      -0.6058574914932251
    ],
    [
      -0.5936156511306763,
      -0.6072392463684082,
      -0.6176757216453552,
      -0.5759368538856506,
      -0.589561402797699,
      -0.6138647198677063,
      -0.6159133315086365,
      -0.5942898988723755,
      -0.6005889773368835,
      -0.5930853486061096,
      -0.6104867458343506,
      -0.6565807461738586,
      -0.659390926361084,
      -0.5802956819534302,
      -0.6265208721160889,
      -0.5927757620811462,
      -0.6001796126365662,
      -0.5625489354133606,
      -0.6048510670661926,
      -0.6181395649909973,
      -0.6112566590309143,
      -0.6479395031929016,
      -0.5543965101242065,
      -0.595778226852417,
      -0.5845399498939514,
      -0.6063488125801086,
      -0.5845857262611389,
      -0.5954993367195129,
      -0.6067960858345032,
      -0.579461932182312,
      -0.6088272333145142,
      -0.579033613204956,
      -0.6196892857551575,
      -0.6343658566474915,
      -0.6047130823135376,
      -0.654742956161499,
      -0.561812162399292,
      -0.6656274199485779,
      -0.6448172330856323,
      -0.586391270160675
    ],
    [
      -0.6986150741577148,
      -0.5972898602485657,
      -0.5954850316047668,
      -0.6025534272193909,
      -0.5959428548812866,
      -0.6883869171142578,
      -0.6887484192848206,
      -0.6878982186317444,
      -0.6788113117218018,
      -0.6089360117912292,
      -0.5731056928634644,
      -0.607094943523407,
      -0.6031574606895447,
      -0.5918020009994507,
      -0.5895276069641113,
      -0.6317647695541382,
      -0.6511341333389282,
      -0.6729690432548523,
      -0.6263885498046875,
      -0.6214898228645325,
      -0.6442888379096985,
      -0.6077150106430054,
      -0.5829579830169678,
      -0.625444769859314,
      -0.5657166838645935,
      -0.6573830246925354,
      -0.5998952388763428,
      -0.641634464263916,
      -0.5951005816459656,
      -0.6127289533615112,
      -0.6945874094963074,
      -0.6580033302307129,
      -0.6016273498535156,
      -0.6123288869857788,
      -0.6410350799560547,
      -0.614227831363678,
      -0.6719804406166077,
      -0.56920325756073,
      -0.6247226595878601,
      -0.6134308576583862
    ],
    [
      -0.6810804605484009,
      -0.6773325204849243,
      -0.7037944197654724,
      -0.6420934796333313,
      -0.6392217874526978,
      -0.627630352973938,
      -0.5879862308502197,
      -0.6239367127418518,
      -0.5542813539505005,
      -0.5598625540733337,
      -0.6782984733581543,
      -0.5920140743255615,
      -0.5472463965415955,
      -0.6283506155014038,
      -0.6423313617706299,
      -0.7177481651306152,
      -0.6456848382949829,
      -0.5776179432868958,
      -0.5726549625396729,
      -0.6139000058174133,
      -0.6347711086273193,
      -0.6375757455825806,
      -0.5924708247184753,
      -0.610124409198761,
      -0.6000230312347412,
      -0.6485357284545898,
      -0.649983823299408,
      -0.6421399116516113,
      -0.6715400218963623,
      -0.6694822907447815,
      -0.6566143035888672,
      -0.6745385527610779,
      -0.7109366059303284,
      -0.7044659852981567,
      -0.624793529510498,
      -0.585253894329071,
      -0.6241363286972046,
      -0.6586343050003052,
      -0.6037402153015137,
      -0.5772604942321777
    ],
    [
      -0.6838863492012024,
      -0.6425308585166931,
      -0.6677701473236084,
      -0.7148302793502808,
      -0.6329885721206665,
      -0.6306775212287903,
      -0.5724729299545288,
