{
  "sigma_values": [
    2.0,
    4.0,
    6.0,
    8.0,
    10.0,
    12.0,
    16.0
  ],
  "metric_name": "quality_vs_adc_bits_sigma0.050",
  "per_trial": [
    [
      0.8235999941825867,
      0.8245999813079834,
      0.8280999660491943,
      0.8312999606132507,
      0.8255999684333801,
      0.8334999680519104,
      0.8198999762535095,
      0.8379999995231628,
      0.819599986076355,
      0.8308999538421631,
      0.8276000022888184,
      0.8364999890327454,
      0.8228999972343445,
      0.8391000032424927,
      0.8362999558448792,
      0.8199999928474426,
      0.8342999815940857,
      0.8308999538421631,
      0.8339999914169312,
      0.8158999681472778,
      0.8341000080108643,
      0.8093000054359436,
      0.824400007724762,
      0.8313999772071838,
      0.824999988079071,
      0.8294000029563904,
      0.8337000012397766,
      0.8273999691009521,
      0.8258000016212463,
      0.8256999850273132,
      0.825499951839447,
      0.8366000056266785,
      0.8130999803543091,
      0.8210999965667725,
      0.816100001335144,
      0.8273999691009521,
      0.840499997138977,
      0.8367999792098999,
      0.8294000029563904,
      0.8280999660491943,
      0.7996999621391296,
      0.8288999795913696,
      0.830299973487854,
      0.8274999856948853,
      0.828499972820282,
      0.8202999830245972,
      0.8244999647140503,
      0.8278999924659729,
      0.8282999992370605,
      0.8258999586105347
    ],
    [
      0.8729999661445618,
      0.8751999735832214,
      0.8715999722480774,
      0.8726999759674072,
      0.8733999729156494,
      0.8743000030517578,
      0.8710999488830566,
      0.8720999956130981,
      0.8718999624252319,
      0.8710999488830566,
      0.8759999871253967,
      0.8700999617576599,
      0.8686999678611755,
      0.8712999820709229,
      0.873199999332428,
      0.8718999624252319,
      0.8722999691963196,
      0.8772000074386597,
      0.875,
      0.8746999502182007,
      0.8684999942779541,
      0.8746999502182007,
      0.8690999746322632,
      0.8680999875068665,
      0.8727999925613403,
      0.8738999962806702,
      0.8768999576568604,
      0.8738999962806702,
      0.8676999807357788,
      0.8668999671936035,
      0.866599977016449,
      0.8704999685287476,
      0.8618999719619751,
      0.8723999857902527,
      0.8689000010490417,
      0.8761999607086182,
      0.8743999600410461,
      0.8725000023841858,
      0.8754000067710876,
      0.871399998664856,
      0.878600001335144,
      0.8739999532699585,
      0.8750999569892883,
      0.8723999857902527,
      0.8682999610900879,
      0.8707999587059021,
      0.8772000074386597,
      0.8738999962806702,
      0.8679999709129333,
      0.8752999901771545
    ],
    [
      0.8708999752998352,
      0.8763999938964844,
      0.8743999600410461,
      0.8687999844551086,
      0.8780999779701233,
      0.8733999729156494,
      0.8544999957084656,
      0.8695999979972839,
      0.8741999864578247,
      0.8746999502182007,
      0.8748999834060669,
      0.8769999742507935,
      0.8799999952316284,
      0.8714999556541443,
      0.8739999532699585,
      0.873699963092804,
      0.8675000071525574,
      0.8750999569892883,
      0.8773999810218811,
      0.8743999600410461,
      0.8766999840736389,
      0.8784999847412109,
      0.8715999722480774,
      0.8779999613761902,
      0.8744999766349792,
      0.8695999979972839,
      0.8641999959945679,
      0.8720999956130981,
      0.8700999617576599,
      0.8797999620437622,
      0.8711999654769897,
      0.8777999877929688,
      0.8700999617576599,
      0.8698999881744385,
      0.8763999938964844,
      0.8693000078201294,
      0.868399977684021,
      0.8642999529838562,
      0.8794999718666077,
      0.8789999485015869,
      0.8759999871253967,
      0.8726999759674072,
      0.8745999932289124,
      0.8686999678611755,
      0.8745999932289124,
      0.8712999820709229,
      0.8774999976158142,
      0.8730999827384949,
      0.8748999834060669,
      0.8782999515533447
    ],
    [
      0.8738999962806702,
      0.8720999956130981,
      0.8703999519348145,
      0.8788999915122986,
      0.8768999576568604,
      0.8729999661445618,
      0.8737999796867371,
      0.8736000061035156,
      0.8723999857902527,
      0.8636999726295471,
      0.8736000061035156,
      0.8676999807357788,
      0.876800000667572,
      0.8774999976158142,
      0.873699963092804,
      0.8768999576568604,
      0.8741999864578247,
      0.8722999691963196,
      0.8695999979972839,
      0.8797000050544739,
      0.864799976348877,
      0.8694999814033508,
      0.8748999834060669,
      0.8700000047683716,
      0.8678999543190002,
      0.877299964427948,
      0.8708999752998352,
      0.8698999881744385,
      0.8736000061035156,
      0.8740999698638916,
      0.8741999864578247,
      0.8700999617576599,
      0.8743999600410461,
      0.8761000037193298,
      0.8651999831199646,
      0.8707000017166138,
      0.875,
      0.8761000037193298,
      0.8732999563217163,
      0.8708999752998352,
      0.8729999661445618,
      0.8722999691963196,
      0.8776999711990356,
      0.8757999539375305,
      0.8728999495506287,
      0.871399998664856,
      0.8736000061035156,
      0.8763999938964844,
      0.8740999698638916,
      0.8729999661445618
    ],
    [
      0.8744999766349792,
      0.8659999966621399,
      0.8720999956130981,
      0.8722999691963196,
      0.8779999613761902,
      0.8716999888420105,
      0.8747999668121338,
      0.8696999549865723,
      0.8721999526023865,
      0.8689000010490417,
      0.8718999624252319,
      0.8709999918937683,
      0.8750999569892883,
      0.8696999549865723,
      0.8725999593734741,
      0.8750999569892883,
      0.8769999742507935,
      0.878600001335144,
      0.8704999685287476,
      0.8752999901771545,
      0.8689000010490417,
      0.8779000043869019,
      0.8736000061035156,
      0.8780999779701233,
      0.8723999857902527,
      0.8761999607086182,
      0.8751999735832214,
      0.8784999847412109,
      0.8775999546051025,
      0.8781999945640564,
      0.8779999613761902,
      0.87909996509552,
      0.8725999593734741,
      0.8741999864578247,
      0.8726999759674072,
      0.8743999600410461,
      0.8710999488830566,
      0.8739999532699585,
      0.8732999563217163,
      0.8673999905586243,
      0.8720999956130981,
      0.873699963092804,
      0.871399998664856,
      0.8752999901771545,
      0.8743000030517578,
      0.8733999729156494,
      0.8725000023841858,
      0.8727999925613403,
      0.8775999546051025,
      0.8754000067710876
    ],
    [
      0.8619999885559082,
      0.8710999488830566,
      0.8664000034332275,
      0.875,
      0.8621999621391296,
      0.8768999576568604,
      0.8729999661445618,
      0.8734999895095825,
      0.8737999796867371,
      0.8697999715805054,
      0.8763999938964844,
      0.8764999508857727,
      0.8754000067710876,
      0.863099992275238,
      0.8797000050544739,
      0.8725999593734741,
      0.8729999661445618,
      0.8716999888420105,
      0.8741999864578247,
      0.877299964427948,
      0.8752999901771545,
      0.8759999871253967,
      0.876800000667572,
      0.8741999864578247,
      0.8658999800682068,
      0.8650999665260315,
      0.8700999617576599,
      0.8725999593734741,
      0.8736000061035156,
      0.8744999766349792,
      0.8714999556541443,
      0.8737999796867371,
      0.8654999732971191,
      0.8732999563217163,
      0.8744999766349792,
      0.8741999864578247,
      0.8788999915122986,
      0.8769999742507935,
      0.8650999665260315,
      0.8789999485015869,
      0.8730999827384949,
      0.8752999901771545,
      0.8689999580383301,
      0.8741999864578247,
      0.8677999973297119,
      0.8664000034332275,
      0.8733999729156494,
      0.871399998664856,
      0.8768999576568604,
      0.8744999766349792
    ],
    [
      0.8779999613761902,
