{
  "sigma_values": [
    0.0,
    0.01,
    0.02,
    0.03,
    0.05,
    0.07,
    0.1,
    0.12,
    0.15
  ],
  "metric_name": "quality",
  "per_trial": [
    [
      -0.5399636030197144,
      -0.5399678945541382,
      -0.5400164723396301,
      -0.5400019884109497,
      -0.5399682521820068,
      -0.5400410890579224,
      -0.5400601029396057,
      -0.540047287940979,
      -0.5400350689888,
      -0.5400604605674744,
      -0.5399662256240845,
      -0.5399385094642639,
      -0.5399973392486572,
      -0.5400127172470093,
      -0.5399945378303528,
      -0.540002703666687,
      -0.5400588512420654,
      -0.5400131940841675,
      -0.5399876236915588,
      -0.5400306582450867,
      -0.5400381684303284,
      -0.5399930477142334,
      -0.5399826765060425,
      -0.5400264263153076,
      -0.5400029420852661,
      -0.5399764180183411,
      -0.5400474071502686,
      -0.5401439666748047,
      -0.5400605201721191,
      -0.5400047898292542,
      -0.5400721430778503,
      -0.5400494337081909,
      -0.5399002432823181,
      -0.5400897264480591,
      -0.5399714112281799,
      -0.5399532914161682,
      -0.5400894284248352,
      -0.5399878621101379,
      -0.5399597883224487,
      -0.5399451851844788,
      -0.5399835109710693,
      -0.5400761365890503,
      -0.5400848388671875,
      -0.5400862097740173,
      -0.5400176644325256,
      -0.5400513410568237,
      -0.5400176644325256,
      -0.5399160385131836,
      -0.5400277376174927,
      -0.5399748682975769
    ],
    [
      -0.5397263765335083,
      -0.5391110777854919,
      -0.5391156673431396,
      -0.5441194772720337,
      -0.5422684550285339,
      -0.5422660708427429,
      -0.5415433645248413,
      -0.5389732122421265,
      -0.5389503836631775,
      -0.5363703370094299,
      -0.5411433577537537,
      -0.5430164933204651,
      -0.541837751865387,
      -0.5428210496902466,
      -0.5417084693908691,
      -0.5397135615348816,
      -0.5403873324394226,
      -0.5421248078346252,
      -0.5442472100257874,
      -0.5418335199356079,
      -0.543775200843811,
      -0.5480780005455017,
      -0.5450278520584106,
      -0.5388657450675964,
      -0.5428686738014221,
      -0.541903555393219,
      -0.537726104259491,
      -0.5390791296958923,
      -0.5429033041000366,
      -0.5349342823028564,
      -0.5451397895812988,
      -0.5406916737556458,
      -0.5401507019996643,
      -0.5421381592750549,
      -0.5407804846763611,
      -0.5443078875541687,
      -0.5365830063819885,
      -0.538534939289093,
      -0.5382386445999146,
      -0.5373140573501587,
      -0.5378867983818054,
      -0.5410481691360474,
      -0.5469833612442017,
      -0.5410243272781372,
      -0.5403271317481995,
      -0.537738025188446,
      -0.5401962995529175,
      -0.5404014587402344,
      -0.5382617115974426,
      -0.5407205820083618
    ],
    [
      -0.5432101488113403,
      -0.5366165041923523,
      -0.539804220199585,
      -0.5393798351287842,
      -0.5427703857421875,
      -0.5382266640663147,
      -0.5418140292167664,
      -0.5512383580207825,
      -0.5458958148956299,
      -0.5426405668258667,
      -0.5458423495292664,
      -0.5370676517486572,
      -0.5444925427436829,
      -0.5439103245735168,
      -0.5477595329284668,
      -0.5378074645996094,
      -0.5419408082962036,
      -0.5451129674911499,
      -0.5468465685844421,
      -0.5496451258659363,
      -0.5421627163887024,
      -0.545121431350708,
      -0.5339220762252808,
      -0.5322897434234619,
      -0.5381191968917847,
      -0.5498705506324768,
      -0.5486994981765747,
      -0.5394096374511719,
      -0.5426971912384033,
      -0.550000011920929,
      -0.5347326993942261,
      -0.5399298071861267,
      -0.5371666550636292,
      -0.5541283488273621,
      -0.5444966554641724,
      -0.544923722743988,
      -0.5460777282714844,
      -0.5385711789131165,
      -0.5394938588142395,
      -0.5396093726158142,
      -0.5400148630142212,
      -0.5428778529167175,
      -0.5360140800476074,
      -0.5388093590736389,
      -0.5426352620124817,
      -0.5431718826293945,
      -0.5409974455833435,
      -0.5356416702270508,
      -0.5461933612823486,
      -0.543767511844635
    ],
    [
      -0.5399429798126221,
      -0.5521435737609863,
      -0.5357567071914673,
      -0.5437893271446228,
      -0.5342414975166321,
      -0.5531278848648071,
      -0.5418111085891724,
      -0.5486977696418762,
      -0.5526992678642273,
      -0.5397972464561462,
      -0.5446770787239075,
      -0.5517936944961548,
      -0.5425831079483032,
      -0.5420177578926086,
      -0.549007773399353,
      -0.5468348860740662,
      -0.5378317832946777,
      -0.5450156927108765,
      -0.5497885942459106,
      -0.5357810854911804,
      -0.5456706285476685,
      -0.5474677681922913,
      -0.5440380573272705,
      -0.5436270236968994,
      -0.5399667620658875,
      -0.5373436212539673,
      -0.5286604166030884,
      -0.5393791794776917,
      -0.5470274090766907,
      -0.545798122882843,
      -0.5372421145439148,
      -0.54731285572052,
      -0.540423572063446,
      -0.5313416719436646,
      -0.5567644834518433,
      -0.5432442426681519,
      -0.5373398661613464,
      -0.5412319302558899,
      -0.5326353311538696,
      -0.5396252870559692,
      -0.5297728776931763,
      -0.548836350440979,
      -0.5430799722671509,
      -0.538241982460022,
      -0.5458822846412659,
      -0.5412201285362244,
      -0.5418437719345093,
      -0.534597635269165,
      -0.5423993468284607,
      -0.5473070740699768
    ],
    [
      -0.540091335773468,
      -0.5555267333984375,
      -0.5580155253410339,
      -0.5710636377334595,
      -0.5685458183288574,
      -0.5541571974754333,
      -0.5524653196334839,
      -0.5380634069442749,
      -0.557740330696106,
      -0.5555379986763,
      -0.522319495677948,
      -0.5367622375488281,
      -0.5547701120376587,
      -0.5504670143127441,
      -0.5286991000175476,
      -0.552084743976593,
      -0.5442416667938232,
      -0.5375643372535706,
      -0.5621272325515747,
      -0.5468175411224365,
      -0.5532519221305847,
      -0.5464441776275635,
      -0.5697757601737976,
      -0.566123366355896,
      -0.5318143963813782,
      -0.5554962158203125,
      -0.548358142375946,
      -0.5563748478889465,
      -0.563271701335907,
      -0.5411048531532288,
      -0.5437321662902832,
      -0.529577374458313,
      -0.5301212668418884,
      -0.5484147667884827,
      -0.5522091388702393,
      -0.548556923866272,
      -0.5497152805328369,
      -0.5345059633255005,
      -0.5502889156341553,
      -0.5478601455688477,
      -0.5484587550163269,
      -0.5445541143417358,
      -0.5495924949645996,
      -0.5403046011924744,
      -0.5611498355865479,
      -0.556720495223999,
      -0.5316373705863953,
      -0.548107922077179,
      -0.5495970249176025,
      -0.5409794449806213
    ],
    [
      -0.5366708636283875,
      -0.549610435962677,
      -0.5340687036514282,
      -0.5969112515449524,
      -0.5273136496543884,
      -0.5448350310325623,
      -0.550025463104248,
      -0.5360868573188782,
      -0.5769292116165161,
      -0.5888214111328125,
      -0.5772790312767029,
      -0.529607355594635,
      -0.5458609461784363,
      -0.5279796719551086,
      -0.5375362038612366,
      -0.5408502817153931,
      -0.5355098843574524,
      -0.5573276877403259,
      -0.558510959148407,
      -0.5520269870758057,
      -0.5684545040130615,
      -0.5820192098617554,
      -0.5617123246192932,
      -0.5658887624740601,
      -0.6111752986907959,
      -0.5796201825141907,
      -0.5471063852310181,
      -0.548474907875061,
      -0.5549874305725098,
      -0.5478867888450623,
      -0.5837587714195251,
      -0.5876425504684448,
      -0.5536309480667114,
      -0.5423139929771423,
      -0.5311983227729797,
      -0.557854950428009,
      -0.5637833476066589,
      -0.5749797821044922,
      -0.5772736072540283,
