{
  "sigma_values": [
    0.0,
    0.01,
    0.02,
    0.03,
    0.05,
    0.07,
    0.1,
    0.12,
    0.15
  ],
  "metric_name": "quality_mismatch_only",
  "per_trial": [
    [
      -0.5846238732337952,
      -0.5846235156059265,
      -0.584622859954834,
      -0.5846213698387146,
      -0.5846238136291504,
      -0.5846226811408997,
      -0.5846225619316101,
      -0.5846233367919922,
      -0.5846228003501892,
      -0.5846219658851624
    ],
    [
      -0.5913376808166504,
      -0.5863470435142517,
      -0.5805705785751343,
      -0.5858579874038696,
      -0.585852861404419,
      -0.5855144262313843,
      -0.5858114361763,
      -0.5847430229187012,
      -0.5864385962486267,
      -0.5886490345001221
    ],
    [
      -0.5859300494194031,
      -0.585716187953949,
      -0.5817111134529114,
      -0.582801878452301,
      -0.5873516201972961,
      -0.578749418258667,
      -0.5858343839645386,
      -0.5903140306472778,
      -0.5890573263168335,
      -0.5940601825714111
    ],
    [
      -0.5863075256347656,
      -0.5910598635673523,
      -0.5855160355567932,
      -0.5831702351570129,
      -0.5912307500839233,
      -0.5778148174285889,
      -0.592522144317627,
      -0.5851048231124878,
      -0.5673492550849915,
      -0.5856475830078125
    ],
    [
      -0.5961109399795532,
      -0.5908439755439758,
      -0.6239986419677734,
      -0.6035559773445129,
      -0.5764269232749939,
      -0.5876821279525757,
      -0.570680558681488,
      -0.5919646620750427,
      -0.6033968925476074,
      -0.5865906476974487
    ],
    [
      -0.584922730922699,
      -0.5779880285263062,
      -0.5962367057800293,
      -0.5919039845466614,
      -0.6261833906173706,
      -0.550075888633728,
      -0.6282870173454285,
      -0.6011102199554443,
      -0.581008791923523,
      -0.6132357120513916
    ],
    [
      -0.6008713841438293,
      -0.5785924196243286,
      -0.6241939663887024,
      -0.6333336234092712,
      -0.5652872323989868,
      -0.6191407442092896,
      -0.5876457095146179,
      -0.6631967425346375,
      -0.6218326091766357,
      -0.6323368549346924
    ],
    [
      -0.6449864506721497,
      -0.604810357093811,
      -0.5845996737480164,
      -0.6139131784439087,
      -0.603380024433136,
      -0.6211745142936707,
      -0.6185007691383362,
      -0.5897955298423767,
      -0.6773796677589417,
      -0.6290568113327026
    ],
    [
      -0.7222290635108948,
      -0.671626091003418,
      -0.7110759615898132,
      -0.6306396722793579,
      -0.7147777080535889,
      -0.631140410900116,
      -0.6669104099273682,
      -0.7517716884613037,
      -0.6280112266540527,
      -0.7176825404167175
    ]
  ],
  "digital_baseline": -0.5846232652664185,
  "mean": [
    -0.5846228778362275,
    -0.5861122667789459,
    -0.5861526191234588,
    -0.5845723032951355,
    -0.5931251347064972,
    -0.5950952470302582,
    -0.6126431286334991,
    -0.6187596976757049,
    -0.684586477279663
  ],
  "std": [
    7.572605330368069e-07,
    0.0025897249234748073,
    0.004193148396787759,
    0.007065603690578232,
    0.014275382502152137,
    0.022508259817116193,
    0.027923415523471662,
    0.025877615523163224,
    0.04252914673908033
  ],
  "normalized_mean": [
    1.0000006627006042,
    0.9974530580615042,
    0.9973840352447428,
    1.0000871706179189,
    0.9854575246227939,
    0.9820876410741753,
    0.9520719324190567,
    0.9416095211439625,
    0.8290126001610792
  ],
  "normalized_std": [
    1.2952966089909471e-06,
    0.0044297329191896676,
    0.007172393994407493,
    0.01208573813318628,
    0.024418088280572802,
    0.03850045175136669,
    0.04776309323021329,
    0.044263745664262166,
    0.07274624406146304
  ],
  "degradation_threshold_10pct": 0.12
}