{
  "sigma_values": [
    2.0,
    4.0,
    6.0,
    8.0,
    10.0,
    12.0,
    16.0
  ],
  "metric_name": "quality_vs_adc_bits_sigma0.050",
  "per_trial": [
    [
      -2.344933271408081,
      -2.343459367752075,
      -2.360234260559082,
      -2.363480567932129,
      -2.35909366607666,
      -2.3632137775421143,
      -2.3496336936950684,
      -2.343125581741333,
      -2.3567862510681152,
      -2.3579821586608887,
      -2.34395170211792,
      -2.351644277572632,
      -2.367910385131836,
      -2.3387792110443115,
      -2.358194351196289,
      -2.3547308444976807,
      -2.3686776161193848,
      -2.3411664962768555,
      -2.346168041229248,
      -2.3625328540802,
      -2.355325222015381,
      -2.367079973220825,
      -2.325982093811035,
      -2.356290578842163,
      -2.3644766807556152
    ],
    [
      -2.3345911502838135,
      -2.3372457027435303,
      -2.3338229656219482,
      -2.345122814178467,
      -2.3326361179351807,
      -2.338634967803955,
      -2.3444509506225586,
      -2.3383843898773193,
      -2.339447498321533,
      -2.3342065811157227,
      -2.3413760662078857,
      -2.341357469558716,
      -2.3296892642974854,
      -2.332620620727539,
      -2.3383700847625732,
      -2.331202745437622,
      -2.334182024002075,
      -2.3363804817199707,
      -2.3509552478790283,
      -2.3366246223449707,
      -2.340428113937378,
      -2.337531805038452,
      -2.3377716541290283,
      -2.334212303161621,
      -2.332059383392334
    ],
    [
      -2.3382568359375,
      -2.334674835205078,
      -2.338447332382202,
      -2.3415350914001465,
      -2.3339335918426514,
      -2.329108715057373,
      -2.3367936611175537,
      -2.3445863723754883,
      -2.3467764854431152,
      -2.3448894023895264,
      -2.329465389251709,
      -2.3369455337524414,
      -2.341026544570923,
      -2.34450101852417,
      -2.337827444076538,
      -2.3437604904174805,
      -2.336042642593384,
      -2.342299699783325,
      -2.3294708728790283,
      -2.3361258506774902,
      -2.3324217796325684,
      -2.3294742107391357,
      -2.3373935222625732,
      -2.342298984527588,
      -2.340289354324341
    ],
    [
      -2.3385696411132812,
      -2.340301036834717,
      -2.339092254638672,
      -2.3378729820251465,
      -2.334033250808716,
      -2.3329007625579834,
      -2.3443219661712646,
      -2.3313605785369873,
      -2.3382253646850586,
      -2.3292582035064697,
      -2.333132028579712,
      -2.3378746509552,
      -2.339059829711914,
      -2.3373358249664307,
      -2.3338871002197266,
      -2.3325247764587402,
      -2.3388638496398926,
      -2.3387396335601807,
      -2.340547800064087,
      -2.3369381427764893,
      -2.332034111022949,
      -2.3439626693725586,
      -2.331887722015381,
      -2.332894802093506,
      -2.340055227279663
    ],
    [
      -2.3397839069366455,
      -2.3291685581207275,
      -2.3355038166046143,
      -2.3271682262420654,
      -2.3371036052703857,
      -2.3391647338867188,
      -2.336982488632202,
      -2.342008113861084,
      -2.3356897830963135,
      -2.33099627494812,
      -2.330678701400757,
      -2.3371899127960205,
      -2.3475265502929688,
      -2.334888219833374,
      -2.342278003692627,
      -2.3352818489074707,
      -2.337285041809082,
      -2.3360867500305176,
      -2.330371141433716,
      -2.3296101093292236,
      -2.3339314460754395,
      -2.33525013923645,
      -2.348985195159912,
      -2.34285569190979,
      -2.3380091190338135
    ],
    [
      -2.331298589706421,
      -2.341655731201172,
      -2.330673933029175,
      -2.335744619369507,
      -2.3374569416046143,
      -2.3370704650878906,
      -2.339768171310425,
      -2.3417022228240967,
      -2.3412485122680664,
      -2.3353941440582275,
      -2.335306406021118,
      -2.3350014686584473,
      -2.3337435722351074,
      -2.3429300785064697,
      -2.325817823410034,
      -2.3401927947998047,
      -2.3249340057373047,
      -2.3303303718566895,
      -2.3370118141174316,
      -2.335207223892212,
      -2.339982748031616,
      -2.3431053161621094,
      -2.3373372554779053,
      -2.335315465927124,
      -2.343181848526001
    ],
    [
      -2.344587564468384,
      -2.3344180583953857,
      -2.327009916305542,
      -2.3457283973693848,
      -2.334690570831299,
      -2.3307831287384033,
      -2.337082862854004,
      -2.339961290359497,
      -2.333317756652832,
      -2.333669900894165,
      -2.34173321723938,
      -2.337641716003418,
      -2.334282398223877,
      -2.3385589122772217,
      -2.3384029865264893,
      -2.340468645095825,
      -2.339322566986084,
      -2.338437080383301,
      -2.338928461074829,
      -2.3400633335113525,
      -2.3372392654418945,
      -2.3331727981567383,
      -2.334196090698242,
      -2.333566904067993,
      -2.330686569213867
    ]
  ],
  "digital_baseline": -2.3367979526519775,
  "mean": [
    -2.353794116973877,
    -2.3373322010040285,
    -2.337933826446533,
    -2.336626968383789,
    -2.3365518951416018,
    -2.3364564609527587,
    -2.3367180156707765
  ],
  "std": [
    0.010449352392394235,
    0.004759812183489421,
    0.0051910985781325235,
    0.003908093538084517,
    0.005319675738881782,
    0.004929500688565958,
    0.004275741638196322
  ],
  "normalized_mean": [
    0.9927267291968436,
    0.999771375890053,
    0.9995139186966223,
    1.0000731703260843,
    1.0001052968700594,
    1.000146136596376,
    1.000034207913059
  ],
  "normalized_std": [
    0.00447165420550609,
    0.002036895050377642,
    0.0022214580307387153,
    0.0016724139687170267,
    0.00227648082832519,
    0.0021095108727614137,
    0.0018297438310162341
  ],
  "degradation_threshold_10pct": 16.0
}