{
  "sigma_values": [
    0.0,
    0.01,
    0.02,
    0.03,
    0.05,
    0.07,
    0.1,
    0.12,
    0.15
  ],
  "metric_name": "quality",
  "per_trial": [
    [
      -0.4923554062843323,
      -0.49231064319610596,
      -0.4922145903110504,
      -0.4922398030757904,
      -0.4923262596130371,
      -0.4923625588417053,
      -0.49223819375038147,
      -0.4922977685928345,
      -0.49225103855133057,
      -0.4921533167362213,
      -0.49223750829696655,
      -0.4922124147415161,
      -0.49225953221321106,
      -0.4922638535499573,
      -0.4922538101673126,
      -0.49214813113212585,
      -0.49219653010368347,
      -0.49223092198371887,
      -0.49226221442222595,
      -0.4922372102737427,
      -0.49220380187034607,
      -0.49227675795555115,
      -0.4923020601272583,
      -0.49225112795829773,
      -0.49219200015068054,
      -0.4923010766506195,
      -0.4923231303691864,
      -0.4923316538333893,
      -0.492216557264328,
      -0.4922196865081787,
      -0.49221402406692505,
      -0.49221619963645935,
      -0.49220147728919983,
      -0.4921872913837433,
      -0.49216875433921814,
      -0.492275208234787,
      -0.4922252893447876,
      -0.49220922589302063,
      -0.49213358759880066,
      -0.4921327233314514,
      -0.4922616183757782,
      -0.4922840893268585,
      -0.49225711822509766,
      -0.49221715331077576,
      -0.49231019616127014,
      -0.49217677116394043,
      -0.49231693148612976,
      -0.49223974347114563,
      -0.49230045080184937,
      -0.49227821826934814
    ],
    [
      -0.4983556568622589,
      -0.5012232065200806,
      -0.49197036027908325,
      -0.49037930369377136,
      -0.49344703555107117,
      -0.49671509861946106,
      -0.4913780391216278,
      -0.49783241748809814,
      -0.4824914038181305,
      -0.49663257598876953,
      -0.48451781272888184,
      -0.49503394961357117,
      -0.5007190704345703,
      -0.49400877952575684,
      -0.4921482801437378,
      -0.4965303838253021,
      -0.4822361469268799,
      -0.4857277274131775,
      -0.4959550201892853,
      -0.49933111667633057,
      -0.4904642105102539,
      -0.4805430769920349,
      -0.4934980869293213,
      -0.49096739292144775,
      -0.4985320270061493,
      -0.4974149763584137,
      -0.4856649339199066,
      -0.4900529384613037,
      -0.49232354760169983,
      -0.49156278371810913,
      -0.4914762079715729,
      -0.4940241277217865,
      -0.48904311656951904,
      -0.4904753863811493,
      -0.49081090092658997,
      -0.496234655380249,
      -0.4966011643409729,
      -0.4932923913002014,
      -0.48660042881965637,
      -0.4986666142940521,
      -0.4910849630832672,
      -0.49454042315483093,
      -0.4886299669742584,
      -0.4878959059715271,
      -0.49329522252082825,
      -0.4969710409641266,
      -0.49368080496788025,
      -0.4919698238372803,
      -0.49508580565452576,
      -0.4931744635105133
    ],
    [
      -0.49395719170570374,
      -0.48964741826057434,
      -0.5039446353912354,
      -0.477085143327713,
      -0.47599565982818604,
      -0.5080588459968567,
      -0.49246546626091003,
      -0.4858458936214447,
      -0.4963011145591736,
      -0.49167558550834656,
      -0.48490723967552185,
      -0.4857501983642578,
      -0.4926455020904541,
      -0.5057911276817322,
      -0.48968130350112915,
      -0.49330493807792664,
      -0.49033695459365845,
      -0.48173823952674866,
      -0.49896636605262756,
      -0.48477333784103394,
      -0.4971969723701477,
      -0.4992750883102417,
      -0.503409743309021,
      -0.49823418259620667,
      -0.5017307996749878,
      -0.49972084164619446,
      -0.5017272233963013,
      -0.5091203451156616,
      -0.5027329325675964,
      -0.485946387052536,
      -0.4790527820587158,
      -0.4831978380680084,
      -0.495362788438797,
      -0.5065603256225586,
      -0.4899385869503021,
      -0.5090879797935486,
      -0.48626914620399475,
      -0.4884871542453766,
      -0.5149449110031128,
      -0.49069076776504517,
      -0.47817695140838623,
      -0.4932895004749298,
      -0.49190419912338257,
      -0.4989963471889496,
      -0.5012267231941223,
      -0.49506571888923645,
      -0.4726545810699463,
      -0.49686336517333984,
      -0.482937216758728,
      -0.4957040548324585
    ],
    [
      -0.5223079919815063,
      -0.5059229135513306,
      -0.5298783183097839,
      -0.4945531189441681,
      -0.5023820996284485,
      -0.5355304479598999,
      -0.4927693009376526,
      -0.48476719856262207,
      -0.47402656078338623,
      -0.4882470667362213,
      -0.5185199975967407,
      -0.4864406883716583,
      -0.478042870759964,
      -0.49625399708747864,
      -0.4888022541999817,
      -0.48477479815483093,
      -0.5078756213188171,
      -0.4957766532897949,
      -0.5011049509048462,
      -0.49159640073776245,
      -0.525546133518219,
      -0.48068827390670776,
      -0.4939247965812683,
      -0.47185707092285156,
      -0.5170454382896423,
      -0.5188172459602356,
      -0.504573404788971,
      -0.5211764574050903,
      -0.5084435343742371,
      -0.494090735912323,
      -0.46741431951522827,
      -0.4969247579574585,
      -0.5072370171546936,
      -0.5208235383033752,
      -0.49981987476348877,
      -0.511728048324585,
      -0.5049159526824951,
      -0.48767343163490295,
      -0.48875102400779724,
      -0.48965394496917725,
      -0.504613995552063,
      -0.4980012774467468,
      -0.48709288239479065,
      -0.49526894092559814,
      -0.4822726547718048,
      -0.48754286766052246,
      -0.4921211004257202,
      -0.48295438289642334,
      -0.5193455219268799,
      -0.4768674671649933
    ],
    [
      -0.47880908846855164,
      -0.5058643817901611,
      -0.48282480239868164,
      -0.5008829236030579,
      -0.5008084177970886,
      -0.517142117023468,
      -0.5342206954956055,
      -0.529868483543396,
      -0.523932695388794,
      -0.4879998564720154,
      -0.5468042492866516,
      -0.48273447155952454,
      -0.5045529007911682,
      -0.5268248915672302,
      -0.49929535388946533,
      -0.4952603876590729,
      -0.5060084462165833,
      -0.4817671775817871,
      -0.45744580030441284,
      -0.4829808175563812,
      -0.4784044921398163,
      -0.49170854687690735,
      -0.5003891587257385,
      -0.5120910406112671,
      -0.5123534202575684,
      -0.5037348866462708,
      -0.47261175513267517,
      -0.465851366519928,
      -0.4770137667655945,
      -0.5078029036521912,
      -0.572727382183075,
      -0.4679194390773773,
      -0.4858217239379883,
      -0.5160053372383118,
      -0.496936172246933,
      -0.5139284729957581,
      -0.5249630212783813,
      -0.46720150113105774,
      -0.4797816872596741,
      -0.49063798785209656,
      -0.5299056172370911,
      -0.470470666885376,
      -0.5184406638145447,
      -0.5061046481132507,
      -0.48290467262268066,
      -0.5025487542152405,
      -0.5698766708374023,
      -0.5175426602363586,
      -0.4688109755516052,
      -0.48844683170318604
    ],
    [
      -0.5362688899040222,
      -0.47558197379112244,
      -0.49421051144599915,
      -0.45941710472106934,
      -0.539891242980957,
      -0.5154241323471069,
      -0.4946998655796051,
      -0.48258861899375916,
      -0.5321686267852783,
      -0.49310174584388733,
      -0.46658939123153687,
      -0.5353643298149109,
      -0.4806695878505707,
      -0.534889817237854,
      -0.4990547299385071,
      -0.5108147263526917,
      -0.4930799901485443,
      -0.5052715539932251,
      -0.5125533938407898,
      -0.46089115738868713,
      -0.49438944458961487,
      -0.5010605454444885,
      -0.5246685147285461,
      -0.5532331466674805,
      -0.5199891328811646,
      -0.5533310770988464,
      -0.5527940392494202,
      -0.49175190925598145,
      -0.46190014481544495,
      -0.4883115291595459,
      -0.5078531503677368,
      -0.5119468569755554,
      -0.47659146785736084,
      -0.4660269618034363,
