{
  "sigma_values": [
    0.0,
    0.01,
    0.02,
    0.03,
    0.05,
    0.07,
    0.1,
    0.12,
    0.15
  ],
  "metric_name": "quality_mismatch_only",
  "per_trial": [
    [
      -0.5672683119773865,
      -0.5672683119773865,
      -0.5672683119773865,
      -0.5672683119773865,
      -0.5672683119773865,
      -0.5672683119773865,
      -0.5672683119773865,
      -0.5672683119773865,
      -0.5672683119773865,
      -0.5672683119773865
    ],
    [
      -0.5631622076034546,
      -0.5705724358558655,
      -0.5621241927146912,
      -0.5640383958816528,
      -0.5662084817886353,
      -0.569815456867218,
      -0.5747382044792175,
      -0.5701219439506531,
      -0.5679840445518494,
      -0.5702851414680481
    ],
    [
      -0.5646551847457886,
      -0.5743798613548279,
      -0.5646694302558899,
      -0.5527222752571106,
      -0.5741925835609436,
      -0.5591968894004822,
      -0.5697824954986572,
      -0.5677885413169861,
      -0.5754813551902771,
      -0.567165732383728
    ],
    [
      -0.5783939957618713,
      -0.5663172006607056,
      -0.566591203212738,
      -0.5736169219017029,
      -0.5847705006599426,
      -0.5724659562110901,
      -0.5729628801345825,
      -0.5850828289985657,
      -0.5646346211433411,
      -0.5671425461769104
    ],
    [
      -0.5743359923362732,
      -0.561538577079773,
      -0.5680568218231201,
      -0.5517967939376831,
      -0.5632850527763367,
      -0.5620573163032532,
      -0.6277799010276794,
      -0.593421995639801,
      -0.5588828325271606,
      -0.5947058796882629
    ],
    [
      -0.632516086101532,
      -0.6124410033226013,
      -0.5885674357414246,
      -0.5871731638908386,
      -0.5844722390174866,
      -0.604469358921051,
      -0.6128596663475037,
      -0.6078130602836609,
      -0.5631441473960876,
      -0.5878118872642517
    ],
    [
      -0.6017716526985168,
      -0.6240389943122864,
      -0.6146866083145142,
      -0.6092352271080017,
      -0.6159730553627014,
      -0.6248373985290527,
      -0.5604998469352722,
      -0.5993371605873108,
      -0.6160883903503418,
      -0.5797799825668335
    ],
    [
      -0.5957984328269958,
      -0.65586256980896,
      -0.5749448537826538,
      -0.6138677597045898,
      -0.6515916585922241,
      -0.575161337852478,
      -0.597394585609436,
      -0.5755693912506104,
      -0.6337721943855286,
      -0.612724781036377
    ],
    [
      -0.6843238472938538,
      -0.6323205232620239,
      -0.5876166820526123,
      -0.6083694100379944,
      -0.6826829314231873,
      -0.5766937732696533,
      -0.6573535203933716,
      -0.6516571044921875,
      -0.6889792084693909,
      -0.6895947456359863
    ]
  ],
  "digital_baseline": -0.5672683119773865,
  "mean": [
    -0.5672683119773865,
    -0.5679050505161285,
    -0.5670034348964691,
    -0.573197865486145,
    -0.5755861163139343,
    -0.5981268048286438,
    -0.6046248316764832,
    -0.6086687564849853,
    -0.6459591746330261
  ],
  "std": [
    0.0,
    0.0037654285132172364,
    0.006798471139736983,
    0.007098817580609749,
    0.022006221147334512,
    0.018618868093184783,
    0.019412699257419064,
    0.02896836888958819,
    0.04066707733441432
  ],
  "normalized_mean": [
    1.0,
    0.9988775355060422,
    1.0004669343859418,
    0.9895471800846952,
    0.9853370897670036,
    0.9456015924039708,
    0.9341466482256356,
    0.9270178791350341,
    0.8612810534377662
  ],
  "normalized_std": [
    0.0,
    0.006637826287337801,
    0.01198457766138715,
    0.012514038649302757,
    0.038793319991072876,
    0.03282197806586983,
    0.034221370817894246,
    0.051066432370618614,
    0.0716893161062652
  ],
  "degradation_threshold_10pct": 0.12
}