{
  "sigma_values": [
    0.0,
    0.01,
    0.02,
    0.03,
    0.05,
    0.07,
    0.1,
    0.12,
    0.15
  ],
  "metric_name": "quality_mismatch_only",
  "per_trial": [
    [
      0.8805999755859375,
      0.8805999755859375,
      0.8805999755859375,
      0.8805999755859375,
      0.8805999755859375,
      0.8805999755859375,
      0.8805999755859375,
      0.8805999755859375,
      0.8805999755859375,
      0.8805999755859375,
      0.8805999755859375,
      0.8805999755859375,
      0.8805999755859375,
      0.8805999755859375,
      0.8805999755859375,
      0.8805999755859375,
      0.8805999755859375,
      0.8805999755859375,
      0.8805999755859375,
      0.8805999755859375
    ],
    [
      0.8792999982833862,
      0.87909996509552,
      0.8793999552726746,
      0.8799999952316284,
      0.880299985408783,
      0.8804000020027161,
      0.8793999552726746,
      0.8797999620437622,
      0.8800999522209167,
      0.8811999559402466,
      0.8801999688148499,
      0.8804000020027161,
      0.8806999921798706,
      0.8810999989509583,
      0.8804999589920044,
      0.8807999491691589,
      0.880299985408783,
      0.8811999559402466,
      0.8804000020027161,
      0.8794999718666077
    ],
    [
      0.8788999915122986,
      0.8795999884605408,
      0.8801999688148499,
      0.8799999952316284,
      0.880299985408783,
      0.8806999921798706,
      0.8805999755859375,
      0.87909996509552,
      0.8795999884605408,
      0.8807999491691589,
      0.8805999755859375,
      0.8807999491691589,
      0.880299985408783,
      0.8793999552726746,
      0.880899965763092,
      0.8797000050544739,
      0.8792999982833862,
      0.8795999884605408,
      0.8798999786376953,
      0.8809999823570251
    ],
    [
      0.8777999877929688,
      0.8774999976158142,
      0.8800999522209167,
      0.8779999613761902,
      0.8783999681472778,
      0.8779000043869019,
      0.8789999485015869,
      0.8801999688148499,
      0.87909996509552,
      0.8794999718666077,
      0.8795999884605408,
      0.8800999522209167,
      0.8801999688148499,
      0.8777999877929688,
      0.8784999847412109,
      0.8781999945640564,
      0.8782999515533447,
      0.878600001335144,
      0.878600001335144,
      0.8797999620437622
    ],
    [
      0.8775999546051025,
      0.8775999546051025,
      0.8784999847412109,
      0.8708999752998352,
      0.8800999522209167,
      0.8761000037193298,
      0.8784999847412109,
      0.8765999674797058,
      0.8725999593734741,
      0.8755999803543091,
      0.8800999522209167,
      0.8761999607086182,
      0.8756999969482422,
      0.8761000037193298,
      0.8780999779701233,
      0.8791999816894531,
      0.8707000017166138,
      0.8720999956130981,
      0.8781999945640564,
      0.8764999508857727
    ],
    [
      0.8769999742507935,
      0.8748999834060669,
      0.8687999844551086,
      0.8733999729156494,
      0.8768999576568604,
      0.8774999976158142,
      0.8730999827384949,
      0.8721999526023865,
      0.871999979019165,
      0.8743000030517578,
      0.8764999508857727,
      0.877299964427948,
      0.8655999898910522,
      0.8675000071525574,
      0.8743000030517578,
      0.8710999488830566,
      0.8739999532699585,
      0.8729999661445618,
      0.8764999508857727,
      0.8694999814033508
    ],
    [
      0.8726999759674072,
      0.8739999532699585,
      0.8561999797821045,
      0.8710999488830566,
      0.8608999848365784,
      0.8542999625205994,
      0.8703999519348145,
      0.8685999512672424,
      0.871999979019165,
      0.8695999979972839,
      0.8661999702453613,
      0.8615999817848206,
      0.8678999543190002,
      0.8738999962806702,
      0.8689999580383301,
      0.8705999851226807,
      0.8689000010490417,
      0.856499969959259,
      0.8671000003814697,
      0.8504999876022339
    ],
    [
      0.8624999523162842,
      0.8547999858856201,
      0.854699969291687,
      0.8490999937057495,
      0.854200005531311,
      0.8578000068664551,
      0.8497999906539917,
      0.8686999678611755,
      0.8323000073432922,
      0.8664000034332275,
      0.8628999590873718,
      0.8589999675750732,
      0.8664999604225159,
      0.8650999665260315,
      0.8593999743461609,
      0.8651999831199646,
      0.8553999662399292,
      0.849299967288971,
      0.8499999642372131,
      0.8579999804496765
    ],
    [
      0.836899995803833,
      0.8234999775886536,
      0.852899968624115,
      0.7750999927520752,
      0.8639999628067017,
      0.8335999846458435,
      0.858199954032898,
      0.8348000049591064,
      0.8568999767303467,
      0.8355000019073486,
      0.8540999889373779,
      0.849399983882904,
      0.837399959564209,
      0.8468999862670898,
      0.8206999897956848,
      0.8503999710083008,
      0.8575999736785889,
      0.798799991607666,
      0.8622999787330627,
      0.8600999712944031
    ]
  ],
  "digital_baseline": 0.880299985408783,
  "ideal_analog_baseline": 0.8805999755859375,
  "mean": [
    0.8805999755859375,
    0.880204975605011,
    0.8800649791955948,
    0.8788599759340286,
    0.8763499766588211,
    0.8732699751853943,
    0.8660999745130539,
    0.8570549786090851,
    0.8404549807310104
  ],
  "std": [
    0.0,
    0.0006184470117209183,
    0.0006279076966922027,
    0.0008822600761752192,
    0.0027392455700793648,
    0.003326418454738704,
    0.0067986009062571354,
    0.008300322753835791,
    0.02198627240979929
  ],
  "normalized_mean": [
    1.0003407817586356,
    0.999892071106047,
    0.9997330384901926,
    0.9983641832345531,
    0.9955128833176935,
    0.9920140743611121,
    0.9838691228773165,
    0.9735942210780526,
    0.9547370154058679
  ],
  "normalized_std": [
    0.0,
    0.0007025412041029757,
    0.0007132883188685077,
    0.0010022266168339489,
    0.003111718295448281,
    0.0037787328295751615,
    0.007723050118080013,
    0.009428970682058332,
    0.024975886373086297
  ],
  "degradation_threshold_10pct": 0.15,
  "trial_seeds": {
    "digital_baseline": [
      101050345,
      101050346,
      101050347,
      101050348,
      101050349,
      101050350,
      101050351,
      101050352,
      101050353,
      101050354,
      101050355,
      101050356,
      101050357,
      101050358,
      101050359,
      101050360,
      101050361,
      101050362,
      101050363,
      101050364
    ],
    "ideal_analog_baseline": [
      202050648,
      202050649,
      202050650,
      202050651,
      202050652,
      202050653,
      202050654,
      202050655,
      202050656,
      202050657,
      202050658,
      202050659,
      202050660,
      202050661,
      202050662,
      202050663,
      202050664,
      202050665,
      202050666,
      202050667
    ],
    "per_trial": [
      [
        505131613,
        505131614,
        505131615,
        505131616,
        505131617,
        505131618,
        505131619,
        505131620,
        505131621,
        505131622,
        505131623,
        505131624,
        505131625,
        505131626,
        505131627,
        505131628,
        505131629,
        505131630,
        505131631,
        505131632
      ]
    ]
  },
  "metadata": {
    "arch": "deq",
    "analog_domain": "conservative",
    "analog_substrate": "classic",
    "seed": 50042,
    "pilot_profile_path": "/workspace/NEW_ACTUAL_RUNS/5-14/945/experiments/cross_arch_tolerance/results/profiles/deq_profile_classic.json",
    "dynamics_diagnostics": {},
    "calibration": "tensor sample_input",
    "ablation_noise": "mismatch"
  },
  "normalized_mean_vs_ideal_analog": [
    1.0,
    0.9995514422077247,
    0.9993924637688222,
    0.9980240748351701,
    0.9951737462582956,
    0.9916761292257975,
    0.9835339524473237,
    0.9732625509543241,
    0.9544117692846684
  ],