{
  "sigma_values": [
    2.0,
    4.0,
    6.0,
    8.0,
    10.0,
    12.0,
    16.0
  ],
  "metric_name": "quality_vs_adc_bits_sigma0.050",
  "per_trial": [
    [
      -2.30257511138916,
      -2.3025853633880615,
      -2.30257511138916,
      -2.30257511138916,
      -2.3025853633880615,
      -2.3025853633880615,
      -2.30257511138916,
      -2.30257511138916,
      -2.3025853633880615,
      -2.3025853633880615,
      -2.30257511138916,
      -2.30257511138916,
      -2.30257511138916,
      -2.3025853633880615,
      -2.3025853633880615,
      -2.3025853633880615,
      -2.30257511138916,
      -2.3025853633880615,
      -2.30257511138916,
      -2.3025853633880615,
      -2.30257511138916,
      -2.30257511138916,
      -2.30257511138916,
      -2.30257511138916,
      -2.30257511138916
    ],
    [
      -0.6764304637908936,
      -0.642721951007843,
      -0.6544530987739563,
      -0.6785430908203125,
      -0.6683377027511597,
      -0.6703535318374634,
      -0.6561048626899719,
      -0.6502774357795715,
      -0.6661189198493958,
      -0.6508209109306335,
      -0.6319460272789001,
      -0.6762052178382874,
      -0.6580893993377686,
      -0.6679023504257202,
      -0.6667495965957642,
      -0.6825384497642517,
      -0.6242249011993408,
      -0.6840038895606995,
      -0.646521806716919,
      -0.6623234152793884,
      -0.6696991920471191,
      -0.6952043771743774,
      -0.6785836219787598,
      -0.6511522531509399,
      -0.6622821092605591
    ],
    [
      -0.6168935298919678,
      -0.5886200666427612,
      -0.5963066220283508,
      -0.5964271426200867,
      -0.5573935508728027,
      -0.5784859657287598,
      -0.5628777742385864,
      -0.5989298820495605,
      -0.5927758812904358,
      -0.5992870330810547,
      -0.5752897262573242,
      -0.6116575002670288,
      -0.5752638578414917,
      -0.5816532373428345,
      -0.5870380997657776,
      -0.5713106393814087,
      -0.5751246213912964,
      -0.604438841342926,
      -0.5832421779632568,
      -0.5681273341178894,
      -0.5800477266311646,
      -0.6166387796401978,
      -0.5907002687454224,
      -0.5665668845176697,
      -0.577311635017395
    ],
    [
      -0.579897940158844,
      -0.5923727750778198,
      -0.5908606052398682,
      -0.6161367297172546,
      -0.58659428358078,
      -0.5615023970603943,
      -0.5869060754776001,
      -0.5721698999404907,
      -0.56390780210495,
      -0.5482780337333679,
      -0.6090973615646362,
      -0.5742192268371582,
      -0.5992748141288757,
      -0.5683370232582092,
      -0.5509955286979675,
      -0.6152921319007874,
      -0.5709294676780701,
      -0.57737135887146,
      -0.5602661371231079,
      -0.5857445597648621,
      -0.6014790534973145,
      -0.5715600848197937,
      -0.5533424019813538,
      -0.5777335166931152,
      -0.5648899674415588
    ],
    [
      -0.5641308426856995,
      -0.5723504424095154,
      -0.5805004835128784,
      -0.5904396772384644,
      -0.5588622093200684,
      -0.5808737277984619,
      -0.5721668601036072,
      -0.5837584137916565,
      -0.5907362103462219,
      -0.5741003751754761,
      -0.5651097893714905,
      -0.5740233063697815,
      -0.590709924697876,
      -0.5504051446914673,
      -0.5572470426559448,
      -0.5754072070121765,
      -0.5748904943466187,
      -0.5876984596252441,
      -0.580298900604248,
      -0.6072626709938049,
      -0.5771860480308533,
      -0.5557074546813965,
      -0.6086178421974182,
      -0.589306116104126,
      -0.5580616593360901
    ],
    [
      -0.5689173936843872,
      -0.5630324482917786,
      -0.5885512828826904,
      -0.6112976670265198,
      -0.5893738269805908,
      -0.5665618181228638,
      -0.5698815584182739,
      -0.5859315395355225,
      -0.5822100639343262,
      -0.5876255631446838,
      -0.6059902310371399,
      -0.5644851922988892,
      -0.5969763398170471,
      -0.5644659399986267,
      -0.5850806832313538,
      -0.568661630153656,
      -0.5672125220298767,
      -0.5613428950309753,
      -0.5804253816604614,
      -0.5599527955055237,
      -0.5676711797714233,
      -0.5717438459396362,
      -0.5710431933403015,
      -0.587120771408081,
      -0.5738788843154907
    ],
    [
      -0.5540989637374878,
      -0.5946838855743408,
      -0.5972592830657959,
      -0.569549560546875,
      -0.5819710493087769,
      -0.6122167110443115,
      -0.5779565572738647,
      -0.614845335483551,
      -0.5813868045806885,
      -0.5852465033531189,
      -0.5859218835830688,
      -0.5802168250083923,
      -0.579807698726654,
      -0.5954769253730774,
      -0.5758357644081116,
      -0.573469877243042,
      -0.6032448410987854,
      -0.5538716912269592,
      -0.5943904519081116,
      -0.5881031155586243,
      -0.5615962147712708,
      -0.5722236037254333,
      -0.5739601850509644,
      -0.5640670657157898,
      -0.5834565758705139
    ]
  ],
  "digital_baseline": -0.5672683119773865,
  "mean": [
    -2.3025792121887205,
    -0.6628635430335998,
    -0.586096351146698,
    -0.5791663670539856,
    -0.5767940521240235,
    -0.5775773859024048,
    -0.5821942949295044
  ],
  "std": [
    5.022433230384667e-06,
    0.01627373084070342,
    0.015917016869648592,
    0.018742583462991562,
    0.014746092752933574,
    0.013693843266847465,
    0.015485103032902575
  ],
  "normalized_mean": [
    -2.059065460861685,
    0.8314814541235573,
    0.9668092880004514,
    0.9790257011975076,
    0.9832076991689662,
    0.9818268115680868,
    0.9736879662816194
  ],
  "normalized_std": [
    8.853717234578901e-06,
    0.028687889834664613,
    0.028059062234879615,
    0.033040067754989834,
    0.025994917116966356,
    0.024139975700587617,
    0.02729766973749077
  ],
  "degradation_threshold_10pct": 16.0
}