{
  "sigma_values": [
    0.0,
    0.01,
    0.02,
    0.03,
    0.05,
    0.07,
    0.1,
    0.12,
    0.15
  ],
  "metric_name": "quality_mismatch_only",
  "per_trial": [
    [
      -0.5013422966003418,
      -0.5013422966003418,
      -0.5013422966003418,
      -0.5013422966003418,
      -0.5013422966003418,
      -0.5013422966003418,
      -0.5013422966003418,
      -0.5013422966003418,
      -0.5013422966003418,
      -0.5013422966003418
    ],
    [
      -0.5024116039276123,
      -0.5017821192741394,
      -0.502281904220581,
      -0.5019407868385315,
      -0.501494288444519,
      -0.5003318190574646,
      -0.5007449984550476,
      -0.5017761588096619,
      -0.5012792348861694,
      -0.5022762417793274
    ],
    [
      -0.4998871684074402,
      -0.5017380118370056,
      -0.5010389685630798,
      -0.501640796661377,
      -0.5019195079803467,
      -0.5018981695175171,
      -0.5034681558609009,
      -0.5018284320831299,
      -0.5025839805603027,
      -0.5036007761955261
    ],
    [
      -0.5052822828292847,
      -0.5049528479576111,
      -0.5048807859420776,
      -0.5034126043319702,
      -0.5071191191673279,
      -0.5043674111366272,
      -0.5031315088272095,
      -0.5066131949424744,
      -0.5059474110603333,
      -0.50400710105896
    ],
    [
      -0.5121914148330688,
      -0.5102666020393372,
      -0.5028950572013855,
      -0.5155335664749146,
      -0.511745035648346,
      -0.5027161836624146,
      -0.514305591583252,
      -0.5157043933868408,
      -0.5206003189086914,
      -0.5179734230041504
    ],
    [
      -0.5153130888938904,
      -0.5135629177093506,
      -0.5176970958709717,
      -0.5175169706344604,
      -0.5185415744781494,
      -0.5144532918930054,
      -0.5114891529083252,
      -0.5178226828575134,
      -0.5139670968055725,
      -0.5075521469116211
    ],
    [
      -0.521164059638977,
      -0.5711866021156311,
      -0.5281632542610168,
      -0.5189653038978577,
      -0.5292390584945679,
      -0.5301468968391418,
      -0.5225253701210022,
      -0.5246650576591492,
      -0.5351371765136719,
      -0.5271221995353699
    ],
    [
      -0.5520758032798767,
      -0.5245571136474609,
      -0.5528860688209534,
      -0.5749780535697937,
      -0.574927568435669,
      -0.5928342342376709,
      -0.5488986372947693,
      -0.5584987998008728,
      -0.5386245846748352,
      -0.5381308794021606
    ],
    [
      -0.5622155070304871,
      -0.5383836627006531,
      -0.5299072861671448,
      -0.5824306607246399,
      -0.5447759032249451,
      -0.5920632481575012,
      -0.6500543355941772,
      -0.5928462147712708,
      -0.6569910645484924,
      -0.5765683650970459
    ]
  ],
  "digital_baseline": -0.5013422966003418,
  "mean": [
    -0.5013422966003418,
    -0.5016319155693054,
    -0.5019603967666626,
    -0.5049714267253875,
    -0.5123931586742401,
    -0.514791601896286,
    -0.5308314979076385,
    -0.5556411743164062,
    -0.5826236248016358
  ],
  "std": [
    0.0,
    0.0006484228536590684,
    0.0010331942099019399,
    0.0012440139675283625,
    0.0055840975039598085,
    0.0032405405377821895,
    0.014185340783633624,
    0.01940496711718772,
    0.04110091969498145
  ],
  "normalized_mean": [
    1.0,
    0.9994223129168882,
    0.998767109476874,
    0.9927611730555046,
    0.9779574511290282,
    0.9731734078948745,
    0.9411795064823649,
    0.8916930047907962,
    0.8378725897406387
  ],
  "normalized_std": [
    0.0,
    0.0012933735255455131,
    0.0020608558601740677,
    0.0024813664754882252,
    0.011138293221669503,
    0.006463728593730586,
    0.028294721749642922,
    0.03870602430470155,
    0.0819817517366705
  ],
  "degradation_threshold_10pct": 0.1
}