{
  "sigma_values": [
    0.0,
    0.01,
    0.02,
    0.03,
    0.05,
    0.07,
    0.1,
    0.12,
    0.15
  ],
  "metric_name": "output_mse",
  "per_trial": [
    [
      -0.20499533414840698,
      -0.0015734945191070437,
      -0.0015743926633149385,
      -0.0015865764580667019,
      -0.0015863365260884166,
      -0.0015857865801081061,
      -0.001596611924469471,
      -0.0015825149603188038,
      -0.0015869197668507695,
      -0.0016022241907194257,
      -0.0015645569656044245,
      -0.001572399283759296,
      -0.0015832713106647134,
      -0.0015883123269304633,
      -0.0015662044752389193,
      -0.001582991797477007,
      -0.0015758248046040535,
      -0.001568809268064797,
      -0.0015899145510047674,
      -0.0015621741767972708,
      -0.001564773847348988,
      -0.001567945466376841,
      -0.0015764518175274134,
      -0.0015759438974782825,
      -0.0015757018700242043,
      -0.0015754451742395759,
      -0.0015774882631376386,
      -0.001588251325301826,
      -0.0015767886070534587,
      -0.001586771453730762,
      -0.0015695515321567655,
      -0.001583876903168857,
      -0.0015739562222734094,
      -0.001569506828673184,
      -0.0015899516874924302,
      -0.0015712374588474631,
      -0.0015908780042082071,
      -0.0015877311816439033,
      -0.001574840396642685,
      -0.0015765955904498696,
      -0.00157004629727453,
      -0.001588189392350614,
      -0.0015881924191489816,
      -0.0016096143517643213,
      -0.0015514356782659888,
      -0.0015812194906175137,
      -0.0015789448516443372,
      -0.001575519680045545,
      -0.001575968461111188,
      -0.0015851614298298955
    ],
    [
      -0.002736873459070921,
      -0.003204501001164317,
      -0.0035133622586727142,
      -0.002722501754760742,
      -0.0024787336587905884,
      -0.0026311716064810753,
      -0.0036063813604414463,
      -0.002558245323598385,
      -0.0027735948096960783,
      -0.002942439401522279,
      -0.003639759961515665,
      -0.003186682239174843,
      -0.0034895415883511305,
      -0.0029214564710855484,
      -0.002606811234727502,
      -0.002074857009574771,
      -0.0032751935068517923,
      -0.0028962199576199055,
      -0.0023486297577619553,
      -0.004063896834850311,
      -0.002865963615477085,
      -0.002922740997746587,
      -0.0028314299415796995,
      -0.003133449936285615,
      -0.002529007848352194,
      -0.003012582892552018,
      -0.002668890403583646,
      -0.003201724262908101,
      -0.0031965789385139942,
      -0.0033297331538051367,
      -0.0027986858040094376,
      -0.0024347074795514345,
      -0.004274844657629728,
      -0.00281969690695405,
      -0.0033833952620625496,
      -0.003501304192468524,
      -0.0031535131856799126,
      -0.0030076841358095407,
      -0.002982005476951599,
      -0.00273710023611784,
      -0.0038454565219581127,
      -0.0027989549562335014,
      -0.002451319247484207,
      -0.002614246681332588,
      -0.002987232292070985,
      -0.0027104082982987165,
      -0.002747097983956337,
      -0.002957003191113472,
      -0.00262839044444263,
      -0.003680289490148425
    ],
    [
      -0.007289193104952574,
      -0.00575015414506197,
      -0.005103264469653368,
      -0.007686711847782135,
      -0.007895346730947495,
      -0.0071695726364851,
      -0.006083848886191845,
      -0.004449194297194481,
      -0.005799960345029831,
      -0.006287748925387859,
      -0.005310347303748131,
      -0.009448518976569176,
      -0.009694231674075127,
      -0.006252371706068516,
      -0.008110682480037212,
      -0.00839928723871708,
      -0.005851764231920242,
      -0.007886937819421291,
      -0.004694209434092045,
      -0.009641610085964203,
      -0.006822596304118633,
      -0.006712369620800018,
      -0.006776559166610241,
      -0.006611495278775692,
      -0.006315833423286676,
      -0.005793581251055002,
      -0.005790510680526495,
      -0.008960600011050701,
      -0.007537807337939739,
      -0.005268386099487543,
      -0.0058952197432518005,
      -0.011543959379196167,
      -0.007245098706334829,
      -0.0070068310014903545,
      -0.008445764891803265,
      -0.004698981996625662,
      -0.007921592332422733,
      -0.009216724894940853,
      -0.006237198133021593,
      -0.008960289880633354,
      -0.009502395987510681,
      -0.006977699231356382,
      -0.005810772534459829,
      -0.005924653261899948,
      -0.006491807755082846,
      -0.0060664755292236805,
      -0.007604328449815512,
      -0.005092993378639221,
      -0.01232590340077877,
      -0.010028589516878128
    ],
    [
      -0.012371686287224293,
      -0.011791916564106941,
      -0.01292820367962122,
      -0.01614329218864441,
      -0.010499279946088791,
      -0.01978270336985588,
      -0.01127189677208662,
      -0.022756630554795265,
      -0.008205318823456764,
      -0.009963061660528183,
      -0.01445448212325573,
      -0.011284790001809597,
      -0.012203356251120567,
      -0.008315307088196278,
      -0.019624533131718636,
      -0.0201680026948452,
      -0.010470353998243809,
      -0.018858645111322403,
      -0.014434359967708588,
      -0.01982862688601017,
      -0.008362218737602234,
      -0.007454698905348778,
      -0.011088961735367775,
      -0.012233554385602474,
      -0.009153058752417564,
      -0.014298723079264164,
      -0.014255482703447342,
      -0.010831406340003014,
      -0.013433915562927723,
      -0.015126796439290047,
      -0.009710540063679218,
      -0.021541181951761246,
      -0.015865035355091095,
      -0.01751095987856388,
      -0.015934092923998833,
      -0.015195492655038834,
      -0.00840231217443943,
      -0.019907360896468163,
      -0.013129403814673424,
      -0.010757026262581348,
      -0.011422481387853622,
      -0.011890639550983906,
      -0.016663121059536934,
      -0.015011774376034737,
      -0.01344577968120575,
      -0.010151520371437073,
      -0.009895272552967072,
      -0.015833580866456032,
      -0.009080196730792522,
      -0.011188354343175888
    ],
    [
      -0.028003288432955742,
      -0.030887294560670853,
      -0.03886660188436508,
      -0.026083603501319885,
      -0.045370180159807205,
      -0.032520439475774765,
      -0.030664565041661263,
      -0.03299915790557861,
      -0.03828427195549011,
      -0.055889081209897995,
      -0.07763690501451492,
      -0.02449447475373745,
      -0.040590181946754456,
      -0.0319284163415432,
      -0.03589155524969101,
      -0.02784724533557892,
      -0.024946894496679306,
      -0.038613222539424896,
      -0.03818555921316147,
      -0.03043687902390957,
      -0.0524735152721405,
      -0.023771537467837334,
      -0.03305736556649208,
      -0.03231463581323624,
      -0.028934147208929062,
      -0.0652715191245079,
      -0.05494305491447449,
      -0.04620787128806114,
      -0.022331224754452705,
      -0.034268569201231,
      -0.026463964954018593,
      -0.05405224487185478,
      -0.025534870103001595,
      -0.034185923635959625,
      -0.03268401697278023,
      -0.027500677853822708,
      -0.038013387471437454,
      -0.03376685082912445,
      -0.048407889902591705,
      -0.04333532229065895,
      -0.022958334535360336,
      -0.031884897500276566,
      -0.02655457705259323,
      -0.03146353363990784,
      -0.030451610684394836,
      -0.02731151320040226,
      -0.032264288514852524,
      -0.03722044453024864,
      -0.031793124973773956,
      -0.01927974261343479
    ],
    [
      -0.1222807988524437,
      -0.06208448112010956,
      -0.057973671704530716,
      -0.04448676481842995,
      -0.06288047879934311,
      -0.07357874512672424,
      -0.0649314895272255,
      -0.06201549991965294,
      -0.049609001725912094,
      -0.07190978527069092,
      -0.04376896470785141,
      -0.04140523448586464,
      -0.08658869564533234,
      -0.05644477531313896,
      -0.073667012155056,
      -0.06060633808374405,
      -0.13596448302268982,
      -0.051931221038103104,
