{
  "sigma_values": [
    0.0,
    0.01,
    0.02,
    0.03,
    0.05,
    0.07,
    0.1,
    0.12,
    0.15
  ],
  "metric_name": "quality_mismatch_only",
  "per_trial": [
    [
      -0.5672683119773865,
      -0.5672683119773865,
      -0.5672683119773865,
      -0.5672683119773865,
      -0.5672683119773865,
      -0.5672683119773865,
      -0.5672683119773865,
      -0.5672683119773865,
      -0.5672683119773865,
      -0.5672683119773865
    ],
    [
      -0.5650349259376526,
      -0.5640889406204224,
      -0.5692272186279297,
      -0.5651705265045166,
      -0.5694546699523926,
      -0.5692605376243591,
      -0.5655301213264465,
      -0.5661044716835022,
      -0.5709070563316345,
      -0.5675982236862183
    ],
    [
      -0.5644229054450989,
      -0.5678490996360779,
      -0.5685442090034485,
      -0.5650334358215332,
      -0.5697720646858215,
      -0.5633581876754761,
      -0.5763552188873291,
      -0.5580798983573914,
      -0.5730658173561096,
      -0.5760488510131836
    ],
    [
      -0.5606051683425903,
      -0.5557267069816589,
      -0.574516236782074,
      -0.5772519707679749,
      -0.5762144923210144,
      -0.5707120895385742,
      -0.566821813583374,
      -0.5698375701904297,
      -0.5626038312911987,
      -0.5876288414001465
    ],
    [
      -0.6056193113327026,
      -0.5783107280731201,
      -0.5677223801612854,
      -0.5757166743278503,
      -0.5798383355140686,
      -0.5552774667739868,
      -0.5838571190834045,
      -0.5957295894622803,
      -0.5576378107070923,
      -0.603395402431488
    ],
    [
      -0.6166830062866211,
      -0.5705957412719727,
      -0.578632116317749,
      -0.5627542734146118,
      -0.5720484256744385,
      -0.5826207995414734,
      -0.5570131540298462,
      -0.610924482345581,
      -0.5695820450782776,
      -0.6133448481559753
    ],
    [
      -0.5566051602363586,
      -0.6725700497627258,
      -0.5553245544433594,
      -0.6838750243186951,
      -0.6206194162368774,
      -0.56801438331604,
      -0.6790295243263245,
      -0.6007043123245239,
      -0.5872361063957214,
      -0.5825605392456055
    ],
    [
      -0.555841863155365,
      -0.6384977102279663,
      -0.6019271612167358,
      -0.6768786311149597,
      -0.5915160179138184,
      -0.5812383890151978,
      -0.6967715620994568,
      -0.6487818956375122,
      -0.5754209160804749,
      -0.6148171424865723
    ],
    [
      -0.8595132827758789,
      -0.755459189414978,
      -0.6725936532020569,
      -0.6582329869270325,
      -0.6752641201019287,
      -0.6352881789207458,
      -0.6598451137542725,
      -0.6167314648628235,
      -0.6896409392356873,
      -0.6435761451721191
    ]
  ],
  "digital_baseline": -0.5672683119773865,
  "mean": [
    -0.5672683119773865,
    -0.5672376692295075,
    -0.568252968788147,
    -0.5701918721199035,
    -0.580310481786728,
    -0.5834198892116547,
    -0.6106539070606232,
    -0.6181691288948059,
    -0.6866145074367523
  ],
  "std": [
    0.0,
    0.002231575725959596,
    0.0055192966312815625,
    0.008828038742479406,
    0.016577892184531724,
    0.02095624084911107,
    0.048173473579660536,
    0.04363134631961625,
    0.06772045119114545
  ],
  "normalized_mean": [
    1.0,
    1.0000540180849733,
    0.998264213265627,
    0.994846248096732,
    0.9770088165794436,
    0.9715274467245192,
    0.9235183877414147,
    0.9102702974188897,
    0.7896124409922558
  ],
  "normalized_std": [
    0.0,
    0.003933898084630814,
    0.009729605047111433,
    0.015562368910941964,
    0.02922407586410817,
    0.03694237877674096,
    0.08492184837848112,
    0.07691483095102898,
    0.11937992967575642
  ],
  "degradation_threshold_10pct": 0.12
}