{
  "sigma_values": [
    0.0,
    0.01,
    0.02,
    0.03,
    0.05,
    0.07,
    0.1,
    0.12,
    0.15
  ],
  "metric_name": "quality_quantization_only",
  "per_trial": [
    [
      -0.4989340901374817,
      -0.49894747138023376,
      -0.4989476501941681,
      -0.49893808364868164,
      -0.49894165992736816,
      -0.49892163276672363,
      -0.49892714619636536,
      -0.4989252984523773,
      -0.49892929196357727,
      -0.4989510178565979
    ],
    [
      -0.49892666935920715,
      -0.4989350438117981,
      -0.49893295764923096,
      -0.4989258348941803,
      -0.49893179535865784,
      -0.4989498555660248,
      -0.4989362359046936,
      -0.4989384412765503,
      -0.4989250600337982,
      -0.49893349409103394
    ],
    [
      -0.4989216923713684,
      -0.4989289939403534,
      -0.4989278316497803,
      -0.49892836809158325,
      -0.4989260733127594,
      -0.4989350140094757,
      -0.4989366829395294,
      -0.49893081188201904,
      -0.4989255964756012,
      -0.49892690777778625
    ],
    [
      -0.4989205598831177,
      -0.498929888010025,
      -0.4989282190799713,
      -0.49892285466194153,
      -0.498948872089386,
      -0.49893173575401306,
      -0.4989296495914459,
      -0.49893251061439514,
      -0.49892792105674744,
      -0.4989272952079773
    ],
    [
      -0.4989165663719177,
      -0.49894267320632935,
      -0.4989337921142578,
      -0.49893438816070557,
      -0.4989265501499176,
      -0.49892696738243103,
      -0.49893802404403687,
      -0.49892371892929077,
      -0.4989248514175415,
      -0.4989294409751892
    ],
    [
      -0.49894818663597107,
      -0.49891966581344604,
      -0.4989372193813324,
      -0.4989168047904968,
      -0.49893778562545776,
      -0.49892276525497437,
      -0.4989373981952667,
      -0.49893853068351746,
      -0.49891728162765503,
      -0.49894586205482483
    ],
    [
      -0.4989262819290161,
      -0.4989376366138458,
      -0.49892547726631165,
      -0.4989314377307892,
      -0.49894189834594727,
      -0.4989311099052429,
      -0.4989263713359833,
      -0.4989376962184906,
      -0.4989226460456848,
      -0.49892255663871765
    ],
    [
      -0.498929500579834,
      -0.49893295764923096,
      -0.4989369213581085,
      -0.4989238679409027,
      -0.49893587827682495,
      -0.4989432990550995,
      -0.4989314377307892,
      -0.49892309308052063,
      -0.49893832206726074,
      -0.49893075227737427
    ],
    [
      -0.49894022941589355,
      -0.4989390969276428,
      -0.49894917011260986,
      -0.4989331066608429,
      -0.49893203377723694,
      -0.4989303648471832,
      -0.49893075227737427,
      -0.4989316463470459,
      -0.4989284574985504,
      -0.49894437193870544
    ]
  ],
  "digital_baseline": -0.4987902581691742,
  "mean": [
    -0.4989363342523575,
    -0.4989335387945175,
    -0.49892879724502565,
    -0.498929950594902,
    -0.49892969727516173,
    -0.49893215000629426,
    -0.4989303112030029,
    -0.49893260300159453,
    -0.49893592298030853
  ],
  "std": [
    9.879728784232315e-06,
    6.939875682498077e-06,
    4.21616394593653e-06,
    7.215011763702541e-06,
    7.249468675053419e-06,
    1.1275557732917174e-05,
    6.46824101590915e-06,
    5.981326103210449e-06,
    6.558965770698929e-06
  ],
  "normalized_mean": [
    0.9997071392618624,
    0.9997127437374795,
    0.9997222498363141,
    0.9997199375420031,
    0.9997204454102626,
    0.999715528050526,
    0.9997192145765983,
    0.9997146198625795,
    0.9997079638009191
  ],
  "normalized_std": [
    1.9807381203667006e-05,
    1.391341464440608e-05,
    8.452779253171655e-06,
    1.446502141037292e-05,
    1.4534102373335895e-05,
    2.2605809853433133e-05,
    1.2967857551290271e-05,
    1.1991665846011307e-05,
    1.314974713975735e-05
  ],
  "degradation_threshold_10pct": 0.15
}