{
  "sigma_values": [
    0.0,
    0.01,
    0.02,
    0.03,
    0.05,
    0.07,
    0.1,
    0.12,
    0.15
  ],
  "metric_name": "quality_mismatch_only",
  "per_trial": [
    [
      -0.4987887740135193,
      -0.49878960847854614,
      -0.4987906813621521,
      -0.4987906813621521,
      -0.49878978729248047,
      -0.4987892508506775,
      -0.49879056215286255,
      -0.4987907111644745,
      -0.49878937005996704,
      -0.4987897574901581
    ],
    [
      -0.5126860737800598,
      -0.49227842688560486,
      -0.49040457606315613,
      -0.49521586298942566,
      -0.49761226773262024,
      -0.5007086396217346,
      -0.5019679665565491,
      -0.4912472069263458,
      -0.497584730386734,
      -0.49277788400650024
    ],
    [
      -0.5060990452766418,
      -0.49404048919677734,
      -0.523566484451294,
      -0.5106567144393921,
      -0.5077745318412781,
      -0.5121400356292725,
      -0.49763256311416626,
      -0.49505025148391724,
      -0.5165531039237976,
      -0.5028761029243469
    ],
    [
      -0.48888641595840454,
      -0.4896075129508972,
      -0.5160383582115173,
      -0.48159223794937134,
      -0.4878894090652466,
      -0.5335668921470642,
      -0.5032957196235657,
      -0.4826807677745819,
      -0.47766488790512085,
      -0.4932244122028351
    ],
    [
      -0.468685507774353,
      -0.5029998421669006,
      -0.5123869180679321,
      -0.5121140480041504,
      -0.47427549958229065,
      -0.5014166831970215,
      -0.4759168028831482,
      -0.4935019910335541,
      -0.5334922075271606,
      -0.5179685950279236
    ],
    [
      -0.4874592423439026,
      -0.49313896894454956,
      -0.49981260299682617,
      -0.4808216392993927,
      -0.5274336338043213,
      -0.49526816606521606,
      -0.4798661172389984,
      -0.5176438689231873,
      -0.5990492701530457,
      -0.5022472143173218
    ],
    [
      -0.5211003422737122,
      -0.5912590026855469,
      -0.5695473551750183,
      -0.5541535019874573,
      -0.5259160399436951,
      -0.5430623292922974,
      -0.5252864360809326,
      -0.4991038143634796,
      -0.5328825116157532,
      -0.4715053141117096
    ],
    [
      -0.6332156658172607,
      -0.5937422513961792,
      -0.5138307809829712,
      -0.4780571162700653,
      -0.6623967885971069,
      -0.5422101616859436,
      -0.4995620548725128,
      -0.5498321056365967,
      -0.5128869414329529,
      -0.5344557166099548
    ],
    [
      -0.5544666051864624,
      -0.5262072086334229,
      -0.4836742579936981,
      -0.6141986846923828,
      -1.1598390340805054,
      -0.5953616499900818,
      -0.5345495343208313,
      -0.558740496635437,
      -0.6092724800109863,
      -0.5989837646484375
    ]
  ],
  "digital_baseline": -0.4987896978855133,
  "mean": [
    -0.498789918422699,
    -0.49724836349487306,
    -0.5066389322280884,
    -0.49544466137886045,
    -0.49927580952644346,
    -0.5082740724086762,
    -0.5333816647529602,
    -0.5520189583301545,
    -0.6235293716192245
  ],
  "std": [
    6.634883208769918e-07,
    0.006359909224153405,
    0.009061514546696807,
    0.01658030497856124,
    0.0200377584711054,
    0.03345903165968704,
    0.032340269032010246,
    0.05669056237004703,
    0.1830928763714289
  ],
  "normalized_mean": [
    0.9999995578553715,
    1.0030901488085546,
    0.9842634393295413,
    1.006706306326761,
    0.9990254176399574,
    0.9809852237057635,
    0.9306481929877654,
    0.8932831598762113,
    0.7499152964415424
  ],
  "normalized_std": [
    1.3301965210782713e-06,
    0.012750682805026956,
    0.01816700422063787,
    0.03324107344006712,
    0.04017275929324556,
    0.06708043851251888,
    0.06483748395187039,
    0.11365624151896409,
    0.36707429433206545
  ],
  "degradation_threshold_10pct": 0.1
}