{
  "sigma_values": [
    0.0,
    0.01,
    0.02,
    0.03,
    0.05,
    0.07,
    0.1,
    0.12,
    0.15
  ],
  "metric_name": "quality",
  "per_trial": [
    [
      -0.5241712927818298,
      -0.5240771174430847,
      -0.5240997672080994,
      -0.5241162776947021,
      -0.5241339206695557,
      -0.5240849852561951,
      -0.5241145491600037,
      -0.5241668224334717,
      -0.5241258144378662,
      -0.5241314172744751,
      -0.5241273641586304,
      -0.5240424871444702,
      -0.5240957736968994,
      -0.5241609215736389,
      -0.5240975618362427,
      -0.5241822600364685,
      -0.5240795612335205,
      -0.5241218209266663,
      -0.5240268111228943,
      -0.5241381525993347,
      -0.5241417288780212,
      -0.5241028666496277,
      -0.5241100192070007,
      -0.5241038203239441,
      -0.5241291522979736,
      -0.524099588394165,
      -0.5241241455078125,
      -0.5241638422012329,
      -0.5241532921791077,
      -0.5240738987922668,
      -0.5240895748138428,
      -0.5241230726242065,
      -0.5241364240646362,
      -0.5241284370422363,
      -0.5241475701332092,
      -0.5241796970367432,
      -0.5241097807884216,
      -0.5241479277610779,
      -0.5241266489028931,
      -0.5241155624389648,
      -0.5241064429283142,
      -0.5240563154220581,
      -0.5240921378135681,
      -0.52411949634552,
      -0.5241023898124695,
      -0.52412348985672,
      -0.524088442325592,
      -0.5241513848304749,
      -0.5240983366966248,
      -0.524153470993042
    ],
    [
      -0.5280559062957764,
      -0.5222980976104736,
      -0.5210803747177124,
      -0.5229194164276123,
      -0.5202862620353699,
      -0.5246720910072327,
      -0.5241319537162781,
      -0.5241174101829529,
      -0.5253409147262573,
      -0.5245314240455627,
      -0.5263673663139343,
      -0.5220661759376526,
      -0.5222755074501038,
      -0.5231016874313354,
      -0.5256748795509338,
      -0.5205419659614563,
      -0.5244641304016113,
      -0.522756040096283,
      -0.5259898900985718,
      -0.521835207939148,
      -0.5263645648956299,
      -0.5248895287513733,
      -0.5215370059013367,
      -0.5266370177268982,
      -0.523681104183197,
      -0.5237756371498108,
      -0.5217798948287964,
      -0.5198819041252136,
      -0.5230530500411987,
      -0.5274409055709839,
      -0.526350736618042,
      -0.5260181427001953,
      -0.5252299904823303,
      -0.5240975022315979,
      -0.5217052698135376,
      -0.5290126800537109,
      -0.5261467099189758,
      -0.5220770239830017,
      -0.5237324833869934,
      -0.5223297476768494,
      -0.5260077118873596,
      -0.523108720779419,
      -0.5283994674682617,
      -0.5227394700050354,
      -0.5240639448165894,
      -0.5224404335021973,
      -0.5257599353790283,
      -0.5226160883903503,
      -0.5255395770072937,
      -0.5249016880989075
    ],
    [
      -0.5376211404800415,
      -0.5239878296852112,
      -0.5251929759979248,
      -0.5252297520637512,
      -0.5204123854637146,
      -0.5220994353294373,
      -0.5313999652862549,
      -0.5211520195007324,
      -0.5235297083854675,
      -0.5216872692108154,
      -0.5264002680778503,
      -0.5247150659561157,
      -0.5257773995399475,
      -0.5221061110496521,
      -0.5222615599632263,
      -0.5320468544960022,
      -0.5235684514045715,
      -0.5195273160934448,
      -0.5268861055374146,
      -0.5313025116920471,
      -0.5246974229812622,
      -0.5213888883590698,
      -0.5285991430282593,
      -0.5231696367263794,
      -0.523440957069397,
      -0.5288035869598389,
      -0.5211137533187866,
      -0.5272107720375061,
      -0.5270560383796692,
      -0.526506781578064,
      -0.524691641330719,
      -0.535243034362793,
      -0.5251141786575317,
      -0.5269307494163513,
      -0.5277447700500488,
      -0.5218102931976318,
      -0.5266872048377991,
      -0.5252685546875,
      -0.5241757035255432,
      -0.5227876305580139,
      -0.5273278951644897,
      -0.5255223512649536,
      -0.5256421566009521,
      -0.5235052108764648,
      -0.5203132629394531,
      -0.524177074432373,
      -0.5213854312896729,
      -0.5281160473823547,
      -0.5345708727836609,
      -0.5301547050476074
    ],
    [
      -0.5293582081794739,
      -0.5225927829742432,
      -0.5285815000534058,
      -0.5278105735778809,
      -0.5248626470565796,
      -0.5256139039993286,
      -0.515409529209137,
      -0.5339980721473694,
      -0.5312293767929077,
      -0.5384809374809265,
      -0.5236166715621948,
      -0.5275985598564148,
      -0.5303651094436646,
      -0.5308325886726379,
      -0.5254781246185303,
      -0.529153048992157,
      -0.5435146689414978,
      -0.5293011665344238,
      -0.5226655602455139,
      -0.5445389747619629,
      -0.5183044672012329,
      -0.5220039486885071,
      -0.5248592495918274,
      -0.5267879962921143,
      -0.5294191837310791,
      -0.5173011422157288,
      -0.5277426242828369,
      -0.5196862816810608,
      -0.5286199450492859,
      -0.5235019326210022,
      -0.5350132584571838,
      -0.5253914594650269,
      -0.5252545475959778,
      -0.5305952429771423,
      -0.5205525755882263,
      -0.5230122804641724,
      -0.5138221383094788,
      -0.5298627614974976,
      -0.5304318070411682,
      -0.5352347493171692,
      -0.5432143807411194,
      -0.5317740440368652,
      -0.5234578847885132,
      -0.5188083648681641,
      -0.5394989252090454,
      -0.535761296749115,
      -0.5389951467514038,
      -0.535254716873169,
      -0.5287054181098938,
      -0.5251903533935547
    ],
    [
      -0.5280165076255798,
      -0.5161641836166382,
      -0.5351945161819458,
      -0.5344089865684509,
      -0.5264923572540283,
      -0.5287532806396484,
      -0.5213239789009094,
      -0.544731080532074,
      -0.5315307974815369,
      -0.5351400375366211,
      -0.5380635261535645,
      -0.557177722454071,
      -0.5387574434280396,
      -0.5283581614494324,
      -0.5409733653068542,
      -0.5416317582130432,
      -0.5419312119483948,
      -0.5352952480316162,
      -0.5378671884536743,
      -0.5286304950714111,
      -0.54657381772995,
      -0.5274178385734558,
      -0.5472147464752197,
      -0.535863995552063,
      -0.5420953631401062,
      -0.5307353734970093,
      -0.5330531001091003,
      -0.5239633321762085,
      -0.5271375775337219,
      -0.5431045889854431,
      -0.5593990683555603,
      -0.5275934338569641,
      -0.5243052244186401,
      -0.5412875413894653,
      -0.5368166565895081,
      -0.532981812953949,
      -0.5265665650367737,
      -0.5319331288337708,
      -0.5337958931922913,
      -0.5364785194396973,
      -0.5287866592407227,
      -0.5327463150024414,
      -0.5286102294921875,
      -0.5241696834564209,
      -0.5244059562683105,
      -0.5273430943489075,
      -0.5286379456520081,
      -0.5191085934638977,
      -0.5192618370056152,
      -0.5358811616897583
    ],
    [
      -0.5722482800483704,
      -0.5464945435523987,
      -0.536689043045044,
      -0.529121994972229,
      -0.5488408207893372,
      -0.5350543260574341,
      -0.5328184962272644,
      -0.5500486493110657,
      -0.5263702869415283,
      -0.5392926931381226,
      -0.5663517713546753,
      -0.5338562726974487,
      -0.5078917741775513,
      -0.5227776765823364,
      -0.554671049118042,
      -0.5369864702224731,
      -0.5362675786018372,
      -0.5573655962944031,
      -0.5134692192077637,
      -0.5308097004890442,
      -0.5266801714897156,
      -0.5508598685264587,
      -0.552868127822876,
      -0.5218454003334045,
      -0.5302530527114868,
      -0.5496827363967896,
      -0.549763560295105,
      -0.5440894365310669,
      -0.5097759962081909,
      -0.5505384802818298,
      -0.5489131212234497,
      -0.5786865949630737,
      -0.546493411064148,
      -0.5431122779846191,
      -0.5659395456314087,
      -0.5525911450386047,
      -0.5510598421096802,
      -0.5276620984077454,
      -0.542641282081604,
