{
  "sigma_values": [
    0.0,
    0.01,
    0.02,
    0.03,
    0.05,
    0.07,
    0.1,
    0.12,
    0.15
  ],
  "metric_name": "quality_thermal_only",
  "per_trial": [
    [
      0.8787999749183655,
      0.8804000020027161,
      0.8786999583244324,
      0.8779999613761902,
      0.8800999522209167,
      0.8787999749183655,
      0.878600001335144,
      0.8789999485015869,
      0.8786999583244324,
      0.8789999485015869,
      0.8805999755859375,
      0.8780999779701233,
      0.8783999681472778,
      0.8773999810218811,
      0.8792999982833862,
      0.8795999884605408,
      0.8786999583244324,
      0.8804999589920044,
      0.880299985408783,
      0.8793999552726746
    ],
    [
      0.87909996509552,
      0.8811999559402466,
      0.8781999945640564,
      0.8797999620437622,
      0.877299964427948,
      0.8782999515533447,
      0.8789999485015869,
      0.8773999810218811,
      0.8783999681472778,
      0.8788999915122986,
      0.8783999681472778,
      0.8792999982833862,
      0.8784999847412109,
      0.880299985408783,
      0.878600001335144,
      0.8781999945640564,
      0.8781999945640564,
      0.8787999749183655,
      0.8792999982833862,
      0.8776999711990356
    ],
    [
      0.8800999522209167,
      0.876800000667572,
      0.8795999884605408,
      0.87909996509552,
      0.877299964427948,
      0.8786999583244324,
      0.878600001335144,
      0.8775999546051025,
      0.8774999976158142,
      0.877299964427948,
      0.8777999877929688,
      0.8787999749183655,
      0.8792999982833862,
      0.8793999552726746,
      0.8782999515533447,
      0.878600001335144,
      0.8792999982833862,
      0.8797999620437622,
      0.8799999952316284,
      0.8788999915122986
    ],
    [
      0.8779000043869019,
      0.8765999674797058,
      0.8798999786376953,
      0.8795999884605408,
      0.8786999583244324,
      0.8782999515533447,
      0.8788999915122986,
      0.8789999485015869,
      0.8782999515533447,
      0.8770999908447266,
      0.8804000020027161,
      0.87909996509552,
      0.877299964427948,
      0.8797000050544739,
      0.8794999718666077,
      0.8797000050544739,
      0.8772000074386597,
      0.87909996509552,
      0.8786999583244324,
      0.8792999982833862
    ],
    [
      0.8799999952316284,
      0.8788999915122986,
      0.8799999952316284,
      0.8782999515533447,
      0.8788999915122986,
      0.8780999779701233,
      0.8797999620437622,
      0.880299985408783,
      0.8793999552726746,
      0.8811999559402466,
      0.8787999749183655,
      0.8779000043869019,
      0.878600001335144,
      0.877299964427948,
      0.8791999816894531,
      0.8811999559402466,
      0.8789999485015869,
      0.8794999718666077,
      0.8777999877929688,
      0.8784999847412109
    ],
    [
      0.8782999515533447,
      0.8773999810218811,
      0.8791999816894531,
      0.8775999546051025,
      0.8792999982833862,
      0.8781999945640564,
      0.8800999522209167,
      0.8797999620437622,
      0.8783999681472778,
      0.8779000043869019,
      0.8779000043869019,
      0.8779000043869019,
      0.8781999945640564,
      0.8773999810218811,
      0.8788999915122986,
      0.8798999786376953,
      0.880299985408783,
      0.8783999681472778,
      0.8792999982833862,
      0.8776999711990356
    ],
    [
      0.8807999491691589,
      0.87909996509552,
      0.8770999908447266,
      0.8792999982833862,
      0.8787999749183655,
      0.8781999945640564,
      0.8794999718666077,
      0.8777999877929688,
      0.8792999982833862,
      0.8800999522209167,
      0.878600001335144,
      0.8783999681472778,
      0.8795999884605408,
      0.8775999546051025,
      0.880299985408783,
      0.8787999749183655,
      0.878600001335144,
      0.8783999681472778,
      0.8791999816894531,
      0.87909996509552
    ],
    [
      0.8766999840736389,
      0.8793999552726746,
      0.87909996509552,
      0.8786999583244324,
      0.8794999718666077,
      0.8782999515533447,
      0.8810999989509583,
      0.8787999749183655,
      0.8779999613761902,
      0.8782999515533447,
      0.87909996509552,
      0.8784999847412109,
      0.87909996509552,
      0.8788999915122986,
      0.87909996509552,
      0.8799999952316284,
      0.8786999583244324,
      0.8795999884605408,
      0.8780999779701233,
      0.8797000050544739
    ],
    [
      0.8779000043869019,
      0.8792999982833862,
      0.8795999884605408,
      0.8773999810218811,
      0.8793999552726746,
      0.8789999485015869,
      0.8792999982833862,
      0.8804000020027161,
      0.8792999982833862,
      0.8792999982833862,
      0.8779999613761902,
      0.8794999718666077,
      0.8779000043869019,
      0.8784999847412109,
      0.8792999982833862,
      0.8783999681472778,
      0.8781999945640564,
      0.8761000037193298,
      0.878600001335144,
      0.8776999711990356
    ]
  ],
  "digital_baseline": 0.8804000020027161,
  "ideal_analog_baseline": 0.8815000057220459,
  "mean": [
    0.8791199713945389,
    0.8787449777126313,
    0.8786399781703949,
    0.8787149786949158,
    0.8791349768638611,
    0.8786049813032151,
    0.8789299786090851,
    0.8789349734783173,
    0.8786549866199493
  ],
  "std": [
    0.0008726986286238366,
    0.0009162266080520384,
    0.0009536235248369268,
    0.0010179794749064373,
    0.001034536706050541,
    0.0009041407754969165,
    0.0008849249405334869,
    0.0008713702229549811,
    0.0009562811080839481
  ],
  "normalized_mean": [
    0.9985460806391806,
    0.998120145063244,
    0.9980008816125425,
    0.9980860707587832,
    0.9985631245615887,
    0.9979611305140644,
    0.9983302778392923,
    0.998335951248221,
    0.9980179289200395
  ],
  "normalized_std": [
    0.0009912524155368462,
    0.0010406935551656347,
    0.0010831707436025025,
    0.0011562692782721017,
    0.0011750757652171716,
    0.001026965894411853,
    0.0010051396393917283,
    0.0009897435494920555,
    0.0010861893524632203
  ],
  "degradation_threshold_10pct": 0.15,
  "trial_seeds": {
    "digital_baseline": [
      101050345,
      101050346,
      101050347,
      101050348,
      101050349,
      101050350,
      101050351,
      101050352,
      101050353,
      101050354,
      101050355,
      101050356,
      101050357,
      101050358,
      101050359,
      101050360,
      101050361,
      101050362,
      101050363,
      101050364
    ],
    "ideal_analog_baseline": [
      202050648,
      202050649,
      202050650,
      202050651,
      202050652,
      202050653,
      202050654,
      202050655,
      202050656,
      202050657,
      202050658,
      202050659,
      202050660,
      202050661,
      202050662,
      202050663,
      202050664,
      202050665,
      202050666,
      202050667
    ],
    "per_trial": [
      [
        606131916,
        606131917,
        606131918,
        606131919,
        606131920,
        606131921,
        606131922,
        606131923,
        606131924,
        606131925,
        606131926,
        606131927,
        606131928,
        606131929,
        606131930,
        606131931,
        606131932,
        606131933,
        606131934,
        606131935
      ]
    ]
  },
  "metadata": {
    "arch": "deq",
    "analog_domain": "conservative",
    "analog_substrate": "classic",
    "seed": 50042,
    "pilot_profile_path": "/workspace/NEW_ACTUAL_RUNS/5-14/945/experiments/cross_arch_tolerance/results/profiles/deq_profile_classic_pcm.json",
    "dynamics_diagnostics": {},
    "calibration": "tensor sample_input",
    "ablation_noise": "thermal"
  },
  "normalized_mean_vs_ideal_analog": [
    0.9973000177968717,
    0.9968746137362099,
    0.996755499111644,
    0.9968405819522952,
    0.9973170404505584,
    0.9967157976176535,
    0.9970844842923674,
    0.9970901506215788,
    0.9967725251461953
  ],