{
  "sigma_values": [
    2.0,
    4.0,
    6.0,
    8.0,
    10.0,
    12.0,
    16.0
  ],
  "metric_name": "quality_vs_adc_bits_sigma0.050",
  "per_trial": [
    [
      -0.6964750289916992,
      -0.7080318927764893,
      -0.7017742395401001,
      -0.690558671951294,
      -0.701869785785675,
      -0.6940547227859497,
      -0.6932843327522278,
      -0.691254198551178,
      -0.6964260339736938,
      -0.6880069375038147,
      -0.6942892670631409,
      -0.6972302198410034,
      -0.7024915814399719,
      -0.6981868743896484,
      -0.6911181211471558,
      -0.6924697160720825,
      -0.6958634853363037,
      -0.6959903836250305,
      -0.7073621153831482,
      -0.691929817199707,
      -0.6994234323501587,
      -0.6973035335540771,
      -0.6935909390449524,
      -0.6923704147338867,
      -0.6928201913833618
    ],
    [
      -0.5046034455299377,
      -0.6619241833686829,
      -0.48478496074676514,
      -0.5208839178085327,
      -0.4903777837753296,
      -0.5097801089286804,
      -0.5049375891685486,
      -0.5735299587249756,
      -0.5313313007354736,
      -0.4958907663822174,
      -0.4984484016895294,
      -0.5111285448074341,
      -0.5317285060882568,
      -0.5686651468276978,
      -0.6018680930137634,
      -0.5143277049064636,
      -0.5329082012176514,
      -0.5118663907051086,
      -0.5201321840286255,
      -0.5107480883598328,
      -0.5114085674285889,
      -0.5172273516654968,
      -0.5255228281021118,
      -0.5354509353637695,
      -0.4742705225944519
    ],
    [
      -0.5234110355377197,
      -0.4888012707233429,
      -0.4867627024650574,
      -0.4886101484298706,
      -0.5475250482559204,
      -0.5591897368431091,
      -0.47618886828422546,
      -0.47874531149864197,
      -0.4807194471359253,
      -0.4840377867221832,
      -0.5042951703071594,
      -0.49700313806533813,
      -0.4653448760509491,
      -0.49191153049468994,
      -0.4899469316005707,
      -0.4752131402492523,
      -0.5084871649742126,
      -0.5068411827087402,
      -0.48389673233032227,
      -0.49099844694137573,
      -0.4920530319213867,
      -0.4569995701313019,
      -0.5505294799804688,
      -0.4560139775276184,
      -0.5448309183120728
    ],
    [
      -0.4859778881072998,
      -0.4776975214481354,
      -0.5272844433784485,
      -0.5247800350189209,
      -0.508562445640564,
      -0.504197359085083,
      -0.5199269652366638,
      -0.6464950442314148,
      -0.5147839188575745,
      -0.48070308566093445,
      -0.4636457860469818,
      -0.5126573443412781,
      -0.5268285870552063,
      -0.4953489601612091,
      -0.4886358976364136,
      -0.516549825668335,
      -0.503695011138916,
      -0.5321978330612183,
      -0.5005698204040527,
      -0.5094718337059021,
      -0.49237558245658875,
      -0.5268890857696533,
      -0.49568989872932434,
      -0.4888051748275757,
      -0.5373504161834717
    ],
    [
      -0.5103427171707153,
      -0.48381420969963074,
      -0.4845978617668152,
      -0.5417047142982483,
      -0.4930855333805084,
      -0.5389919877052307,
      -0.4988385736942291,
      -0.5587108135223389,
      -0.48560696840286255,
      -0.5100148916244507,
      -0.47933804988861084,
      -0.47556543350219727,
      -0.4951041638851166,
      -0.49793675541877747,
      -0.46509698033332825,
      -0.6031339168548584,
      -0.5179029107093811,
      -0.5409112572669983,
      -0.49412772059440613,
      -0.5134698152542114,
      -0.47402435541152954,
      -0.4951508343219757,
      -0.4893592298030853,
      -0.6004498600959778,
      -0.47866401076316833
    ],
    [
      -0.4745793342590332,
      -0.48816409707069397,
      -0.5145196914672852,
      -0.5029284954071045,
      -0.5315099358558655,
      -0.5424990057945251,
      -0.5092986822128296,
      -0.48260369896888733,
      -0.5448412895202637,
      -0.5113842487335205,
      -0.5329254269599915,
      -0.4755435585975647,
      -0.4568261206150055,
      -0.4940148890018463,
      -0.5692431926727295,
      -0.5233484506607056,
      -0.5285359621047974,
      -0.5509646534919739,
      -0.47120577096939087,
      -0.48042750358581543,
      -0.552230179309845,
      -0.5477995276451111,
      -0.5037446618080139,
      -0.49666526913642883,
      -0.545537531375885
    ],
    [
      -0.4932420551776886,
      -0.477233350276947,
      -0.5489363074302673,
      -0.5217301845550537,
      -0.5360915064811707,
      -0.5015565752983093,
      -0.45928841829299927,
      -0.46927088499069214,
      -0.4605843722820282,
      -0.5432893633842468,
      -0.4734937846660614,
      -0.46757587790489197,
      -0.4811306595802307,
      -0.5068536996841431,
      -0.48213890194892883,
      -0.5241684317588806,
      -0.5385395288467407,
      -0.5459919571876526,
      -0.47315514087677,
      -0.5085490942001343,
      -0.49867984652519226,
      -0.5193288326263428,
      -0.4860197901725769,
      -0.5267839431762695,
      -0.5306216478347778
    ]
  ],
  "digital_baseline": -0.4987901699542999,
  "mean": [
    -0.69616703748703,
    -0.525749819278717,
    -0.4971342658996582,
    -0.5112447905540466,
    -0.5090377426147461,
    -0.5132536470890046,
    -0.5029701662063598
  ],
  "std": [
    0.0049610492209222245,
    0.039049560640617736,
    0.027610803817226064,
    0.03317704867107718,
    0.03583375274053883,
    0.030066564844789336,
    0.028442858404842362
  ],
  "normalized_mean": [
    0.6042887782836335,
    0.9459499185260865,
    1.0033198409960513,
    0.9750303407124327,
    0.9794551431088044,
    0.9710028825627622,
    0.9916197300912268
  ],
  "normalized_std": [
    0.009946164779824681,
    0.07828855296846673,
    0.05535554924780458,
    0.06651504113266091,
    0.07184133709736498,
    0.060278984342341975,
    0.05702369476817947
  ],
  "degradation_threshold_10pct": 16.0
}