{
  "sigma_values": [
    0.0,
    0.01,
    0.02,
    0.03,
    0.05,
    0.07,
    0.1,
    0.12,
    0.15
  ],
  "metric_name": "quality",
  "per_trial": [
    [
      -0.5673907399177551,
      -0.5673814415931702,
      -0.5674206018447876,
      -0.5674214959144592,
      -0.5673621892929077,
      -0.5673657655715942,
      -0.5672892928123474,
      -0.5674148201942444,
      -0.5673632621765137,
      -0.5674448609352112,
      -0.5674423575401306,
      -0.5673977732658386,
      -0.567345380783081,
      -0.5674200057983398,
      -0.5674293041229248,
      -0.567406177520752,
      -0.5674083232879639,
      -0.5674264430999756,
      -0.5673984289169312,
      -0.5674092173576355,
      -0.5673898458480835,
      -0.5674154758453369,
      -0.5673888921737671,
      -0.5673721432685852,
      -0.5674146413803101,
      -0.5673922896385193,
      -0.567481517791748,
      -0.567362904548645,
      -0.5673829317092896,
      -0.5673500895500183,
      -0.5673983693122864,
      -0.5673702955245972,
      -0.5673366189002991,
      -0.5673866271972656,
      -0.5674512386322021,
      -0.5673301219940186,
      -0.5673694610595703,
      -0.5674277544021606,
      -0.5674132704734802,
      -0.5674240589141846,
      -0.5674420595169067,
      -0.5673469305038452,
      -0.5673902630805969,
      -0.5674104690551758,
      -0.5673845410346985,
      -0.5673800706863403,
      -0.5674065351486206,
      -0.5674253702163696,
      -0.5674591660499573,
      -0.5673578977584839
    ],
    [
      -0.5669963359832764,
      -0.5671930909156799,
      -0.5695600509643555,
      -0.5653826594352722,
      -0.5683743357658386,
      -0.5698083639144897,
      -0.5721723437309265,
      -0.5687943696975708,
      -0.5686980485916138,
      -0.5628370046615601,
      -0.572068989276886,
      -0.5677506923675537,
      -0.5692305564880371,
      -0.571671187877655,
      -0.5696214437484741,
      -0.5644163489341736,
      -0.5644574165344238,
      -0.5663272738456726,
      -0.572941780090332,
      -0.5649605989456177,
      -0.5681880116462708,
      -0.5635122060775757,
      -0.5703937411308289,
      -0.569009006023407,
      -0.567185640335083,
      -0.5667791962623596,
      -0.5635683536529541,
      -0.5676194429397583,
      -0.5765433311462402,
      -0.5666638612747192,
      -0.5707428455352783,
      -0.5741301774978638,
      -0.5633707046508789,
      -0.5646236538887024,
      -0.5710644125938416,
      -0.5689895749092102,
      -0.5735475420951843,
      -0.5663086175918579,
      -0.5688615441322327,
      -0.5706953406333923,
      -0.572422444820404,
      -0.573433518409729,
      -0.5667064189910889,
      -0.5627778172492981,
      -0.5653902292251587,
      -0.5694501996040344,
      -0.5691936612129211,
      -0.5662558674812317,
      -0.5691956877708435,
      -0.5701166987419128
    ],
    [
      -0.5710159540176392,
      -0.5591024160385132,
      -0.5820272564888,
      -0.5741150379180908,
      -0.5734034180641174,
      -0.5689701437950134,
      -0.5535700917243958,
      -0.5587922930717468,
      -0.5730424523353577,
      -0.584298312664032,
      -0.5618345737457275,
      -0.5663282871246338,
      -0.5610790848731995,
      -0.5675019025802612,
      -0.5687188506126404,
      -0.5664111375808716,
      -0.5682665705680847,
      -0.5649275183677673,
      -0.5731827020645142,
      -0.5694100856781006,
      -0.5662427544593811,
      -0.5694168210029602,
      -0.5703808665275574,
      -0.5626916885375977,
      -0.5723875761032104,
      -0.575210452079773,
      -0.5601091980934143,
      -0.5642492175102234,
      -0.5651713013648987,
      -0.5738728046417236,
      -0.5674827098846436,
      -0.5691646933555603,
      -0.5730639696121216,
      -0.5735334753990173,
      -0.5762543678283691,
      -0.5724372863769531,
      -0.5650368332862854,
      -0.5623069405555725,
      -0.5642773509025574,
      -0.5610400438308716,
      -0.5789851546287537,
      -0.5627405643463135,
      -0.5711174607276917,
      -0.5685918927192688,
      -0.5754302740097046,
      -0.5645509958267212,
      -0.5691016316413879,
      -0.568228542804718,
      -0.5661178827285767,
      -0.5671532154083252
    ],
    [
      -0.574600100517273,
      -0.5649732351303101,
      -0.5619670152664185,
      -0.5681432485580444,
      -0.571144700050354,
      -0.5661523938179016,
      -0.5812364220619202,
      -0.5700405240058899,
      -0.5673317313194275,
      -0.5849724411964417,
      -0.5808819532394409,
      -0.5630033016204834,
      -0.5724059343338013,
      -0.5709608197212219,
      -0.5658511519432068,
      -0.5611076951026917,
      -0.5704284906387329,
      -0.566179096698761,
      -0.5623211860656738,
      -0.5660580396652222,
      -0.5619990825653076,
      -0.5784344673156738,
      -0.5817872285842896,
      -0.5653818249702454,
      -0.547873318195343,
      -0.5795394778251648,
      -0.5716855525970459,
      -0.5570385456085205,
      -0.5812487006187439,
      -0.5722439885139465,
      -0.5652830004692078,
      -0.5809959173202515,
      -0.5669370889663696,
      -0.5701757669448853,
      -0.5658897161483765,
      -0.579474925994873,
      -0.574332594871521,
      -0.5710866451263428,
      -0.5650984644889832,
      -0.5713740587234497,
      -0.5587788224220276,
      -0.5649266242980957,
      -0.5818296670913696,
      -0.5679346919059753,
      -0.5783422589302063,
      -0.5758967399597168,
      -0.5633828043937683,
      -0.5634002685546875,
      -0.5744858980178833,
      -0.5670815706253052
    ],
    [
      -0.5674848556518555,
      -0.5512242913246155,
      -0.5913971662521362,
      -0.6089773178100586,
      -0.5831456184387207,
      -0.5792941451072693,
      -0.574708104133606,
      -0.5901257991790771,
      -0.5651818513870239,
      -0.5792512893676758,
      -0.5716063380241394,
      -0.5853437781333923,
      -0.6017662286758423,
      -0.5816543698310852,
      -0.578898012638092,
      -0.5721251964569092,
      -0.5814327597618103,
      -0.5548597574234009,
      -0.5977696180343628,
      -0.5741446614265442,
      -0.5751606225967407,
      -0.5612691640853882,
      -0.5939396619796753,
      -0.5870126485824585,
      -0.572302520275116,
      -0.5874289274215698,
      -0.5498469471931458,
      -0.5901994109153748,
      -0.5658919811248779,
      -0.5995196104049683,
      -0.6011048555374146,
      -0.5586779713630676,
      -0.5830404162406921,
      -0.5651947855949402,
      -0.5735977292060852,
      -0.5712389349937439,
      -0.5883594751358032,
      -0.5713489055633545,
      -0.5705952048301697,
      -0.5767372250556946,
      -0.5794209241867065,
      -0.5627197027206421,
      -0.584840714931488,
      -0.5302754640579224,
      -0.5719390511512756,
      -0.5761701464653015,
      -0.5632032155990601,
      -0.6177875995635986,
      -0.5824401378631592,
      -0.5675158500671387
    ],
    [
      -0.5707219243049622,
      -0.5669512748718262,
      -0.5594121813774109,
      -0.5818210244178772,
      -0.5800979733467102,
      -0.6108788847923279,
      -0.5916386246681213,
      -0.6018940210342407,
      -0.5667073130607605,
      -0.6119450926780701,
      -0.5701217651367188,
      -0.5815714001655579,
      -0.5857117176055908,
      -0.5833128690719604,
      -0.5619810819625854,
      -0.6085240244865417,
      -0.58383709192276,
      -0.6109123229980469,
      -0.6447163820266724,
      -0.6002711653709412,
      -0.612403154373169,
      -0.5884883403778076,
      -0.5915412306785583,
      -0.5716347694396973,
      -0.550852358341217,
      -0.5955182313919067,
      -0.6061185598373413,
      -0.5697634816169739,
      -0.5981682538986206,
      -0.5807796120643616,
      -0.578312337398529,
      -0.6102423667907715,
      -0.5802385807037354,
      -0.5683802962303162,
      -0.574998140335083,
      -0.5769311785697937,
      -0.6244211196899414,
      -0.5787518620491028,
      -0.5947434306144714,
