{
  "sigma_values": [
    0.0,
    0.01,
    0.02,
    0.03,
    0.05,
    0.07,
    0.1,
    0.12,
    0.15
  ],
  "metric_name": "quality_mismatch_only",
  "per_trial": [
    [
      0.8761999607086182,
      0.8804999589920044,
      0.8694999814033508,
      0.8718999624252319,
      0.873699963092804,
      0.8752999901771545,
      0.877299964427948,
      0.8743000030517578,
      0.8758999705314636,
      0.8757999539375305,
      0.8763999938964844,
      0.875,
      0.8621999621391296,
      0.873699963092804,
      0.8687999844551086,
      0.8750999569892883,
      0.8759999871253967,
      0.8765999674797058,
      0.8746999502182007,
      0.8787999749183655
    ],
    [
      0.8718999624252319,
      0.8708999752998352,
      0.871399998664856,
      0.8743999600410461,
      0.8759999871253967,
      0.8770999908447266,
      0.8728999495506287,
      0.8739999532699585,
      0.8779000043869019,
      0.8788999915122986,
      0.8722999691963196,
      0.8752999901771545,
      0.8761000037193298,
      0.8715999722480774,
      0.8743999600410461,
      0.873199999332428,
      0.8776999711990356,
      0.8743999600410461,
      0.875,
      0.8711999654769897
    ],
    [
      0.8762999773025513,
      0.8761000037193298,
      0.8752999901771545,
      0.8720999956130981,
      0.8763999938964844,
      0.8786999583244324,
      0.8736000061035156,
      0.8725999593734741,
      0.873699963092804,
      0.8723999857902527,
      0.880299985408783,
      0.8682999610900879,
      0.873699963092804,
      0.8743000030517578,
      0.8757999539375305,
      0.8746999502182007,
      0.8751999735832214,
      0.8711999654769897,
      0.8766999840736389,
      0.8746999502182007
    ],
    [
      0.8707999587059021,
      0.8733999729156494,
      0.8764999508857727,
      0.8734999895095825,
      0.8718000054359436,
      0.8687999844551086,
      0.873199999332428,
      0.8730999827384949,
      0.8725000023841858,
      0.878600001335144,
      0.8720999956130981,
      0.8762999773025513,
      0.8761999607086182,
      0.8696999549865723,
      0.8714999556541443,
      0.8657000064849854,
      0.8734999895095825,
      0.8751999735832214,
      0.8672999739646912,
      0.8761000037193298
    ],
    [
      0.8737999796867371,
      0.8720999956130981,
      0.8750999569892883,
      0.8628000020980835,
      0.8726999759674072,
      0.8718000054359436,
      0.8757999539375305,
      0.8718999624252319,
      0.8675000071525574,
      0.8709999918937683,
      0.8769999742507935,
      0.876800000667572,
      0.8725000023841858,
      0.8745999932289124,
      0.8736000061035156,
      0.8740999698638916,
      0.8746999502182007,
      0.871999979019165,
      0.8768999576568604,
      0.8700000047683716
    ],
    [
      0.873199999332428,
      0.8728999495506287,
      0.8718000054359436,
      0.8733999729156494,
      0.8740999698638916,
      0.8761000037193298,
      0.8700999617576599,
      0.8732999563217163,
      0.8759999871253967,
      0.8710999488830566,
      0.8698999881744385,
      0.8739999532699585,
      0.8643999695777893,
      0.8676999807357788,
      0.8695999979972839,
      0.8606999516487122,
      0.8721999526023865,
      0.8695999979972839,
      0.8781999945640564,
      0.8700000047683716
    ],
    [
      0.8721999526023865,
      0.8633999824523926,
      0.8660999536514282,
      0.8752999901771545,
      0.8488999605178833,
      0.8698999881744385,
      0.8693000078201294,
      0.8758999705314636,
      0.8601999878883362,
      0.8669999837875366,
      0.8743999600410461,
      0.8659999966621399,
      0.8535999655723572,
      0.8554999828338623,
      0.8743999600410461,
      0.8675999641418457,
      0.8705999851226807,
      0.8691999912261963,
      0.8535999655723572,
      0.8715999722480774
    ],
    [
      0.8608999848365784,
      0.8600999712944031,
      0.8618999719619751,
      0.8520999550819397,
      0.8555999994277954,
      0.8667999505996704,
      0.8721999526023865,
      0.8732999563217163,
      0.8449999690055847,
      0.866599977016449,
      0.8705999851226807,
      0.8560000061988831,
      0.8707000017166138,
      0.8640999794006348,
      0.8615999817848206,
      0.868399977684021,
      0.8520999550819397,
      0.8641999959945679,
      0.8680999875068665,
      0.8644999861717224
    ],
    [
      0.8667999505996704,
      0.8621000051498413,
      0.8606999516487122,
      0.8503999710083008,
      0.8678999543190002,
      0.8509999513626099,
      0.8689999580383301,
      0.8650999665260315,
      0.8734999895095825,
      0.8547999858856201,
      0.871399998664856,
      0.875,
      0.8522999882698059,
      0.8655999898910522,
      0.8532999753952026,
      0.8695999979972839,
      0.8621000051498413,
      0.8471999764442444,
      0.8357999920845032,
      0.8435999751091003
    ]
  ],
  "digital_baseline": 0.880299985408783,
  "ideal_analog_baseline": 0.8805999755859375,
  "mean": [
    0.8743849724531174,
    0.8743299782276154,
    0.8746049761772156,
    0.8727899819612503,
    0.8728349834680558,
    0.8714149773120881,
    0.866234976053238,
    0.8627399772405624,
    0.8598599791526794
  ],
  "std": [
    0.003853734887124825,
    0.00235629659059798,
    0.0025831159160293006,
    0.0031852622797075287,
    0.0032947242111483334,
    0.003918457737117558,
    0.0077651979298331555,
    0.00733235338998247,
    0.010507446870996338
  ],
  "normalized_mean": [
    0.9932806849327405,
    0.9932182127909552,
    0.9935306039691426,
    0.9914688133908747,
    0.9915199340401435,
    0.9899068405725703,
    0.9840224814396497,
    0.9800522453035527,
    0.9767806354709732
  ],
  "normalized_std": [
    0.004377751847099344,
    0.002676697295983473,
    0.0029343586945872603,
    0.003618382747363554,
    0.003742728917141092,
    0.0044512754766182945,
    0.00882108151600985,
    0.008329380337973721,
    0.011936211570101319
  ],
  "degradation_threshold_10pct": 0.15,
  "trial_seeds": {
    "digital_baseline": [
      101050345,
      101050346,
      101050347,
      101050348,
      101050349,
      101050350,
      101050351,
      101050352,
      101050353,
      101050354,
      101050355,
      101050356,
      101050357,
      101050358,
      101050359,
      101050360,
      101050361,
      101050362,
      101050363,
      101050364
    ],
    "ideal_analog_baseline": [
      202050648,
      202050649,
      202050650,
      202050651,
      202050652,
      202050653,
      202050654,
      202050655,
      202050656,
      202050657,
      202050658,
      202050659,
      202050660,
      202050661,
      202050662,
      202050663,
      202050664,
      202050665,
      202050666,
      202050667
    ],
    "per_trial": [
      [
        505131613,
        505131614,
        505131615,
        505131616,
        505131617,
        505131618,
        505131619,
        505131620,
        505131621,
        505131622,
        505131623,
        505131624,
        505131625,
        505131626,
        505131627,
        505131628,
        505131629,
        505131630,
        505131631,
        505131632
      ]
    ]
  },
  "metadata": {
    "arch": "deq",
    "analog_domain": "full_analog",
    "analog_substrate": "classic",
    "seed": 50042,
    "pilot_profile_path": "/workspace/NEW_ACTUAL_RUNS/5-14/945/experiments/cross_arch_tolerance/results/profiles/deq_profile_full_analog_classic_reram.json",
    "dynamics_diagnostics": {},
    "calibration": "tensor sample_input",
    "ablation_noise": "mismatch"
  },
  "normalized_mean_vs_ideal_analog": [
    0.9929423083066921,
    0.9928798574470206,
    0.9931921422042591,
    0.9911310540072517,
    0.9911821572414705,
    0.9895696132994577,
    0.98368725876566,
    0.9797183751527004,
    0.9764478798452635
  ],