{
  "sigma_values": [
    0.0,
    0.01,
    0.02,
    0.03,
    0.05,
    0.07,
    0.1,
    0.12,
    0.15
  ],
  "metric_name": "quality_thermal_only",
  "per_trial": [
    [
      -0.5013429522514343,
      -0.501350462436676,
      -0.501343309879303,
      -0.5013404488563538,
      -0.5013332366943359,
      -0.5013400912284851,
      -0.5013376474380493,
      -0.5013464093208313,
      -0.5013470649719238,
      -0.5013445019721985
    ],
    [
      -0.5013500452041626,
      -0.5013441443443298,
      -0.5013588666915894,
      -0.5013410449028015,
      -0.5013401508331299,
      -0.501346230506897,
      -0.5013473033905029,
      -0.5013447999954224,
      -0.5013461709022522,
      -0.5013496279716492
    ],
    [
      -0.5013396739959717,
      -0.5013440251350403,
      -0.5013492703437805,
      -0.5013471245765686,
      -0.5013414621353149,
      -0.5013411045074463,
      -0.5013420581817627,
      -0.5013366341590881,
      -0.5013431906700134,
      -0.5013378858566284
    ],
    [
      -0.5013382434844971,
      -0.5013474822044373,
      -0.5013408660888672,
      -0.5013384819030762,
      -0.5013464093208313,
      -0.5013393759727478,
      -0.5013483762741089,
      -0.5013368725776672,
      -0.5013344287872314,
      -0.5013440847396851
    ],
    [
      -0.5013410449028015,
      -0.5013440251350403,
      -0.5013383030891418,
      -0.5013447403907776,
      -0.5013406276702881,
      -0.501339316368103,
      -0.5013337135314941,
      -0.5013318657875061,
      -0.5013416409492493,
      -0.5013561248779297
    ],
    [
      -0.5013318061828613,
      -0.5013421177864075,
      -0.5013366937637329,
      -0.5013516545295715,
      -0.5013509392738342,
      -0.5013434886932373,
      -0.5013399720191956,
      -0.5013390183448792,
      -0.5013386011123657,
      -0.501347005367279
    ],
    [
      -0.5013403296470642,
      -0.5013440847396851,
      -0.5013425946235657,
      -0.5013335347175598,
      -0.5013397336006165,
      -0.5013490319252014,
      -0.5013523697853088,
      -0.5013395547866821,
      -0.5013483166694641,
      -0.5013409852981567
    ],
    [
      -0.5013501048088074,
      -0.5013431310653687,
      -0.5013435482978821,
      -0.501352071762085,
      -0.5013487339019775,
      -0.5013431906700134,
      -0.5013414025306702,
      -0.5013436675071716,
      -0.5013437867164612,
      -0.5013485550880432
    ],
    [
      -0.5013397932052612,
      -0.5013348460197449,
      -0.5013464689254761,
      -0.5013375282287598,
      -0.5013415813446045,
      -0.5013428926467896,
      -0.501343846321106,
      -0.5013499855995178,
      -0.5013427734375,
      -0.5013477802276611
    ]
  ],
  "digital_baseline": -0.5013422966003418,
  "mean": [
    -0.5013426125049592,
    -0.5013468384742736,
    -0.5013422429561615,
    -0.5013414621353149,
    -0.5013411402702331,
    -0.5013421297073364,
    -0.5013430535793304,
    -0.501345819234848,
    -0.5013427495956421
  ],
  "std": [
    4.728947774052323e-06,
    5.0346558419576864e-06,
    3.691491342349091e-06,
    4.581267436952556e-06,
    6.315797712987918e-06,
    5.973789103430763e-06,
    5.263805610782174e-06,
    3.4785272733571946e-06,
    4.388148840644067e-06
  ],
  "normalized_mean": [
    0.9999993698823748,
    0.9999909405730124,
    1.0000001070011062,
    1.0000016644616512,
    1.0000023064682881,
    1.0000003328923304,
    0.9999984900955021,
    0.9999929735940293,
    0.9999990964351037
  ],
  "normalized_std": [
    9.432572926959978e-06,
    1.0042352053872675e-05,
    7.3632154465751375e-06,
    9.138003053041092e-06,
    1.2597775523461813e-05,
    1.1915589695782094e-05,
    1.0499424537838974e-05,
    6.938427690911932e-06,
    8.752799973991013e-06
  ],
  "degradation_threshold_10pct": 0.15
}