{
  "sigma_values": [
    0.0,
    0.01,
    0.02,
    0.03,
    0.05,
    0.07,
    0.1,
    0.12,
    0.15
  ],
  "metric_name": "quality",
  "per_trial": [
    [
      -0.5846536159515381,
      -0.584632933139801,
      -0.5846618413925171,
      -0.584617555141449,
      -0.5846271514892578,
      -0.5846530199050903,
      -0.584683358669281,
      -0.5846235156059265,
      -0.5846477150917053,
      -0.5846027135848999,
      -0.5846229195594788,
      -0.584726095199585,
      -0.5846179127693176,
      -0.5846665501594543,
      -0.5846558809280396,
      -0.5846527814865112,
      -0.5846566557884216,
      -0.5846580862998962,
      -0.5845945477485657,
      -0.584648072719574,
      -0.5846715569496155,
      -0.5846413969993591,
      -0.584649920463562,
      -0.5846078991889954,
      -0.5846636891365051,
      -0.5846558809280396,
      -0.5845829844474792,
      -0.5846306681632996,
      -0.5846348404884338,
      -0.5846295952796936,
      -0.5846166014671326,
      -0.5846815705299377,
      -0.5846191644668579,
      -0.5846115350723267,
      -0.5846445560455322,
      -0.5846831798553467,
      -0.5846586227416992,
      -0.5846352577209473,
      -0.5846499800682068,
      -0.5846719145774841,
      -0.5846107602119446,
      -0.584651529788971,
      -0.5846080183982849,
      -0.5846200585365295,
      -0.5846757888793945,
      -0.5846938490867615,
      -0.5847218036651611,
      -0.5846823453903198,
      -0.5846823453903198,
      -0.5846529006958008
    ],
    [
      -0.5817899107933044,
      -0.5865903496742249,
      -0.5857319235801697,
      -0.5842226147651672,
      -0.5800839066505432,
      -0.5859843492507935,
      -0.5854792594909668,
      -0.5795494318008423,
      -0.5816219449043274,
      -0.5817654728889465,
      -0.5791482329368591,
      -0.5803959965705872,
      -0.585002601146698,
      -0.5820866227149963,
      -0.5873645544052124,
      -0.5855541825294495,
      -0.5866965055465698,
      -0.5790322422981262,
      -0.5863871574401855,
      -0.5834888815879822,
      -0.585378885269165,
      -0.5882389545440674,
      -0.5863401889801025,
      -0.5820427536964417,
      -0.5828112363815308,
      -0.580346405506134,
      -0.589221179485321,
      -0.5847790837287903,
      -0.5866552591323853,
      -0.5873039960861206,
      -0.5847890377044678,
      -0.5816606283187866,
      -0.5878217816352844,
      -0.5809899568557739,
      -0.5891566872596741,
      -0.5844407677650452,
      -0.5873398184776306,
      -0.5837754607200623,
      -0.5847062468528748,
      -0.5914739966392517,
      -0.5856969952583313,
      -0.5857383608818054,
      -0.5863702893257141,
      -0.5879726409912109,
      -0.5847698450088501,
      -0.5824016332626343,
      -0.5853148102760315,
      -0.5808768272399902,
      -0.581821084022522,
      -0.5863788723945618
    ],
    [
      -0.5871518850326538,
      -0.5752532482147217,
      -0.5839715600013733,
      -0.5838311314582825,
      -0.5821728110313416,
      -0.5860888957977295,
      -0.5964863300323486,
      -0.5842113494873047,
      -0.5861206650733948,
      -0.5897191166877747,
      -0.5911614894866943,
      -0.5826935172080994,
      -0.5821198225021362,
      -0.5931780338287354,
      -0.5829620361328125,
      -0.5866305232048035,
      -0.5905186533927917,
      -0.5848799347877502,
      -0.5834699273109436,
      -0.5927271246910095,
      -0.5894579887390137,
      -0.5891692638397217,
      -0.5866538286209106,
      -0.5822196006774902,
      -0.5826328992843628,
      -0.5921249985694885,
      -0.5862252712249756,
      -0.5815542936325073,
      -0.5872458815574646,
      -0.5811058878898621,
      -0.5902547836303711,
      -0.5820019841194153,
      -0.5820004940032959,
      -0.5925810933113098,
      -0.5902227759361267,
      -0.5849091410636902,
      -0.5902314186096191,
      -0.5874852538108826,
      -0.587922990322113,
      -0.5953110456466675,
      -0.5895841121673584,
      -0.5907902121543884,
      -0.5811931490898132,
      -0.5867443084716797,
      -0.5893634557723999,
      -0.5871272683143616,
      -0.5919187664985657,
      -0.5904968976974487,
      -0.5849102735519409,
      -0.5816525220870972
    ],
    [
      -0.5849549770355225,
      -0.5800774693489075,
      -0.5864506363868713,
      -0.6136735081672668,
      -0.5800348520278931,
      -0.5860302448272705,
      -0.5717450380325317,
      -0.5685302019119263,
      -0.5823044180870056,
      -0.5932557582855225,
      -0.5781223773956299,
      -0.5851179957389832,
      -0.578937828540802,
      -0.5917667150497437,
      -0.5998038053512573,
      -0.584084689617157,
      -0.5704669952392578,
      -0.5848778486251831,
      -0.5728743672370911,
      -0.5832827687263489,
      -0.57649165391922,
      -0.5849109292030334,
      -0.5880513787269592,
      -0.5907785296440125,
      -0.6067307591438293,
      -0.593609631061554,
      -0.5981842279434204,
      -0.5812379121780396,
      -0.592108964920044,
      -0.5890107154846191,
      -0.5756938457489014,
      -0.5933630466461182,
      -0.5848837494850159,
      -0.5925837159156799,
      -0.5896044373512268,
      -0.587422251701355,
      -0.5937293171882629,
      -0.5909368395805359,
      -0.6000074148178101,
      -0.5683624148368835,
      -0.5903098583221436,
      -0.5966441631317139,
      -0.6006091833114624,
      -0.5776003003120422,
      -0.5811980366706848,
      -0.5842648148536682,
      -0.591610848903656,
      -0.5816633105278015,
      -0.6033436059951782,
      -0.5946202874183655
    ],
    [
      -0.5694681406021118,
      -0.5940622091293335,
      -0.6134171485900879,
      -0.5989993214607239,
      -0.5839477777481079,
      -0.5851061344146729,
      -0.5977428555488586,
      -0.586772620677948,
      -0.5776883363723755,
      -0.5929892659187317,
      -0.6110235452651978,
      -0.6131220459938049,
      -0.6215249300003052,
      -0.6139280200004578,
      -0.5959622859954834,
      -0.584197461605072,
      -0.6021203994750977,
      -0.5943018794059753,
      -0.5825384855270386,
      -0.6038397550582886,
      -0.5893644690513611,
      -0.5914193391799927,
      -0.5918330550193787,
      -0.5949317216873169,
      -0.5830373764038086,
      -0.5865957140922546,
      -0.5898909568786621,
      -0.6083756685256958,
      -0.5857248306274414,
      -0.5890564322471619,
      -0.5880877375602722,
      -0.5862472057342529,
      -0.6007452607154846,
      -0.5931492447853088,
      -0.5892286896705627,
      -0.5734684467315674,
      -0.6096702218055725,
      -0.6047229766845703,
      -0.6175360083580017,
      -0.5986790060997009,
      -0.6102331280708313,
      -0.5644232630729675,
      -0.5940656661987305,
      -0.5697386264801025,
      -0.600864052772522,
      -0.6052859425544739,
      -0.5765566229820251,
      -0.6173909902572632,
      -0.5903802514076233,
      -0.5902886986732483
    ],
    [
      -0.6027085185050964,
      -0.6148449182510376,
      -0.6162313222885132,
      -0.598263680934906,
      -0.6072325706481934,
      -0.585686206817627,
      -0.5934067964553833,
      -0.6000716090202332,
      -0.6087715029716492,
      -0.6589558124542236,
      -0.629217803478241,
      -0.6236776113510132,
      -0.6185311675071716,
      -0.6721441149711609,
      -0.5537295937538147,
      -0.5772614479064941,
      -0.6201390624046326,
      -0.59527587890625,
      -0.58829665184021,
      -0.5787398219108582,
      -0.6276648640632629,
      -0.5960161685943604,
      -0.6102103590965271,
      -0.6014557480812073,
      -0.6371454000473022,
      -0.6153398156166077,
      -0.6148646473884583,
      -0.5789152383804321,
      -0.6259527802467346,
      -0.6008504629135132,
      -0.6254437565803528,
      -0.6190372705459595,
      -0.5585775375366211,
      -0.5691173076629639,
      -0.58453369140625,
      -0.5986011624336243,
      -0.5911152958869934,
      -0.6184788346290588,
      -0.5866230726242065,
