{
  "sigma_values": [
    0.0,
    0.01,
    0.02,
    0.03,
    0.05,
    0.07,
    0.1,
    0.12,
    0.15
  ],
  "metric_name": "quality",
  "per_trial": [
    [
      -0.17764504253864288,
      -0.17716717720031738,
      -0.17751185595989227,
      -0.17772692441940308,
      -0.17778441309928894,
      -0.17747797071933746,
      -0.177690789103508,
      -0.17740878462791443,
      -0.17792905867099762,
      -0.17751936614513397,
      -0.17760568857192993,
      -0.17730797827243805,
      -0.17764635384082794,
      -0.17778386175632477,
      -0.17792148888111115,
      -0.1777762472629547,
      -0.1773865520954132,
      -0.17712710797786713,
      -0.17762406170368195,
      -0.17752602696418762,
      -0.1778804510831833,
      -0.17762166261672974,
      -0.17736372351646423,
      -0.1776091754436493,
      -0.1773313581943512,
      -0.1773194670677185,
      -0.17740222811698914,
      -0.17719011008739471,
      -0.17767205834388733,
      -0.17747098207473755,
      -0.17760640382766724,
      -0.1775410920381546,
      -0.1778215616941452,
      -0.1774982362985611,
      -0.17746946215629578,
      -0.17788514494895935,
      -0.17766514420509338,
      -0.17756372690200806,
      -0.17743489146232605,
      -0.17754696309566498,
      -0.17746534943580627,
      -0.1778835505247116,
      -0.17771761119365692,
      -0.1773909032344818,
      -0.17769981920719147,
      -0.17744098603725433,
      -0.1777663677930832,
      -0.17781472206115723,
      -0.1778220683336258,
      -0.17729803919792175
    ],
    [
      -0.17655228078365326,
      -0.1763644814491272,
      -0.17805002629756927,
      -0.17492347955703735,
      -0.17681632936000824,
      -0.17634500563144684,
      -0.17462226748466492,
      -0.1791069060564041,
      -0.17873182892799377,
      -0.17777974903583527,
      -0.17664243280887604,
      -0.17638516426086426,
      -0.1741500049829483,
      -0.1760154366493225,
      -0.17513182759284973,
      -0.17995493113994598,
      -0.1773073673248291,
      -0.17863862216472626,
      -0.17581559717655182,
      -0.17545105516910553,
      -0.1756637841463089,
      -0.17758014798164368,
      -0.17522497475147247,
      -0.1769254207611084,
      -0.17843882739543915,
      -0.1774033159017563,
      -0.17426420748233795,
      -0.17501066625118256,
      -0.1779526025056839,
      -0.17602887749671936,
      -0.1773337870836258,
      -0.17566318809986115,
      -0.178358793258667,
      -0.1767457276582718,
      -0.17796540260314941,
      -0.17437541484832764,
      -0.18263189494609833,
      -0.17643818259239197,
      -0.174578458070755,
      -0.1783209890127182,
      -0.1777837574481964,
      -0.17858880758285522,
      -0.17677156627178192,
      -0.17825181782245636,
      -0.18018093705177307,
      -0.17707137763500214,
      -0.17520424723625183,
      -0.17641721665859222,
      -0.17988115549087524,
      -0.17631842195987701
    ],
    [
      -0.17536813020706177,
      -0.1830272078514099,
      -0.1764141023159027,
      -0.17752641439437866,
      -0.17877522110939026,
      -0.1726066768169403,
      -0.18088090419769287,
      -0.17719554901123047,
      -0.18137630820274353,
      -0.1812009960412979,
      -0.17696745693683624,
      -0.18010585010051727,
      -0.17729005217552185,
      -0.17667272686958313,
      -0.1764506995677948,
      -0.17700248956680298,
      -0.17604342103004456,
      -0.1780855357646942,
      -0.179136261343956,
      -0.1788651943206787,
      -0.17937156558036804,
      -0.1829443871974945,
      -0.1837744116783142,
      -0.1725660264492035,
      -0.1732245236635208,
      -0.17452289164066315,
      -0.1768687516450882,
      -0.18266406655311584,
      -0.17493003606796265,
      -0.172450453042984,
      -0.17380931973457336,
      -0.16941672563552856,
      -0.17583617568016052,
      -0.17732647061347961,
      -0.17783144116401672,
      -0.17738957703113556,
      -0.17902794480323792,
      -0.17549756169319153,
      -0.17975592613220215,
      -0.1833711862564087,
      -0.17502698302268982,
      -0.18194681406021118,
      -0.18382789194583893,
      -0.17416773736476898,
      -0.1739773154258728,
      -0.17837996780872345,
      -0.17730805277824402,
      -0.18300358951091766,
      -0.17811067402362823,
      -0.1785380095243454
    ],
    [
      -0.17455311119556427,
      -0.17459112405776978,
      -0.18057125806808472,
      -0.1822676956653595,
      -0.1796206533908844,
      -0.17067144811153412,
      -0.17583662271499634,
      -0.1797473132610321,
      -0.17697535455226898,
      -0.17688214778900146,
      -0.17881695926189423,
      -0.1761901080608368,
      -0.1746763437986374,
      -0.17570675909519196,
      -0.19763144850730896,
      -0.18095356225967407,
      -0.18057747185230255,
      -0.1807842254638672,
      -0.1808144450187683,
      -0.1828669011592865,
      -0.17877976596355438,
      -0.1778700351715088,
      -0.17945577204227448,
      -0.17689329385757446,
      -0.1715867668390274,
      -0.1721505969762802,
      -0.1690826416015625,
      -0.17922431230545044,
      -0.17729559540748596,
      -0.16879546642303467,
      -0.1836182028055191,
      -0.18002721667289734,
      -0.17947252094745636,
      -0.1875549703836441,
      -0.1787344366312027,
      -0.1833009570837021,
      -0.1768229901790619,
      -0.17574800550937653,
      -0.18400846421718597,
      -0.18279758095741272,
      -0.17827752232551575,
      -0.16859395802021027,
      -0.18879424035549164,
      -0.18215857446193695,
      -0.18058791756629944,
      -0.17783163487911224,
      -0.1777505725622177,
      -0.17777681350708008,
      -0.17896324396133423,
      -0.1806829422712326
    ],
    [
      -0.16856491565704346,
      -0.1748233437538147,
      -0.17529092729091644,
      -0.1861182600259781,
      -0.17922642827033997,
      -0.18819639086723328,
      -0.18599218130111694,
      -0.17680440843105316,
      -0.18556325137615204,
      -0.1803748607635498,
      -0.18169021606445312,
      -0.1734544336795807,
      -0.17605464160442352,
      -0.18199558556079865,
      -0.1806880086660385,
      -0.18232868611812592,
      -0.18809941411018372,
      -0.19081510603427887,
      -0.1833365112543106,
      -0.1926611214876175,
      -0.18067368865013123,
      -0.18097002804279327,
      -0.18082492053508759,
      -0.16935980319976807,
      -0.1875099539756775,
      -0.1795819103717804,
      -0.18355990946292877,
      -0.1809939444065094,
      -0.17684349417686462,
      -0.17509068548679352,
      -0.20659206807613373,
      -0.18247221410274506,
      -0.18603339791297913,
      -0.1837422102689743,
      -0.1804172545671463,
      -0.18639910221099854,
      -0.18451018631458282,
      -0.18138544261455536,
      -0.179697647690773,
      -0.1872825175523758,
      -0.173468217253685,
      -0.1918036788702011,
      -0.16729983687400818,
      -0.17395569384098053,
      -0.17814777791500092,
      -0.18058180809020996,
      -0.1852884143590927,
      -0.1795690357685089,
      -0.18491768836975098,
      -0.18110334873199463
    ],
    [
      -0.18948334455490112,
      -0.2055184245109558,
      -0.2003009170293808,
      -0.1865559071302414,
      -0.18894627690315247,
      -0.18048930168151855,
      -0.18426765501499176,
      -0.18716058135032654,
      -0.1776784360408783,
      -0.19577865302562714,
      -0.17180392146110535,
      -0.19797098636627197,
      -0.16902995109558105,
      -0.1886894702911377,
      -0.17321594059467316,
      -0.18221238255500793,
      -0.1884109526872635,
      -0.18151253461837769,
      -0.1839500069618225,
      -0.20285163819789886,
      -0.18541817367076874,
      -0.17701296508312225,
      -0.19004330039024353,
      -0.17903487384319305,
      -0.1842990517616272,
      -0.19428369402885437,
      -0.18088041245937347,
      -0.18115566670894623,
      -0.17874881625175476,
      -0.16550569236278534,
      -0.1700795441865921,
