{
  "sigma_values": [
    2.0,
    4.0,
    6.0,
    8.0,
    10.0,
    12.0,
    16.0
  ],
  "metric_name": "quality_vs_adc_bits_sigma0.050",
  "per_trial": [
    [
      -2.288367748260498,
      -2.2894287109375,
      -2.2897531986236572,
      -2.2876224517822266,
      -2.2905890941619873,
      -2.291825532913208,
      -2.290614604949951,
      -2.2884297370910645,
      -2.2896528244018555,
      -2.2886359691619873,
      -2.2910938262939453,
      -2.289926767349243,
      -2.2912299633026123,
      -2.2905008792877197,
      -2.290398120880127,
      -2.291867256164551,
      -2.2911624908447266,
      -2.2894437313079834,
      -2.2887635231018066,
      -2.289121627807617,
      -2.2910680770874023,
      -2.2892401218414307,
      -2.289189577102661,
      -2.2885653972625732,
      -2.2877461910247803
    ],
    [
      -0.571847677230835,
      -0.5569924116134644,
      -0.5461801886558533,
      -0.582629919052124,
      -0.5474011301994324,
      -0.5556573271751404,
      -0.5743012428283691,
      -0.5665995478630066,
      -0.5627331137657166,
      -0.5438051819801331,
      -0.5601790547370911,
      -0.5637891888618469,
      -0.5580358505249023,
      -0.5585857629776001,
      -0.5501503348350525,
      -0.57867830991745,
      -0.5760151147842407,
      -0.5562991499900818,
      -0.5810298323631287,
      -0.5535323619842529,
      -0.5674839019775391,
      -0.5473867654800415,
      -0.5656253695487976,
      -0.5738738179206848,
      -0.5495781302452087
    ],
    [
      -0.5050284266471863,
      -0.5216416120529175,
      -0.5136547088623047,
      -0.5295420289039612,
      -0.51682448387146,
      -0.5125364065170288,
      -0.5106593370437622,
      -0.5136042237281799,
      -0.5133470296859741,
      -0.5181904435157776,
      -0.5123435854911804,
      -0.5061935186386108,
      -0.5132372379302979,
      -0.5347468852996826,
      -0.5236145853996277,
      -0.5175378918647766,
      -0.5153487920761108,
      -0.5105500221252441,
      -0.5142048597335815,
      -0.5170999765396118,
      -0.5160480737686157,
      -0.5073683261871338,
      -0.5045207738876343,
      -0.5048918128013611,
      -0.5270331501960754
    ],
    [
      -0.519836962223053,
      -0.5075743198394775,
      -0.5117493867874146,
      -0.5116357803344727,
      -0.5094330310821533,
      -0.5068213939666748,
      -0.5070763826370239,
      -0.5081834197044373,
      -0.5017604231834412,
      -0.5210072994232178,
      -0.5127905607223511,
      -0.5292262434959412,
      -0.49803870916366577,
      -0.5215994715690613,
      -0.5183344483375549,
      -0.5077366232872009,
      -0.5107835531234741,
      -0.5119600296020508,
      -0.519596517086029,
      -0.5139597058296204,
      -0.5159100294113159,
      -0.5187229514122009,
      -0.5090468525886536,
      -0.5059605240821838,
      -0.5161738395690918
    ],
    [
      -0.5089414715766907,
      -0.5157794952392578,
      -0.5115481615066528,
      -0.5125737190246582,
      -0.506941556930542,
      -0.5179540514945984,
      -0.5096936821937561,
      -0.5058721899986267,
      -0.5135822892189026,
      -0.5051938891410828,
      -0.5084937214851379,
      -0.5017574429512024,
      -0.5019355416297913,
      -0.5086551308631897,
      -0.5073066353797913,
      -0.5032863020896912,
      -0.5008353590965271,
      -0.5075435638427734,
      -0.5089290142059326,
      -0.5081542730331421,
      -0.508887529373169,
      -0.5093818306922913,
      -0.5242103338241577,
      -0.5069835782051086,
      -0.5167655348777771
    ],
    [
      -0.510877788066864,
      -0.49877679347991943,
      -0.5190618634223938,
      -0.5074273943901062,
      -0.5098372101783752,
      -0.511070728302002,
      -0.5076602101325989,
      -0.5100702047348022,
      -0.5104858875274658,
      -0.5078775882720947,
      -0.5155835151672363,
      -0.5136489868164062,
      -0.5020443201065063,
      -0.505834698677063,
      -0.5059083700180054,
      -0.5114201903343201,
      -0.5019747018814087,
      -0.5114488005638123,
      -0.5078855752944946,
      -0.5148181319236755,
      -0.508538007736206,
      -0.5095657110214233,
      -0.5042388439178467,
      -0.5124136209487915,
      -0.5102040767669678
    ],
    [
      -0.5104037523269653,
      -0.5064568519592285,
      -0.500467836856842,
      -0.5099545121192932,
      -0.5113822817802429,
      -0.512506902217865,
      -0.5061613321304321,
      -0.5074893832206726,
      -0.5050530433654785,
      -0.5045552849769592,
      -0.509335458278656,
      -0.504447877407074,
      -0.5041134357452393,
      -0.5128544569015503,
      -0.5076838135719299,
      -0.5054460763931274,
      -0.5108073949813843,
      -0.49851757287979126,
      -0.5079635977745056,
      -0.520665168762207,
      -0.5259225368499756,
      -0.5059126019477844,
      -0.5035078525543213,
      -0.5174164772033691,
      -0.5091243982315063
    ]
  ],
  "digital_baseline": -0.5013422966003418,
  "mean": [
    -2.2897694969177245,
    -0.5619356274604798,
    -0.5151907277107238,
    -0.5125967383384704,
    -0.509248251914978,
    -0.5091469287872314,
    -0.508725996017456
  ],
  "std": [
    0.001199412618403844,
    0.011353434777860388,
    0.007479079824763346,
    0.006809886174925228,
    0.005281986955435982,
    0.0044187418451559855,
    0.005882410559641398
  ],
  "normalized_mean": [
    -2.5672777111464713,
    0.8791378041090326,
    0.9723772935092655,
    0.9775513819311751,
    0.9842304242665193,
    0.9844325279558224,
    0.9852721394799842
  ],
  "normalized_std": [
    0.002392402609030188,
    0.02264607405927906,
    0.014918110591266333,
    0.013583306697048759,
    0.010535689869483836,
    0.008813822163260447,
    0.011733321923026806
  ],
  "degradation_threshold_10pct": 16.0
}