{
  "sigma_values": [
    2.0,
    4.0,
    6.0,
    8.0,
    10.0,
    12.0,
    16.0
  ],
  "metric_name": "quality_vs_adc_bits_sigma0.050",
  "per_trial": [
    [
      -0.6596562266349792,
      -0.6660957932472229,
      -0.659963846206665,
      -0.6636939644813538,
      -0.6671457290649414,
      -0.6753624677658081,
      -0.6544734835624695,
      -0.6679251194000244,
      -0.6580320000648499,
      -0.6699256896972656,
      -0.6717798113822937,
      -0.6701523065567017,
      -0.6598353385925293,
      -0.6644931435585022,
      -0.6530008912086487,
      -0.675231397151947,
      -0.6531291007995605,
      -0.6637923717498779,
      -0.653426468372345,
      -0.6520060300827026,
      -0.6590794324874878,
      -0.665452241897583,
      -0.6702679395675659,
      -0.6517400145530701,
      -0.6719841361045837
    ],
    [
      -0.5123719573020935,
      -0.5211512446403503,
      -0.5128746628761292,
      -0.5116157531738281,
      -0.508817195892334,
      -0.5184136629104614,
      -0.5220223069190979,
      -0.5173026323318481,
      -0.5192111134529114,
      -0.5303760766983032,
      -0.5129290819168091,
      -0.5254277586936951,
      -0.5160185694694519,
      -0.5201290249824524,
      -0.521577775478363,
      -0.5202170014381409,
      -0.5213916897773743,
      -0.5187898874282837,
      -0.5236043930053711,
      -0.5210051536560059,
      -0.5263543128967285,
      -0.5218245983123779,
      -0.5310658812522888,
      -0.5163589119911194,
      -0.5119584202766418
    ],
    [
      -0.5014257431030273,
      -0.513120710849762,
      -0.506069540977478,
      -0.5133313536643982,
      -0.5050693154335022,
      -0.517013669013977,
      -0.5182815194129944,
      -0.5056118369102478,
      -0.5094296932220459,
      -0.5003541707992554,
      -0.505844235420227,
      -0.5086477994918823,
      -0.516676664352417,
      -0.514030933380127,
      -0.5102880597114563,
      -0.5074978470802307,
      -0.5171636939048767,
      -0.5185777544975281,
      -0.49823877215385437,
      -0.5125031471252441,
      -0.5150201916694641,
      -0.5054972767829895,
      -0.509272038936615,
      -0.5036987066268921,
      -0.5106971263885498
    ],
    [
      -0.5036147236824036,
      -0.5039697289466858,
      -0.5139533877372742,
      -0.510901927947998,
      -0.5156146287918091,
      -0.5186787843704224,
      -0.5089496374130249,
      -0.5077823400497437,
      -0.5074541568756104,
      -0.5075598955154419,
      -0.5111675262451172,
      -0.5024389624595642,
      -0.5088753700256348,
      -0.5040760040283203,
      -0.507255494594574,
      -0.5062769055366516,
      -0.5056177377700806,
      -0.5085264444351196,
      -0.5155947208404541,
      -0.5123620629310608,
      -0.510063886642456,
      -0.5031233429908752,
      -0.5186560750007629,
      -0.5010275840759277,
      -0.5099542737007141
    ],
    [
      -0.5083504915237427,
      -0.5060471892356873,
      -0.5042598843574524,
      -0.5211097002029419,
      -0.5069081783294678,
      -0.4998694956302643,
      -0.5088510513305664,
      -0.5123441219329834,
      -0.5030405521392822,
      -0.5105516910552979,
      -0.5060531497001648,
      -0.5089630484580994,
      -0.514337420463562,
      -0.5191644430160522,
      -0.5169467926025391,
      -0.5047888159751892,
      -0.5034191012382507,
      -0.5077478289604187,
      -0.4981398582458496,
      -0.4971919357776642,
      -0.5069929957389832,
      -0.5042304396629333,
      -0.5000285506248474,
      -0.510066568851471,
      -0.5075547099113464
    ],
    [
      -0.5249470472335815,
      -0.521060049533844,
      -0.5058455467224121,
      -0.5080914497375488,
      -0.5104309916496277,
      -0.5077323317527771,
      -0.5116547346115112,
      -0.5113498568534851,
      -0.5106197595596313,
      -0.5046144127845764,
      -0.5104256272315979,
      -0.5131547451019287,
      -0.5096951723098755,
      -0.5041289329528809,
      -0.5051339864730835,
      -0.5093513131141663,
      -0.5037730932235718,
      -0.5164389610290527,
      -0.5032448172569275,
      -0.5112759470939636,
      -0.5071366429328918,
      -0.5094719529151917,
      -0.5134592652320862,
      -0.5057695508003235,
      -0.5124543309211731
    ],
    [
      -0.5094480514526367,
      -0.5120362043380737,
      -0.5064518451690674,
      -0.5076030492782593,
      -0.5065128207206726,
      -0.5032210946083069,
      -0.5176656246185303,
      -0.5169022679328918,
      -0.5129200220108032,
      -0.507114827632904,
      -0.5079663991928101,
      -0.5111303329467773,
      -0.5066878199577332,
      -0.5114477276802063,
      -0.517159640789032,
      -0.5070991516113281,
      -0.5021955370903015,
      -0.5150996446609497,
      -0.5042040348052979,
      -0.5128945708274841,
      -0.508406400680542,
      -0.5023272633552551,
      -0.5108135342597961,
      -0.5156470537185669,
      -0.5156415700912476
    ]
  ],
  "digital_baseline": -0.5013422966003418,
  "mean": [
    -0.6631057977676391,
    -0.5193123626708984,
    -0.5097344720363617,
    -0.508939824104309,
    -0.5074783205986023,
    -0.5100504207611084,
    -0.5099438595771789
  ],
  "std": [
    0.0073543808499767285,
    0.00556895288677045,
    0.005673471715014437,
    0.004766753079866183,
    0.005930224542161357,
    0.005085307947818623,
    0.004634247225790229
  ],
  "normalized_mean": [
    0.6773392106266842,
    0.964156094164778,
    0.9832605876405638,
    0.984845628315251,
    0.9877608092517436,
    0.9826303820367494,
    0.9828429337896178
  ],
  "normalized_std": [
    0.01466938038112405,
    0.011108085083852175,
    0.011316563061778117,
    0.009507981098323579,
    0.011828693853231362,
    0.010143385033145349,
    0.009243678933965032
  ],
  "degradation_threshold_10pct": 16.0
}