{
  "sigma_values": [
    2.0,
    4.0,
    6.0,
    8.0,
    10.0,
    12.0,
    16.0
  ],
  "metric_name": "quality_vs_adc_bits_sigma0.050",
  "per_trial": [
    [
      -0.7598564624786377,
      -0.7659624218940735,
      -0.7563148140907288,
      -0.7451803684234619,
      -0.7511547207832336,
      -0.7517885565757751,
      -0.7511682510375977,
      -0.7453436851501465,
      -0.7622010111808777,
      -0.7649900913238525,
      -0.7529635429382324,
      -0.7221440076828003,
      -0.7536081075668335,
      -0.7512757182121277,
      -0.748726487159729,
      -0.7590023875236511,
      -0.7455657124519348,
      -0.7728461027145386,
      -0.7554706335067749,
      -0.8081846833229065,
      -0.7816833257675171,
      -0.7824246883392334,
      -0.7565829157829285,
      -0.7441005110740662,
      -0.7772399187088013
    ],
    [
      -0.5715792775154114,
      -0.5653904676437378,
      -0.5792551040649414,
      -0.5679365992546082,
      -0.5651825070381165,
      -0.5716689229011536,
      -0.5834301710128784,
      -0.5540134310722351,
      -0.5308467149734497,
      -0.5420792698860168,
      -0.5723925828933716,
      -0.5601708292961121,
      -0.5620777010917664,
      -0.5689882636070251,
      -0.5507222414016724,
      -0.5363487601280212,
      -0.5481045246124268,
      -0.5703009963035583,
      -0.5672569274902344,
      -0.5571907758712769,
      -0.5845128893852234,
      -0.5571736693382263,
      -0.5581015348434448,
      -0.5630171298980713,
      -0.5728620886802673
    ],
    [
      -0.5638580322265625,
      -0.5522138476371765,
      -0.5632370114326477,
      -0.5375199913978577,
      -0.5515172481536865,
      -0.5621918439865112,
      -0.5680421590805054,
      -0.5469773411750793,
      -0.5533446073532104,
      -0.5525047779083252,
      -0.5711347460746765,
      -0.5618183016777039,
      -0.5461763143539429,
      -0.5523579716682434,
      -0.5464949011802673,
      -0.538703978061676,
      -0.5372914671897888,
      -0.57198166847229,
      -0.5478911995887756,
      -0.5519821047782898,
      -0.5592467784881592,
      -0.5390921235084534,
      -0.5648522973060608,
      -0.5754117369651794,
      -0.5452049374580383
    ],
    [
      -0.5299475789070129,
      -0.537453293800354,
      -0.5255606174468994,
      -0.5465731620788574,
      -0.5603721141815186,
      -0.5261904001235962,
      -0.5323643684387207,
      -0.5642697215080261,
      -0.5358057022094727,
      -0.5472190976142883,
      -0.579497754573822,
      -0.5301034450531006,
      -0.5550068616867065,
      -0.5461663007736206,
      -0.5688045024871826,
      -0.5433960556983948,
      -0.536959707736969,
      -0.5514001250267029,
      -0.5310549736022949,
      -0.5401042699813843,
      -0.5495572686195374,
      -0.5468317866325378,
      -0.5507111549377441,
      -0.5286188721656799,
      -0.5608230233192444
    ],
    [
      -0.5458560585975647,
      -0.5385268926620483,
      -0.5631387233734131,
      -0.5585811138153076,
      -0.5692041516304016,
      -0.5370532274246216,
      -0.542957067489624,
      -0.5437130928039551,
      -0.5575219988822937,
      -0.5330377221107483,
      -0.5388692617416382,
      -0.544259786605835,
      -0.5384860634803772,
      -0.5225485563278198,
      -0.5343113541603088,
      -0.5518375635147095,
      -0.536461591720581,
      -0.538106381893158,
      -0.551653265953064,
      -0.5476862788200378,
      -0.5397390127182007,
      -0.5336437225341797,
      -0.5594841837882996,
      -0.5536978244781494,
      -0.5371276140213013
    ],
    [
      -0.5294055938720703,
      -0.5440306067466736,
      -0.5395684838294983,
      -0.5335354208946228,
      -0.5419806838035583,
      -0.5545146465301514,
      -0.5376917123794556,
      -0.5814942717552185,
      -0.5490753650665283,
      -0.5364841222763062,
      -0.5422893166542053,
      -0.5461257696151733,
      -0.5516427159309387,
      -0.5289660692214966,
      -0.5492533445358276,
      -0.5445978045463562,
      -0.5491141676902771,
      -0.5407591462135315,
      -0.5515381693840027,
      -0.5265169143676758,
      -0.5266469717025757,
      -0.5497996211051941,
      -0.5475032329559326,
      -0.5867963433265686,
      -0.5368210673332214
    ],
    [
      -0.562187135219574,
      -0.565252423286438,
      -0.5181543231010437,
      -0.5341309309005737,
      -0.5509618520736694,
      -0.5508348345756531,
      -0.5552093982696533,
      -0.5579971075057983,
      -0.5480049848556519,
      -0.5567839741706848,
      -0.5399389863014221,
      -0.5402389764785767,
      -0.5404699444770813,
      -0.5425804853439331,
      -0.550531268119812,
      -0.5424959063529968,
      -0.5416195392608643,
      -0.5513426065444946,
      -0.5403205156326294,
      -0.5307811498641968,
      -0.5543249249458313,
      -0.5591558814048767,
      -0.5796388387680054,
      -0.5465278029441833,
      -0.5433830618858337
    ]
  ],
  "digital_baseline": -0.5395929074287414,
  "mean": [
    -0.7586311650276184,
    -0.5624241352081298,
    -0.5544418954849243,
    -0.5449916863441467,
    -0.5447001004219055,
    -0.5450460624694824,
    -0.5481146740913391
  ],
  "std": [
    0.016331763832096453,
    0.013188210409163098,
    0.011010959430648688,
    0.013937937113463078,
    0.010826200497696968,
    0.014009076842939148,
    0.012119217044694175
  ],
  "normalized_mean": [
    0.5940675746784105,
    0.9576880506302735,
    0.9724811281769047,
    0.9899947185348832,
    0.9905350998449909,
    0.9898939460366033,
    0.9842070447085648
  ],
  "normalized_std": [
    0.030266824502790973,
    0.02444103735908488,
    0.020406049225364944,
    0.02583046760173311,
    0.02006364492314361,
    0.025962307232122363,
    0.022459926507270925
  ],
  "degradation_threshold_10pct": 16.0
}