{
  "sigma_values": [
    2.0,
    4.0,
    6.0,
    8.0,
    10.0,
    12.0,
    16.0
  ],
  "metric_name": "quality_vs_adc_bits_sigma0.050",
  "per_trial": [
    [
      -2.3025853633880615,
      -2.30257511138916,
      -2.30257511138916,
      -2.3025853633880615,
      -2.3025853633880615,
      -2.3025853633880615,
      -2.3025853633880615,
      -2.3025853633880615,
      -2.30257511138916,
      -2.3025853633880615,
      -2.30257511138916,
      -2.30257511138916,
      -2.30257511138916,
      -2.30257511138916,
      -2.3025853633880615,
      -2.30257511138916,
      -2.30257511138916,
      -2.30257511138916,
      -2.30257511138916,
      -2.30257511138916,
      -2.30257511138916,
      -2.3025853633880615,
      -2.3025853633880615,
      -2.3025853633880615,
      -2.3025853633880615
    ],
    [
      -0.6910431385040283,
      -0.6766946315765381,
      -0.6646742224693298,
      -0.6683481335639954,
      -0.7057088613510132,
      -0.6722985506057739,
      -0.6634172797203064,
      -0.6803117394447327,
      -0.6774005889892578,
      -0.6737916469573975,
      -0.6756849884986877,
      -0.6619399189949036,
      -0.6912793517112732,
      -0.6747613549232483,
      -0.6882234215736389,
      -0.67205810546875,
      -0.6720114946365356,
      -0.695400595664978,
      -0.6807460188865662,
      -0.6678969264030457,
      -0.6693448424339294,
      -0.6929786801338196,
      -0.66841721534729,
      -0.6802899837493896,
      -0.6736043691635132
    ],
    [
      -0.58713698387146,
      -0.5988839864730835,
      -0.598167359828949,
      -0.633625864982605,
      -0.6054297089576721,
      -0.6053006649017334,
      -0.6188626885414124,
      -0.5977810621261597,
      -0.6105531454086304,
      -0.5958257913589478,
      -0.600059449672699,
      -0.6215142607688904,
      -0.605258584022522,
      -0.6392364501953125,
      -0.6017486453056335,
      -0.5996779799461365,
      -0.6205288171768188,
      -0.5857846736907959,
      -0.6045637726783752,
      -0.6016108393669128,
      -0.6261130571365356,
      -0.6005724668502808,
      -0.6111403107643127,
      -0.5782120823860168,
      -0.6048921942710876
    ],
    [
      -0.5864233374595642,
      -0.5826234817504883,
      -0.5972574949264526,
      -0.5963818430900574,
      -0.5907459259033203,
      -0.6138900518417358,
      -0.6218634843826294,
      -0.5746402144432068,
      -0.6193019151687622,
      -0.5820697546005249,
      -0.6100292205810547,
      -0.6066680550575256,
      -0.598738431930542,
      -0.5911389589309692,
      -0.6071330308914185,
      -0.5707473754882812,
      -0.575735330581665,
      -0.6160710453987122,
      -0.6007308959960938,
      -0.6094237565994263,
      -0.5802525281906128,
      -0.5693009495735168,
      -0.5830883979797363,
      -0.5862652659416199,
      -0.6128390431404114
    ],
    [
      -0.5849018096923828,
      -0.5808465480804443,
      -0.5860599875450134,
      -0.5923205018043518,
      -0.6037609577178955,
      -0.5891174674034119,
      -0.5878831148147583,
      -0.6095954179763794,
      -0.6070584654808044,
      -0.571357250213623,
      -0.617095947265625,
      -0.5684224963188171,
      -0.5996017456054688,
      -0.609808087348938,
      -0.6049426198005676,
      -0.6221324801445007,
      -0.5879947543144226,
      -0.6217090487480164,
      -0.5953441858291626,
      -0.5933286547660828,
      -0.597403347492218,
      -0.6018940806388855,
      -0.5827096700668335,
      -0.590952455997467,
      -0.5707693696022034
    ],
    [
      -0.6046988368034363,
      -0.5998955965042114,
      -0.5687847137451172,
      -0.6088835000991821,
      -0.6257018446922302,
      -0.6016448140144348,
      -0.5988736152648926,
      -0.5999120473861694,
      -0.6011343002319336,
      -0.6129553914070129,
      -0.5761939287185669,
      -0.581146240234375,
      -0.5920829176902771,
      -0.5834932327270508,
      -0.6071065664291382,
      -0.5931892395019531,
      -0.6141155958175659,
      -0.5921081304550171,
      -0.5991736650466919,
      -0.5942639112472534,
      -0.6046784520149231,
      -0.586054265499115,
      -0.5747438669204712,
      -0.6137642860412598,
      -0.5882245302200317
    ],
    [
      -0.6221538782119751,
      -0.5935996174812317,
      -0.6516754627227783,
      -0.6096574068069458,
      -0.609635055065155,
      -0.5890434384346008,
      -0.5899824500083923,
      -0.6079372763633728,
      -0.5842866897583008,
      -0.5882154107093811,
      -0.6048702597618103,
      -0.5907588005065918,
      -0.598792314529419,
      -0.5986005067825317,
      -0.5923033952713013,
      -0.6100813746452332,
      -0.596196711063385,
      -0.5907115936279297,
      -0.6043901443481445,
      -0.5805872082710266,
      -0.6088850498199463,
      -0.6005366444587708,
      -0.5829871892929077,
      -0.5924052596092224,
      -0.5782822370529175
    ]
  ],
  "digital_baseline": -0.5846230983734131,
  "mean": [
    -2.302580032348633,
    -0.6775330424308776,
    -0.6060992336273193,
    -0.5953343915939331,
    -0.595080418586731,
    -0.5969129395484924,
    -0.5990630149841308
  ],
  "std": [
    5.121897009489653e-06,
    0.010820964027778246,
    0.014004176328378547,
    0.015615982041880215,
    0.014576632174932028,
    0.01342022700563863,
    0.015104612685175205
  ],
  "normalized_mean": [
    -1.938571771719356,
    0.8410771926118445,
    0.9632649901899892,
    0.9816782928175061,
    0.9821127145978099,
    0.9789781806273594,
    0.9753004685396562
  ],
  "normalized_std": [
    8.761024023409646e-06,
    0.018509299509179896,
    0.023954196074944915,
    0.026711195786359273,
    0.024933383945123525,
    0.022955348570690245,
    0.025836496585920934
  ],
  "degradation_threshold_10pct": 16.0
}