{
  "sigma_values": [
    0.0,
    0.01,
    0.02,
    0.03,
    0.05,
    0.07,
    0.1,
    0.12,
    0.15
  ],
  "metric_name": "quality_thermal_only",
  "per_trial": [
    [
      -0.5241034626960754,
      -0.5241075158119202,
      -0.5241071581840515,
      -0.5241039395332336,
      -0.5240969061851501,
      -0.524101972579956,
      -0.5241102576255798,
      -0.524100661277771,
      -0.5241146087646484,
      -0.5240982174873352
    ],
    [
      -0.5241015553474426,
      -0.5241106748580933,
      -0.5241065621376038,
      -0.5241040587425232,
      -0.5240992903709412,
      -0.5241098403930664,
      -0.5241062045097351,
      -0.5241106152534485,
      -0.5241133570671082,
      -0.5241061449050903
    ],
    [
      -0.5241022706031799,
      -0.5241076350212097,
      -0.524104118347168,
      -0.5241056084632874,
      -0.524116039276123,
      -0.5241149067878723,
      -0.5241026878356934,
      -0.5241075158119202,
      -0.5240957736968994,
      -0.5241157412528992
    ],
    [
      -0.524109423160553,
      -0.5240983366966248,
      -0.5241199135780334,
      -0.5241057872772217,
      -0.5241119861602783,
      -0.5241096019744873,
      -0.5241058468818665,
      -0.5241069197654724,
      -0.5241052508354187,
      -0.5241036415100098
    ],
    [
      -0.5241060256958008,
      -0.5241057872772217,
      -0.5241064429283142,
      -0.5241038799285889,
      -0.5241076946258545,
      -0.5241146683692932,
      -0.5241038799285889,
      -0.5240983366966248,
      -0.5241096019744873,
      -0.5241063833236694
    ],
    [
      -0.5241073966026306,
      -0.5241022109985352,
      -0.5241040587425232,
      -0.5240999460220337,
      -0.5241056084632874,
      -0.5241129994392395,
      -0.5241022706031799,
      -0.5241109132766724,
      -0.5241061449050903,
      -0.5241014361381531
    ],
    [
      -0.5241124629974365,
      -0.524107038974762,
      -0.5241073369979858,
      -0.5241106748580933,
      -0.5241127014160156,
      -0.5241072177886963,
      -0.5241020321846008,
      -0.524107038974762,
      -0.5241075754165649,
      -0.5241066217422485
    ],
    [
      -0.5241052508354187,
      -0.5241004824638367,
      -0.5240949392318726,
      -0.5241063237190247,
      -0.5241057276725769,
      -0.524106502532959,
      -0.5241113305091858,
      -0.5241028070449829,
      -0.5241077542304993,
      -0.5241038799285889
    ],
    [
      -0.5241060256958008,
      -0.5241091251373291,
      -0.5241020321846008,
      -0.5241086483001709,
      -0.524102509021759,
      -0.5241047143936157,
      -0.5241039991378784,
      -0.5241109728813171,
      -0.5240981578826904,
      -0.5241086483001709
    ]
  ],
  "digital_baseline": -0.5241053104400635,
  "mean": [
    -0.5241044700145722,
    -0.5241068303585052,
    -0.5241072297096252,
    -0.5241076707839966,
    -0.5241062700748443,
    -0.5241052985191346,
    -0.5241080701351166,
    -0.5241044998168946,
    -0.5241054832935333
  ],
  "std": [
    5.207102841129677e-06,
    4.17200581146088e-06,
    6.308796179546052e-06,
    5.403364055931236e-06,
    3.9794705296202965e-06,
    3.9981167839181264e-06,
    2.9953394885354104e-06,
    4.212509512323965e-06,
    3.7541889813956725e-06
  ],
  "normalized_mean": [
    1.0000016035431707,
    0.9999970999751167,
    0.9999963380077944,
    0.9999954964319459,
    0.9999981690038973,
    1.0000000227452932,
    0.9999947344646235,
    1.0000015466799377,
    0.9999996701932485
  ],
  "normalized_std": [
    9.935222439851922e-06,
    7.960243348722927e-06,
    1.20372681861378e-05,
    1.0309691484320808e-05,
    7.5928834345886434e-06,
    7.62846073923792e-06,
    5.715148136965799e-06,
    8.037524956171392e-06,
    7.163043202602696e-06
  ],
  "degradation_threshold_10pct": 0.15
}