{
  "sigma_values": [
    0.0,
    0.01,
    0.02,
    0.03,
    0.05,
    0.07,
    0.1,
    0.12,
    0.15
  ],
  "metric_name": "quality_mismatch_only",
  "per_trial": [
    [
      -0.5846238136291504,
      -0.5846231579780579,
      -0.5846227407455444,
      -0.5846236348152161,
      -0.5846229195594788,
      -0.5846232771873474,
      -0.5846235156059265,
      -0.5846242308616638,
      -0.5846245884895325,
      -0.5846229195594788
    ],
    [
      -0.5905198454856873,
      -0.5808254480361938,
      -0.5834842324256897,
      -0.5868866443634033,
      -0.5900281071662903,
      -0.587036669254303,
      -0.583026111125946,
      -0.586965799331665,
      -0.5840633511543274,
      -0.5842925906181335
    ],
    [
      -0.5784034132957458,
      -0.5890395641326904,
      -0.574310839176178,
      -0.5947843790054321,
      -0.5860713124275208,
      -0.5888165235519409,
      -0.5966511964797974,
      -0.5910624861717224,
      -0.5908692479133606,
      -0.585996687412262
    ],
    [
      -0.5800150036811829,
      -0.5907320380210876,
      -0.5864503979682922,
      -0.5794891715049744,
      -0.5926178693771362,
      -0.5950888395309448,
      -0.5946076512336731,
      -0.5953472852706909,
      -0.5874074101448059,
      -0.5942988991737366
    ],
    [
      -0.5813536047935486,
      -0.5735379457473755,
      -0.6116052269935608,
      -0.592689573764801,
      -0.5732915997505188,
      -0.6222608089447021,
      -0.604087233543396,
      -0.5773718953132629,
      -0.5839606523513794,
      -0.6055851578712463
    ],
    [
      -0.5945978760719299,
      -0.5684624314308167,
      -0.6349072456359863,
      -0.6082451343536377,
      -0.6229261755943298,
      -0.5714846253395081,
      -0.5930930376052856,
      -0.6435625553131104,
      -0.57529616355896,
      -0.5866548418998718
    ],
    [
      -0.6181922554969788,
      -0.6030393242835999,
      -0.6447758078575134,
      -0.6311735510826111,
      -0.6770181655883789,
      -0.6382496953010559,
      -0.6237899661064148,
      -0.6360887885093689,
      -0.605944037437439,
      -0.5975510478019714
    ],
    [
      -0.6422551870346069,
      -0.6913123726844788,
      -0.5968653559684753,
      -0.6295172572135925,
      -0.6331996321678162,
      -0.6093903183937073,
      -0.6405295133590698,
      -0.6225705146789551,
      -0.6541270613670349,
      -0.687289834022522
    ],
    [
      -0.7129161953926086,
      -0.6313490271568298,
      -0.6094174981117249,
      -0.6520255208015442,
      -0.6338964104652405,
      -0.6310915350914001,
      -0.7593721151351929,
      -0.6719222664833069,
      -0.7582083940505981,
      -0.6424392461776733
    ]
  ],
  "digital_baseline": -0.584623783826828,
  "mean": [
    -0.5846234798431397,
    -0.5857128798961639,
    -0.587600564956665,
    -0.5896054565906524,
    -0.5925743699073791,
    -0.5999230086803437,
    -0.6275822639465332,
    -0.6407057046890259,
    -0.670263820886612
  ],
  "std": [
    5.699650329533539e-07,
    0.0029536216046472286,
    0.006525756832960365,
    0.005740488395039578,
    0.016464281618106754,
    0.025264107326246277,
    0.02239101421768541,
    0.02885605291517589,
    0.05164982746810114
  ],
  "normalized_mean": [
    1.000000519964628,
    0.9981370992774072,
    0.9949082106951729,
    0.9914788400649467,
    0.9864005086681418,
    0.9738306492538329,
    0.9265194449693652,
    0.9040717767328981,
    0.8535125675195734
  ],
  "normalized_std": [
    9.749261811116872e-07,
    0.00505217489667188,
    0.011162318423386905,
    0.009819115393259425,
    0.028162182370232915,
    0.04321429956351174,
    0.03829986879958663,
    0.04935832874654886,
    0.08834711980072364
  ],
  "degradation_threshold_10pct": 0.12
}