{
  "sigma_values": [
    0.0,
    0.01,
    0.02,
    0.03,
    0.05,
    0.07,
    0.1,
    0.12,
    0.15
  ],
  "metric_name": "quality_quantization_only",
  "per_trial": [
    [
      -0.499133825302124,
      -0.4991338849067688,
      -0.49907660484313965,
      -0.49904730916023254,
      -0.4990466833114624,
      -0.4990232288837433,
      -0.4991644620895386,
      -0.4990960955619812,
      -0.4991382360458374,
      -0.4991503953933716
    ],
    [
      -0.4991666376590729,
      -0.4990553855895996,
      -0.4990845322608948,
      -0.4990903437137604,
      -0.4991304278373718,
      -0.4990554749965668,
      -0.4991435110569,
      -0.4990622103214264,
      -0.4991396367549896,
      -0.49910682439804077
    ],
    [
      -0.4990845322608948,
      -0.49909502267837524,
      -0.4990791976451874,
      -0.49905523657798767,
      -0.49915581941604614,
      -0.4991127550601959,
      -0.4991227984428406,
      -0.49905455112457275,
      -0.4990595579147339,
      -0.49914082884788513
    ],
    [
      -0.4991065561771393,
      -0.49902358651161194,
      -0.49910277128219604,
      -0.49910053610801697,
      -0.49907535314559937,
      -0.4991231858730316,
      -0.4990376830101013,
      -0.499080091714859,
      -0.49908745288848877,
      -0.4990951120853424
    ],
    [
      -0.4991399347782135,
      -0.4990498125553131,
      -0.49906036257743835,
      -0.499118447303772,
      -0.4991505742073059,
      -0.49910032749176025,
      -0.4990186393260956,
      -0.4990502893924713,
      -0.4990510642528534,
      -0.49908447265625
    ],
    [
      -0.4990653693675995,
      -0.4990074336528778,
      -0.49908506870269775,
      -0.49903538823127747,
      -0.49900195002555847,
      -0.4990943968296051,
      -0.4990455210208893,
      -0.49909213185310364,
      -0.49916744232177734,
      -0.4991333484649658
    ],
    [
      -0.49906426668167114,
      -0.4990156292915344,
      -0.49915507435798645,
      -0.49905064702033997,
      -0.4990806579589844,
      -0.4991004467010498,
      -0.4990781247615814,
      -0.49906376004219055,
      -0.4990503787994385,
      -0.4991101622581482
    ],
    [
      -0.49918627738952637,
      -0.4990498423576355,
      -0.4990725517272949,
      -0.4991089701652527,
      -0.4991374909877777,
      -0.49900054931640625,
      -0.4991457462310791,
      -0.49898892641067505,
      -0.4990280270576477,
      -0.49894464015960693
    ],
    [
      -0.4990791380405426,
      -0.49909937381744385,
      -0.4991525411605835,
      -0.49913081526756287,
      -0.4990517497062683,
      -0.4991168975830078,
      -0.4990834891796112,
      -0.4991159737110138,
      -0.4990362823009491,
      -0.4991091787815094
    ]
  ],
  "digital_baseline": -0.498790317773819,
  "mean": [
    -0.49910107254981995,
    -0.4991034984588623,
    -0.49909602999687197,
    -0.4990832328796387,
    -0.4990823924541473,
    -0.4990728050470352,
    -0.4990769147872925,
    -0.49906630218029024,
    -0.49909754395484923
  ],
  "std": [
    4.7448142603756864e-05,
    3.8063593822416706e-05,
    3.42189165132524e-05,
    2.9469865516089943e-05,
    4.1483858182026584e-05,
    5.0105314826177086e-05,
    3.642338158850665e-05,
    7.381116108784943e-05,
    3.372095363732191e-05
  ],
  "normalized_mean": [
    0.9993769831431615,
    0.9993721195582923,
    0.9993870927077787,
    0.999412749014201,
    0.9994144339416372,
    0.999433655259234,
    0.9994254158445725,
    0.9994466925346446,
    0.9993840574484255
  ],
  "normalized_std": [
    9.512643071245954e-05,
    7.63118137342774e-05,
    6.86038106472814e-05,
    5.9082673552322886e-05,
    8.316893232245501e-05,
    0.00010045366367535986,
    7.302343347615494e-05,
    0.00014798034055127704,
    6.76054695444449e-05
  ],
  "degradation_threshold_10pct": 0.15
}