{
  "sigma_values": [
    2.0,
    4.0,
    6.0,
    8.0,
    10.0,
    12.0,
    16.0
  ],
  "metric_name": "quality_vs_adc_bits_sigma0.050",
  "per_trial": [
    [
      -2.190969467163086,
      -2.193080425262451,
      -2.1657729148864746,
      -2.1642329692840576,
      -2.2102065086364746,
      -2.1927433013916016,
      -2.20963191986084,
      -2.1983249187469482,
      -2.184119701385498,
      -2.1995925903320312,
      -2.1977438926696777,
      -2.204274892807007,
      -2.192786455154419,
      -2.179368495941162,
      -2.2036755084991455,
      -2.215170383453369,
      -2.2080583572387695,
      -2.2179741859436035,
      -2.20989727973938,
      -2.2027852535247803,
      -2.190959930419922,
      -2.220811367034912,
      -2.2170090675354004,
      -2.1855533123016357,
      -2.172837734222412
    ],
    [
      -0.21144506335258484,
      -0.19819188117980957,
      -0.20160946249961853,
      -0.21793968975543976,
      -0.19689957797527313,
      -0.1971505880355835,
      -0.2124674916267395,
      -0.19853545725345612,
      -0.20947319269180298,
      -0.20537987351417542,
      -0.1953432708978653,
      -0.20093996822834015,
      -0.21014535427093506,
      -0.22643546760082245,
      -0.19918647408485413,
      -0.218760684132576,
      -0.21312202513217926,
      -0.18735630810260773,
      -0.24109704792499542,
      -0.20983950793743134,
      -0.20871959626674652,
      -0.21413636207580566,
      -0.2102871835231781,
      -0.21751244366168976,
      -0.22415079176425934
    ],
    [
      -0.1935604363679886,
      -0.17944103479385376,
      -0.18568308651447296,
      -0.18742942810058594,
      -0.1964976042509079,
      -0.1739920675754547,
      -0.175233393907547,
      -0.18213556706905365,
      -0.17531125247478485,
      -0.18477721512317657,
      -0.1755395233631134,
      -0.17900802195072174,
      -0.18414215743541718,
      -0.18615472316741943,
      -0.19298404455184937,
      -0.17426349222660065,
      -0.17012794315814972,
      -0.17449615895748138,
      -0.18210792541503906,
      -0.18629108369350433,
      -0.1755916327238083,
      -0.19296982884407043,
      -0.1747458577156067,
      -0.18383394181728363,
      -0.17570090293884277
    ],
    [
      -0.18533170223236084,
      -0.1851600855588913,
      -0.17792612314224243,
      -0.18505217134952545,
      -0.19196434319019318,
      -0.1788722425699234,
      -0.1857340931892395,
      -0.18831242620944977,
      -0.1752462089061737,
      -0.191763773560524,
      -0.18026965856552124,
      -0.17365804314613342,
      -0.1960945725440979,
      -0.17352893948554993,
      -0.17909733951091766,
      -0.18108007311820984,
      -0.19953441619873047,
      -0.1726091504096985,
      -0.17676731944084167,
      -0.17916202545166016,
      -0.17838574945926666,
      -0.18483009934425354,
      -0.18074162304401398,
      -0.18506556749343872,
      -0.17837202548980713
    ],
    [
      -0.18430885672569275,
      -0.1760178953409195,
      -0.17548631131649017,
      -0.1932237595319748,
      -0.18414171040058136,
      -0.17478427290916443,
      -0.20123210549354553,
      -0.1777029186487198,
      -0.16787056624889374,
      -0.18451440334320068,
      -0.17570073902606964,
      -0.18694090843200684,
      -0.18199299275875092,
      -0.18818238377571106,
      -0.17840497195720673,
      -0.17874877154827118,
      -0.1998758465051651,
      -0.18569789826869965,
      -0.1777026355266571,
      -0.19221355020999908,
      -0.18965983390808105,
      -0.18692514300346375,
      -0.18424879014492035,
      -0.18857347965240479,
      -0.18300789594650269
    ],
    [
      -0.1775219738483429,
      -0.1853942722082138,
      -0.19305318593978882,
      -0.212343230843544,
      -0.1811235249042511,
      -0.20179954171180725,
      -0.17660976946353912,
      -0.1821078658103943,
      -0.1822950839996338,
      -0.17192596197128296,
      -0.19266414642333984,
      -0.17103974521160126,
      -0.18504181504249573,
      -0.18419437110424042,
      -0.17901664972305298,
      -0.18406757712364197,
      -0.18241697549819946,
      -0.1745096743106842,
      -0.18505361676216125,
      -0.19412271678447723,
      -0.2026401162147522,
      -0.181349515914917,
      -0.18025030195713043,
      -0.18056564033031464,
      -0.1891496181488037
    ],
    [
      -0.1972600370645523,
      -0.18396276235580444,
      -0.1831740438938141,
      -0.17123191058635712,
      -0.18295885622501373,
      -0.18040534853935242,
      -0.18379823863506317,
      -0.19575460255146027,
      -0.1776546835899353,
      -0.18123790621757507,
      -0.2027370184659958,
      -0.1864856481552124,
      -0.16737377643585205,
      -0.18917962908744812,
      -0.18954822421073914,
      -0.1786346584558487,
      -0.18044708669185638,
      -0.17529262602329254,
      -0.1788952499628067,
      -0.17418290674686432,
      -0.1870676726102829,
      -0.1719178855419159,
      -0.18581625819206238,
      -0.18995118141174316,
      -0.18323427438735962
    ]
  ],
  "digital_baseline": -0.17724139988422394,
  "mean": [
    -2.1971032333374025,
    -0.20904499053955078,
    -0.18168073296546935,
    -0.18258239090442657,
    -0.1838863456249237,
    -0.1852102756500244,
    -0.18312809944152833
  ],
  "std": [
    0.015315686561307672,
    0.011443452299186363,
    0.0071527419956998965,
    0.006843653056121851,
    0.007708548999966865,
    0.009584513920337543,
    0.008114897671906698
  ],
  "normalized_mean": [
    -10.396106297809512,
    0.8205634198550604,
    0.9749531820209881,
    0.9698660074695222,
    0.9625090653479361,
    0.9550394221045093,
    0.9667871075203104
  ],
  "normalized_std": [
    0.0864114511130698,
    0.06456421753981494,
    0.04035593264537601,
    0.03861204583461991,
    0.04349180837548212,
    0.054076045024459604,
    0.04578443680318165
  ],
  "degradation_threshold_10pct": 16.0
}