{
  "sigma_values": [
    0.0,
    0.01,
    0.02,
    0.03,
    0.05,
    0.07,
    0.1,
    0.12,
    0.15
  ],
  "metric_name": "quality_mismatch_only",
  "per_trial": [
    [
      -0.5395931005477905,
      -0.5395935773849487,
      -0.539592981338501,
      -0.5395935773849487,
      -0.539592981338501,
      -0.5395922064781189,
      -0.5395920872688293,
      -0.5395919680595398,
      -0.5395928025245667,
      -0.5395925045013428
    ],
    [
      -0.5357654094696045,
      -0.5394443869590759,
      -0.5381930470466614,
      -0.5394486784934998,
      -0.5402160286903381,
      -0.5395722985267639,
      -0.5412038564682007,
      -0.5425096750259399,
      -0.5384153723716736,
      -0.5415875911712646
    ],
    [
      -0.5401804447174072,
      -0.5416626930236816,
      -0.5412807464599609,
      -0.5376516580581665,
      -0.5464955568313599,
      -0.5481371879577637,
      -0.5409924983978271,
      -0.5417571067810059,
      -0.5495644211769104,
      -0.5326909422874451
    ],
    [
      -0.5563879609107971,
      -0.538146436214447,
      -0.5390077829360962,
      -0.5371067523956299,
      -0.5396154522895813,
      -0.5488665103912354,
      -0.5406787395477295,
      -0.553922712802887,
      -0.5345468521118164,
      -0.5371972918510437
    ],
    [
      -0.547631561756134,
      -0.5510644912719727,
      -0.5404176712036133,
      -0.5352156162261963,
      -0.5315330028533936,
      -0.5580043196678162,
      -0.543748140335083,
      -0.5522392392158508,
      -0.5258803367614746,
      -0.5657891631126404
    ],
    [
      -0.5345643162727356,
      -0.5617982745170593,
      -0.5709100365638733,
      -0.547298789024353,
      -0.5707650780677795,
      -0.536450982093811,
      -0.5543044209480286,
      -0.5558445453643799,
      -0.5355828404426575,
      -0.5813969373703003
    ],
    [
      -0.5797650218009949,
      -0.5796776413917542,
      -0.5761946439743042,
      -0.5811069011688232,
      -0.578270435333252,
      -0.5580846667289734,
      -0.552437961101532,
      -0.6063070297241211,
      -0.5829018950462341,
      -0.5866687297821045
    ],
    [
      -0.6011220812797546,
      -0.710060179233551,
      -0.5491854548454285,
      -0.5700464248657227,
      -0.6498897671699524,
      -0.5717535614967346,
      -0.6287387609481812,
      -0.5818780064582825,
      -0.6612152457237244,
      -0.576853334903717
    ],
    [
      -0.6987226009368896,
      -0.5754430890083313,
      -0.7724751234054565,
      -0.5898247361183167,
      -0.5627300143241882,
      -0.6041498780250549,
      -0.5797731876373291,
      -0.6731646060943604,
      -0.5974130034446716,
      -0.5489403605461121
    ]
  ],
  "digital_baseline": -0.5395932018756866,
  "mean": [
    -0.5395927786827087,
    -0.5396356344223022,
    -0.5420413255691529,
    -0.5425476491451263,
    -0.5451523542404175,
    -0.5548916220664978,
    -0.5781414926052093,
    -0.6100742816925049,
    -0.6202636599540711
  ],
  "std": [
    5.477144721822807e-07,
    0.0018300464740821352,
    0.004750379666705411,
    0.007260225022269061,
    0.01167218857388244,
    0.015632592199199657,
    0.014032877738975758,
    0.04827336001042413,
    0.06773217479911463
  ],
  "normalized_mean": [
    1.0000007842815224,
    0.9999213619695947,
    0.9954630197620054,
    0.9945246766283012,
    0.9896975122269764,
    0.9716482340073371,
    0.9285604588873164,
    0.8693810826900373,
    0.8504976382245646
  ],
  "normalized_std": [
    1.0150507276191835e-06,
    0.0033915298927426956,
    0.00880363142121242,
    0.013454997203507573,
    0.021631459650174614,
    0.028971069585122664,
    0.026006402026926764,
    0.08946250590745121,
    0.1255245146967567
  ],
  "degradation_threshold_10pct": 0.1
}