{
  "sigma_values": [
    2.0,
    4.0,
    6.0,
    8.0,
    10.0,
    12.0,
    16.0
  ],
  "metric_name": "quality_vs_adc_bits_sigma0.050",
  "per_trial": [
    [
      -2.159672260284424,
      -2.156339168548584,
      -2.154222011566162,
      -2.1612648963928223,
      -2.1137380599975586,
      -2.1601104736328125,
      -2.121596574783325,
      -2.0810134410858154,
      -2.1226789951324463,
      -2.142106533050537,
      -2.136564254760742,
      -2.1152217388153076,
      -2.123291015625,
      -2.1128499507904053,
      -2.129995107650757,
      -2.0915749073028564,
      -2.1651411056518555,
      -2.130154609680176,
      -2.1366655826568604,
      -2.1267731189727783,
      -2.1430861949920654,
      -2.1527252197265625,
      -2.1585447788238525,
      -2.074232816696167,
      -2.110278844833374
    ],
    [
      -0.5689144730567932,
      -0.5373710989952087,
      -0.5161956548690796,
      -0.5180462598800659,
      -0.5603591203689575,
      -0.5693830847740173,
      -0.5123100280761719,
      -0.5219869017601013,
      -0.5052182078361511,
      -0.5598070025444031,
      -0.5037719011306763,
      -0.6627867817878723,
      -0.5367796421051025,
      -0.5395469665527344,
      -0.6279549598693848,
      -0.5323429107666016,
      -0.5536598563194275,
      -0.5740477442741394,
      -0.5342748761177063,
      -0.5327358245849609,
      -0.5610361099243164,
      -0.5559987425804138,
      -0.5466639995574951,
      -0.58417809009552,
      -0.534416675567627
    ],
    [
      -0.5048105120658875,
      -0.52470463514328,
      -0.4972081184387207,
      -0.508817195892334,
      -0.5291572213172913,
      -0.4886675179004669,
      -0.5149021148681641,
      -0.5242788791656494,
      -0.47995439171791077,
      -0.46913763880729675,
      -0.48013556003570557,
      -0.4860042929649353,
      -0.49131280183792114,
      -0.5091897249221802,
      -0.4637123644351959,
      -0.5149259567260742,
      -0.4641905128955841,
      -0.47152280807495117,
      -0.531186044216156,
      -0.5021458268165588,
      -0.49405795335769653,
      -0.5239854454994202,
      -0.4930417537689209,
      -0.5599408745765686,
      -0.47905218601226807
    ],
    [
      -0.45813196897506714,
      -0.48617470264434814,
      -0.5577669143676758,
      -0.5307033658027649,
      -0.46682387590408325,
      -0.535788357257843,
      -0.512347936630249,
      -0.47829848527908325,
      -0.5187081694602966,
      -0.47159844636917114,
      -0.49922308325767517,
      -0.49696865677833557,
      -0.5112681984901428,
      -0.49161961674690247,
      -0.522404134273529,
      -0.48322007060050964,
      -0.49373823404312134,
      -0.5396513938903809,
      -0.4561518430709839,
      -0.47975584864616394,
      -0.4719950258731842,
      -0.5304056406021118,
      -0.46843165159225464,
      -0.49875888228416443,
      -0.49429598450660706
    ],
    [
      -0.5011625289916992,
      -0.4906153380870819,
      -0.5004376173019409,
      -0.5398501753807068,
      -0.5089446902275085,
      -0.484449565410614,
      -0.4890333414077759,
      -0.5909109115600586,
      -0.464550256729126,
      -0.5176852345466614,
      -0.5126882195472717,
      -0.48580995202064514,
      -0.5251207947731018,
      -0.47334936261177063,
      -0.5068663358688354,
      -0.5183560252189636,
      -0.46386805176734924,
      -0.5711283683776855,
      -0.5100851655006409,
      -0.490445613861084,
      -0.4836314916610718,
      -0.5251058340072632,
      -0.47756293416023254,
      -0.5048288106918335,
      -0.5283525586128235
    ],
    [
      -0.4880816340446472,
      -0.5011852383613586,
      -0.5245257616043091,
      -0.5181435346603394,
      -0.44918569922447205,
      -0.5157761573791504,
      -0.4861442446708679,
      -0.5285568237304688,
      -0.552287757396698,
      -0.5308359265327454,
      -0.5014318823814392,
      -0.5061274170875549,
      -0.535837709903717,
      -0.5258346199989319,
      -0.5132635235786438,
      -0.47135215997695923,
      -0.5102686285972595,
      -0.47122329473495483,
      -0.5098713636398315,
      -0.4901549816131592,
      -0.5076838135719299,
      -0.48029741644859314,
      -0.4987242817878723,
      -0.47616255283355713,
      -0.465090274810791
    ],
    [
      -0.5071000456809998,
      -0.4600401222705841,
      -0.48327797651290894,
      -0.5032697916030884,
      -0.5823398232460022,
      -0.49899253249168396,
      -0.4911411702632904,
      -0.5074877142906189,
      -0.5444896221160889,
      -0.48095664381980896,
      -0.4853498041629791,
      -0.4755125939846039,
      -0.4929906725883484,
      -0.522609531879425,
      -0.4846208393573761,
      -0.4728532135486603,
      -0.4749818444252014,
      -0.4691127836704254,
      -0.49019888043403625,
      -0.49485844373703003,
      -0.4711894392967224,
      -0.48989447951316833,
      -0.4822966754436493,
      -0.5212569236755371,
      -0.481029212474823
    ]
  ],
  "digital_baseline": -0.49186304211616516,
  "mean": [
    -2.1311936664581297,
    -0.5499914765357972,
    -0.5002416932582855,
    -0.49816921949386594,
    -0.5065935671329498,
    -0.5023218679428101,
    -0.49471403121948243
  ],
  "std": [
    0.02474881375258036,
    0.03561936995628966,
    0.02359077393808389,
    0.026814456930730965,
    0.029489968824904924,
    0.02434285422820788,
    0.025771430733521297
  ],
  "normalized_mean": [
    -2.3329005921831336,
    0.8818198778067501,
    0.9829654793617498,
    0.9871789973270416,
    0.9700515717680093,
    0.9787363047614892,
    0.9942036931844862
  ],
  "normalized_std": [
    0.05031647355756268,
    0.07241725217459477,
    0.04796207870505621,
    0.054516104351662376,
    0.059955650861729444,
    0.049491122820443045,
    0.05239554210587499
  ],
  "degradation_threshold_10pct": 16.0
}