{
  "sigma_values": [
    0.0,
    0.01,
    0.02,
    0.03,
    0.05,
    0.07,
    0.1,
    0.12,
    0.15
  ],
  "metric_name": "output_mse",
  "per_trial": [
    [
      -0.09895315021276474,
      -0.0011333964066579938,
      -0.0011326444800943136,
      -0.001136377570219338,
      -0.0011269208043813705,
      -0.0011395062319934368,
      -0.0011138926493003964,
      -0.0011288787936791778,
      -0.001134463818743825,
      -0.001125430571846664,
      -0.00112728716339916,
      -0.0011515594087541103,
      -0.0011268797097727656,
      -0.0011227467330172658,
      -0.0011238277656957507,
      -0.0011303932406008244,
      -0.0011348400730639696,
      -0.001119673834182322,
      -0.0011307204840704799,
      -0.0011306126834824681,
      -0.0011289491085335612,
      -0.0011306285159662366,
      -0.001134153688326478,
      -0.00113143608905375,
      -0.0011228409130126238,
      -0.0011289602844044566,
      -0.0011289716931059957,
      -0.001118883490562439,
      -0.0011383910896256566,
      -0.001125844893977046,
      -0.0011368028353899717,
      -0.0011357726762071252,
      -0.0011300640180706978,
      -0.0011360306525602937,
      -0.0011288134846836329,
      -0.0011308183893561363,
      -0.001133481739088893,
      -0.0011158938286826015,
      -0.001140026142820716,
      -0.0011275712167844176,
      -0.0011322885984554887,
      -0.0011240682797506452,
      -0.001124251401051879,
      -0.001124985865317285,
      -0.0011350648710504174,
      -0.0011218340368941426,
      -0.0011328188702464104,
      -0.0011227482464164495,
      -0.0011343923397362232,
      -0.0011354521848261356
    ],
    [
      -0.0021155718713998795,
      -0.0021940607111901045,
      -0.002169940387830138,
      -0.0018590778345242143,
      -0.0033614959102123976,
      -0.002499178983271122,
      -0.0020671063102781773,
      -0.0021507989149540663,
      -0.0022388047073036432,
      -0.0020570624619722366,
      -0.0018683475209400058,
      -0.0018081761663779616,
      -0.002386226551607251,
      -0.0017945104045793414,
      -0.0018413823563605547,
      -0.001966129755601287,
      -0.002458169823512435,
      -0.0023171294014900923,
      -0.0020299614407122135,
      -0.0034721819683909416,
      -0.003636968322098255,
      -0.0032303808256983757,
      -0.0015453679952770472,
      -0.002530121710151434,
      -0.0033626684453338385,
      -0.004328363109380007,
      -0.0038476570043712854,
      -0.0027805138379335403,
      -0.0030317772179841995,
      -0.0016689385520294309,
      -0.0026255494449287653,
      -0.0024250999558717012,
      -0.00253077014349401,
      -0.0025118691846728325,
      -0.0025624651461839676,
      -0.0020718073938041925,
      -0.00319396099075675,
      -0.0020292275585234165,
      -0.0020735119469463825,
      -0.002192552899941802,
      -0.0016421873588114977,
      -0.002494121203199029,
      -0.002766952384263277,
      -0.00298215146176517,
      -0.001856550807133317,
      -0.002280119340866804,
      -0.0028948651161044836,
      -0.0024806733708828688,
      -0.0025706663727760315,
      -0.0018443154403939843
    ],
    [
      -0.004452588502317667,
      -0.005220001097768545,
      -0.006353091914206743,
      -0.007593565620481968,
      -0.018172379583120346,
      -0.020513834431767464,
      -0.004964185878634453,
      -0.005516648292541504,
      -0.005645076744258404,
      -0.00520933885127306,
      -0.004069488495588303,
      -0.006178149487823248,
      -0.0045870570465922356,
      -0.006628086790442467,
      -0.005465277004987001,
      -0.00899438839405775,
      -0.007199903484433889,
      -0.00587426358833909,
      -0.005181279964745045,
      -0.004432101733982563,
      -0.011668208055198193,
      -0.008030924014747143,
      -0.00515438849106431,
      -0.0034782765433192253,
      -0.005552306771278381,
      -0.007394459098577499,
      -0.0037734422367066145,
      -0.006214543245732784,
      -0.006924479268491268,
      -0.0035267521161586046,
      -0.003319155192002654,
      -0.004281035158783197,
      -0.004235198255628347,
      -0.006771046202629805,
      -0.010296124033629894,
      -0.004265049006789923,
      -0.004296101629734039,
      -0.0044968766160309315,
      -0.009666556492447853,
      -0.004264563322067261,
      -0.00883529894053936,
      -0.007653268054127693,
      -0.002883869456127286,
      -0.00536647392436862,
      -0.010058380663394928,
      -0.004945524036884308,
      -0.004597037564963102,
      -0.0036679385229945183,
      -0.006511385552585125,
      -0.004321184474974871
    ],
    [
      -0.014582928270101547,
      -0.013417262583971024,
      -0.01594558358192444,
      -0.016964465379714966,
      -0.010205000638961792,
      -0.01908736117184162,
      -0.008477570489048958,
      -0.01715296134352684,
      -0.011196761392056942,
      -0.008056923747062683,
      -0.029317552223801613,
      -0.008457007817924023,
      -0.006291632540524006,
      -0.011235886253416538,
      -0.006187527906149626,
      -0.010297724045813084,
      -0.008894288912415504,
      -0.010321675799787045,
      -0.019824281334877014,
      -0.006082883104681969,
      -0.019141824916005135,
      -0.017339881509542465,
      -0.009595036506652832,
      -0.007149444427341223,
      -0.006720719859004021,
      -0.012159771285951138,
      -0.0158685352653265,
      -0.024406444281339645,
      -0.01200164295732975,
      -0.012010577134788036,
      -0.021329056471586227,
      -0.007944337092339993,
      -0.017431654036045074,
      -0.005346846301108599,
      -0.009334171190857887,
      -0.013807563111186028,
      -0.012933190912008286,
      -0.018796388059854507,
      -0.02119959332048893,
      -0.017473379150032997,
      -0.011609485372900963,
      -0.008633685298264027,
      -0.00992494449019432,
      -0.014227533712983131,
      -0.010832857340574265,
      -0.010548503138124943,
      -0.012226784601807594,
      -0.013385050930082798,
      -0.010886464267969131,
      -0.01894845813512802
    ],
    [
      -0.03946516662836075,
      -0.030855292454361916,
      -0.025439875200390816,
      -0.01285893376916647,
      -0.027783555909991264,
      -0.022675400599837303,
      -0.023798910900950432,
      -0.04285639524459839,
      -0.018206745386123657,
      -0.054134394973516464,
      -0.018077297136187553,
      -0.034990061074495316,
      -0.021459579467773438,
      -0.028774749487638474,
      -0.02836940437555313,
      -0.016527783125638962,
      -0.031059520319104195,
      -0.04252214729785919,
      -0.05116434395313263,
      -0.02174004353582859,
      -0.05213584750890732,
      -0.05816061049699783,
      -0.014627101831138134,
      -0.019513502717018127,
      -0.03694046661257744,
      -0.022939171642065048,
      -0.018526360392570496,
      -0.012696351855993271,
      -0.03708091750741005,
      -0.0392790362238884,
      -0.048225585371255875,
      -0.03244895860552788,
      -0.03101295791566372,
      -0.07959641516208649,
      -0.017137601971626282,
      -0.025584978982806206,
      -0.01755526103079319,
      -0.0231305081397295,
      -0.018837135285139084,
      -0.056183766573667526,
      -0.018155429512262344,
      -0.015934836119413376,
      -0.02085116319358349,
      -0.05618720129132271,
      -0.015428423881530762,
      -0.018951449543237686,
      -0.01533182617276907,
      -0.01879243738949299,
      -0.015010024420917034,
      -0.04135154187679291
    ],
    [
      -0.05806591734290123,
      -0.05673319101333618,
      -0.03215295821428299,
      -0.08599647879600525,
      -0.03662902116775513,
      -0.03731564059853554,
      -0.03959357738494873,
      -0.047308407723903656,
      -0.049185000360012054,
      -0.07981117069721222,
      -0.06757061183452606,
      -0.05069404095411301,
      -0.03842822089791298,
      -0.03214428946375847,
      -0.03668508306145668,
      -0.03405826911330223,
      -0.04235018417239189,
