{
  "sigma_values": [
    2.0,
    4.0,
    6.0,
    8.0,
    10.0,
    12.0,
    16.0
  ],
  "metric_name": "quality_vs_adc_bits_sigma0.050",
  "per_trial": [
    [
      0.10040000081062317,
      0.10049999505281448,
      0.10089999437332153,
      0.10019999742507935,
      0.10109999775886536,
      0.10109999775886536,
      0.1005999967455864,
      0.10080000013113022,
      0.10049999505281448,
      0.10040000081062317,
      0.10009999573230743,
      0.10119999945163727,
      0.1006999984383583,
      0.09989999979734421,
      0.10019999742507935,
      0.10049999505281448,
      0.10130000114440918,
      0.10049999505281448,
      0.10179999470710754,
      0.10089999437332153,
      0.10109999775886536,
      0.0997999981045723,
      0.10049999505281448,
      0.10049999505281448,
      0.10189999639987946,
      0.10029999911785126,
      0.10109999775886536,
      0.10199999809265137,
      0.10159999877214432,
      0.09969999641180038,
      0.1005999967455864,
      0.10080000013113022,
      0.09999999403953552,
      0.09959999471902847,
      0.10080000013113022,
      0.10109999775886536,
      0.10089999437332153,
      0.10009999573230743,
      0.1005999967455864,
      0.10009999573230743,
      0.10019999742507935,
      0.1005999967455864,
      0.10029999911785126,
      0.10109999775886536,
      0.10009999573230743,
      0.10119999945163727,
      0.10080000013113022,
      0.10049999505281448,
      0.10009999573230743,
      0.1006999984383583
    ],
    [
      0.8586999773979187,
      0.863599956035614,
      0.8622999787330627,
      0.8634999990463257,
      0.8562999963760376,
      0.8613999485969543,
      0.8597999811172485,
      0.8550999760627747,
      0.8589999675750732,
      0.861299991607666,
      0.8631999492645264,
      0.8596000075340271,
      0.8524999618530273,
      0.85589998960495,
      0.8611999750137329,
      0.8561999797821045,
      0.8572999835014343,
      0.8623999953269958,
      0.8651999831199646,
      0.8636999726295471,
      0.85589998960495,
      0.8606999516487122,
      0.8608999848365784,
      0.8544999957084656,
      0.8611999750137329,
      0.8601999878883362,
      0.8610000014305115,
      0.8621000051498413,
      0.8586999773979187,
      0.858299970626831,
      0.850600004196167,
      0.8575999736785889,
      0.8537999987602234,
      0.861799955368042,
      0.8539999723434448,
      0.8646000027656555,
      0.8569999933242798,
      0.8605999946594238,
      0.8587999939918518,
      0.8589999675750732,
      0.8661999702453613,
      0.8646999597549438,
      0.8578000068664551,
      0.8649999499320984,
      0.856499969959259,
      0.8580999970436096,
      0.8664000034332275,
      0.8603999614715576,
      0.8568999767303467,
      0.8632999658584595
    ],
    [
      0.8686999678611755,
      0.8745999932289124,
      0.8732999563217163,
      0.8667999505996704,
      0.8774999976158142,
      0.8732999563217163,
      0.8551999926567078,
      0.8716999888420105,
      0.871999979019165,
      0.8739999532699585,
      0.8734999895095825,
      0.8768999576568604,
      0.8801999688148499,
      0.8708999752998352,
      0.8734999895095825,
      0.8740999698638916,
      0.8680999875068665,
      0.8733999729156494,
      0.8750999569892883,
      0.8737999796867371,
      0.8758999705314636,
      0.8779000043869019,
      0.8711999654769897,
      0.8780999779701233,
      0.8750999569892883,
      0.8671999573707581,
      0.8641999959945679,
      0.8700999617576599,
      0.8698999881744385,
      0.8794999718666077,
      0.8704999685287476,
      0.877299964427948,
      0.8698999881744385,
      0.8677999973297119,
      0.8746999502182007,
      0.8691999912261963,
      0.866599977016449,
      0.863599956035614,
      0.8788999915122986,
      0.8789999485015869,
      0.8752999901771545,
      0.8732999563217163,
      0.8745999932289124,
      0.8687999844551086,
      0.8744999766349792,
      0.8702999949455261,
      0.8761999607086182,
      0.8721999526023865,
      0.8758999705314636,
      0.8780999779701233
    ],
    [
      0.8736000061035156,
      0.8722999691963196,
      0.8696999549865723,
      0.8788999915122986,
      0.876800000667572,
      0.8726999759674072,
      0.8737999796867371,
      0.8728999495506287,
      0.8723999857902527,
      0.8640999794006348,
      0.8729999661445618,
      0.8676999807357788,
      0.8769999742507935,
      0.8782999515533447,
      0.8734999895095825,
      0.8764999508857727,
      0.8740999698638916,
      0.8723999857902527,
      0.8696999549865723,
      0.8791999816894531,
      0.8642999529838562,
      0.8694999814033508,
      0.8745999932289124,
      0.8697999715805054,
      0.8664000034332275,
      0.877299964427948,
      0.8710999488830566,
      0.8698999881744385,
      0.8732999563217163,
      0.8740999698638916,
      0.8737999796867371,
      0.8702999949455261,
      0.8739999532699585,
      0.8752999901771545,
      0.8655999898910522,
      0.8707000017166138,
      0.875,
      0.8756999969482422,
      0.8730999827384949,
      0.8707000017166138,
      0.8726999759674072,
      0.8725999593734741,
      0.8772000074386597,
      0.8758999705314636,
      0.8718999624252319,
      0.8714999556541443,
      0.8740999698638916,
      0.8761000037193298,
      0.8734999895095825,
      0.8725999593734741
    ],
    [
      0.8745999932289124,
      0.8660999536514282,
      0.8721999526023865,
      0.8723999857902527,
      0.8779999613761902,
      0.8718999624252319,
      0.8747999668121338,
      0.8700000047683716,
      0.8721999526023865,
      0.8690999746322632,
      0.8722999691963196,
      0.8707999587059021,
      0.8747999668121338,
      0.8695999979972839,
      0.8722999691963196,
      0.875,
      0.8769999742507935,
      0.8784999847412109,
      0.8709999918937683,
      0.8755999803543091,
      0.8686999678611755,
      0.8779999613761902,
      0.8736000061035156,
      0.8780999779701233,
      0.8727999925613403,
      0.8759999871253967,
      0.8750999569892883,
      0.8784999847412109,
      0.8774999976158142,
      0.8780999779701233,
      0.8777999877929688,
      0.8788999915122986,
      0.8725000023841858,
      0.8743000030517578,
      0.8725000023841858,
      0.8740999698638916,
      0.8711999654769897,
      0.8738999962806702,
      0.873699963092804,
      0.8675000071525574,
      0.871999979019165,
      0.873699963092804,
      0.8711999654769897,
      0.8754000067710876,
      0.8743999600410461,
      0.8733999729156494,
      0.8725000023841858,
      0.8727999925613403,
      0.8776999711990356,
      0.8754000067710876
    ],
    [
      0.8621000051498413,
      0.8708999752998352,
      0.8664000034332275,
      0.8748999834060669,
      0.8621000051498413,
      0.8768999576568604,
      0.8729999661445618,
      0.8732999563217163,
      0.8739999532699585,
      0.8697999715805054,
      0.8763999938964844,
      0.8764999508857727,
      0.8754000067710876,
      0.863099992275238,
      0.8797999620437622,
      0.8725999593734741,
      0.8729999661445618,
      0.8716999888420105,
      0.8741999864578247,
      0.8774999976158142,
      0.875499963760376,
      0.8759999871253967,
      0.876800000667572,
      0.8743000030517578,
      0.8658999800682068,
      0.865399956703186,
      0.8700999617576599,
      0.8725999593734741,
      0.8734999895095825,
      0.8744999766349792,
      0.8715999722480774,
      0.8737999796867371,
      0.8655999898910522,
      0.873199999332428,
      0.8744999766349792,
      0.8741999864578247,
      0.8788999915122986,
      0.8770999908447266,
      0.8651999831199646,
      0.8788999915122986,
      0.8729999661445618,
      0.8751999735832214,
      0.8689999580383301,
      0.8741999864578247,
      0.8677999973297119,
      0.8667999505996704,
      0.8733999729156494,
      0.8714999556541443,
      0.8768999576568604,
