{
  "sigma_values": [
    0.0,
    0.01,
    0.02,
    0.03,
    0.05,
    0.07,
    0.1,
    0.12,
    0.15
  ],
  "metric_name": "quality_thermal_only",
  "per_trial": [
    [
      -0.4987814426422119,
      -0.49878990650177,
      -0.4987882673740387,
      -0.49879130721092224,
      -0.4987916648387909,
      -0.4987792372703552,
      -0.4987901747226715,
      -0.4987969696521759,
      -0.4987936019897461,
      -0.4987855553627014
    ],
    [
      -0.4987952709197998,
      -0.49879691004753113,
      -0.49879032373428345,
      -0.4987899363040924,
      -0.4987889528274536,
      -0.4987846612930298,
      -0.4987962543964386,
      -0.4987868666648865,
      -0.4987930655479431,
      -0.4987838864326477
    ],
    [
      -0.4987887144088745,
      -0.4987907111644745,
      -0.4987901449203491,
      -0.4987926185131073,
      -0.4987913966178894,
      -0.49878740310668945,
      -0.49878326058387756,
      -0.4987921416759491,
      -0.4987868070602417,
      -0.49879175424575806
    ],
    [
      -0.49879854917526245,
      -0.4987946152687073,
      -0.4987902343273163,
      -0.49878764152526855,
      -0.4987909197807312,
      -0.4987873136997223,
      -0.49878355860710144,
      -0.4987930655479431,
      -0.4987914562225342,
      -0.49878233671188354
    ],
    [
      -0.4987865686416626,
      -0.49879521131515503,
      -0.4987848699092865,
      -0.49878841638565063,
      -0.4987952709197998,
      -0.49879199266433716,
      -0.49878793954849243,
      -0.4987892210483551,
      -0.4987906217575073,
      -0.4987923800945282
    ],
    [
      -0.49878624081611633,
      -0.49878978729248047,
      -0.4987836480140686,
      -0.49879541993141174,
      -0.49879613518714905,
      -0.49878963828086853,
      -0.4987907111644745,
      -0.49879053235054016,
      -0.49878719449043274,
      -0.4987851083278656
    ],
    [
      -0.4987840950489044,
      -0.4987919330596924,
      -0.4987916946411133,
      -0.49878227710723877,
      -0.49878785014152527,
      -0.49879220128059387,
      -0.49879297614097595,
      -0.4987889528274536,
      -0.49878638982772827,
      -0.4987944960594177
    ],
    [
      -0.49878573417663574,
      -0.49878785014152527,
      -0.4987873136997223,
      -0.49878358840942383,
      -0.49879053235054016,
      -0.498790442943573,
      -0.49879711866378784,
      -0.49879327416419983,
      -0.4987892210483551,
      -0.4987935423851013
    ],
    [
      -0.4987856447696686,
      -0.49878665804862976,
      -0.4987916648387909,
      -0.49879056215286255,
      -0.4987819790840149,
      -0.4987967908382416,
      -0.498790442943573,
      -0.49879124760627747,
      -0.4987916648387909,
      -0.49878638982772827
    ]
  ],
  "digital_baseline": -0.4987898677587509,
  "mean": [
    -0.4987888127565384,
    -0.4987906128168106,
    -0.49878949522972105,
    -0.498789969086647,
    -0.4987902492284775,
    -0.4987894415855408,
    -0.49878928661346433,
    -0.49878986179828644,
    -0.4987893044948578
  ],
  "std": [
    5.1361092754743526e-06,
    4.44062704134027e-06,
    2.8010948988733173e-06,
    4.688227385378069e-06,
    3.3135103382796396e-06,
    3.887694393232809e-06,
    3.85616716587425e-06,
    3.820775124342727e-06,
    3.954686206767212e-06
  ],
  "normalized_mean": [
    1.0000021151235834,
    0.9999985062686557,
    1.0000007468656722,
    0.9999997968525371,
    0.9999992352095517,
    1.0000008544143288,
    1.0000011651104486,
    1.0000000119498507,
    1.0000011292608961
  ],
  "normalized_std": [
    1.0297140354018836e-05,
    8.902801216258994e-06,
    5.615781474190089e-06,
    9.399203328736458e-06,
    6.643098732475218e-06,
    7.794252940023966e-06,
    7.731045506600703e-06,
    7.660089691699024e-06,
    7.92856162964395e-06
  ],
  "degradation_threshold_10pct": 0.15
}