{
  "sigma_values": [
    2.0,
    4.0,
    6.0,
    8.0,
    10.0,
    12.0,
    16.0
  ],
  "metric_name": "quality_vs_adc_bits_sigma0.050",
  "per_trial": [
    [
      -2.1489791870117188,
      -2.192681312561035,
      -2.089661121368408,
      -2.118745803833008,
      -2.142709493637085,
      -2.103447675704956,
      -2.1383142471313477,
      -2.1297900676727295,
      -2.1045777797698975,
      -2.149019241333008,
      -2.104691505432129,
      -2.123342752456665,
      -2.1069445610046387,
      -2.1518564224243164,
      -2.1290082931518555,
      -2.1471641063690186,
      -2.1247973442077637,
      -2.1631319522857666,
      -2.105201482772827,
      -2.1253600120544434,
      -2.1582791805267334,
      -2.122368812561035,
      -2.1008996963500977,
      -2.1051547527313232,
      -2.1799397468566895
    ],
    [
      -0.5713993906974792,
      -0.5464985370635986,
      -0.5287413001060486,
      -0.5743862986564636,
      -0.5484424829483032,
      -0.5565391778945923,
      -0.5270696878433228,
      -0.5638008713722229,
      -0.5408799052238464,
      -0.5508055686950684,
      -0.5434823036193848,
      -0.5130284428596497,
      -0.517216145992279,
      -0.5621731281280518,
      -0.5247669816017151,
      -0.5436170697212219,
      -0.5818055868148804,
      -0.5489920377731323,
      -0.5575794577598572,
      -0.5543743371963501,
      -0.558193027973175,
      -0.5191103219985962,
      -0.5184129476547241,
      -0.5252273678779602,
      -0.5757575631141663
    ],
    [
      -0.48515596985816956,
      -0.49434298276901245,
      -0.48527684807777405,
      -0.5110223293304443,
      -0.5185461640357971,
      -0.5056618452072144,
      -0.47469383478164673,
      -0.5027714967727661,
      -0.47162050008773804,
      -0.5061867833137512,
      -0.5192139744758606,
      -0.5313040018081665,
      -0.5274598598480225,
      -0.5511751174926758,
      -0.5006014704704285,
      -0.4626891016960144,
      -0.4802858829498291,
      -0.5057738423347473,
      -0.5342696309089661,
      -0.5070456862449646,
      -0.5404821038246155,
      -0.5816420912742615,
      -0.5130924582481384,
      -0.49592530727386475,
      -0.4565228521823883
    ],
    [
      -0.47087153792381287,
      -0.4763280153274536,
      -0.46665868163108826,
      -0.47584766149520874,
      -0.5272550582885742,
      -0.5556178092956543,
      -0.5000931620597839,
      -0.5352329015731812,
      -0.511375367641449,
      -0.5004281997680664,
      -0.4742109477519989,
      -0.48417025804519653,
      -0.5572108626365662,
      -0.52572101354599,
      -0.5027152299880981,
      -0.4945584535598755,
      -0.536697506904602,
      -0.5328308939933777,
      -0.4878522455692291,
      -0.525038480758667,
      -0.517943799495697,
      -0.5386780500411987,
      -0.476591020822525,
      -0.5480285286903381,
      -0.511588454246521
    ],
    [
      -0.4980928301811218,
      -0.5455844402313232,
      -0.48903992772102356,
      -0.544948160648346,
      -0.5914846062660217,
      -0.5582094192504883,
      -0.4913471043109894,
      -0.4604317843914032,
      -0.47504937648773193,
      -0.5061109662055969,
      -0.4829659163951874,
      -0.49516966938972473,
      -0.4773027300834656,
      -0.456693172454834,
      -0.4939084053039551,
      -0.4728594124317169,
      -0.5293567180633545,
      -0.5039944052696228,
      -0.5468508005142212,
      -0.5144481658935547,
      -0.5236245393753052,
      -0.504275381565094,
      -0.4735246002674103,
      -0.46094921231269836,
      -0.5002002716064453
    ],
    [
      -0.528247058391571,
      -0.5188900232315063,
      -0.48115941882133484,
      -0.5134646892547607,
      -0.5802380442619324,
      -0.5008386969566345,
      -0.46860259771347046,
      -0.5262154936790466,
      -0.49901676177978516,
      -0.47905951738357544,
      -0.5233228206634521,
      -0.4920122027397156,
      -0.47694629430770874,
      -0.5072671175003052,
      -0.5300103425979614,
      -0.507011890411377,
      -0.5450922846794128,
      -0.5048186779022217,
      -0.5173879861831665,
      -0.5000048279762268,
      -0.4965534806251526,
      -0.47584959864616394,
      -0.5258769392967224,
      -0.4675866663455963,
      -0.49501684308052063
    ],
    [
      -0.4692753553390503,
      -0.48731890320777893,
      -0.5113105177879333,
      -0.4933338463306427,
      -0.4720822274684906,
      -0.5164129137992859,
      -0.4754540026187897,
      -0.4932820796966553,
      -0.4735414683818817,
      -0.47376376390457153,
      -0.5680055618286133,
      -0.5390728116035461,
      -0.5003926753997803,
      -0.5007690191268921,
      -0.4998009204864502,
      -0.5424827933311462,
      -0.5310995578765869,
      -0.5612075924873352,
      -0.49155375361442566,
      -0.5158766508102417,
      -0.5015848875045776,
      -0.4733579158782959,
      -0.5251209735870361,
      -0.5095157623291016,
      -0.46935927867889404
    ]
  ],
  "digital_baseline": -0.4987900996208191,
  "mean": [
    -2.1306426620483396,
    -0.5460919976234436,
    -0.5065104854106903,
    -0.5093417656421662,
    -0.5038568806648255,
    -0.5064196109771728,
    -0.5037990093231202
  ],
  "std": [
    0.025724289287355658,
    0.019672762973250837,
    0.027958385665346898,
    0.027584463514346232,
    0.033148176676845206,
    0.025340067091661988,
    0.02783374654190782
  ],
  "normalized_mean": [
    -2.271621797762339,
    0.9051667263672967,
    0.9845217741977231,
    0.9788454782294829,
    0.9898418572304098,
    0.9847039639276047,
    0.9899578806674214
  ],
  "normalized_std": [
    0.05157337586874979,
    0.03944096522406138,
    0.05605240698763047,
    0.055302748661843884,
    0.06645716645547796,
    0.0508030674845502,
    0.05580252407388814
  ],
  "degradation_threshold_10pct": 16.0
}