{
  "sigma_values": [
    0.0,
    0.01,
    0.02,
    0.03,
    0.05,
    0.07,
    0.1,
    0.12,
    0.15
  ],
  "metric_name": "quality_thermal_only",
  "per_trial": [
    [
      -9.635250091552734,
      -9.635189056396484,
      -9.635266304016113,
      -9.635221481323242,
      -9.63530158996582,
      -9.635281562805176,
      -9.635344505310059,
      -9.6351900100708,
      -9.635231971740723,
      -9.635212898254395
    ],
    [
      -9.635228157043457,
      -9.635235786437988,
      -9.63515567779541,
      -9.635250091552734,
      -9.63516616821289,
      -9.635239601135254,
      -9.6351318359375,
      -9.635138511657715,
      -9.635160446166992,
      -9.635207176208496
    ],
    [
      -9.635207176208496,
      -9.63526439666748,
      -9.635262489318848,
      -9.635348320007324,
      -9.635245323181152,
      -9.635282516479492,
      -9.63524341583252,
      -9.635193824768066,
      -9.63509464263916,
      -9.635207176208496
    ],
    [
      -9.635234832763672,
      -9.635234832763672,
      -9.635091781616211,
      -9.635225296020508,
      -9.635232925415039,
      -9.635074615478516,
      -9.635114669799805,
      -9.635205268859863,
      -9.635257720947266,
      -9.635262489318848
    ],
    [
      -9.635251998901367,
      -9.63527774810791,
      -9.63518238067627,
      -9.63522720336914,
      -9.635272026062012,
      -9.635294914245605,
      -9.635299682617188,
      -9.635151863098145,
      -9.63525104522705,
      -9.635186195373535
    ],
    [
      -9.635239601135254,
      -9.635229110717773,
      -9.635175704956055,
      -9.635209083557129,
      -9.635217666625977,
      -9.635178565979004,
      -9.635106086730957,
      -9.635258674621582,
      -9.635210990905762,
      -9.635130882263184
    ],
    [
      -9.635225296020508,
      -9.635268211364746,
      -9.63521957397461,
      -9.635279655456543,
      -9.635204315185547,
      -9.635163307189941,
      -9.635160446166992,
      -9.635313987731934,
      -9.635204315185547,
      -9.635200500488281
    ],
    [
      -9.635096549987793,
      -9.635184288024902,
      -9.635268211364746,
      -9.635271072387695,
      -9.635259628295898,
      -9.635235786437988,
      -9.635294914245605,
      -9.635208129882812,
      -9.635225296020508,
      -9.635199546813965
    ],
    [
      -9.63525676727295,
      -9.635262489318848,
      -9.63525390625,
      -9.635160446166992,
      -9.635284423828125,
      -9.63530158996582,
      -9.635061264038086,
      -9.635298728942871,
      -9.635290145874023,
      -9.635320663452148
    ]
  ],
  "digital_baseline": -9.635219383239747,
  "mean": [
    -9.635248947143555,
    -9.635191345214844,
    -9.635234928131103,
    -9.63519344329834,
    -9.635239505767823,
    -9.635195636749268,
    -9.635223960876464,
    -9.635224342346191,
    -9.635249042510987
  ],
  "std": [
    4.761461973797003e-05,
    4.307441899091437e-05,
    6.311919237576868e-05,
    6.760091314705983e-05,
    4.841332152405984e-05,
    4.5639967358922595e-05,
    4.7139302446681256e-05,
    5.410956795195662e-05,
    7.528284757599824e-05
  ],
  "normalized_mean": [
    0.9999969316833761,
    1.000002909951895,
    0.9999983866593237,
    1.0000026922003926,
    0.9999979115651366,
    1.0000024645510948,
    0.9999995249058132,
    0.9999994853146309,
    0.9999969217855805
  ],
  "normalized_std": [
    4.941726580797384e-06,
    4.470517720213136e-06,
    6.55088274228225e-06,
    7.016022205436249e-06,
    5.0246205715122325e-06,
    4.7367854891101205e-06,
    4.892395343761351e-06,
    5.615810683675664e-06,
    7.813298751344584e-06
  ],
  "degradation_threshold_10pct": 0.15
}