{
  "sigma_values": [
    0.0,
    0.01,
    0.02,
    0.03,
    0.05,
    0.07,
    0.1,
    0.12,
    0.15
  ],
  "metric_name": "quality_mismatch_only",
  "per_trial": [
    [
      -9.635332107543945,
      -9.63527774810791,
      -9.635211944580078,
      -9.635250091552734,
      -9.635130882263184,
      -9.635211944580078,
      -9.635207176208496,
      -9.635241508483887,
      -9.635178565979004,
      -9.635251998901367
    ],
    [
      -9.635383605957031,
      -9.635191917419434,
      -9.635285377502441,
      -9.635220527648926,
      -9.635375022888184,
      -9.635238647460938,
      -9.635246276855469,
      -9.635311126708984,
      -9.635246276855469,
      -9.635184288024902
    ],
    [
      -9.635222434997559,
      -9.635120391845703,
      -9.635299682617188,
      -9.635255813598633,
      -9.635322570800781,
      -9.63528823852539,
      -9.635184288024902,
      -9.63525676727295,
      -9.63522720336914,
      -9.635172843933105
    ],
    [
      -9.635207176208496,
      -9.635271072387695,
      -9.635233879089355,
      -9.63526439666748,
      -9.635247230529785,
      -9.635238647460938,
      -9.63533878326416,
      -9.63536548614502,
      -9.635207176208496,
      -9.635270118713379
    ],
    [
      -9.635343551635742,
      -9.635467529296875,
      -9.635406494140625,
      -9.635234832763672,
      -9.635210037231445,
      -9.635350227355957,
      -9.635199546813965,
      -9.635205268859863,
      -9.63546371459961,
      -9.63541030883789
    ],
    [
      -9.635221481323242,
      -9.635461807250977,
      -9.635355949401855,
      -9.635234832763672,
      -9.635499954223633,
      -9.63548469543457,
      -9.635242462158203,
      -9.635383605957031,
      -9.635293006896973,
      -9.63554573059082
    ],
    [
      -9.635440826416016,
      -9.635526657104492,
      -9.635441780090332,
      -9.635412216186523,
      -9.635441780090332,
      -9.635453224182129,
      -9.63562297821045,
      -9.635549545288086,
      -9.635115623474121,
      -9.635467529296875
    ],
    [
      -9.63542366027832,
      -9.635892868041992,
      -9.635329246520996,
      -9.635486602783203,
      -9.635566711425781,
      -9.635575294494629,
      -9.63570785522461,
      -9.63546085357666,
      -9.63553524017334,
      -9.635461807250977
    ],
    [
      -9.635854721069336,
      -9.635809898376465,
      -9.635391235351562,
      -9.635622024536133,
      -9.636002540588379,
      -9.635493278503418,
      -9.635839462280273,
      -9.636001586914062,
      -9.636184692382812,
      -9.635396957397461
    ]
  ],
  "digital_baseline": -9.635238075256348,
  "mean": [
    -9.635229396820069,
    -9.635268306732177,
    -9.635235023498534,
    -9.63526439666748,
    -9.635329151153565,
    -9.635372352600097,
    -9.635447216033935,
    -9.63554401397705,
    -9.635759639739991
  ],
  "std": [
    5.231153556952237e-05,
    6.620787354377094e-05,
    5.94832901577353e-05,
    4.926168656542858e-05,
    0.00010281250496641196,
    0.00011497911421750847,
    0.00012625441392719727,
    0.00015089514696648644,
    0.00025947900911321486
  ],
  "normalized_mean": [
    1.0000009006976487,
    0.999996862404894,
    1.0000003167288436,
    0.9999972682137248,
    0.9999905476235765,
    0.9999860639308857,
    0.9999782941764435,
    0.9999682479334384,
    0.9999458690610892
  ],
  "normalized_std": [
    5.429189726391957e-06,
    6.871430993884338e-06,
    6.173515349920685e-06,
    5.112658989914783e-06,
    1.0670468561689028e-05,
    1.1933188709968583e-05,
    1.3103403666944497e-05,
    1.5660759577284428e-05,
    2.6930212526825536e-05
  ],
  "degradation_threshold_10pct": 0.15
}