{
  "sigma_values": [
    2.0,
    4.0,
    6.0,
    8.0,
    10.0,
    12.0,
    16.0
  ],
  "metric_name": "quality_vs_adc_bits_sigma0.050",
  "per_trial": [
    [
      -8.632452011108398,
      -8.632452011108398,
      -8.632452011108398,
      -8.632452011108398,
      -8.632452011108398,
      -8.632452011108398,
      -8.632452011108398,
      -8.632452011108398,
      -8.632452011108398,
      -8.632452011108398,
      -8.632452011108398,
      -8.632452011108398,
      -8.632452011108398,
      -8.632452011108398,
      -8.632452011108398,
      -8.632452011108398,
      -8.632452011108398,
      -8.632452011108398,
      -8.632452011108398,
      -8.632452011108398,
      -8.632452011108398,
      -8.632452011108398,
      -8.632452011108398,
      -8.632452011108398,
      -8.632452011108398,
      -8.632452011108398,
      -8.632452011108398,
      -8.632452011108398,
      -8.632452011108398,
      -8.632452011108398,
      -8.632452011108398,
      -8.632452011108398,
      -8.632452011108398,
      -8.632452011108398,
      -8.632452011108398,
      -8.632452011108398,
      -8.632452011108398,
      -8.632452011108398,
      -8.632452011108398,
      -8.632452011108398,
      -8.632452011108398,
      -8.632452011108398,
      -8.632452011108398,
      -8.632452011108398,
      -8.632452011108398,
      -8.632452011108398,
      -8.632452011108398,
      -8.632452011108398,
      -8.632452011108398,
      -8.632452011108398
    ],
    [
      -5.620710372924805,
      -5.641031265258789,
      -5.615437984466553,
      -5.619470119476318,
      -5.574265480041504,
      -5.625343322753906,
      -5.625662326812744,
      -5.606621265411377,
      -5.64472770690918,
      -5.623368263244629,
      -5.6338276863098145,
      -5.6270976066589355,
      -5.584364414215088,
      -5.625081539154053,
      -5.694800853729248,
      -5.660234451293945,
      -5.596156120300293,
      -5.6397247314453125,
      -5.6442670822143555,
      -5.63381290435791,
      -5.604938507080078,
      -5.5973920822143555,
      -5.662450313568115,
      -5.627573013305664,
      -5.617563247680664,
      -5.6329827308654785,
      -5.632066249847412,
      -5.633927822113037,
      -5.625076770782471,
      -5.638051986694336,
      -5.615683078765869,
      -5.647548198699951,
      -5.632670879364014,
      -5.591166019439697,
      -5.644023418426514,
      -5.601213455200195,
      -5.661337375640869,
      -5.626154899597168,
      -5.6592698097229,
      -5.625287055969238,
      -5.640876293182373,
      -5.694128513336182,
      -5.619965553283691,
      -5.5979838371276855,
      -5.649507999420166,
      -5.608277320861816,
      -5.614635944366455,
      -5.631451606750488,
      -5.641764163970947,
      -5.636565685272217
    ],
    [
      -5.495217800140381,
      -5.527237415313721,
      -5.531723499298096,
      -5.537668228149414,
      -5.511185646057129,
      -5.570828914642334,
      -5.57110595703125,
      -5.54005765914917,
      -5.535395622253418,
      -5.557225704193115,
      -5.535871505737305,
      -5.556500434875488,
      -5.514811038970947,
      -5.531520843505859,
      -5.551177024841309,
      -5.504444122314453,
      -5.4922637939453125,
      -5.459812641143799,
      -5.548959732055664,
      -5.571499347686768,
      -5.578500270843506,
      -5.541820049285889,
      -5.467491149902344,
      -5.581625461578369,
      -5.478985786437988,
      -5.546576023101807,
      -5.56428861618042,
      -5.497813701629639,
      -5.581090927124023,
      -5.52742338180542,
      -5.512241363525391,
      -5.507719993591309,
      -5.552159309387207,
      -5.57693338394165,
      -5.610241413116455,
      -5.5814104080200195,
      -5.506669998168945,
      -5.499614238739014,
      -5.495450496673584,
      -5.536076068878174,
      -5.603096961975098,
      -5.553599834442139,
      -5.462286472320557,
      -5.53556489944458,
      -5.5695271492004395,
      -5.448722839355469,
      -5.534704685211182,
      -5.571600914001465,
      -5.5615153312683105,
      -5.5281243324279785
    ],
    [
      -5.618736743927002,
      -5.619312286376953,
      -5.554375648498535,
      -5.63690710067749,
      -5.5565032958984375,
      -5.55885648727417,
      -5.552791118621826,
      -5.598405361175537,
      -5.555719375610352,
      -5.592973709106445,
      -5.596115589141846,
      -5.580760955810547,
      -5.61603307723999,
      -5.59360933303833,
      -5.570508003234863,
      -5.602644443511963,
      -5.632270812988281,
      -5.541022300720215,
      -5.614160537719727,
      -5.634984016418457,
      -5.579658031463623,
      -5.519491672515869,
      -5.631357192993164,
      -5.582705497741699,
      -5.537886142730713,
      -5.628208637237549,
      -5.632577419281006,
      -5.598184585571289,
      -5.592750549316406,
      -5.557168006896973,
      -5.658463001251221,
      -5.67020845413208,
      -5.615873336791992,
      -5.646708965301514,
      -5.598599910736084,
      -5.624346733093262,
      -5.691530227661133,
      -5.657359600067139,
      -5.592803001403809,
      -5.571915149688721,
      -5.648794651031494,
      -5.622867584228516,
      -5.59759521484375,
      -5.563302993774414,
      -5.635765075683594,
      -5.584401607513428,
      -5.569164276123047,
      -5.589955806732178,
      -5.551059722900391,
      -5.534048080444336
    ],
    [
      -5.63489294052124,
      -5.600606441497803,
      -5.604136943817139,
      -5.5975871086120605,
      -5.611024379730225,
      -5.630490303039551,
      -5.570577621459961,
      -5.543346881866455,
      -5.522454261779785,
      -5.573721408843994,
      -5.604248523712158,
      -5.614457130432129,
      -5.527291297912598,
      -5.575671195983887,
      -5.578760623931885,
      -5.622622966766357,
      -5.560976028442383,
      -5.591460227966309,
      -5.627355575561523,
      -5.615375518798828,
      -5.563136577606201,
      -5.631924629211426,
      -5.633246898651123,
      -5.6092119216918945,
      -5.607193470001221,
      -5.618903636932373,
      -5.627139091491699,
      -5.659148693084717,
      -5.6024346351623535,
      -5.560375213623047,
      -5.628855228424072,
      -5.585056781768799,
      -5.605985641479492,
      -5.579977512359619,
      -5.604922294616699,
      -5.611733436584473,
      -5.5870256423950195,
      -5.634286403656006,
      -5.623647689819336,
      -5.611233234405518,
      -5.620662212371826,
      -5.588652610778809,
      -5.644555568695068,
      -5.631505012512207,
      -5.558837413787842,
      -5.643511772155762,
      -5.589674472808838,
      -5.632297992706299,
      -5.611421585083008,
      -5.6337151527404785
    ],
    [
      -5.585898399353027,
      -5.563840866088867,
      -5.620799541473389,
      -5.613554954528809,
      -5.544303894042969,
      -5.680333614349365,
      -5.594731330871582,
      -5.577781677246094,
      -5.633310794830322,
      -5.622398853302002,
      -5.650020122528076,
      -5.633331298828125,
      -5.603560924530029,
      -5.6293158531188965,
      -5.672191619873047,
      -5.576164722442627,
      -5.585587501525879,
      -5.561567306518555,
      -5.58131742477417,
      -5.543417453765869,
      -5.633111476898193,
      -5.619146823883057,
      -5.640195369720459,
      -5.580173969268799,
      -5.564389228820801,
      -5.657104969024658,
      -5.617667198181152,
      -5.611858367919922,
      -5.576581954956055,
      -5.6263227462768555,
      -5.578297138214111,
      -5.588742256164551,
      -5.587280750274658,
      -5.518558025360107,
      -5.635951995849609,
      -5.59072732925415,
      -5.609875679016113,
      -5.621862411499023,
      -5.545797348022461,
      -5.5767364501953125,
      -5.574264049530029,
      -5.633254051208496,
      -5.602541446685791,
      -5.624549865722656,
      -5.567255973815918,
      -5.594151496887207,
      -5.646719455718994,
      -5.586967945098877,
