{
  "sigma_values": [
    0.0,
    0.01,
    0.02,
    0.03,
    0.05,
    0.07,
    0.1,
    0.12,
    0.15
  ],
  "metric_name": "quality_quantization_only",
  "per_trial": [
    [
      -9.642130851745605,
      -9.642056465148926,
      -9.642005920410156,
      -9.641904830932617,
      -9.641990661621094,
      -9.6419038772583,
      -9.64189338684082,
      -9.642021179199219,
      -9.64200210571289,
      -9.642106056213379
    ],
    [
      -9.641979217529297,
      -9.641927719116211,
      -9.641990661621094,
      -9.64191722869873,
      -9.64206600189209,
      -9.641959190368652,
      -9.642037391662598,
      -9.641979217529297,
      -9.641884803771973,
      -9.642023086547852
    ],
    [
      -9.641961097717285,
      -9.6420259475708,
      -9.641996383666992,
      -9.641989707946777,
      -9.641918182373047,
      -9.641913414001465,
      -9.642022132873535,
      -9.64203929901123,
      -9.642024993896484,
      -9.642024040222168
    ],
    [
      -9.642000198364258,
      -9.64194393157959,
      -9.642000198364258,
      -9.641916275024414,
      -9.641891479492188,
      -9.641916275024414,
      -9.642004013061523,
      -9.641988754272461,
      -9.64197826385498,
      -9.642075538635254
    ],
    [
      -9.641976356506348,
      -9.641918182373047,
      -9.641932487487793,
      -9.641952514648438,
      -9.642024993896484,
      -9.641953468322754,
      -9.641889572143555,
      -9.641979217529297,
      -9.641884803771973,
      -9.641975402832031
    ],
    [
      -9.641948699951172,
      -9.641956329345703,
      -9.642000198364258,
      -9.642045974731445,
      -9.641944885253906,
      -9.641800880432129,
      -9.641901016235352,
      -9.641955375671387,
      -9.641912460327148,
      -9.641961097717285
    ],
    [
      -9.641934394836426,
      -9.642057418823242,
      -9.641936302185059,
      -9.641966819763184,
      -9.641901016235352,
      -9.641961097717285,
      -9.641912460327148,
      -9.642068862915039,
      -9.64205265045166,
      -9.641935348510742
    ],
    [
      -9.642014503479004,
      -9.641912460327148,
      -9.642005920410156,
      -9.642005920410156,
      -9.641995429992676,
      -9.641935348510742,
      -9.642005920410156,
      -9.641965866088867,
      -9.641960144042969,
      -9.64193058013916
    ],
    [
      -9.641961097717285,
      -9.64190673828125,
      -9.641984939575195,
      -9.642016410827637,
      -9.641936302185059,
      -9.64196491241455,
      -9.642005920410156,
      -9.641888618469238,
      -9.641915321350098,
      -9.64203929901123
    ]
  ],
  "digital_baseline": -9.641674327850343,
  "mean": [
    -9.642001533508301,
    -9.641976451873779,
    -9.641991519927979,
    -9.641971492767334,
    -9.641948699951172,
    -9.641942691802978,
    -9.641972637176513,
    -9.641973209381103,
    -9.64196195602417
  ],
  "std": [
    7.859595660229475e-05,
    5.357655395150496e-05,
    4.3605865179464604e-05,
    5.2090962246751725e-05,
    4.127988945287715e-05,
    6.12063540128777e-05,
    5.995032208461488e-05,
    3.5460914675431997e-05,
    4.762159115279307e-05
  ],
  "normalized_mean": [
    0.9999660633986555,
    0.9999686647761412,
    0.9999671019714159,
    0.9999691791169368,
    0.999971543106363,
    0.9999721662500195,
    0.9999690604229071,
    0.9999690010758923,
    0.9999701682338515
  ],
  "normalized_std": [
    8.151691701022025e-06,
    5.556768682462863e-06,
    4.52264448027532e-06,
    5.402688420649617e-06,
    4.281402591419067e-06,
    6.348104274387366e-06,
    6.217833132098862e-06,
    3.6778793256895016e-06,
    4.93914122521607e-06
  ],
  "degradation_threshold_10pct": 0.15
}