{
  "sigma_values": [
    0.0,
    0.01,
    0.02,
    0.03,
    0.05,
    0.07,
    0.1,
    0.12,
    0.15
  ],
  "metric_name": "output_mse",
  "per_trial": [
    [
      -0.6669338941574097,
      -0.7243899703025818,
      -0.628486156463623,
      -0.7118985652923584,
      -0.7030211091041565,
      -0.692915678024292,
      -0.6788163781166077,
      -0.710395097732544,
      -0.6736769080162048,
      -0.6715443134307861,
      -0.6960055828094482,
      -0.7153573036193848,
      -0.722439169883728,
      -0.7206701636314392,
      -0.6730960607528687,
      -0.7055666446685791,
      -0.7246382236480713,
      -0.699448823928833,
      -0.7164034843444824,
      -0.6712726354598999
    ],
    [
      -0.7050458788871765,
      -0.7212205529212952,
      -0.673774242401123,
      -0.6824706792831421,
      -0.6927359700202942,
      -0.6984122395515442,
      -0.7266437411308289,
      -0.7205278873443604,
      -0.6845600605010986,
      -0.7118769884109497,
      -0.6932771801948547,
      -0.6828119158744812,
      -0.6875531077384949,
      -0.7098224759101868,
      -0.6742990612983704,
      -0.7460869550704956,
      -0.6882107257843018,
      -0.7184900641441345,
      -0.7326610684394836,
      -0.6601834893226624
    ],
    [
      -0.6587076783180237,
      -0.754585862159729,
      -0.6548569202423096,
      -0.7156760692596436,
      -0.684954822063446,
      -0.6333752274513245,
      -0.7080900073051453,
      -0.677517831325531,
      -0.7191924452781677,
      -0.7267330884933472,
      -0.6946751475334167,
      -0.6648277044296265,
      -0.7059280276298523,
      -0.6945413947105408,
      -0.7060249447822571,
      -0.7117127180099487,
      -0.7606195211410522,
      -0.6320132613182068,
      -0.7140589356422424,
      -0.6746561527252197
    ],
    [
      -0.730470597743988,
      -0.7247057557106018,
      -0.7122684717178345,
      -0.7514429688453674,
      -0.7302883863449097,
      -0.6848351359367371,
      -0.6559364795684814,
      -0.6996446251869202,
      -0.7139996290206909,
      -0.6944774389266968,
      -0.7044612169265747,
      -0.7167230248451233,
      -0.6731194853782654,
      -0.6333975791931152,
      -0.7191171050071716,
      -0.678823709487915,
      -0.7292292714118958,
      -0.6940143704414368,
      -0.7494586110115051,
      -0.7293058633804321
    ],
    [
      -0.7173635959625244,
      -0.6948316693305969,
      -0.674649715423584,
      -0.7630972266197205,
      -0.6986299753189087,
      -0.6905136108398438,
      -0.6539539098739624,
      -0.729764461517334,
      -0.6913157105445862,
      -0.633370578289032,
      -0.6508726477622986,
      -0.732667088508606,
      -0.7297257781028748,
      -0.6957828402519226,
      -0.6614139676094055,
      -0.7704108953475952,
      -0.7148938775062561,
      -0.6801833510398865,
      -0.7902036905288696,
      -0.7337117791175842
    ],
    [
      -0.6014542579650879,
      -0.7636810541152954,
      -0.7769467830657959,
      -0.6688861846923828,
      -0.8730747699737549,
      -0.656139075756073,
      -0.7407236695289612,
      -0.812888503074646,
      -0.6757956743240356,
      -0.7013561129570007,
      -0.6663960814476013,
      -0.6522169709205627,
      -0.6257579922676086,
      -0.7264283895492554,
      -0.7641853094100952,
      -0.7391435503959656,
      -0.7970543503761292,
      -0.7734438180923462,
      -0.7979350090026855,
      -0.853538453578949
    ],
    [
      -0.644451379776001,
      -0.722960889339447,
      -0.5570271611213684,
      -0.7985962629318237,
      -0.913987398147583,
      -0.8287507891654968,
      -0.6738401055335999,
      -0.8267666697502136,
      -0.7308712601661682,
      -0.5620846152305603,
      -0.8543193340301514,
      -0.7937300205230713,
      -0.7279137372970581,
      -0.7795591950416565,
      -0.665107011795044,
      -0.7869352102279663,
      -0.7695295810699463,
      -0.7259687781333923,
      -0.6504587531089783,
      -0.5184882879257202
    ],
    [
      -0.8183943033218384,
      -0.9406906962394714,
      -0.6530642509460449,
      -0.7103358507156372,
      -0.8405843377113342,
      -0.6302488446235657,
      -0.5878897905349731,
      -0.750108003616333,
      -0.8475750088691711,
      -0.5256698131561279,
      -0.8168948292732239,
      -0.5803964138031006,
      -0.7553975582122803,
      -0.5402639508247375,
      -0.6766392588615417,
      -0.6032188534736633,
      -0.7113974094390869,
      -0.6983879804611206,
      -0.6859391927719116,
      -0.7465564012527466
    ],
    [
      -0.6684024333953857,
      -0.687053918838501,
      -0.5643081665039062,
      -0.5501405000686646,
      -0.929125964641571,
      -0.5369194149971008,
      -0.6783797740936279,
      -0.7715190052986145,
      -0.8079678416252136,
      -0.7809059023857117,
      -0.703885555267334,
      -0.8152356147766113,
      -0.8423058986663818,
      -0.7142792344093323,
      -0.5570275187492371,
      -0.7227739691734314,
      -0.5757021307945251,
      -0.5059220790863037,
      -0.6508508324623108,
      -0.8063918948173523
    ]
  ],
  "digital_baseline": 0.0
}