{
  "sigma_values": [
    0.0,
    0.01,
    0.02,
    0.03,
    0.05,
    0.07,
    0.1,
    0.12,
    0.15
  ],
  "metric_name": "quality_quantization_only",
  "per_trial": [
    [
      -5.565158367156982,
      -5.565158367156982,
      -5.565158367156982,
      -5.565158367156982,
      -5.565158367156982,
      -5.565158367156982,
      -5.565158367156982,
      -5.565158367156982,
      -5.565158367156982,
      -5.565158367156982,
      -5.565158367156982,
      -5.565158367156982,
      -5.565158367156982,
      -5.565158367156982,
      -5.565158367156982,
      -5.565158367156982,
      -5.565158367156982,
      -5.565158367156982,
      -5.565158367156982,
      -5.565158367156982
    ],
    [
      -5.565158367156982,
      -5.565158367156982,
      -5.565158367156982,
      -5.565158367156982,
      -5.565158367156982,
      -5.565158367156982,
      -5.565158367156982,
      -5.565158367156982,
      -5.565158367156982,
      -5.565158367156982,
      -5.565158367156982,
      -5.565158367156982,
      -5.565158367156982,
      -5.565158367156982,
      -5.565158367156982,
      -5.565158367156982,
      -5.565158367156982,
      -5.565158367156982,
      -5.565158367156982,
      -5.565158367156982
    ],
    [
      -5.565158367156982,
      -5.565158367156982,
      -5.565158367156982,
      -5.565158367156982,
      -5.565158367156982,
      -5.565158367156982,
      -5.565158367156982,
      -5.565158367156982,
      -5.565158367156982,
      -5.565158367156982,
      -5.565158367156982,
      -5.565158367156982,
      -5.565158367156982,
      -5.565158367156982,
      -5.565158367156982,
      -5.565158367156982,
      -5.565158367156982,
      -5.565158367156982,
      -5.565158367156982,
      -5.565158367156982
    ],
    [
      -5.565158367156982,
      -5.565158367156982,
      -5.565158367156982,
      -5.565158367156982,
      -5.565158367156982,
      -5.565158367156982,
      -5.565158367156982,
      -5.565158367156982,
      -5.565158367156982,
      -5.565158367156982,
      -5.565158367156982,
      -5.565158367156982,
      -5.565158367156982,
      -5.565158367156982,
      -5.565158367156982,
      -5.565158367156982,
      -5.565158367156982,
      -5.565158367156982,
      -5.565158367156982,
      -5.565158367156982
    ],
    [
      -5.565158367156982,
      -5.565158367156982,
      -5.565158367156982,
      -5.565158367156982,
      -5.565158367156982,
      -5.565158367156982,
      -5.565158367156982,
      -5.565158367156982,
      -5.565158367156982,
      -5.565158367156982,
      -5.565158367156982,
      -5.565158367156982,
      -5.565158367156982,
      -5.565158367156982,
      -5.565158367156982,
      -5.565158367156982,
      -5.565158367156982,
      -5.565158367156982,
      -5.565158367156982,
      -5.565158367156982
    ],
    [
      -5.565158367156982,
      -5.565158367156982,
      -5.565158367156982,
      -5.565158367156982,
      -5.565158367156982,
      -5.565158367156982,
      -5.565158367156982,
      -5.565158367156982,
      -5.565158367156982,
      -5.565158367156982,
      -5.565158367156982,
      -5.565158367156982,
      -5.565158367156982,
      -5.565158367156982,
      -5.565158367156982,
      -5.565158367156982,
      -5.565158367156982,
      -5.565158367156982,
      -5.565158367156982,
      -5.565158367156982
    ],
    [
      -5.565158367156982,
      -5.565158367156982,
      -5.565158367156982,
      -5.565158367156982,
      -5.565158367156982,
      -5.565158367156982,
      -5.565158367156982,
      -5.565158367156982,
      -5.565158367156982,
      -5.565158367156982,
      -5.565158367156982,
      -5.565158367156982,
      -5.565158367156982,
      -5.565158367156982,
      -5.565158367156982,
      -5.565158367156982,
      -5.565158367156982,
      -5.565158367156982,
      -5.565158367156982,
      -5.565158367156982
    ],
    [
      -5.565158367156982,
      -5.565158367156982,
      -5.565158367156982,
      -5.565158367156982,
      -5.565158367156982,
      -5.565158367156982,
      -5.565158367156982,
      -5.565158367156982,
      -5.565158367156982,
      -5.565158367156982,
      -5.565158367156982,
      -5.565158367156982,
      -5.565158367156982,
      -5.565158367156982,
      -5.565158367156982,
      -5.565158367156982,
      -5.565158367156982,
      -5.565158367156982,
      -5.565158367156982,
      -5.565158367156982
    ],
    [
      -5.565158367156982,
      -5.565158367156982,
      -5.565158367156982,
      -5.565158367156982,
      -5.565158367156982,
      -5.565158367156982,
      -5.565158367156982,
      -5.565158367156982,
      -5.565158367156982,
      -5.565158367156982,
      -5.565158367156982,
      -5.565158367156982,
      -5.565158367156982,
      -5.565158367156982,
      -5.565158367156982,
      -5.565158367156982,
      -5.565158367156982,
      -5.565158367156982,
      -5.565158367156982,
      -5.565158367156982
    ]
  ],
  "digital_baseline": -4.066534519195557,
  "ideal_analog_baseline": -5.569643020629883,
  "mean": [
    -5.565158367156982,
    -5.565158367156982,
    -5.565158367156982,
    -5.565158367156982,
    -5.565158367156982,
    -5.565158367156982,
    -5.565158367156982,
    -5.565158367156982,
    -5.565158367156982
  ],
  "std": [
    0.0,
    0.0,
    0.0,
    0.0,
    0.0,
    0.0,
    0.0,
    0.0,
    0.0
  ],
  "normalized_mean": [
    0.6314739636692217,
    0.6314739636692217,
    0.6314739636692217,
    0.6314739636692217,
    0.6314739636692217,
    0.6314739636692217,
    0.6314739636692217,
    0.6314739636692217,
    0.6314739636692217
  ],
  "normalized_std": [
    0.0,
    0.0,
    0.0,
    0.0,
    0.0,
    0.0,
    0.0,
    0.0,
    0.0
  ],
  "degradation_threshold_10pct": 0.0,
  "trial_seeds": {
    "digital_baseline": [
      101020345,
      101020346,
      101020347,
      101020348,
      101020349,
      101020350,
      101020351,
      101020352,
      101020353,
      101020354,
      101020355,
      101020356,
      101020357,
      101020358,
      101020359,
      101020360,
      101020361,
      101020362,
      101020363,
      101020364
    ],
    "ideal_analog_baseline": [
      202020648,
      202020649,
      202020650,
      202020651,
      202020652,
      202020653,
      202020654,
      202020655,
      202020656,
      202020657,
      202020658,
      202020659,
      202020660,
      202020661,
      202020662,
      202020663,
      202020664,
      202020665,
      202020666,
      202020667
    ],
    "per_trial": [
      [
        707102219,
        707102220,
        707102221,
        707102222,
        707102223,
        707102224,
        707102225,
        707102226,
        707102227,
        707102228,
        707102229,
        707102230,
        707102231,
        707102232,
        707102233,
        707102234,
        707102235,
        707102236,
        707102237,
        707102238
      ]
    ]
  },
  "metadata": {
    "arch": "diffusion",
    "analog_domain": "conservative",
    "analog_substrate": "classic",
    "seed": 20042,
    "pilot_profile_path": "/workspace/NEW_ACTUAL_RUNS/5-14/945/experiments/cross_arch_tolerance/results/profiles/diffusion_profile_capacitive.json",
    "dynamics_diagnostics": {},
    "calibration": "runner: diffusion(x_t,t), early/mid/late noised states",
    "ablation_noise": "quantization"
  },
  "normalized_mean_vs_ideal_analog": [
    1.0008051958547952,
    1.0008051958547952,
    1.0008051958547952,
    1.0008051958547952,
    1.0008051958547952,
    1.0008051958547952,
    1.0008051958547952,
    1.0008051958547952,
    1.0008051958547952
  ],
  "normalized_std_vs_ideal_analog": [
    0.0,
    0.0,
    0.0,
    0.0,
    0.0,
    0.0,
    0.0,
    0.0,
    0.0
  ],
  "degradation_threshold_10pct_vs_ideal_analog": 0.15,
  "analog_energy_pJ": 102510.15,
  "digital_energy_pJ": 204803000.0,
  "analog_latency_ns": 7510.0,
  "digital_latency_ns": 20480300.0,