{
  "sigma_values": [
    0.0,
    0.01,
    0.02,
    0.03,
    0.05,
    0.07,
    0.1,
    0.12,
    0.15
  ],
  "metric_name": "quality_thermal_only",
  "per_trial": [
    [
      -7.538104057312012,
      -7.538067817687988,
      -7.53808069229126,
      -7.538076877593994,
      -7.538113117218018,
      -7.538057804107666,
      -7.53809118270874,
      -7.5381083488464355,
      -7.538115501403809,
      -7.538092136383057
    ],
    [
      -7.538075923919678,
      -7.5381035804748535,
      -7.53811502456665,
      -7.53809118270874,
      -7.538073539733887,
      -7.53807258605957,
      -7.538041591644287,
      -7.538076400756836,
      -7.538088321685791,
      -7.538083553314209
    ],
    [
      -7.53806734085083,
      -7.538103103637695,
      -7.53812837600708,
      -7.53812837600708,
      -7.538081645965576,
      -7.53814697265625,
      -7.538110733032227,
      -7.538180828094482,
      -7.538058757781982,
      -7.538120269775391
    ],
    [
      -7.538085460662842,
      -7.538077354431152,
      -7.538118362426758,
      -7.5380730628967285,
      -7.538109302520752,
      -7.538084506988525,
      -7.538110733032227,
      -7.53814172744751,
      -7.538069725036621,
      -7.538067817687988
    ],
    [
      -7.538049221038818,
      -7.538018703460693,
      -7.538087844848633,
      -7.538026809692383,
      -7.538108825683594,
      -7.538094997406006,
      -7.538111686706543,
      -7.538081645965576,
      -7.538106441497803,
      -7.53804349899292
    ],
    [
      -7.538105487823486,
      -7.538106918334961,
      -7.538046836853027,
      -7.538097858428955,
      -7.538032054901123,
      -7.538064479827881,
      -7.538105487823486,
      -7.5380940437316895,
      -7.538088321685791,
      -7.538045406341553
    ],
    [
      -7.538076877593994,
      -7.538111209869385,
      -7.5381340980529785,
      -7.538122653961182,
      -7.538061618804932,
      -7.538050174713135,
      -7.538107872009277,
      -7.538030624389648,
      -7.538064956665039,
      -7.5380730628967285
    ],
    [
      -7.538083076477051,
      -7.538127422332764,
      -7.538115978240967,
      -7.538078784942627,
      -7.538032531738281,
      -7.538068771362305,
      -7.538055896759033,
      -7.53808069229126,
      -7.538102149963379,
      -7.538124084472656
    ],
    [
      -7.538090705871582,
      -7.538183689117432,
      -7.538085460662842,
      -7.538108825683594,
      -7.538112163543701,
      -7.538140773773193,
      -7.5380706787109375,
      -7.538029670715332,
      -7.5380778312683105,
      -7.53807258605957
    ]
  ],
  "digital_baseline": -7.538112163543701,
  "mean": [
    -7.538090753555298,
    -7.53808217048645,
    -7.538112640380859,
    -7.53809380531311,
    -7.538072967529297,
    -7.538078689575196,
    -7.53808331489563,
    -7.538086938858032,
    -7.538097238540649
  ],
  "std": [
    1.872634897408842e-05,
    1.8825649369320872e-05,
    3.520272725089213e-05,
    2.353397899481507e-05,
    3.345874972955923e-05,
    2.72547372529258e-05,
    3.2150460296062715e-05,
    2.9099141413130836e-05,
    4.020280224384148e-05
  ],
  "normalized_mean": [
    1.0000028402321348,
    1.0000039788552626,
    0.9999999367431596,
    1.000002435388356,
    1.0000051997122825,
    1.0000044406301976,
    1.0000038270388454,
    1.0000033462868583,
    1.0000019799391051
  ],
  "normalized_std": [
    2.484222649890245e-06,
    2.497395761815097e-06,
    4.669965965900827e-06,
    3.121999047537605e-06,
    4.438611286705784e-06,
    3.615591896434879e-06,
    4.265054644789026e-06,
    3.860269094145608e-06,
    5.333271961416658e-06
  ],
  "degradation_threshold_10pct": 0.15
}