{
  "sigma_values": [
    0.0,
    0.01,
    0.02,
    0.03,
    0.05,
    0.07,
    0.1,
    0.12,
    0.15
  ],
  "metric_name": "quality",
  "per_trial": [
    [
      -9.63906478881836,
      -9.639033317565918,
      -9.639076232910156,
      -9.63901424407959,
      -9.638956069946289,
      -9.639004707336426,
      -9.639019966125488,
      -9.639082908630371,
      -9.63909912109375,
      -9.6390380859375,
      -9.63904094696045,
      -9.639026641845703,
      -9.63901424407959,
      -9.639049530029297,
      -9.639086723327637,
      -9.638971328735352,
      -9.639019966125488,
      -9.639077186584473,
      -9.639043807983398,
      -9.639047622680664,
      -9.639070510864258,
      -9.639100074768066,
      -9.639008522033691,
      -9.638993263244629,
      -9.639042854309082,
      -9.639107704162598,
      -9.63905143737793,
      -9.639115333557129,
      -9.639166831970215,
      -9.639129638671875,
      -9.639042854309082,
      -9.638998031616211,
      -9.639021873474121,
      -9.63912582397461,
      -9.639095306396484,
      -9.639070510864258,
      -9.63908863067627,
      -9.63901424407959,
      -9.63903522491455,
      -9.639117240905762,
      -9.6390962600708,
      -9.6390962600708,
      -9.638982772827148,
      -9.639131546020508,
      -9.63907241821289,
      -9.639074325561523,
      -9.639107704162598,
      -9.639005661010742,
      -9.639084815979004,
      -9.639020919799805
    ],
    [
      -9.639219284057617,
      -9.639071464538574,
      -9.639077186584473,
      -9.638964653015137,
      -9.639060974121094,
      -9.63892650604248,
      -9.639252662658691,
      -9.639166831970215,
      -9.63919448852539,
      -9.639145851135254,
      -9.639057159423828,
      -9.639154434204102,
      -9.639166831970215,
      -9.639043807983398,
      -9.639029502868652,
      -9.639045715332031,
      -9.639116287231445,
      -9.638985633850098,
      -9.639016151428223,
      -9.639100074768066,
      -9.639330863952637,
      -9.639059066772461,
      -9.639090538024902,
      -9.639250755310059,
      -9.639241218566895,
      -9.63918399810791,
      -9.639103889465332,
      -9.638924598693848,
      -9.639020919799805,
      -9.639114379882812,
      -9.6389741897583,
      -9.63916015625,
      -9.638948440551758,
      -9.639087677001953,
      -9.639025688171387,
      -9.639008522033691,
      -9.639097213745117,
      -9.639152526855469,
      -9.639155387878418,
      -9.639053344726562,
      -9.639025688171387,
      -9.639134407043457,
      -9.638984680175781,
      -9.639100074768066,
      -9.639055252075195,
      -9.63916015625,
      -9.639171600341797,
      -9.639012336730957,
      -9.639022827148438,
      -9.639079093933105
    ],
    [
      -9.63880729675293,
      -9.63908576965332,
      -9.63896369934082,
      -9.639002799987793,
      -9.639299392700195,
      -9.638932228088379,
      -9.63870620727539,
      -9.639223098754883,
      -9.63900089263916,
      -9.63884449005127,
      -9.639199256896973,
      -9.63884449005127,
      -9.639018058776855,
      -9.639135360717773,
      -9.63890266418457,
      -9.63879108428955,
      -9.639078140258789,
      -9.6388578414917,
      -9.639245986938477,
      -9.639016151428223,
      -9.638934135437012,
      -9.638858795166016,
      -9.638959884643555,
      -9.6392240524292,
      -9.639134407043457,
      -9.639076232910156,
      -9.63907241821289,
      -9.639114379882812,
      -9.63907241821289,
      -9.639092445373535,
      -9.638981819152832,
      -9.639193534851074,
      -9.639028549194336,
      -9.638785362243652,
      -9.639181137084961,
      -9.63909912109375,
      -9.639281272888184,
      -9.6387357711792,
      -9.639336585998535,
      -9.63902759552002,
      -9.639158248901367,
      -9.639259338378906,
      -9.638945579528809,
      -9.6393461227417,
      -9.639059066772461,
      -9.639355659484863,
      -9.63912582397461,
      -9.639039993286133,
      -9.639159202575684,
      -9.639081001281738
    ],
    [
      -9.639201164245605,
      -9.639016151428223,
      -9.63880443572998,
      -9.639528274536133,
      -9.639925956726074,
      -9.638723373413086,
      -9.63908863067627,
      -9.639131546020508,
      -9.638690948486328,
      -9.639409065246582,
      -9.638778686523438,
      -9.638934135437012,
      -9.639093399047852,
      -9.638724327087402,
      -9.639240264892578,
      -9.639562606811523,
      -9.638727188110352,
      -9.639049530029297,
      -9.639430046081543,
      -9.639158248901367,
      -9.639053344726562,
      -9.638893127441406,
      -9.639175415039062,
      -9.63906478881836,
      -9.639220237731934,
      -9.638449668884277,
      -9.63883113861084,
      -9.639158248901367,
      -9.638957023620605,
      -9.639010429382324,
      -9.639068603515625,
      -9.638834953308105,
      -9.6386137008667,
      -9.639313697814941,
      -9.638924598693848,
      -9.638904571533203,
      -9.63892936706543,
      -9.639519691467285,
      -9.63934326171875,
      -9.639026641845703,
      -9.639311790466309,
      -9.638521194458008,
      -9.638825416564941,
      -9.639174461364746,
      -9.638871192932129,
      -9.639094352722168,
      -9.638975143432617,
      -9.639184951782227,
      -9.639348983764648,
      -9.639098167419434
    ],
    [
      -9.639068603515625,
      -9.63830852508545,
      -9.638477325439453,
      -9.639984130859375,
      -9.63899040222168,
      -9.63908863067627,
      -9.638879776000977,
      -9.63927173614502,
      -9.639781951904297,
      -9.638814926147461,
      -9.639924049377441,
      -9.638623237609863,
      -9.639312744140625,
      -9.639780044555664,
      -9.639219284057617,
      -9.638668060302734,
      -9.638081550598145,
      -9.639256477355957,
      -9.63965892791748,
      -9.639601707458496,
      -9.639249801635742,
      -9.638319969177246,
      -9.639616012573242,
      -9.6383695602417,
      -9.639100074768066,
      -9.63905143737793,
      -9.63916301727295,
      -9.63879680633545,
      -9.638937950134277,
      -9.638651847839355,
      -9.638785362243652,
      -9.639780044555664,
      -9.639166831970215,
      -9.638980865478516,
      -9.639117240905762,
      -9.639029502868652,
      -9.638671875,
      -9.639636039733887,
      -9.63858413696289,
      -9.639293670654297,
      -9.639575004577637,
      -9.638930320739746,
      -9.63979434967041,
      -9.63938045501709,
      -9.638433456420898,
      -9.638872146606445,
      -9.63997745513916,
      -9.638162612915039,
      -9.638603210449219,
      -9.640000343322754
    ],
    [
      -9.63838005065918,
      -9.6395845413208,
      -9.637754440307617,
      -9.638293266296387,
      -9.63865852355957,
      -9.640619277954102,
      -9.638578414916992,
      -9.638650894165039,
      -9.640000343322754,
      -9.638910293579102,
      -9.639765739440918,
      -9.637877464294434,
      -9.638833999633789,
      -9.639068603515625,
      -9.638833999633789,
      -9.638961791992188,
      -9.638937950134277,
      -9.640074729919434,
      -9.638959884643555,
      -9.63955020904541,
      -9.639826774597168,
      -9.638535499572754,
      -9.640584945678711,
      -9.638571739196777,
      -9.639467239379883,
      -9.638795852661133,
      -9.638014793395996,
      -9.639704704284668,
      -9.638699531555176,
      -9.638803482055664,
      -9.638697624206543,
      -9.639636993408203,
      -9.639845848083496,
      -9.638999938964844,
      -9.638666152954102,
      -9.64067554473877,
      -9.638832092285156,
      -9.639700889587402,
      -9.639572143554688,
      -9.638825416564941,
      -9.638895034790039,
      -9.639705657958984,
      -9.63897705078125,
      -9.638798713684082,
      -9.638797760009766,
      -9.639558792114258,
      -9.638594627380371,
      -9.638668060302734,
      -9.638596534729004,
      -9.639616966247559
    ],
    [
      -9.638442039489746,
