{
  "sigma_values": [
    0.0,
    0.01,
    0.02,
    0.03,
    0.05,
    0.07,
    0.1,
    0.12,
    0.15
  ],
  "metric_name": "quality_thermal_only",
  "per_trial": [
    [
      -5.492400646209717,
      -5.492424488067627,
      -5.492476940155029,
      -5.492447853088379,
      -5.492470741271973,
      -5.492387771606445,
      -5.492415428161621,
      -5.492481708526611,
      -5.492495536804199,
      -5.492434024810791
    ],
    [
      -5.492475986480713,
      -5.49246072769165,
      -5.492424488067627,
      -5.4924163818359375,
      -5.492424011230469,
      -5.492437839508057,
      -5.492375373840332,
      -5.492406368255615,
      -5.4924139976501465,
      -5.492393493652344
    ],
    [
      -5.492493152618408,
      -5.492440700531006,
      -5.492420196533203,
      -5.492388725280762,
      -5.492403507232666,
      -5.492429733276367,
      -5.492501258850098,
      -5.49239444732666,
      -5.492389678955078,
      -5.49238395690918
    ],
    [
      -5.4923601150512695,
      -5.49238395690918,
      -5.492381572723389,
      -5.492425918579102,
      -5.492441177368164,
      -5.492523193359375,
      -5.492465019226074,
      -5.492470741271973,
      -5.492426872253418,
      -5.492515563964844
    ],
    [
      -5.492424011230469,
      -5.492508411407471,
      -5.492404460906982,
      -5.492459297180176,
      -5.492404460906982,
      -5.492408752441406,
      -5.492432117462158,
      -5.492408275604248,
      -5.492434024810791,
      -5.492434978485107
    ],
    [
      -5.492428779602051,
      -5.4924845695495605,
      -5.492467880249023,
      -5.492428302764893,
      -5.49250602722168,
      -5.49254035949707,
      -5.492356777191162,
      -5.492398738861084,
      -5.492506504058838,
      -5.492420196533203
    ],
    [
      -5.4924397468566895,
      -5.492485523223877,
      -5.492424488067627,
      -5.4925031661987305,
      -5.492448329925537,
      -5.492489814758301,
      -5.492455005645752,
      -5.492444038391113,
      -5.492414474487305,
      -5.492433071136475
    ],
    [
      -5.492490768432617,
      -5.4924540519714355,
      -5.4923248291015625,
      -5.492452621459961,
      -5.492483615875244,
      -5.492410182952881,
      -5.492422103881836,
      -5.492406845092773,
      -5.492442607879639,
      -5.492429256439209
    ],
    [
      -5.49242639541626,
      -5.492407321929932,
      -5.492456912994385,
      -5.492430210113525,
      -5.492462635040283,
      -5.492405414581299,
      -5.492463111877441,
      -5.492441654205322,
      -5.492508888244629,
      -5.492378234863281
    ]
  ],
  "digital_baseline": -5.492458343505859,
  "mean": [
    -5.492443513870239,
    -5.492422866821289,
    -5.492424535751343,
    -5.492439413070679,
    -5.492431879043579,
    -5.4924538135528564,
    -5.492453765869141,
    -5.492431688308716,
    -5.492438077926636
  ],
  "std": [
    3.496907333865872e-05,
    2.8274634176332356e-05,
    4.048875385636614e-05,
    5.244690696102868e-05,
    3.046407330566397e-05,
    5.3845557418700773e-05,
    2.810687091988333e-05,
    4.4543048341446416e-05,
    3.52190323967268e-05
  ],
  "normalized_mean": [
    1.0000026999996527,
    1.0000064591631563,
    1.0000061553046746,
    1.000003446623351,
    1.0000048183273547,
    1.0000008247587364,
    1.0000008334404071,
    1.0000048530540382,
    1.0000036897101363
  ],
  "normalized_std": [
    6.366743478356143e-06,
    5.147901432837183e-06,
    7.371699760679841e-06,
    9.548894808285718e-06,
    5.546527875206173e-06,
    9.803544069181037e-06,
    5.117357139925543e-06,
    8.109856380451744e-06,
    6.4122529829231875e-06
  ],
  "degradation_threshold_10pct": 0.15
}