{
  "sigma_values": [
    0.0,
    0.01,
    0.02,
    0.03,
    0.05,
    0.07,
    0.1,
    0.12,
    0.15
  ],
  "metric_name": "quality",
  "per_trial": [
    [
      -9.644291877746582,
      -9.644338607788086,
      -9.644400596618652,
      -9.64438247680664,
      -9.64454174041748,
      -9.644466400146484,
      -9.644392013549805,
      -9.644495010375977,
      -9.644420623779297,
      -9.644437789916992,
      -9.644498825073242,
      -9.64440631866455,
      -9.644392013549805,
      -9.644338607788086,
      -9.64453411102295,
      -9.64450454711914,
      -9.644478797912598,
      -9.644371032714844,
      -9.644375801086426,
      -9.644373893737793,
      -9.644392013549805,
      -9.644436836242676,
      -9.644426345825195,
      -9.644367218017578,
      -9.64444351196289,
      -9.64444637298584,
      -9.644411087036133,
      -9.644402503967285,
      -9.644416809082031,
      -9.644445419311523,
      -9.64440631866455,
      -9.644460678100586,
      -9.644420623779297,
      -9.644471168518066,
      -9.644403457641602,
      -9.644365310668945,
      -9.644455909729004,
      -9.644579887390137,
      -9.644471168518066,
      -9.644439697265625,
      -9.64447021484375,
      -9.64443302154541,
      -9.644437789916992,
      -9.644417762756348,
      -9.644391059875488,
      -9.644354820251465,
      -9.64444351196289,
      -9.644328117370605,
      -9.644506454467773,
      -9.644346237182617
    ],
    [
      -9.644213676452637,
      -9.644381523132324,
      -9.644503593444824,
      -9.644209861755371,
      -9.644328117370605,
      -9.644426345825195,
      -9.644615173339844,
      -9.64441967010498,
      -9.64443302154541,
      -9.644474029541016,
      -9.644327163696289,
      -9.644281387329102,
      -9.64450740814209,
      -9.644393920898438,
      -9.6444673538208,
      -9.644268035888672,
      -9.64445972442627,
      -9.644643783569336,
      -9.644264221191406,
      -9.644484519958496,
      -9.644407272338867,
      -9.644564628601074,
      -9.644439697265625,
      -9.644491195678711,
      -9.644429206848145,
      -9.644275665283203,
      -9.644498825073242,
      -9.644344329833984,
      -9.644377708435059,
      -9.644415855407715,
      -9.644584655761719,
      -9.64429759979248,
      -9.644547462463379,
      -9.644309043884277,
      -9.644432067871094,
      -9.644408226013184,
      -9.644416809082031,
      -9.644493103027344,
      -9.644278526306152,
      -9.644353866577148,
      -9.644383430480957,
      -9.644295692443848,
      -9.644387245178223,
      -9.644320487976074,
      -9.644394874572754,
      -9.644400596618652,
      -9.644307136535645,
      -9.644392967224121,
      -9.644338607788086,
      -9.644439697265625
    ],
    [
      -9.644396781921387,
      -9.644469261169434,
      -9.644618034362793,
      -9.644171714782715,
      -9.64444351196289,
      -9.644210815429688,
      -9.644420623779297,
      -9.644640922546387,
      -9.644458770751953,
      -9.644495964050293,
      -9.644694328308105,
      -9.644551277160645,
      -9.644679069519043,
      -9.644627571105957,
      -9.644662857055664,
      -9.64448356628418,
      -9.644537925720215,
      -9.64477252960205,
      -9.644465446472168,
      -9.64395523071289,
      -9.64449691772461,
      -9.644576072692871,
      -9.644355773925781,
      -9.644728660583496,
      -9.644268989562988,
      -9.644632339477539,
      -9.644174575805664,
      -9.644495964050293,
      -9.644701957702637,
      -9.644683837890625,
      -9.6444091796875,
      -9.644570350646973,
      -9.644536018371582,
      -9.644303321838379,
      -9.6444673538208,
      -9.644135475158691,
      -9.644400596618652,
      -9.644485473632812,
      -9.644350051879883,
      -9.644325256347656,
      -9.64439868927002,
      -9.644379615783691,
      -9.644327163696289,
      -9.64439868927002,
      -9.644731521606445,
      -9.644512176513672,
      -9.64428424835205,
      -9.644550323486328,
      -9.644266128540039,
      -9.644560813903809
    ],
    [
      -9.644219398498535,
      -9.644060134887695,
      -9.643671989440918,
      -9.64452075958252,
      -9.64480972290039,
      -9.643932342529297,
      -9.644428253173828,
      -9.644277572631836,
      -9.6442232131958,
      -9.644837379455566,
      -9.644343376159668,
      -9.644240379333496,
      -9.644662857055664,
      -9.644135475158691,
      -9.644416809082031,
      -9.644495964050293,
      -9.644304275512695,
      -9.645012855529785,
      -9.644379615783691,
      -9.644240379333496,
      -9.644207954406738,
      -9.644150733947754,
      -9.644499778747559,
      -9.644221305847168,
      -9.644489288330078,
      -9.644737243652344,
      -9.643213272094727,
      -9.64512825012207,
      -9.644840240478516,
      -9.644969940185547,
      -9.644414901733398,
      -9.644639015197754,
      -9.644949913024902,
      -9.644050598144531,
      -9.644411087036133,
      -9.644845008850098,
      -9.644025802612305,
      -9.643560409545898,
      -9.644271850585938,
      -9.6447114944458,
      -9.64482593536377,
      -9.644145965576172,
      -9.643902778625488,
      -9.64430046081543,
      -9.64391803741455,
      -9.64444637298584,
      -9.644396781921387,
      -9.644320487976074,
      -9.644183158874512,
      -9.644242286682129
    ],
    [
      -9.644651412963867,
      -9.644482612609863,
      -9.644092559814453,
      -9.64369010925293,
      -9.644888877868652,
      -9.645182609558105,
      -9.644397735595703,
      -9.64501953125,
      -9.643762588500977,
      -9.644309043884277,
      -9.644316673278809,
      -9.644634246826172,
      -9.645257949829102,
      -9.644062995910645,
      -9.644709587097168,
      -9.644023895263672,
      -9.644244194030762,
      -9.644061088562012,
      -9.644147872924805,
      -9.644050598144531,
      -9.644187927246094,
      -9.644001007080078,
      -9.644428253173828,
      -9.644277572631836,
      -9.644493103027344,
      -9.642889022827148,
      -9.64462661743164,
      -9.645235061645508,
      -9.643980026245117,
      -9.644096374511719,
      -9.644769668579102,
      -9.64463996887207,
      -9.644673347473145,
      -9.644829750061035,
      -9.645060539245605,
      -9.644771575927734,
      -9.644142150878906,
      -9.644064903259277,
      -9.644316673278809,
      -9.645075798034668,
      -9.64450454711914,
      -9.64439868927002,
      -9.644676208496094,
      -9.64370346069336,
      -9.645756721496582,
      -9.644144058227539,
      -9.644689559936523,
      -9.644121170043945,
      -9.644877433776855,
      -9.64449405670166
    ],
    [
      -9.643722534179688,
      -9.644466400146484,
      -9.643697738647461,
      -9.644875526428223,
      -9.643091201782227,
      -9.64565658569336,
      -9.645151138305664,
      -9.643885612487793,
      -9.643478393554688,
      -9.644747734069824,
      -9.644560813903809,
      -9.644500732421875,
      -9.644586563110352,
      -9.644901275634766,
      -9.643928527832031,
      -9.644797325134277,
      -9.643857955932617,
      -9.645268440246582,
      -9.645031929016113,
      -9.643830299377441,
      -9.643739700317383,
      -9.644441604614258,
      -9.645049095153809,
      -9.643993377685547,
      -9.645207405090332,
      -9.64428424835205,
      -9.644782066345215,
      -9.64372730255127,
      -9.643279075622559,
      -9.64382266998291,
      -9.645658493041992,
      -9.643714904785156,
      -9.643779754638672,
      -9.644786834716797,
      -9.644547462463379,
      -9.645332336425781,
      -9.643020629882812,
      -9.645092964172363,
      -9.644234657287598,
      -9.643588066101074,
      -9.64383602142334,
      -9.643630981445312,
      -9.644613265991211,
      -9.644328117370605,
      -9.643142700195312,
      -9.645318984985352,
      -9.644633293151855,
      -9.643470764160156,
      -9.645174026489258,
      -9.645354270935059
    ],
    [
