{
  "sigma_values": [
    0.0,
    0.01,
    0.02,
    0.03,
    0.05,
    0.07,
    0.1,
    0.12,
    0.15
  ],
  "metric_name": "quality_thermal_only",
  "per_trial": [
    [
      -6.891976356506348,
      -6.914519309997559,
      -6.919025421142578,
      -6.887488842010498,
      -6.880553722381592,
      -6.9217963218688965,
      -6.939128875732422,
      -6.896398544311523,
      -6.946821212768555,
      -6.924033164978027
    ],
    [
      -6.910363674163818,
      -6.911759853363037,
      -6.920753479003906,
      -6.9182844161987305,
      -6.880134582519531,
      -6.924184799194336,
      -6.924903392791748,
      -6.907480239868164,
      -6.927846908569336,
      -6.9160027503967285
    ],
    [
      -6.901230335235596,
      -6.950677394866943,
      -6.927367687225342,
      -6.9658203125,
      -6.907759666442871,
      -6.918535232543945,
      -6.903807163238525,
      -6.916601657867432,
      -6.885957717895508,
      -6.932243824005127
    ],
    [
      -6.914299488067627,
      -6.921883583068848,
      -6.931210517883301,
      -6.925339698791504,
      -6.957808494567871,
      -6.903663635253906,
      -6.918809413909912,
      -6.963845252990723,
      -6.940627098083496,
      -6.911889553070068
    ],
    [
      -6.9677228927612305,
      -6.907680034637451,
      -6.925085067749023,
      -6.912417888641357,
      -6.918551921844482,
      -6.8887152671813965,
      -6.914917945861816,
      -6.900076866149902,
      -6.921037197113037,
      -6.9344658851623535
    ],
    [
      -6.952390670776367,
      -6.889951229095459,
      -6.9336724281311035,
      -6.939573287963867,
      -6.92323112487793,
      -6.918684482574463,
      -6.90940523147583,
      -6.897167682647705,
      -6.9488911628723145,
      -6.920114517211914
    ],
    [
      -6.922857761383057,
      -6.916364669799805,
      -6.930337905883789,
      -6.892471790313721,
      -6.918091297149658,
      -6.913583278656006,
      -6.914555072784424,
      -6.88775634765625,
      -6.908570766448975,
      -6.923619270324707
    ],
    [
      -6.938583850860596,
      -6.937105655670166,
      -6.962597846984863,
      -6.900674343109131,
      -6.8947577476501465,
      -6.924177169799805,
      -6.907708644866943,
      -6.918332576751709,
      -6.892378330230713,
      -6.920410633087158
    ],
    [
      -6.936354637145996,
      -6.9062652587890625,
      -6.936966419219971,
      -6.926215171813965,
      -6.89821195602417,
      -6.93754768371582,
      -6.946143627166748,
      -6.89886474609375,
      -6.885464668273926,
      -6.935092449188232
    ]
  ],
  "digital_baseline": -6.918086242675781,
  "mean": [
    -6.9121741771698,
    -6.914171409606934,
    -6.9210000991821286,
    -6.928937673568726,
    -6.919067096710205,
    -6.923308181762695,
    -6.912820816040039,
    -6.919672679901123,
    -6.920712661743164
  ],
  "std": [
    0.021162879736358862,
    0.012998649080619816,
    0.022741374052971938,
    0.018715905086495697,
    0.02029242929555292,
    0.019731040036753515,
    0.012761248115068052,
    0.020967956956163006,
    0.02027517094788583
  ],
  "normalized_mean": [
    1.0008545810645597,
    1.0005658838198197,
    0.9995788059870702,
    0.9984314403561487,
    0.9998582188772998,
    0.9992451757749562,
    1.0007611102913492,
    0.99977068264695,
    0.9996203546797117
  ],
  "normalized_std": [
    0.0030590656135234115,
    0.0018789371257667627,
    0.0032872348298705243,
    0.002705358740838239,
    0.002933243180805477,
    0.002852095123509465,
    0.0018446211376127986,
    0.00303088978955154,
    0.002930748510016231
  ],
  "degradation_threshold_10pct": 0.15
}