{
  "sigma_values": [
    2.0,
    4.0,
    6.0,
    8.0,
    10.0,
    12.0,
    16.0
  ],
  "metric_name": "quality_vs_adc_bits_sigma0.050",
  "per_trial": [
    [
      -6.539355278015137,
      -6.550853729248047,
      -6.581087112426758,
      -6.528284072875977,
      -6.557605743408203,
      -6.519514083862305,
      -6.525299072265625,
      -6.550768852233887,
      -6.5408525466918945,
      -6.497184753417969,
      -6.527856826782227,
      -6.552542686462402,
      -6.56620454788208,
      -6.525967121124268,
      -6.506442546844482,
      -6.548772811889648,
      -6.508800983428955,
      -6.511178493499756,
      -6.547613620758057,
      -6.5602874755859375,
      -6.548646926879883,
      -6.4917802810668945,
      -6.533421993255615,
      -6.503610610961914,
      -6.558952331542969,
      -6.54414701461792,
      -6.54652214050293,
      -6.502331256866455,
      -6.568258285522461,
      -6.533316135406494,
      -6.504297733306885,
      -6.478100776672363,
      -6.57218074798584,
      -6.524263858795166,
      -6.531726360321045,
      -6.517576217651367,
      -6.527866363525391,
      -6.485682010650635,
      -6.525355339050293,
      -6.52666711807251,
      -6.530279159545898,
      -6.533191680908203,
      -6.4795732498168945,
      -6.5154829025268555,
      -6.538742542266846,
      -6.53312349319458,
      -6.534143924713135,
      -6.531494617462158,
      -6.5163187980651855,
      -6.517026901245117
    ],
    [
      -5.566133499145508,
      -5.568367004394531,
      -5.49779748916626,
      -5.5287909507751465,
      -5.500759601593018,
      -5.538126468658447,
      -5.518984794616699,
      -5.511685848236084,
      -5.57882833480835,
      -5.534520626068115,
      -5.529082775115967,
      -5.553211212158203,
      -5.480647563934326,
      -5.546184539794922,
      -5.589523792266846,
      -5.577844142913818,
      -5.520843029022217,
      -5.557573318481445,
      -5.564286708831787,
      -5.560940265655518,
      -5.517214298248291,
      -5.503167152404785,
      -5.569561004638672,
      -5.543921947479248,
      -5.531009197235107,
      -5.567944049835205,
      -5.561253070831299,
      -5.5573906898498535,
      -5.5468292236328125,
      -5.545711994171143,
      -5.534417152404785,
      -5.552041530609131,
      -5.543857574462891,
      -5.507843494415283,
      -5.563701629638672,
      -5.526029586791992,
      -5.5762786865234375,
      -5.542155742645264,
      -5.57081937789917,
      -5.541945457458496,
      -5.555120468139648,
      -5.600951671600342,
      -5.54291296005249,
      -5.5181965827941895,
      -5.553983688354492,
      -5.536624431610107,
      -5.515127182006836,
      -5.562102794647217,
      -5.574928283691406,
      -5.553169250488281
    ],
    [
      -5.52261209487915,
      -5.559288501739502,
      -5.560761451721191,
      -5.56390380859375,
      -5.5405988693237305,
      -5.601212024688721,
      -5.602787494659424,
      -5.56897497177124,
      -5.563479423522949,
      -5.585733890533447,
      -5.568772792816162,
      -5.5877227783203125,
      -5.541068077087402,
      -5.560847759246826,
      -5.5762128829956055,
      -5.537354946136475,
      -5.5243096351623535,
      -5.487746715545654,
      -5.57558536529541,
      -5.601344585418701,
      -5.606227874755859,
      -5.568045139312744,
      -5.496682643890381,
      -5.61057186126709,
      -5.506557941436768,
      -5.576419353485107,
      -5.586794376373291,
      -5.533298015594482,
      -5.613272666931152,
      -5.559911251068115,
      -5.545502185821533,
      -5.536893844604492,
      -5.584103584289551,
      -5.609307765960693,
      -5.63955020904541,
      -5.6093010902404785,
      -5.537267208099365,
      -5.528946399688721,
      -5.526096820831299,
      -5.5667524337768555,
      -5.630042552947998,
      -5.5785651206970215,
      -5.488269805908203,
      -5.5619893074035645,
      -5.598121166229248,
      -5.480568885803223,
      -5.565161228179932,
      -5.602502822875977,
      -5.593280792236328,
      -5.561136722564697
    ],
    [
      -5.61696195602417,
      -5.61696720123291,
      -5.552767276763916,
      -5.635433673858643,
      -5.554585933685303,
      -5.5566229820251465,
      -5.551017761230469,
      -5.596052646636963,
      -5.553742408752441,
      -5.589817047119141,
      -5.593610763549805,
      -5.578860282897949,
      -5.615036964416504,
      -5.5912556648254395,
      -5.568150997161865,
      -5.601077556610107,
      -5.630718231201172,
      -5.538776397705078,
      -5.611970901489258,
      -5.632619857788086,
      -5.577958106994629,
      -5.517167091369629,
      -5.629148960113525,
      -5.58072566986084,
      -5.535892963409424,
      -5.62626838684082,
      -5.630166053771973,
      -5.595255374908447,
      -5.5909104347229,
      -5.55495023727417,
      -5.656833171844482,
      -5.668003559112549,
      -5.614222049713135,
      -5.644516944885254,
      -5.596611976623535,
      -5.622434616088867,
      -5.689233779907227,
      -5.65483283996582,
      -5.5906805992126465,
      -5.5702385902404785,
      -5.646718978881836,
      -5.6207380294799805,
      -5.594468593597412,
      -5.561499118804932,
      -5.633444309234619,
      -5.582710266113281,
      -5.566591262817383,
      -5.587968349456787,
      -5.548738479614258,
      -5.532073497772217
    ],
    [
      -5.634031295776367,
      -5.599578380584717,
      -5.60316801071167,
      -5.5966339111328125,
      -5.610068321228027,
      -5.629598140716553,
      -5.56965446472168,
      -5.542373180389404,
      -5.521537780761719,
      -5.572764873504639,
      -5.603384017944336,
      -5.613313674926758,
      -5.526486873626709,
      -5.574796676635742,
      -5.578078269958496,
      -5.621840953826904,
      -5.560245513916016,
      -5.5904388427734375,
      -5.626471042633057,
      -5.614408493041992,
      -5.562174320220947,
      -5.631190776824951,
      -5.632444381713867,
      -5.608213901519775,
      -5.606173038482666,
      -5.618024826049805,
      -5.625993251800537,
      -5.6583123207092285,
      -5.601527690887451,
      -5.559282302856445,
      -5.627882957458496,
      -5.584227085113525,
      -5.60504674911499,
      -5.57904052734375,
      -5.604130744934082,
      -5.61098051071167,
      -5.585893154144287,
      -5.63344144821167,
      -5.622749328613281,
      -5.610334396362305,
      -5.619841575622559,
      -5.5877814292907715,
      -5.643646717071533,
      -5.630583763122559,
      -5.557965278625488,
      -5.642563819885254,
      -5.588891506195068,
      -5.631283760070801,
      -5.610383987426758,
      -5.632666110992432
    ],
    [
      -5.586000442504883,
      -5.56391716003418,
      -5.620940685272217,
      -5.613641738891602,
      -5.544380187988281,
      -5.680415630340576,
      -5.594851970672607,
      -5.5779032707214355,
      -5.633438587188721,
      -5.622519016265869,
      -5.65013313293457,
      -5.633416652679443,
      -5.603639125823975,
      -5.629425048828125,
      -5.672329902648926,
      -5.576291084289551,
      -5.585675239562988,
      -5.56166934967041,
      -5.581414699554443,
      -5.543534278869629,
      -5.633269786834717,
      -5.619266510009766,
      -5.640288352966309,
      -5.580291271209717,
      -5.564524173736572,
      -5.657207012176514,
      -5.61777400970459,
      -5.611941814422607,
      -5.576620578765869,
      -5.626408576965332,
      -5.578415870666504,
      -5.588842868804932,
      -5.587376117706299,
      -5.518596649169922,
      -5.6360883712768555,
      -5.590856552124023,
      -5.609991550445557,
      -5.621994495391846,
      -5.545919418334961,
      -5.57683801651001,
      -5.5743889808654785,
      -5.633383274078369,
      -5.602679252624512,
      -5.624649524688721,
      -5.5673322677612305,
      -5.594263076782227,
      -5.646907329559326,
      -5.587062835693359,
      -5.611595153808594,
