{
  "sigma_values": [
    2.0,
    4.0,
    6.0,
    8.0,
    10.0,
    12.0,
    16.0
  ],
  "metric_name": "quality_vs_adc_bits_sigma0.050",
  "per_trial": [
    [
      -9.65109920501709,
      -9.651047706604004,
      -9.651041030883789,
      -9.651142120361328,
      -9.651076316833496,
      -9.65102767944336,
      -9.651115417480469,
      -9.651103019714355,
      -9.651061058044434,
      -9.651175498962402,
      -9.651074409484863,
      -9.65105152130127,
      -9.651080131530762,
      -9.651150703430176,
      -9.65107250213623,
      -9.6510591506958,
      -9.65102767944336,
      -9.651060104370117,
      -9.651139259338379,
      -9.651119232177734,
      -9.651065826416016,
      -9.650988578796387,
      -9.651032447814941,
      -9.651097297668457,
      -9.651117324829102
    ],
    [
      -9.642928123474121,
      -9.643028259277344,
      -9.64285945892334,
      -9.642799377441406,
      -9.642842292785645,
      -9.642914772033691,
      -9.642902374267578,
      -9.643019676208496,
      -9.64295768737793,
      -9.642951011657715,
      -9.6430082321167,
      -9.642844200134277,
      -9.642997741699219,
      -9.642822265625,
      -9.642851829528809,
      -9.64286994934082,
      -9.642901420593262,
      -9.642830848693848,
      -9.642914772033691,
      -9.64287281036377,
      -9.642769813537598,
      -9.64289665222168,
      -9.642867088317871,
      -9.642861366271973,
      -9.642877578735352
    ],
    [
      -9.641974449157715,
      -9.642024993896484,
      -9.642057418823242,
      -9.641996383666992,
      -9.642007827758789,
      -9.641910552978516,
      -9.642084121704102,
      -9.641870498657227,
      -9.641923904418945,
      -9.642012596130371,
      -9.64189624786377,
      -9.642080307006836,
      -9.641942024230957,
      -9.641986846923828,
      -9.642051696777344,
      -9.641986846923828,
      -9.641866683959961,
      -9.641963958740234,
      -9.642004013061523,
      -9.642007827758789,
      -9.642074584960938,
      -9.64198112487793,
      -9.6420259475708,
      -9.64208984375,
      -9.64197063446045
    ],
    [
      -9.642065048217773,
      -9.6422758102417,
      -9.642109870910645,
      -9.642075538635254,
      -9.642012596130371,
      -9.64207649230957,
      -9.642338752746582,
      -9.642230987548828,
      -9.642179489135742,
      -9.64217472076416,
      -9.64207649230957,
      -9.64207649230957,
      -9.642071723937988,
      -9.642301559448242,
      -9.642206192016602,
      -9.642169952392578,
      -9.642084121704102,
      -9.64220142364502,
      -9.642207145690918,
      -9.642155647277832,
      -9.641986846923828,
      -9.64221477508545,
      -9.64216423034668,
      -9.64218807220459,
      -9.642267227172852
    ],
    [
      -9.642230987548828,
      -9.642316818237305,
      -9.642354011535645,
      -9.642138481140137,
      -9.642213821411133,
      -9.642057418823242,
      -9.642326354980469,
      -9.642189979553223,
      -9.642251014709473,
      -9.64213752746582,
      -9.642133712768555,
      -9.642230987548828,
      -9.642166137695312,
      -9.642273902893066,
      -9.642168998718262,
      -9.642393112182617,
      -9.642217636108398,
      -9.642067909240723,
      -9.642180442810059,
      -9.64232063293457,
      -9.642098426818848,
      -9.64232063293457,
      -9.64211368560791,
      -9.642291069030762,
      -9.64217758178711
    ],
    [
      -9.642258644104004,
      -9.642102241516113,
      -9.642175674438477,
      -9.642251968383789,
      -9.642197608947754,
      -9.642292976379395,
      -9.642194747924805,
      -9.642107963562012,
      -9.642314910888672,
      -9.642184257507324,
      -9.642205238342285,
      -9.64212703704834,
      -9.642114639282227,
      -9.642383575439453,
      -9.64229679107666,
      -9.64223861694336,
      -9.64228630065918,
      -9.642192840576172,
      -9.642216682434082,
      -9.642358779907227,
      -9.642317771911621,
      -9.642240524291992,
      -9.642318725585938,
      -9.642219543457031,
      -9.642233848571777
    ],
    [
      -9.642200469970703,
      -9.642187118530273,
      -9.64203929901123,
      -9.64199447631836,
      -9.642250061035156,
      -9.642158508300781,
      -9.6422758102417,
      -9.64222526550293,
      -9.642233848571777,
      -9.642121315002441,
      -9.642148971557617,
      -9.642251968383789,
      -9.642297744750977,
      -9.642210960388184,
      -9.642215728759766,
      -9.642182350158691,
      -9.642233848571777,
      -9.642167091369629,
      -9.642254829406738,
      -9.642146110534668,
      -9.642342567443848,
      -9.6422758102417,
      -9.6423921585083,
      -9.64216423034668,
      -9.642155647277832
    ]
  ],
  "digital_baseline": -9.64165500640869,
  "mean": [
    -9.651081008911133,
    -9.642895584106446,
    -9.641991653442382,
    -9.642156448364258,
    -9.642214851379395,
    -9.642233276367188,
    -9.642205047607423
  ],
  "std": [
    4.372941069113093e-05,
    6.685974964106864e-05,
    6.292023698342125e-05,
    8.878320876065131e-05,
    9.026936019539716e-05,
    7.497408761974732e-05,
    8.377712691045068e-05
  ],
  "normalized_mean": [
    0.9990223667517478,
    0.9998713314574177,
    0.99996508410294,
    0.9999479921284018,
    0.9999419347642773,
    0.9999400237865685,
    0.9999429515785032
  ],
  "normalized_std": [
    4.535467268022401e-06,
    6.934468158902987e-06,
    6.525875167862668e-06,
    9.208295536569001e-06,
    9.362434160462723e-06,
    7.77605997828308e-06,
    8.689081579331043e-06
  ],
  "degradation_threshold_10pct": 16.0
}