{
  "sigma_values": [
    0.0,
    0.01,
    0.02,
    0.03,
    0.05,
    0.07,
    0.1,
    0.12,
    0.15
  ],
  "metric_name": "quality_quantization_only",
  "per_trial": [
    [
      -7.493836879730225,
      -7.485389232635498,
      -7.458147048950195,
      -7.462502479553223,
      -7.547365188598633,
      -7.5386505126953125,
      -7.537511825561523,
      -7.4708099365234375,
      -7.5449652671813965,
      -7.505030155181885
    ],
    [
      -7.489299774169922,
      -7.456552505493164,
      -7.46165132522583,
      -7.531665325164795,
      -7.485843181610107,
      -7.5416131019592285,
      -7.489089012145996,
      -7.537112712860107,
      -7.496090888977051,
      -7.538386821746826
    ],
    [
      -7.467595100402832,
      -7.543478965759277,
      -7.464871883392334,
      -7.495754718780518,
      -7.519845485687256,
      -7.523334980010986,
      -7.483954906463623,
      -7.543088436126709,
      -7.473524570465088,
      -7.545933723449707
    ],
    [
      -7.482491970062256,
      -7.481451988220215,
      -7.515458106994629,
      -7.5127668380737305,
      -7.469799518585205,
      -7.502262592315674,
      -7.531421661376953,
      -7.545451641082764,
      -7.449429512023926,
      -7.501267910003662
    ],
    [
      -7.519808292388916,
      -7.45598840713501,
      -7.463446617126465,
      -7.489452362060547,
      -7.509891033172607,
      -7.461352348327637,
      -7.579769134521484,
      -7.459121227264404,
      -7.416920185089111,
      -7.439111232757568
    ],
    [
      -7.498223781585693,
      -7.489267349243164,
      -7.492442607879639,
      -7.571165084838867,
      -7.504746913909912,
      -7.512474060058594,
      -7.536489963531494,
      -7.515273094177246,
      -7.4968085289001465,
      -7.477235794067383
    ],
    [
      -7.480346202850342,
      -7.5271124839782715,
      -7.482468128204346,
      -7.434510707855225,
      -7.514729022979736,
      -7.469008445739746,
      -7.504232406616211,
      -7.56309175491333,
      -7.541539192199707,
      -7.481438636779785
    ],
    [
      -7.472177028656006,
      -7.50610876083374,
      -7.5130228996276855,
      -7.513607978820801,
      -7.4980549812316895,
      -7.49787712097168,
      -7.528363227844238,
      -7.540983200073242,
      -7.47792911529541,
      -7.497097015380859
    ],
    [
      -7.54512357711792,
      -7.525439739227295,
      -7.541326999664307,
      -7.515257358551025,
      -7.505378723144531,
      -7.466679573059082,
      -7.521010875701904,
      -7.486652374267578,
      -7.539172172546387,
      -7.490906238555908
    ]
  ],
  "digital_baseline": -7.083709335327148,
  "mean": [
    -7.5044208526611325,
    -7.502730464935302,
    -7.506138277053833,
    -7.499180173873901,
    -7.479486083984375,
    -7.509412717819214,
    -7.49984769821167,
    -7.504522132873535,
    -7.513694763183594
  ],
  "std": [
    0.033552124436949424,
    0.03052578746736468,
    0.031111089319183487,
    0.02752294799465376,
    0.04450162214811272,
    0.025739561811111433,
    0.03600454490229965,
    0.019873719342592668,
    0.024747753781668408
  ],
  "normalized_mean": [
    0.9406085854997106,
    0.9408472158056437,
    0.9403661384551748,
    0.9413484067627169,
    0.9441286012847182,
    0.9399038890021868,
    0.9412541730348535,
    0.9405942878757387,
    0.9392993970387709
  ],
  "normalized_std": [
    0.004736519081834953,
    0.004309294187881144,
    0.004391920651519318,
    0.0038853864115222995,
    0.006282248472022814,
    0.0036336276084544764,
    0.005082724770021475,
    0.002805552628123869,
    0.003493615083590309
  ],
  "degradation_threshold_10pct": 0.15
}