{
  "sigma_values": [
    0.0,
    0.01,
    0.02,
    0.03,
    0.05,
    0.07,
    0.1,
    0.12,
    0.15
  ],
  "metric_name": "quality_quantization_only",
  "per_trial": [
    [
      -9.637484550476074,
      -9.637451171875,
      -9.637589454650879,
      -9.63742446899414,
      -9.637502670288086,
      -9.637392044067383,
      -9.63746166229248,
      -9.637514114379883,
      -9.637433052062988,
      -9.637389183044434
    ],
    [
      -9.637646675109863,
      -9.637428283691406,
      -9.637537956237793,
      -9.637591361999512,
      -9.637478828430176,
      -9.637457847595215,
      -9.63748836517334,
      -9.63742446899414,
      -9.637502670288086,
      -9.637444496154785
    ],
    [
      -9.637575149536133,
      -9.637517929077148,
      -9.637547492980957,
      -9.637463569641113,
      -9.637443542480469,
      -9.637436866760254,
      -9.63754940032959,
      -9.637473106384277,
      -9.637514114379883,
      -9.637502670288086
    ],
    [
      -9.637476921081543,
      -9.637418746948242,
      -9.63736343383789,
      -9.637465476989746,
      -9.637405395507812,
      -9.63746166229248,
      -9.637504577636719,
      -9.637584686279297,
      -9.637491226196289,
      -9.637582778930664
    ],
    [
      -9.637408256530762,
      -9.637465476989746,
      -9.637467384338379,
      -9.637420654296875,
      -9.637451171875,
      -9.637434005737305,
      -9.637410163879395,
      -9.637469291687012,
      -9.63756275177002,
      -9.637495994567871
    ],
    [
      -9.637465476989746,
      -9.63746452331543,
      -9.63747501373291,
      -9.637479782104492,
      -9.637434005737305,
      -9.637478828430176,
      -9.637551307678223,
      -9.637517929077148,
      -9.637436866760254,
      -9.637516021728516
    ],
    [
      -9.637580871582031,
      -9.637478828430176,
      -9.637479782104492,
      -9.637558937072754,
      -9.637514114379883,
      -9.637592315673828,
      -9.637516021728516,
      -9.637410163879395,
      -9.637402534484863,
      -9.637421607971191
    ],
    [
      -9.637494087219238,
      -9.63752269744873,
      -9.637521743774414,
      -9.637453079223633,
      -9.637496948242188,
      -9.637466430664062,
      -9.637447357177734,
      -9.637451171875,
      -9.637422561645508,
      -9.637611389160156
    ],
    [
      -9.63745403289795,
      -9.637500762939453,
      -9.637469291687012,
      -9.637474060058594,
      -9.637479782104492,
      -9.637510299682617,
      -9.637569427490234,
      -9.637504577636719,
      -9.637478828430176,
      -9.637473106384277
    ]
  ],
  "digital_baseline": -9.635247898101806,
  "mean": [
    -9.637464237213134,
    -9.637500095367432,
    -9.63750238418579,
    -9.637475490570068,
    -9.637458515167236,
    -9.63748197555542,
    -9.637495517730713,
    -9.637488746643067,
    -9.637491416931152
  ],
  "std": [
    5.799414196367859e-05,
    6.899100424841967e-05,
    4.4763912048581425e-05,
    6.746226324699477e-05,
    4.411926626408738e-05,
    3.497801263325235e-05,
    6.585084899868837e-05,
    5.16275270839483e-05,
    3.0854864673626915e-05
  ],
  "normalized_mean": [
    0.9997699759119052,
    0.9997662543517879,
    0.9997660168053976,
    0.9997688079754854,
    0.9997705697778814,
    0.999768134927379,
    0.9997667294445689,
    0.999767432185974,
    0.9997671550485185
  ],
  "normalized_std": [
    6.018956914964663e-06,
    7.16027288327592e-06,
    4.645849543466355e-06,
    7.001611578700034e-06,
    4.578944592881633e-06,
    3.630214085113804e-06,
    6.834369981457491e-06,
    5.358193959298047e-06,
    3.202290693496893e-06
  ],
  "degradation_threshold_10pct": 0.15
}