{
  "sigma_values": [
    0.0,
    0.01,
    0.02,
    0.03,
    0.05,
    0.07,
    0.1,
    0.12,
    0.15
  ],
  "metric_name": "quality",
  "per_trial": [
    [
      -7.263895034790039,
      -7.263945579528809,
      -7.2639007568359375,
      -7.263813495635986,
      -7.263855934143066,
      -7.263856887817383,
      -7.263821601867676,
      -7.263734340667725,
      -7.263887882232666,
      -7.263831615447998,
      -7.263853073120117,
      -7.263917922973633,
      -7.263922214508057,
      -7.26387357711792,
      -7.263825416564941,
      -7.263917446136475,
      -7.263815879821777,
      -7.263903617858887,
      -7.263806343078613,
      -7.263864517211914,
      -7.2638373374938965,
      -7.263903617858887,
      -7.263898849487305,
      -7.26385498046875,
      -7.263898849487305,
      -7.263896942138672,
      -7.26389741897583,
      -7.263988494873047,
      -7.263853073120117,
      -7.263875961303711,
      -7.2639055252075195,
      -7.263878345489502,
      -7.2638258934021,
      -7.2638468742370605,
      -7.263829231262207,
      -7.263768672943115,
      -7.263811111450195,
      -7.2638702392578125,
      -7.263820648193359,
      -7.26383638381958,
      -7.263885021209717,
      -7.263898849487305,
      -7.263863563537598,
      -7.263919353485107,
      -7.263834476470947,
      -7.263876438140869,
      -7.263879299163818,
      -7.263896465301514,
      -7.26384162902832,
      -7.26387882232666
    ],
    [
      -7.28136682510376,
      -7.251852035522461,
      -7.258305072784424,
      -7.253395080566406,
      -7.28864860534668,
      -7.242066860198975,
      -7.2545881271362305,
      -7.267874717712402,
      -7.3055806159973145,
      -7.2767252922058105,
      -7.274966716766357,
      -7.252845287322998,
      -7.254055500030518,
      -7.263330459594727,
      -7.249884128570557,
      -7.2593255043029785,
      -7.25666618347168,
      -7.264759540557861,
      -7.262471675872803,
      -7.272275447845459,
      -7.287009239196777,
      -7.282668113708496,
      -7.270769119262695,
      -7.245441436767578,
      -7.238693714141846,
      -7.2695465087890625,
      -7.250845432281494,
      -7.235797882080078,
      -7.27216911315918,
      -7.290185928344727,
      -7.276551246643066,
      -7.269683837890625,
      -7.262745380401611,
      -7.2557291984558105,
      -7.2650980949401855,
      -7.287127494812012,
      -7.301146030426025,
      -7.290014743804932,
      -7.264126300811768,
      -7.250632286071777,
      -7.2558722496032715,
      -7.282748222351074,
      -7.274386882781982,
      -7.275749206542969,
      -7.281790256500244,
      -7.272593021392822,
      -7.240797996520996,
      -7.269029140472412,
      -7.249006271362305,
      -7.271245002746582
    ],
    [
      -7.299193859100342,
      -7.270942687988281,
      -7.288151264190674,
      -7.2854156494140625,
      -7.2912492752075195,
      -7.247236251831055,
      -7.26088809967041,
      -7.333220958709717,
      -7.182061195373535,
      -7.262870788574219,
      -7.242659091949463,
      -7.307716369628906,
      -7.276356220245361,
      -7.2633771896362305,
      -7.323817729949951,
      -7.210530757904053,
      -7.226525783538818,
      -7.323123931884766,
      -7.287342548370361,
      -7.2918291091918945,
      -7.271431922912598,
      -7.268361568450928,
      -7.270699501037598,
      -7.261631488800049,
      -7.320353984832764,
      -7.298457145690918,
      -7.284080505371094,
      -7.279400825500488,
      -7.16835880279541,
      -7.258293151855469,
      -7.263739585876465,
      -7.263400554656982,
      -7.300125598907471,
      -7.200737476348877,
      -7.268129348754883,
      -7.306118965148926,
      -7.252333164215088,
      -7.240436553955078,
      -7.295901298522949,
      -7.260895729064941,
      -7.297081470489502,
      -7.293498516082764,
      -7.2435622215271,
      -7.263171195983887,
      -7.267536163330078,
      -7.276500225067139,
      -7.290871620178223,
      -7.214501857757568,
      -7.273827075958252,
      -7.327301025390625
    ],
    [
      -7.250716209411621,
      -7.276834487915039,
      -7.252885341644287,
      -7.2672834396362305,
      -7.241256237030029,
      -7.201841831207275,
      -7.275308132171631,
      -7.258848190307617,
      -7.270565986633301,
      -7.308902740478516,
      -7.241887092590332,
      -7.205347061157227,
      -7.285384654998779,
      -7.233105659484863,
      -7.27170467376709,
      -7.193018436431885,
      -7.219005584716797,
      -7.329976558685303,
      -7.241567134857178,
      -7.198762893676758,
      -7.313542366027832,
      -7.256204128265381,
      -7.290450572967529,
      -7.281026840209961,
      -7.2907609939575195,
      -7.249626159667969,
      -7.247437000274658,
      -7.218719959259033,
      -7.287287712097168,
      -7.207397937774658,
      -7.252949237823486,
      -7.24530029296875,
      -7.27426815032959,
      -7.203970909118652,
      -7.269225120544434,
      -7.223319053649902,
      -7.260883808135986,
      -7.242906093597412,
      -7.218921661376953,
      -7.292741775512695,
      -7.2277045249938965,
      -7.271442413330078,
      -7.203011512756348,
      -7.217586517333984,
      -7.270059108734131,
      -7.254475116729736,
      -7.28001594543457,
      -7.268059253692627,
      -7.317255973815918,
      -7.245515823364258
    ],
    [
      -7.2985453605651855,
      -7.36624002456665,
      -7.255553245544434,
      -7.25574254989624,
      -7.280261993408203,
      -7.2730488777160645,
      -7.292901039123535,
      -7.14829158782959,
      -7.198064804077148,
      -7.254162311553955,
      -7.371266841888428,
      -7.2054762840271,
      -7.297604560852051,
      -7.1646623611450195,
      -7.324885368347168,
      -7.215595245361328,
      -7.2849202156066895,
      -7.252988815307617,
      -7.2992777824401855,
      -7.086267948150635,
      -7.277467250823975,
      -7.234303951263428,
      -7.272274971008301,
      -7.370232105255127,
      -7.222429275512695,
      -7.138825416564941,
      -7.339931011199951,
      -7.285236358642578,
      -7.199887275695801,
      -7.335094928741455,
      -7.387399673461914,
      -7.365773677825928,
      -7.166201114654541,
      -7.267912864685059,
      -7.451963424682617,
      -7.376425266265869,
      -7.252913475036621,
      -7.336913585662842,
      -7.342974662780762,
      -7.4427690505981445,
      -7.288009166717529,
      -7.255013942718506,
      -7.1976165771484375,
      -7.196132183074951,
      -7.179800033569336,
      -7.281003952026367,
      -7.3739333152771,
      -7.241860389709473,
      -7.218402862548828,
      -7.139996528625488
    ],
    [
      -7.417147636413574,
      -7.415477275848389,
      -7.142249584197998,
      -7.382213115692139,
      -7.366106986999512,
      -7.435148239135742,
      -7.238268852233887,
      -7.1495041847229,
      -7.17705774307251,
      -7.325328350067139,
      -7.2298712730407715,
      -7.138026714324951,
      -7.288884162902832,
      -7.249410152435303,
      -7.146229267120361,
      -7.053929328918457,
      -7.256656169891357,
      -7.118378639221191,
      -7.39924955368042,
      -7.241240501403809,
      -7.288013935089111,
      -7.269190311431885,
      -7.179140567779541,
      -7.257718086242676,
      -7.268397331237793,
      -7.4356489181518555,
      -7.545938014984131,
      -7.3378071784973145,
      -7.275181770324707,
      -7.254258632659912,
      -7.35362434387207,
      -7.249364852905273,
      -7.055017471313477,
      -7.398660659790039,
      -7.354278564453125,
      -7.12556266784668,
      -7.265463352203369,
      -7.30173397064209,
      -7.1886982917785645,
      -7.330309867858887,
      -7.118447780609131,
      -7.156874179840088,
      -7.337730884552002,
      -7.347562789916992,
      -7.360614776611328,
      -7.307854652404785,
      -7.194744110107422,
      -7.220503330230713,
      -7.386105060577393,
