{
  "sigma_values": [
    0.0,
    0.01,
    0.02,
    0.03,
    0.05,
    0.07,
    0.1,
    0.12,
    0.15
  ],
  "metric_name": "quality_mismatch_only",
  "per_trial": [
    [
      -7.118119716644287,
      -7.118119716644287,
      -7.118119716644287,
      -7.118119716644287,
      -7.118119716644287,
      -7.118119716644287,
      -7.118119716644287,
      -7.118119716644287,
      -7.118119716644287,
      -7.118119716644287
    ],
    [
      -7.1486663818359375,
      -7.113757133483887,
      -7.112472057342529,
      -7.133699893951416,
      -7.146071910858154,
      -7.1211371421813965,
      -7.1370697021484375,
      -7.151388168334961,
      -7.114100456237793,
      -7.1250834465026855
    ],
    [
      -7.140048027038574,
      -7.157702922821045,
      -7.054469108581543,
      -7.156972885131836,
      -7.090670585632324,
      -7.0528340339660645,
      -7.158145904541016,
      -7.161232948303223,
      -7.126308917999268,
      -7.131563663482666
    ],
    [
      -7.009954452514648,
      -7.049996376037598,
      -7.191019058227539,
      -7.16938591003418,
      -7.0489678382873535,
      -7.193940162658691,
      -7.017075538635254,
      -7.0616068840026855,
      -7.1491594314575195,
      -7.190597057342529
    ],
    [
      -7.155916690826416,
      -7.176733016967773,
      -7.169270992279053,
      -7.221645832061768,
      -7.186854362487793,
      -7.020797252655029,
      -7.171040058135986,
      -6.943507194519043,
      -7.112431049346924,
      -7.166951656341553
    ],
    [
      -7.315464496612549,
      -7.080214977264404,
      -6.973287582397461,
      -7.011745452880859,
      -6.962044715881348,
      -6.995971202850342,
      -7.314828395843506,
      -7.234720230102539,
      -7.076180934906006,
      -6.8009209632873535
    ],
    [
      -7.113460063934326,
      -7.15836763381958,
      -6.986937999725342,
      -7.257028579711914,
      -7.2123918533325195,
      -7.171294212341309,
      -7.013809680938721,
      -6.723630428314209,
      -7.135909557342529,
      -7.66167688369751
    ],
    [
      -7.159144878387451,
      -6.9372239112854,
      -7.403907775878906,
      -7.120749473571777,
      -6.505009651184082,
      -6.8349738121032715,
      -6.919485569000244,
      -7.30222225189209,
      -7.031136989593506,
      -6.635522365570068
    ],
    [
      -7.115733623504639,
      -7.399900913238525,
      -7.396656513214111,
      -6.950413227081299,
      -6.770343780517578,
      -7.65192985534668,
      -7.548947811126709,
      -6.722545146942139,
      -6.8256731033325195,
      -7.300640106201172
    ]
  ],
  "digital_baseline": -7.118119716644287,
  "mean": [
    -7.118119716644287,
    -7.13034462928772,
    -7.122994899749756,
    -7.1081702709198,
    -7.132514810562133,
    -7.0765378952026365,
    -7.143450689315796,
    -6.98493766784668,
    -7.168278408050537
  ],
  "std": [
    0.0,
    0.01432917935464845,
    0.040118947962603256,
    0.07310534390354505,
    0.08125834157089577,
    0.1579008055226324,
    0.22488160389846956,
    0.26619626730793056,
    0.3204352936250606
  ],
  "normalized_mean": [
    1.0,
    0.9982825643386065,
    0.9993151024006988,
    1.0013977631903581,
    0.9979776830833308,
    1.0058416861610826,
    0.9964413393311892,
    1.0187102850330247,
    0.9929533790659681
  ],
  "normalized_std": [
    0.0,
    0.0020130568078452734,
    0.005636172129669748,
    0.010270316714764286,
    0.011415703135884261,
    0.022182937602666784,
    0.03159283811603074,
    0.03739699216992435,
    0.04501684523172423
  ],
  "degradation_threshold_10pct": 0.15
}