{
  "sigma_values": [
    0.0,
    0.01,
    0.02,
    0.03,
    0.05,
    0.07,
    0.1,
    0.12,
    0.15
  ],
  "metric_name": "quality_quantization_only",
  "per_trial": [
    [
      -9.641944885253906,
      -9.641938209533691,
      -9.641975402832031,
      -9.641975402832031,
      -9.642105102539062,
      -9.642033576965332,
      -9.642026901245117,
      -9.642038345336914,
      -9.642029762268066,
      -9.641989707946777
    ],
    [
      -9.641985893249512,
      -9.642024993896484,
      -9.642072677612305,
      -9.641934394836426,
      -9.641915321350098,
      -9.641946792602539,
      -9.642037391662598,
      -9.642053604125977,
      -9.641992568969727,
      -9.642000198364258
    ],
    [
      -9.642024040222168,
      -9.642016410827637,
      -9.642020225524902,
      -9.642033576965332,
      -9.642061233520508,
      -9.641996383666992,
      -9.641955375671387,
      -9.641985893249512,
      -9.6420259475708,
      -9.64201545715332
    ],
    [
      -9.642014503479004,
      -9.641989707946777,
      -9.64201831817627,
      -9.641953468322754,
      -9.641897201538086,
      -9.642014503479004,
      -9.641960144042969,
      -9.641946792602539,
      -9.641963958740234,
      -9.642023086547852
    ],
    [
      -9.642045021057129,
      -9.642084121704102,
      -9.641952514648438,
      -9.642016410827637,
      -9.641963958740234,
      -9.642016410827637,
      -9.641966819763184,
      -9.642084121704102,
      -9.642017364501953,
      -9.641973495483398
    ],
    [
      -9.641998291015625,
      -9.641986846923828,
      -9.641983985900879,
      -9.64199447631836,
      -9.641947746276855,
      -9.641971588134766,
      -9.641904830932617,
      -9.641945838928223,
      -9.641889572143555,
      -9.64195728302002
    ],
    [
      -9.64195728302002,
      -9.641985893249512,
      -9.642056465148926,
      -9.641888618469238,
      -9.64191722869873,
      -9.642035484313965,
      -9.642016410827637,
      -9.642014503479004,
      -9.642005920410156,
      -9.641971588134766
    ],
    [
      -9.642061233520508,
      -9.641912460327148,
      -9.642024040222168,
      -9.64197826385498,
      -9.641988754272461,
      -9.64200496673584,
      -9.642003059387207,
      -9.64201831817627,
      -9.64196491241455,
      -9.64197063446045
    ],
    [
      -9.641985893249512,
      -9.642084121704102,
      -9.64196491241455,
      -9.642056465148926,
      -9.642005920410156,
      -9.64197063446045,
      -9.642046928405762,
      -9.642061233520508,
      -9.64198112487793,
      -9.641961097717285
    ]
  ],
  "digital_baseline": -9.641658210754395,
  "mean": [
    -9.642005729675294,
    -9.641996383666992,
    -9.642013454437256,
    -9.64197816848755,
    -9.642012023925782,
    -9.641958045959473,
    -9.641984939575195,
    -9.641992664337158,
    -9.642011833190917
  ],
  "std": [
    4.805950857878655e-05,
    4.9605734195925725e-05,
    2.7273918340294642e-05,
    3.8833285594482924e-05,
    4.5750928804214326e-05,
    3.52261009950138e-05,
    4.978143392260688e-05,
    3.809794613377995e-05,
    4.3604509442698846e-05
  ],
  "normalized_mean": [
    0.9999639565193764,
    0.9999649258555733,
    0.9999631553333362,
    0.9999668150720384,
    0.9999633037011214,
    0.9999689021122171,
    0.9999661127978551,
    0.9999653116118149,
    0.9999633234834929
  ],
  "normalized_std": [
    4.9845687876780914e-06,
    5.144938050240676e-06,
    2.828758056355188e-06,
    4.027656316541891e-06,
    4.745130744541776e-06,
    3.653531397298681e-06,
    5.163161028367528e-06,
    3.951389408440671e-06,
    4.522511427968062e-06
  ],
  "degradation_threshold_10pct": 0.15
}