{
  "sigma_values": [
    0.0,
    0.01,
    0.02,
    0.03,
    0.05,
    0.07,
    0.1,
    0.12,
    0.15
  ],
  "metric_name": "quality",
  "per_trial": [
    [
      -7.53922700881958,
      -7.53917121887207,
      -7.539238929748535,
      -7.539268970489502,
      -7.539079666137695,
      -7.539288520812988,
      -7.539037704467773,
      -7.53945255279541,
      -7.539097785949707,
      -7.538926124572754,
      -7.5391387939453125,
      -7.53902006149292,
      -7.539134979248047,
      -7.539194583892822,
      -7.539203643798828,
      -7.539217472076416,
      -7.539211273193359,
      -7.539255619049072,
      -7.538877487182617,
      -7.538946151733398,
      -7.5392560958862305,
      -7.539056777954102,
      -7.538934707641602,
      -7.539100170135498,
      -7.538755416870117,
      -7.5394206047058105,
      -7.538982391357422,
      -7.539183139801025,
      -7.538822650909424,
      -7.539135932922363,
      -7.53923225402832,
      -7.539018154144287,
      -7.539277076721191,
      -7.539222240447998,
      -7.5390143394470215,
      -7.539384365081787,
      -7.5389084815979,
      -7.538939476013184,
      -7.539116382598877,
      -7.538840293884277,
      -7.5393900871276855,
      -7.539278507232666,
      -7.539103984832764,
      -7.539088249206543,
      -7.539177417755127,
      -7.538986682891846,
      -7.539000034332275,
      -7.5390305519104,
      -7.539088249206543,
      -7.539125442504883
    ],
    [
      -7.542022705078125,
      -7.541676998138428,
      -7.541069507598877,
      -7.54112434387207,
      -7.549176216125488,
      -7.542172431945801,
      -7.5425825119018555,
      -7.542393684387207,
      -7.541713237762451,
      -7.545949459075928,
      -7.537741661071777,
      -7.539439678192139,
      -7.539927959442139,
      -7.5429301261901855,
      -7.547598838806152,
      -7.550054550170898,
      -7.544500350952148,
      -7.54258918762207,
      -7.542762279510498,
      -7.542468070983887,
      -7.539593696594238,
      -7.547975063323975,
      -7.543896675109863,
      -7.538911819458008,
      -7.541569232940674,
      -7.5469160079956055,
      -7.54316520690918,
      -7.54725980758667,
      -7.545942306518555,
      -7.543139457702637,
      -7.5426716804504395,
      -7.544493675231934,
      -7.543957233428955,
      -7.545154094696045,
      -7.543471813201904,
      -7.545979976654053,
      -7.539835453033447,
      -7.5467376708984375,
      -7.544036388397217,
      -7.542360782623291,
      -7.542811870574951,
      -7.541360378265381,
      -7.541154861450195,
      -7.541584014892578,
      -7.535907745361328,
      -7.545798301696777,
      -7.550803184509277,
      -7.541256904602051,
      -7.5450029373168945,
      -7.545380115509033
    ],
    [
      -7.54245662689209,
      -7.551808834075928,
      -7.540058135986328,
      -7.544527053833008,
      -7.558919906616211,
      -7.5432891845703125,
      -7.541960716247559,
      -7.552282810211182,
      -7.550372123718262,
      -7.535992622375488,
      -7.561482906341553,
      -7.550780296325684,
      -7.547336578369141,
      -7.542823314666748,
      -7.550618648529053,
      -7.537216663360596,
      -7.550914287567139,
      -7.559789657592773,
      -7.536692142486572,
      -7.539228439331055,
      -7.537508487701416,
      -7.551652908325195,
      -7.55719518661499,
      -7.551817893981934,
      -7.549932956695557,
      -7.558675289154053,
      -7.548342704772949,
      -7.540764808654785,
      -7.550718784332275,
      -7.543931007385254,
      -7.561305046081543,
      -7.5449957847595215,
      -7.543546676635742,
      -7.527327537536621,
      -7.544677257537842,
      -7.555565357208252,
      -7.538415431976318,
      -7.549663066864014,
      -7.5329203605651855,
      -7.541569709777832,
      -7.548862457275391,
      -7.543230056762695,
      -7.538685321807861,
      -7.548471927642822,
      -7.553194522857666,
      -7.552006244659424,
      -7.544564723968506,
      -7.544629096984863,
      -7.547362327575684,
      -7.547150611877441
    ],
    [
      -7.5629963874816895,
      -7.549668312072754,
      -7.524162769317627,
      -7.538846015930176,
      -7.545132160186768,
      -7.54935884475708,
      -7.557497501373291,
      -7.554093837738037,
      -7.55219030380249,
      -7.553627014160156,
      -7.5614142417907715,
      -7.564759254455566,
      -7.574162483215332,
      -7.549039363861084,
      -7.534591197967529,
      -7.557882785797119,
      -7.551975727081299,
      -7.5397233963012695,
      -7.563838481903076,
      -7.543852806091309,
      -7.547111511230469,
      -7.5499701499938965,
      -7.5363945960998535,
      -7.542401313781738,
      -7.5531816482543945,
      -7.558155536651611,
      -7.537726879119873,
      -7.537073135375977,
      -7.556184768676758,
      -7.545541286468506,
      -7.554312705993652,
      -7.546661376953125,
      -7.569760322570801,
      -7.527105808258057,
      -7.537290096282959,
      -7.547604084014893,
      -7.54605770111084,
      -7.552626609802246,
      -7.538931846618652,
      -7.552459239959717,
      -7.534478664398193,
      -7.543405532836914,
      -7.554786682128906,
      -7.5395989418029785,
      -7.5552544593811035,
      -7.570037364959717,
      -7.5505757331848145,
      -7.544655799865723,
      -7.548765182495117,
      -7.547824382781982
    ],
    [
      -7.587777614593506,
      -7.552683353424072,
      -7.571957111358643,
      -7.556058406829834,
      -7.583930015563965,
      -7.5615034103393555,
      -7.550390243530273,
      -7.585255146026611,
      -7.594693660736084,
      -7.581589698791504,
      -7.533749580383301,
      -7.527082443237305,
      -7.553293228149414,
      -7.556455612182617,
      -7.536745548248291,
      -7.55191707611084,
      -7.576854228973389,
      -7.564029693603516,
      -7.54899263381958,
      -7.544932842254639,
      -7.575015544891357,
      -7.545376300811768,
      -7.573330402374268,
      -7.5475873947143555,
      -7.575141906738281,
      -7.556577205657959,
      -7.579759120941162,
      -7.56819486618042,
      -7.57443904876709,
      -7.580620288848877,
      -7.559836387634277,
      -7.566084384918213,
      -7.560972213745117,
      -7.563950538635254,
      -7.553339004516602,
      -7.55957555770874,
      -7.569765090942383,
      -7.552545070648193,
      -7.580158233642578,
      -7.56480598449707,
      -7.5699005126953125,
      -7.543805122375488,
      -7.56190824508667,
      -7.570700168609619,
      -7.543753147125244,
      -7.543027877807617,
      -7.564249515533447,
      -7.577813148498535,
      -7.564960479736328,
      -7.538263320922852
    ],
    [
      -7.548914909362793,
      -7.543734550476074,
      -7.561715126037598,
      -7.556310653686523,
      -7.569146156311035,
      -7.562819480895996,
      -7.562451362609863,
      -7.597218036651611,
      -7.5346574783325195,
      -7.562688827514648,
      -7.537486553192139,
      -7.569436550140381,
      -7.55135440826416,
      -7.582086086273193,
      -7.5802001953125,
      -7.554501533508301,
      -7.566195487976074,
      -7.585074424743652,
      -7.572744846343994,
      -7.548765182495117,
      -7.592242240905762,
      -7.565506935119629,
      -7.565821647644043,
      -7.567623615264893,
      -7.564508438110352,
      -7.569239616394043,
      -7.540529727935791,
      -7.578873634338379,
      -7.5442938804626465,
      -7.5919599533081055,
      -7.556694507598877,
      -7.558231353759766,
      -7.561060905456543,
      -7.566164493560791,
      -7.567511558532715,
      -7.589046478271484,
      -7.59664249420166,
      -7.578607559204102,
      -7.57200288772583,
      -7.593194484710693,
      -7.557743072509766,
      -7.553638935089111,
      -7.541358947753906,
      -7.546029567718506,
      -7.564220905303955,
      -7.559993743896484,
      -7.564208507537842,
      -7.561027526855469,
      -7.5670166015625,
