{
  "sigma_values": [
    2.0,
    4.0,
    6.0,
    8.0,
    10.0,
    12.0,
    16.0
  ],
  "metric_name": "quality_vs_adc_bits_sigma0.050",
  "per_trial": [
    [
      -7.7008442878723145,
      -7.49798583984375,
      -7.290497303009033,
      -7.379180908203125,
      -7.548583507537842,
      -7.56873083114624,
      -7.0850510597229,
      -8.26741886138916,
      -7.8880696296691895,
      -7.690459728240967,
      -7.943977355957031,
      -7.251099109649658,
      -7.583553314208984,
      -7.783886909484863,
      -7.794967174530029,
      -7.58335018157959,
      -7.418302536010742,
      -8.186126708984375,
      -7.469607353210449,
      -7.966905117034912,
      -7.950273036956787,
      -7.142872333526611,
      -7.2257585525512695,
      -7.716562271118164,
      -7.3621320724487305,
      -7.216602802276611,
      -7.451051712036133,
      -8.100737571716309,
      -7.899785995483398,
      -7.109245300292969,
      -7.08256721496582,
      -8.165092468261719,
      -7.596682071685791,
      -7.483788967132568,
      -7.214417457580566,
      -7.810366630554199,
      -7.258245944976807,
      -7.836973190307617,
      -7.528316497802734,
      -7.129174709320068,
      -7.989126205444336,
      -7.596014976501465,
      -8.282783508300781,
      -7.962789535522461,
      -6.905941009521484,
      -7.796029567718506,
      -7.087003707885742,
      -7.912059307098389,
      -7.311808109283447,
      -7.920425891876221
    ],
    [
      -7.0881195068359375,
      -7.253458499908447,
      -7.537608623504639,
      -7.726730823516846,
      -7.11358642578125,
      -7.451571464538574,
      -7.592187881469727,
      -8.016988754272461,
      -7.023207664489746,
      -7.713194847106934,
      -7.913086414337158,
      -8.071576118469238,
      -7.151472091674805,
      -7.114245414733887,
      -6.850821018218994,
      -7.146875381469727,
      -7.549890995025635,
      -7.083694934844971,
      -7.532824516296387,
      -7.671808242797852,
      -6.711053371429443,
      -7.563877105712891,
      -7.338449478149414,
      -7.814155101776123,
      -7.807570457458496,
      -7.9552435874938965,
      -7.633657455444336,
      -8.26106071472168,
      -8.138440132141113,
      -7.543991565704346,
      -7.568675518035889,
      -7.900269031524658,
      -8.09885025024414,
      -8.195561408996582,
      -8.592284202575684,
      -7.628868103027344,
      -8.01276969909668,
      -7.668175220489502,
      -7.923269271850586,
      -7.9893622398376465,
      -7.389501094818115,
      -7.200520038604736,
      -7.683732032775879,
      -7.817830562591553,
      -7.476706027984619,
      -7.989384174346924,
      -7.393344402313232,
      -7.8347554206848145,
      -6.943331241607666,
      -8.371668815612793
    ],
    [
      -7.922495365142822,
      -7.41867733001709,
      -7.613024711608887,
      -7.818868637084961,
      -6.838023662567139,
      -7.532150745391846,
      -6.963001251220703,
      -7.346399784088135,
      -8.02568531036377,
      -8.049538612365723,
      -6.917363166809082,
      -7.465006351470947,
      -7.076742649078369,
      -7.524811744689941,
      -7.389477252960205,
      -7.781493663787842,
      -7.335728645324707,
      -6.950699806213379,
      -7.583279609680176,
      -6.930020332336426,
      -7.2041850090026855,
      -7.373952388763428,
      -7.166121482849121,
      -7.69172477722168,
      -7.76335334777832,
      -7.351993560791016,
      -7.503119468688965,
      -7.077410697937012,
      -7.612943649291992,
      -7.589206218719482,
      -6.841536998748779,
      -7.277770042419434,
      -7.761037826538086,
      -7.213739395141602,
      -8.317719459533691,
      -7.526599884033203,
      -7.7168803215026855,
      -7.12548828125,
      -7.796679973602295,
      -7.7476606369018555,
      -7.492138862609863,
      -7.224920272827148,
      -6.7633161544799805,
      -7.365571975708008,
      -6.72927713394165,
      -8.832438468933105,
      -7.905055999755859,
      -7.743961334228516,
      -7.779772758483887,
      -7.592543125152588
    ],
    [
      -8.352157592773438,
      -7.192314624786377,
      -7.558181285858154,
      -6.458721160888672,
      -7.883507251739502,
      -8.200785636901855,
      -6.875746250152588,
      -7.323403835296631,
      -8.114420890808105,
      -7.979380130767822,
      -7.2309417724609375,
      -7.233973979949951,
      -8.024123191833496,
      -7.913075923919678,
      -7.812576770782471,
      -7.792626857757568,
      -7.383782386779785,
      -8.052053451538086,
      -6.669188022613525,
      -7.272668838500977,
      -7.006011009216309,
      -7.397648811340332,
      -8.239411354064941,
      -8.105926513671875,
      -7.888087272644043,
      -7.403524398803711,
      -7.7582221031188965,
      -7.341404914855957,
      -7.257696628570557,
      -7.130406379699707,
      -8.172317504882812,
      -7.35564661026001,
      -7.066401958465576,
      -7.533642768859863,
      -6.5808539390563965,
      -7.866965293884277,
      -7.5709710121154785,
      -7.779528617858887,
      -7.419841289520264,
      -7.154551982879639,
      -7.6258392333984375,
      -7.5533576011657715,
      -7.857196807861328,
      -7.913486957550049,
      -6.798406600952148,
      -6.8091721534729,
      -7.376038551330566,
      -7.332592487335205,
      -7.376853942871094,
      -7.618996620178223
    ],
    [
      -7.361874103546143,
      -7.6861653327941895,
      -7.694319725036621,
      -6.793244361877441,
      -7.751401424407959,
      -7.345830917358398,
      -7.630220890045166,
      -7.38299560546875,
      -7.95533561706543,
      -7.067152500152588,
      -7.46696138381958,
      -7.19957971572876,
      -7.592634677886963,
      -7.104219913482666,
      -7.91770076751709,
      -7.166904449462891,
      -7.132260322570801,
      -7.78273868560791,
      -7.1027045249938965,
      -7.8320441246032715,
      -8.074119567871094,
      -7.939937591552734,
      -7.734867095947266,
      -7.607402324676514,
      -6.775655746459961,
      -7.742703437805176,
      -7.477010250091553,
      -7.971279621124268,
      -7.832962512969971,
      -7.5085344314575195,
      -7.601485252380371,
      -6.800781726837158,
      -7.394898891448975,
      -7.7344889640808105,
      -7.173872947692871,
      -7.145087242126465,
      -8.016032218933105,
      -6.8555521965026855,
      -6.889899730682373,
      -7.82466459274292,
      -8.185009002685547,
      -6.568151950836182,
      -7.397481918334961,
      -7.560338020324707,
      -7.498127460479736,
      -7.601415634155273,
      -7.133378505706787,
      -7.630542278289795,
      -7.410584449768066,
      -7.6288371086120605
    ],
    [
      -7.425698757171631,
      -7.087212085723877,
      -6.702713489532471,
      -7.710098743438721,
      -7.546558380126953,
      -7.664218902587891,
      -7.038804054260254,
      -7.127328395843506,
      -7.586739540100098,
      -7.126049995422363,
      -8.419713020324707,
      -7.195268154144287,
      -8.022003173828125,
      -7.566348552703857,
      -7.185566425323486,
      -7.2729692459106445,
      -7.507297992706299,
      -7.500124454498291,
      -7.175870418548584,
      -7.945334434509277,
      -7.125869274139404,
      -7.138326168060303,
      -7.105112075805664,
      -7.038461685180664,
      -6.8638715744018555,
      -7.566505432128906,
      -6.694160461425781,
      -8.214239120483398,
      -7.537621974945068,
      -7.365494728088379,
      -6.846371650695801,
      -7.422525882720947,
      -7.394599914550781,
      -7.250080585479736,
      -7.731297016143799,
      -7.667446136474609,
      -7.567812442779541,
      -7.210616588592529,
      -7.152814865112305,
      -7.3460612297058105,
      -7.171885967254639,
      -6.896065711975098,
      -7.831390857696533,
      -7.501339912414551,
      -7.48933219909668,
      -7.289401531219482,
      -8.210291862487793,
      -7.1005401611328125,
      -7.357661247253418,
