{
  "sigma_values": [
    0.0,
    0.01,
    0.02,
    0.03,
    0.05,
    0.07,
    0.1,
    0.12,
    0.15
  ],
  "metric_name": "quality_thermal_only",
  "per_trial": [
    [
      -5.698969841003418,
      -5.700293064117432,
      -5.706205368041992,
      -5.703982830047607,
      -5.705453395843506,
      -5.697357654571533,
      -5.698028087615967,
      -5.694930553436279,
      -5.704522609710693,
      -5.706070899963379,
      -5.703983783721924,
      -5.701664447784424,
      -5.704882621765137,
      -5.698784351348877,
      -5.706908702850342,
      -5.697929859161377,
      -5.702681064605713,
      -5.696429252624512,
      -5.7045578956604,
      -5.708238124847412
    ],
    [
      -5.698408603668213,
      -5.701709270477295,
      -5.706647872924805,
      -5.705125331878662,
      -5.703339576721191,
      -5.709758758544922,
      -5.697983264923096,
      -5.700736045837402,
      -5.7102155685424805,
      -5.70361328125,
      -5.705793380737305,
      -5.703523635864258,
      -5.7034502029418945,
      -5.706915855407715,
      -5.711742877960205,
      -5.701192855834961,
      -5.708108901977539,
      -5.7062249183654785,
      -5.708702087402344,
      -5.712921619415283
    ],
    [
      -5.704671859741211,
      -5.697493076324463,
      -5.712222099304199,
      -5.709595680236816,
      -5.697516918182373,
      -5.708263397216797,
      -5.713353633880615,
      -5.7094526290893555,
      -5.702011585235596,
      -5.704418659210205,
      -5.704286575317383,
      -5.7040557861328125,
      -5.697558879852295,
      -5.7038373947143555,
      -5.7042388916015625,
      -5.714566707611084,
      -5.7040791511535645,
      -5.701747417449951,
      -5.700648784637451,
      -5.698173999786377
    ],
    [
      -5.7007951736450195,
      -5.7006049156188965,
      -5.7057414054870605,
      -5.698876857757568,
      -5.709041118621826,
      -5.703568458557129,
      -5.705121994018555,
      -5.705515384674072,
      -5.705334186553955,
      -5.705407619476318,
      -5.710973739624023,
      -5.701612949371338,
      -5.704044342041016,
      -5.704362392425537,
      -5.7085113525390625,
      -5.703654766082764,
      -5.702686309814453,
      -5.701510906219482,
      -5.699698448181152,
      -5.706309795379639
    ],
    [
      -5.7066545486450195,
      -5.709747314453125,
      -5.703392028808594,
      -5.699563980102539,
      -5.706296920776367,
      -5.710040092468262,
      -5.69887113571167,
      -5.7063679695129395,
      -5.70745325088501,
      -5.699070453643799,
      -5.704058647155762,
      -5.712368488311768,
      -5.701197624206543,
      -5.7013654708862305,
      -5.696734428405762,
      -5.69918966293335,
      -5.697858810424805,
      -5.701976776123047,
      -5.698781490325928,
      -5.705331802368164
    ],
    [
      -5.694210529327393,
      -5.705765724182129,
      -5.698522567749023,
      -5.697851181030273,
      -5.693620681762695,
      -5.698195457458496,
      -5.7113165855407715,
      -5.702085018157959,
      -5.707218647003174,
      -5.702298164367676,
      -5.7055277824401855,
      -5.706852436065674,
      -5.704841613769531,
      -5.70253849029541,
      -5.699618339538574,
      -5.705533027648926,
      -5.698007583618164,
      -5.7032551765441895,
      -5.70742130279541,
      -5.705578327178955
    ],
    [
      -5.705883026123047,
      -5.703306198120117,
      -5.71156644821167,
      -5.703094482421875,
      -5.708775520324707,
      -5.698922634124756,
      -5.704970836639404,
      -5.703096866607666,
      -5.703232765197754,
      -5.7048773765563965,
      -5.714747905731201,
      -5.699315547943115,
      -5.701115608215332,
      -5.711557388305664,
      -5.701822757720947,
      -5.7092413902282715,
      -5.694157600402832,
      -5.70361852645874,
      -5.707442283630371,
      -5.706056118011475
    ],
    [
      -5.697523593902588,
      -5.711510181427002,
      -5.709977626800537,
      -5.7044291496276855,
      -5.701979637145996,
      -5.709786891937256,
      -5.701083660125732,
      -5.708356857299805,
      -5.695805549621582,
      -5.709605693817139,
      -5.707857608795166,
      -5.709660053253174,
      -5.7045512199401855,
      -5.701030731201172,
      -5.707016944885254,
      -5.707229137420654,
      -5.704431056976318,
      -5.7039995193481445,
      -5.699785232543945,
      -5.701645851135254
    ],
    [
      -5.707139015197754,
      -5.700774192810059,
      -5.697755336761475,
      -5.711621284484863,
      -5.6941447257995605,
      -5.709345817565918,
      -5.705892562866211,
      -5.7022881507873535,
      -5.703285217285156,
      -5.703294277191162,
      -5.704624176025391,
      -5.70614767074585,
      -5.7017693519592285,
      -5.696482181549072,
      -5.7016496658325195,
      -5.7042670249938965,
      -5.706993103027344,
      -5.698096752166748,
      -5.704406261444092,
      -5.70051908493042
    ]
  ],
  "digital_baseline": -4.604544639587402,
  "ideal_analog_baseline": -5.834268093109131,
  "mean": [
    -5.702093720436096,
    -5.705305695533752,
    -5.704609656333924,
    -5.704168605804443,
    -5.703316044807434,
    -5.702512931823731,
    -5.704840064048767,
    -5.7048633098602295,
    -5.703024792671203
  ],
  "std": [
    0.003847182322198541,
    0.004083790162172351,
    0.005096054333866917,
    0.0030831765593103124,
    0.004428531737581939,
    0.004582231977807113,
    0.004732278499740073,
    0.004370617510872266,
    0.00424101105870494
  ],
  "normalized_mean": [
    0.761637867203511,
    0.7609403009186625,
    0.761091464443899,
    0.7611872503606405,
    0.7613724067797312,
    0.7615468242404284,
    0.7610414252472186,
    0.7610363767976364,
    0.7614356599695747
  ],
  "normalized_std": [
    0.0008355185199254088,
    0.0008869042395771595,
    0.0011067444737214139,
    0.0006695942380062549,
    0.0009617740915155435,
    0.0009951542088248082,
    0.0010277408235017384,
    0.0009491964684837765,
    0.000921048961550509
  ],
  "degradation_threshold_10pct": 0.0,
  "trial_seeds": {
    "digital_baseline": [
      101020345,
      101020346,
      101020347,
      101020348,
      101020349,
      101020350,
      101020351,
      101020352,
      101020353,
      101020354,
      101020355,
      101020356,
      101020357,
      101020358,
      101020359,
      101020360,
      101020361,
      101020362,
      101020363,
      101020364
    ],
    "ideal_analog_baseline": [
      202020648,
      202020649,
      202020650,
      202020651,
      202020652,
      202020653,
      202020654,
      202020655,
      202020656,
      202020657,
      202020658,
      202020659,
      202020660,
      202020661,
      202020662,
      202020663,
      202020664,
      202020665,
      202020666,
      202020667
    ],
    "per_trial": [
      [
        606101916,
        606101917,
        606101918,
        606101919,
        606101920,
        606101921,
        606101922,
        606101923,
        606101924,
        606101925,
        606101926,
        606101927,
        606101928,
        606101929,
        606101930,
        606101931,
        606101932,
        606101933,
        606101934,
        606101935
      ]
    ]
  },
  "metadata": {
    "arch": "diffusion",
    "analog_domain": "full_analog",
    "analog_substrate": "classic",
    "seed": 20042,
    "pilot_profile_path": "/workspace/NEW_ACTUAL_RUNS/5-14/945/experiments/cross_arch_tolerance/results/profiles/diffusion_profile_full_analog_pcm.json",
    "dynamics_diagnostics": {},
    "calibration": "runner: diffusion(x_t,t), early/mid/late noised states",
    "ablation_noise": "thermal"
  },
  "normalized_mean_vs_ideal_analog": [
    1.02265483357358,
    1.022104297491522,
    1.0222235993797315,
    1.0222991959279946,
    1.0224453258252504,
    1.0225829802783688,
    1.022184107242729,
    1.0221801228849496,
    1.0224952467633326
  ],