{
  "sigma_values": [
    0.0,
    0.01,
    0.02,
    0.03,
    0.05,
    0.07,
    0.1,
    0.12,
    0.15
  ],
  "metric_name": "quality_mismatch_only",
  "per_trial": [
    [
      -7.538112163543701,
      -7.538112163543701,
      -7.538112163543701,
      -7.538112163543701,
      -7.538112163543701,
      -7.538112163543701,
      -7.538112163543701,
      -7.538112163543701,
      -7.538112163543701,
      -7.538112163543701
    ],
    [
      -7.541586399078369,
      -7.538122177124023,
      -7.5373029708862305,
      -7.536084175109863,
      -7.534910678863525,
      -7.539998531341553,
      -7.537670135498047,
      -7.535872459411621,
      -7.53748083114624,
      -7.537647724151611
    ],
    [
      -7.529321193695068,
      -7.532875061035156,
      -7.541064739227295,
      -7.5398736000061035,
      -7.538863658905029,
      -7.5325727462768555,
      -7.5491485595703125,
      -7.543267726898193,
      -7.538841724395752,
      -7.53967809677124
    ],
    [
      -7.545276641845703,
      -7.543360710144043,
      -7.541651725769043,
      -7.538121223449707,
      -7.5429863929748535,
      -7.545206069946289,
      -7.545220851898193,
      -7.548001766204834,
      -7.545769691467285,
      -7.5364603996276855
    ],
    [
      -7.543874263763428,
      -7.528127193450928,
      -7.531704902648926,
      -7.5516767501831055,
      -7.530516624450684,
      -7.534957408905029,
      -7.545051574707031,
      -7.579996585845947,
      -7.557582378387451,
      -7.541197776794434
    ],
    [
      -7.533387184143066,
      -7.562388896942139,
      -7.548057556152344,
      -7.5334672927856445,
      -7.553389549255371,
      -7.5294575691223145,
      -7.52170467376709,
      -7.525577068328857,
      -7.539029598236084,
      -7.528123378753662
    ],
    [
      -7.562066078186035,
      -7.566922187805176,
      -7.533813953399658,
      -7.534494400024414,
      -7.547422409057617,
      -7.580286026000977,
      -7.540302276611328,
      -7.587099075317383,
      -7.574914455413818,
      -7.574697017669678
    ],
    [
      -7.4853434562683105,
      -7.5877366065979,
      -7.523322582244873,
      -7.565907001495361,
      -7.517374515533447,
      -7.55002498626709,
      -7.552036285400391,
      -7.521735191345215,
      -7.508685111999512,
      -7.547197341918945
    ],
    [
      -7.579389572143555,
      -7.637588977813721,
      -7.642556190490723,
      -7.5338263511657715,
      -7.600283622741699,
      -7.665582180023193,
      -7.598966598510742,
      -7.606863021850586,
      -7.605657577514648,
      -7.544699668884277
    ]
  ],
  "digital_baseline": -7.538112163543701,
  "mean": [
    -7.538112163543701,
    -7.537667608261108,
    -7.5385507106781,
    -7.5432055473327635,
    -7.544468545913697,
    -7.537458276748657,
    -7.560201787948609,
    -7.535936307907105,
    -7.601541376113891
  ],
  "std": [
    0.0,
    0.0018572959978849768,
    0.005451804149589161,
    0.003402430878140214,
    0.014874917432566904,
    0.012502589945767792,
    0.018757785021804682,
    0.028589520242557964,
    0.03929802832997659
  ],
  "normalized_mean": [
    1.0,
    1.0000589743523243,
    0.9999418226838651,
    0.9993243157333616,
    0.999156767340139,
    1.000086744105269,
    0.9970696078904558,
    1.000288647288524,
    0.9915855308074414
  ],
  "normalized_std": [
    0.0,
    0.0002463874187050904,
    0.0007232320282995422,
    0.00045136379033934614,
    0.0019732947865257204,
    0.0016585836976840986,
    0.0024883929311270104,
    0.0037926631525628425,
    0.005213245369315706
  ],
  "degradation_threshold_10pct": 0.15
}