{
  "sigma_values": [
    2.0,
    4.0,
    6.0,
    8.0,
    10.0,
    12.0,
    16.0
  ],
  "metric_name": "quality_vs_adc_bits_sigma0.050",
  "per_trial": [
    [
      -8.632452011108398,
      -8.632452011108398,
      -8.632452011108398,
      -8.632452011108398,
      -8.632452011108398,
      -8.632452011108398,
      -8.632452011108398,
      -8.632452011108398,
      -8.632452011108398,
      -8.632452011108398,
      -8.632452011108398,
      -8.632452011108398,
      -8.632452011108398,
      -8.632452011108398,
      -8.632452011108398,
      -8.632452011108398,
      -8.632452011108398,
      -8.632452011108398,
      -8.632452011108398,
      -8.632452011108398,
      -8.632452011108398,
      -8.632452011108398,
      -8.632452011108398,
      -8.632452011108398,
      -8.632452011108398,
      -8.632452011108398,
      -8.632452011108398,
      -8.632452011108398,
      -8.632452011108398,
      -8.632452011108398,
      -8.632452011108398,
      -8.632452011108398,
      -8.632452011108398,
      -8.632452011108398,
      -8.632452011108398,
      -8.632452011108398,
      -8.632452011108398,
      -8.632452011108398,
      -8.632452011108398,
      -8.632452011108398,
      -8.632452011108398,
      -8.632452011108398,
      -8.632452011108398,
      -8.632452011108398,
      -8.632452011108398,
      -8.632452011108398,
      -8.632452011108398,
      -8.632452011108398,
      -8.632452011108398,
      -8.632452011108398
    ],
    [
      -5.618343353271484,
      -5.64483642578125,
      -5.605123996734619,
      -5.584912300109863,
      -5.607729911804199,
      -5.61323356628418,
      -5.639389991760254,
      -5.614623546600342,
      -5.608649730682373,
      -5.620360851287842,
      -5.602838039398193,
      -5.6189141273498535,
      -5.644025802612305,
      -5.626609802246094,
      -5.637166500091553,
      -5.599691867828369,
      -5.614271640777588,
      -5.635751247406006,
      -5.626184940338135,
      -5.5988850593566895,
      -5.610583305358887,
      -5.6108174324035645,
      -5.617874622344971,
      -5.630194664001465,
      -5.606472969055176,
      -5.595541477203369,
      -5.59614372253418,
      -5.610880374908447,
      -5.583248138427734,
      -5.611611366271973,
      -5.623631954193115,
      -5.6404194831848145,
      -5.611294269561768,
      -5.631830215454102,
      -5.621115684509277,
      -5.605778694152832,
      -5.621631622314453,
      -5.605403900146484,
      -5.627666473388672,
      -5.609646797180176,
      -5.612035274505615,
      -5.612794399261475,
      -5.588843822479248,
      -5.59375524520874,
      -5.644257068634033,
      -5.579087257385254,
      -5.600391387939453,
      -5.576332092285156,
      -5.615013122558594,
      -5.595611572265625
    ],
    [
      -5.508004665374756,
      -5.499304294586182,
      -5.5207719802856445,
      -5.534185886383057,
      -5.497812747955322,
      -5.545057773590088,
      -5.559741020202637,
      -5.519162654876709,
      -5.529831409454346,
      -5.514726638793945,
      -5.518214225769043,
      -5.5088791847229,
      -5.527950286865234,
      -5.5108184814453125,
      -5.531191825866699,
      -5.515374183654785,
      -5.519861221313477,
      -5.5003790855407715,
      -5.5127272605896,
      -5.514264106750488,
      -5.530690670013428,
      -5.515124320983887,
      -5.513950347900391,
      -5.5341410636901855,
      -5.51252555847168,
      -5.520734786987305,
      -5.5397491455078125,
      -5.511798858642578,
      -5.536374092102051,
      -5.515902519226074,
      -5.538291931152344,
      -5.5244832038879395,
      -5.526729583740234,
      -5.569139003753662,
      -5.575189590454102,
      -5.5454535484313965,
      -5.505522727966309,
      -5.512081623077393,
      -5.495330810546875,
      -5.537264823913574,
      -5.549986362457275,
      -5.5309648513793945,
      -5.502005577087402,
      -5.514546871185303,
      -5.536898612976074,
      -5.483222961425781,
      -5.517309665679932,
      -5.534388065338135,
      -5.550144195556641,
      -5.517481803894043
    ],
    [
      -5.583999156951904,
      -5.580604553222656,
      -5.577280521392822,
      -5.600337028503418,
      -5.577615261077881,
      -5.5768303871154785,
      -5.560742378234863,
      -5.5910258293151855,
      -5.573072910308838,
      -5.592257022857666,
      -5.5807318687438965,
      -5.600756645202637,
      -5.60225248336792,
      -5.59051513671875,
      -5.566707611083984,
      -5.595044136047363,
      -5.570652008056641,
      -5.576756954193115,
      -5.601364612579346,
      -5.606239318847656,
      -5.552472114562988,
      -5.565368175506592,
      -5.597265720367432,
      -5.576098918914795,
      -5.57100248336792,
      -5.593014717102051,
      -5.599473476409912,
      -5.59443473815918,
      -5.571921348571777,
      -5.541678428649902,
      -5.587831497192383,
      -5.602418422698975,
      -5.59619140625,
      -5.591722011566162,
      -5.570080757141113,
      -5.574582099914551,
      -5.610633373260498,
      -5.597243309020996,
      -5.5664591789245605,
      -5.564777374267578,
      -5.588037490844727,
      -5.567017078399658,
      -5.584773063659668,
      -5.564466953277588,
      -5.590644836425781,
      -5.5922980308532715,
      -5.5905842781066895,
      -5.58397102355957,
      -5.585309982299805,
      -5.558235168457031
    ],
    [
      -5.584214687347412,
      -5.571194648742676,
      -5.58826208114624,
      -5.585150718688965,
      -5.581990718841553,
      -5.59111213684082,
      -5.570324897766113,
      -5.577116012573242,
      -5.542868137359619,
      -5.592581748962402,
      -5.585149765014648,
      -5.592071533203125,
      -5.559628963470459,
      -5.5502777099609375,
      -5.5627121925354,
      -5.599637985229492,
      -5.595942497253418,
      -5.588933944702148,
      -5.5859808921813965,
      -5.592227458953857,
      -5.581455230712891,
      -5.556726932525635,
      -5.587552547454834,
      -5.57912015914917,
      -5.587783336639404,
      -5.579403400421143,
      -5.5749287605285645,
      -5.608298301696777,
      -5.570504665374756,
      -5.554698467254639,
      -5.599460124969482,
      -5.577460289001465,
      -5.579302787780762,
      -5.574662208557129,
      -5.591273784637451,
      -5.587747573852539,
      -5.605026721954346,
      -5.601675033569336,
      -5.576498508453369,
      -5.603630065917969,
      -5.5826311111450195,
      -5.5800089836120605,
      -5.618871212005615,
      -5.598537445068359,
      -5.572324275970459,
      -5.596118450164795,
      -5.592129230499268,
      -5.573431015014648,
      -5.567326545715332,
      -5.615645885467529
    ],
    [
      -5.594005107879639,
      -5.5687642097473145,
      -5.594552993774414,
      -5.572287082672119,
      -5.541187286376953,
      -5.5992045402526855,
      -5.561842918395996,
      -5.557765007019043,
      -5.579311847686768,
      -5.610631942749023,
      -5.600622177124023,
      -5.58912992477417,
      -5.59563684463501,
      -5.598972320556641,
      -5.605104923248291,
      -5.563887119293213,
      -5.571877956390381,
      -5.576244354248047,
      -5.576729774475098,
      -5.596341133117676,
      -5.608279228210449,
      -5.615900993347168,
      -5.597326755523682,
      -5.56260347366333,
      -5.602273941040039,
      -5.591704845428467,
      -5.60378360748291,
      -5.5657453536987305,
      -5.577139377593994,
      -5.606130123138428,
      -5.5909552574157715,
      -5.586254119873047,
      -5.580127239227295,
      -5.5710225105285645,
      -5.591315746307373,
      -5.563292980194092,
      -5.607603549957275,
      -5.597498416900635,
      -5.558993339538574,
      -5.567427635192871,
      -5.576906681060791,
      -5.585247039794922,
      -5.570426940917969,
      -5.60645866394043,
      -5.6034417152404785,
      -5.582203388214111,
      -5.5982770919799805,
      -5.604228973388672,
