{
  "sigma_values": [
    0.0,
    0.01,
    0.02,
    0.03,
    0.05,
    0.07,
    0.1,
    0.12,
    0.15
  ],
  "metric_name": "quality_thermal_only",
  "per_trial": [
    [
      -9.64156723022461,
      -9.641617774963379,
      -9.641617774963379,
      -9.641571044921875,
      -9.64172077178955,
      -9.641565322875977,
      -9.641610145568848,
      -9.641631126403809,
      -9.64164924621582,
      -9.641676902770996
    ],
    [
      -9.641778945922852,
      -9.641648292541504,
      -9.641535758972168,
      -9.641653060913086,
      -9.641580581665039,
      -9.64161205291748,
      -9.641663551330566,
      -9.641592025756836,
      -9.641618728637695,
      -9.641632080078125
    ],
    [
      -9.641658782958984,
      -9.641682624816895,
      -9.641654968261719,
      -9.641690254211426,
      -9.641596794128418,
      -9.641664505004883,
      -9.641688346862793,
      -9.641654968261719,
      -9.64161205291748,
      -9.641672134399414
    ],
    [
      -9.641676902770996,
      -9.641777038574219,
      -9.641611099243164,
      -9.6416015625,
      -9.641641616821289,
      -9.641539573669434,
      -9.641690254211426,
      -9.641695976257324,
      -9.641666412353516,
      -9.641660690307617
    ],
    [
      -9.641627311706543,
      -9.641654968261719,
      -9.641608238220215,
      -9.64156723022461,
      -9.641569137573242,
      -9.641705513000488,
      -9.64167594909668,
      -9.64167594909668,
      -9.641707420349121,
      -9.641792297363281
    ],
    [
      -9.641590118408203,
      -9.641608238220215,
      -9.641592979431152,
      -9.641703605651855,
      -9.641779899597168,
      -9.641672134399414,
      -9.641735076904297,
      -9.641731262207031,
      -9.641589164733887,
      -9.641742706298828
    ],
    [
      -9.641631126403809,
      -9.641722679138184,
      -9.641597747802734,
      -9.641655921936035,
      -9.641642570495605,
      -9.64162540435791,
      -9.64164924621582,
      -9.6416597366333,
      -9.641645431518555,
      -9.6416654586792
    ],
    [
      -9.641701698303223,
      -9.641558647155762,
      -9.64173412322998,
      -9.641653060913086,
      -9.641725540161133,
      -9.641549110412598,
      -9.641597747802734,
      -9.64161491394043,
      -9.641621589660645,
      -9.641676902770996
    ],
    [
      -9.64168643951416,
      -9.64173698425293,
      -9.64163875579834,
      -9.641634941101074,
      -9.641754150390625,
      -9.641621589660645,
      -9.641600608825684,
      -9.641634941101074,
      -9.64171314239502,
      -9.641642570495605
    ]
  ],
  "digital_baseline": -9.641636180877686,
  "mean": [
    -9.641622734069824,
    -9.641631507873536,
    -9.641657543182372,
    -9.641656112670898,
    -9.641658401489257,
    -9.641674518585205,
    -9.641649532318116,
    -9.64164333343506,
    -9.641666412353516
  ],
  "std": [
    4.75132757127173e-05,
    6.113372234956242e-05,
    2.9468536376953127e-05,
    6.0605683914894295e-05,
    6.552957091831729e-05,
    6.995999044350938e-05,
    3.0687129373121685e-05,
    6.247957089450673e-05,
    4.991644703879789e-05
  ],
  "normalized_mean": [
    1.0000013946603679,
    1.0000004846692059,
    0.999997784369345,
    0.9999979327374693,
    0.9999976953484705,
    0.9999960237342709,
    0.9999986152308405,
    0.9999992581593788,
    0.9999968644869748
  ],
  "normalized_std": [
    4.9279266320949404e-06,
    6.340596264232547e-06,
    3.0563833590193174e-06,
    6.285829788422623e-06,
    6.796519769982866e-06,
    7.256028865957569e-06,
    3.182771969137733e-06,
    6.480183417252647e-06,
    5.177175958764911e-06
  ],
  "degradation_threshold_10pct": 0.15
}