{
  "sigma_values": [
    0.0,
    0.01,
    0.02,
    0.03,
    0.05,
    0.07,
    0.1,
    0.12,
    0.15
  ],
  "metric_name": "quality",
  "per_trial": [
    [
      -7.480942726135254,
      -7.481021881103516,
      -7.4809651374816895,
      -7.480884075164795,
      -7.481099605560303,
      -7.481060028076172,
      -7.480899810791016,
      -7.480860710144043,
      -7.480971813201904,
      -7.480985641479492,
      -7.480963230133057,
      -7.48091459274292,
      -7.480920791625977,
      -7.48100471496582,
      -7.4810872077941895,
      -7.480898857116699,
      -7.480892658233643,
      -7.4809064865112305,
      -7.480931282043457,
      -7.481265068054199,
      -7.480951309204102,
      -7.480959415435791,
      -7.480893611907959,
      -7.481008052825928,
      -7.480954647064209,
      -7.480963230133057,
      -7.48103141784668,
      -7.481025695800781,
      -7.480936050415039,
      -7.481015205383301,
      -7.481071472167969,
      -7.481110095977783,
      -7.4809956550598145,
      -7.4809064865112305,
      -7.480974197387695,
      -7.4809489250183105,
      -7.480916500091553,
      -7.480926036834717,
      -7.481103897094727,
      -7.481011390686035,
      -7.480870246887207,
      -7.4810051918029785,
      -7.48100471496582,
      -7.480856418609619,
      -7.480945587158203,
      -7.4810566902160645,
      -7.481029987335205,
      -7.480981349945068,
      -7.481164455413818,
      -7.481058597564697
    ],
    [
      -7.4818596839904785,
      -7.486424922943115,
      -7.481996536254883,
      -7.491037368774414,
      -7.4863481521606445,
      -7.479166507720947,
      -7.482970714569092,
      -7.484577178955078,
      -7.481144905090332,
      -7.482654571533203,
      -7.483760356903076,
      -7.478323459625244,
      -7.485988616943359,
      -7.487228870391846,
      -7.486901760101318,
      -7.490781784057617,
      -7.483861446380615,
      -7.489521026611328,
      -7.4832987785339355,
      -7.48009729385376,
      -7.4880571365356445,
      -7.479676246643066,
      -7.481377124786377,
      -7.478873252868652,
      -7.482097625732422,
      -7.480438709259033,
      -7.482410907745361,
      -7.4875617027282715,
      -7.483959674835205,
      -7.482659816741943,
      -7.484703540802002,
      -7.488457202911377,
      -7.484873294830322,
      -7.486302852630615,
      -7.483173370361328,
      -7.481729984283447,
      -7.483455181121826,
      -7.482221603393555,
      -7.4814581871032715,
      -7.485500812530518,
      -7.486795425415039,
      -7.492382049560547,
      -7.488375663757324,
      -7.4908294677734375,
      -7.484225273132324,
      -7.487087249755859,
      -7.487149715423584,
      -7.481064796447754,
      -7.481700420379639,
      -7.489653587341309
    ],
    [
      -7.501687049865723,
      -7.490119457244873,
      -7.484732151031494,
      -7.491103649139404,
      -7.490993022918701,
      -7.486335277557373,
      -7.49665641784668,
      -7.4880170822143555,
      -7.477604866027832,
      -7.483756065368652,
      -7.485709190368652,
      -7.481130123138428,
      -7.490468978881836,
      -7.488432884216309,
      -7.483498573303223,
      -7.480928897857666,
      -7.489923000335693,
      -7.499500274658203,
      -7.489059925079346,
      -7.493427276611328,
      -7.483626365661621,
      -7.493958950042725,
      -7.476816177368164,
      -7.486196517944336,
      -7.48593807220459,
      -7.493898391723633,
      -7.495036602020264,
      -7.488579273223877,
      -7.497328281402588,
      -7.48668098449707,
      -7.504603385925293,
      -7.490094184875488,
      -7.478701591491699,
      -7.485475540161133,
      -7.4925432205200195,
      -7.482883930206299,
      -7.489758491516113,
      -7.491225242614746,
      -7.474272727966309,
      -7.481793403625488,
      -7.506496429443359,
      -7.482847213745117,
      -7.488009929656982,
      -7.504408359527588,
      -7.496091842651367,
      -7.485940933227539,
      -7.489357948303223,
      -7.486756801605225,
      -7.492688179016113,
      -7.486969947814941
    ],
    [
      -7.496830463409424,
      -7.492864608764648,
      -7.487933158874512,
      -7.50263786315918,
      -7.52111291885376,
      -7.491305828094482,
      -7.497189998626709,
      -7.499271869659424,
      -7.50623083114624,
      -7.489383220672607,
      -7.5050530433654785,
      -7.502391815185547,
      -7.483135223388672,
      -7.513730049133301,
      -7.479516983032227,
      -7.491384983062744,
      -7.518841743469238,
      -7.481735706329346,
      -7.498852729797363,
      -7.495596408843994,
      -7.491438865661621,
      -7.494046688079834,
      -7.489248275756836,
      -7.493415355682373,
      -7.4907073974609375,
      -7.5042243003845215,
      -7.47223424911499,
      -7.497993469238281,
      -7.491300106048584,
      -7.48872709274292,
      -7.49133825302124,
      -7.492427349090576,
      -7.510995388031006,
      -7.493720531463623,
      -7.479592323303223,
      -7.482619762420654,
      -7.486283302307129,
      -7.496819972991943,
      -7.507727146148682,
      -7.471527576446533,
      -7.48856782913208,
      -7.474857807159424,
      -7.4998321533203125,
      -7.505640029907227,
      -7.47951078414917,
      -7.493191719055176,
      -7.509916305541992,
      -7.510194301605225,
      -7.509405136108398,
      -7.48987340927124
    ],
    [
      -7.495530605316162,
      -7.491661548614502,
      -7.51055908203125,
      -7.5127177238464355,
      -7.5007853507995605,
      -7.505949020385742,
      -7.492556095123291,
      -7.495484828948975,
      -7.495452404022217,
      -7.48996639251709,
      -7.506292819976807,
      -7.536673069000244,
      -7.4993462562561035,
      -7.543295860290527,
      -7.500872611999512,
      -7.536679267883301,
      -7.517331123352051,
      -7.496273040771484,
      -7.497921466827393,
      -7.477243423461914,
      -7.501978874206543,
      -7.494113445281982,
      -7.532508373260498,
      -7.4914679527282715,
      -7.496068477630615,
      -7.503615379333496,
      -7.5330352783203125,
      -7.51224946975708,
      -7.509836196899414,
      -7.48176908493042,
      -7.518980026245117,
      -7.511014938354492,
      -7.485006332397461,
      -7.51410436630249,
      -7.522824287414551,
      -7.505884170532227,
      -7.507205486297607,
      -7.500763416290283,
      -7.506732940673828,
      -7.49006986618042,
      -7.497372627258301,
      -7.491888046264648,
      -7.505877494812012,
      -7.497359752655029,
      -7.513851165771484,
      -7.485252380371094,
      -7.499531269073486,
      -7.5126423835754395,
      -7.530633926391602,
      -7.453554153442383
    ],
    [
      -7.542616367340088,
      -7.531229496002197,
      -7.528778553009033,
      -7.522808074951172,
      -7.509207725524902,
      -7.517557621002197,
      -7.493437767028809,
      -7.533047676086426,
      -7.506526947021484,
      -7.542671203613281,
      -7.54972505569458,
      -7.5482306480407715,
      -7.482518196105957,
      -7.544622421264648,
      -7.518876552581787,
      -7.542143821716309,
      -7.465649604797363,
      -7.548998832702637,
      -7.534343719482422,
      -7.528548240661621,
      -7.537479400634766,
      -7.5385870933532715,
      -7.5203399658203125,
      -7.527154445648193,
      -7.4673614501953125,
      -7.501760005950928,
      -7.538012981414795,
      -7.583453178405762,
      -7.509585380554199,
      -7.497105598449707,
      -7.490827560424805,
      -7.507062911987305,
      -7.54420280456543,
      -7.5452141761779785,
      -7.49591064453125,
      -7.493380069732666,
      -7.477586269378662,
      -7.47737455368042,
      -7.51885461807251,
      -7.5139384269714355,
      -7.475339889526367,
      -7.506692886352539,
      -7.468865394592285,
      -7.506161689758301,
      -7.493212699890137,
      -7.5366997718811035,
      -7.4806036949157715,
      -7.529300212860107,
