{
  "sigma_values": [
    0.0,
    0.01,
    0.02,
    0.03,
    0.05,
    0.07,
    0.1,
    0.12,
    0.15
  ],
  "metric_name": "quality_thermal_only",
  "per_trial": [
    [
      -9.636154174804688,
      -9.63615894317627,
      -9.636239051818848,
      -9.636306762695312,
      -9.636228561401367,
      -9.636245727539062,
      -9.636308670043945,
      -9.636330604553223,
      -9.636260032653809,
      -9.636244773864746
    ],
    [
      -9.636393547058105,
      -9.636340141296387,
      -9.636207580566406,
      -9.636224746704102,
      -9.636239051818848,
      -9.636363983154297,
      -9.636123657226562,
      -9.636248588562012,
      -9.636260032653809,
      -9.636256217956543
    ],
    [
      -9.636305809020996,
      -9.63624095916748,
      -9.636212348937988,
      -9.636312484741211,
      -9.636265754699707,
      -9.636323928833008,
      -9.636237144470215,
      -9.636237144470215,
      -9.636347770690918,
      -9.636295318603516
    ],
    [
      -9.63621997833252,
      -9.636310577392578,
      -9.636253356933594,
      -9.636287689208984,
      -9.636201858520508,
      -9.63627815246582,
      -9.636277198791504,
      -9.636271476745605,
      -9.636305809020996,
      -9.636146545410156
    ],
    [
      -9.636259078979492,
      -9.636371612548828,
      -9.636271476745605,
      -9.636319160461426,
      -9.636312484741211,
      -9.636195182800293,
      -9.636214256286621,
      -9.636335372924805,
      -9.636239051818848,
      -9.636270523071289
    ],
    [
      -9.636298179626465,
      -9.63623046875,
      -9.636237144470215,
      -9.63623046875,
      -9.636239051818848,
      -9.636384963989258,
      -9.636242866516113,
      -9.636260032653809,
      -9.636326789855957,
      -9.636319160461426
    ],
    [
      -9.636354446411133,
      -9.636351585388184,
      -9.636110305786133,
      -9.63617992401123,
      -9.636279106140137,
      -9.63626480102539,
      -9.636299133300781,
      -9.63630485534668,
      -9.636324882507324,
      -9.63614559173584
    ],
    [
      -9.636207580566406,
      -9.63628101348877,
      -9.636271476745605,
      -9.636258125305176,
      -9.636338233947754,
      -9.636250495910645,
      -9.636364936828613,
      -9.636252403259277,
      -9.636327743530273,
      -9.636205673217773
    ],
    [
      -9.636147499084473,
      -9.636286735534668,
      -9.636174201965332,
      -9.636327743530273,
      -9.636302947998047,
      -9.636256217956543,
      -9.636241912841797,
      -9.636252403259277,
      -9.636258125305176,
      -9.63621711730957
    ]
  ],
  "digital_baseline": -9.636279678344726,
  "mean": [
    -9.636247730255127,
    -9.636265754699707,
    -9.636277866363525,
    -9.636255264282227,
    -9.636278820037841,
    -9.636276912689208,
    -9.636261463165283,
    -9.63627576828003,
    -9.636246490478516
  ],
  "std": [
    5.595468180506692e-05,
    7.609341015730054e-05,
    4.290697228045553e-05,
    4.8840789344665965e-05,
    5.275129462384282e-05,
    5.017278675252282e-05,
    8.205950492003651e-05,
    5.06548312343144e-05,
    5.251932169924576e-05
  ],
  "normalized_mean": [
    1.0000033153966745,
    1.0000014449191477,
    1.0000001880374234,
    1.0000025335568616,
    1.0000000890703584,
    1.0000002870044882,
    1.0000018902709398,
    1.000000405764966,
    1.0000034440538588
  ],
  "normalized_std": [
    5.806668514490288e-06,
    7.896554759437151e-06,
    4.452649125250989e-06,
    5.068427959228307e-06,
    5.474238646517178e-06,
    5.2066553096496735e-06,
    8.515683195086788e-06,
    5.256679229448811e-06,
    5.450165774792795e-06
  ],
  "degradation_threshold_10pct": 0.15
}