{
  "sigma_values": [
    2.0,
    4.0,
    6.0,
    8.0,
    10.0,
    12.0,
    16.0
  ],
  "metric_name": "quality_vs_adc_bits_sigma0.050",
  "per_trial": [
    [
      -7.094747543334961,
      -7.146222114562988,
      -7.125483512878418,
      -7.134131908416748,
      -7.153328895568848,
      -7.146968841552734,
      -6.990741729736328,
      -6.906278610229492,
      -7.141445636749268,
      -7.109508037567139,
      -7.075796127319336,
      -7.141612529754639,
      -7.089399337768555,
      -7.083157062530518,
      -7.027287006378174,
      -7.098448276519775,
      -7.107548713684082,
      -7.138667106628418,
      -7.039109230041504,
      -7.193100452423096,
      -7.179891109466553,
      -7.1360344886779785,
      -7.034008026123047,
      -7.196230888366699,
      -6.958337306976318
    ],
    [
      -7.402840614318848,
      -7.445422172546387,
      -7.382026195526123,
      -7.369357585906982,
      -7.545121192932129,
      -7.539251804351807,
      -7.393820762634277,
      -7.32238245010376,
      -7.488205432891846,
      -7.491362571716309,
      -7.3739728927612305,
      -7.402944564819336,
      -7.464341163635254,
      -7.378373146057129,
      -7.405170440673828,
      -7.294846534729004,
      -7.415630340576172,
      -7.3937859535217285,
      -7.470452785491943,
      -7.357574939727783,
      -7.506248950958252,
      -7.389388084411621,
      -7.455621719360352,
      -7.579417705535889,
      -7.47200345993042
    ],
    [
      -7.481991767883301,
      -7.491429805755615,
      -7.574858665466309,
      -7.52195930480957,
      -7.567508220672607,
      -7.524275779724121,
      -7.446323871612549,
      -7.498045921325684,
      -7.6017374992370605,
      -7.546835422515869,
      -7.429830551147461,
      -7.557018280029297,
      -7.5615692138671875,
      -7.469964981079102,
      -7.528857231140137,
      -7.439090728759766,
      -7.378057479858398,
      -7.513740539550781,
      -7.482945442199707,
      -7.589783668518066,
      -7.368287563323975,
      -7.4664626121521,
      -7.632575035095215,
      -7.376099586486816,
      -7.409059524536133
    ],
    [
      -7.524031639099121,
      -7.601895332336426,
      -7.4303789138793945,
      -7.522636413574219,
      -7.604354381561279,
      -7.551627159118652,
      -7.473445415496826,
      -7.508874416351318,
      -7.613016605377197,
      -7.479976654052734,
      -7.51827335357666,
      -7.500041961669922,
      -7.596175670623779,
      -7.373958587646484,
      -7.56685209274292,
      -7.61822509765625,
      -7.493815898895264,
      -7.591424465179443,
      -7.456099510192871,
      -7.361113548278809,
      -7.5241475105285645,
      -7.403339385986328,
      -7.569377899169922,
      -7.478412628173828,
      -7.519505023956299
    ],
    [
      -7.575362682342529,
      -7.41342306137085,
      -7.483304500579834,
      -7.477530002593994,
      -7.443359851837158,
      -7.539420127868652,
      -7.457359313964844,
      -7.504269599914551,
      -7.516755104064941,
      -7.576563835144043,
      -7.544125556945801,
      -7.475782871246338,
      -7.522704601287842,
      -7.59623908996582,
      -7.582303524017334,
      -7.435508728027344,
      -7.528273582458496,
      -7.455852508544922,
      -7.578882694244385,
      -7.528727054595947,
      -7.5290679931640625,
      -7.461791038513184,
      -7.455540657043457,
      -7.520603656768799,
      -7.415544033050537
    ],
    [
      -7.518828868865967,
      -7.588255405426025,
      -7.519755840301514,
      -7.549710750579834,
      -7.4959187507629395,
      -7.441662788391113,
      -7.497365951538086,
      -7.52155876159668,
      -7.472131252288818,
      -7.429047584533691,
      -7.619755268096924,
      -7.4805192947387695,
      -7.480541706085205,
      -7.468031406402588,
      -7.522422790527344,
      -7.421576976776123,
      -7.500343322753906,
      -7.520604133605957,
      -7.584336280822754,
      -7.607773780822754,
      -7.516702651977539,
      -7.554908275604248,
      -7.588129043579102,
      -7.541773796081543,
      -7.449151039123535
    ],
    [
      -7.47597074508667,
      -7.511659145355225,
      -7.508825778961182,
      -7.414390563964844,
      -7.552173137664795,
      -7.480782985687256,
      -7.388986110687256,
      -7.611733436584473,
      -7.5283732414245605,
      -7.499212741851807,
      -7.5352301597595215,
      -7.586162567138672,
      -7.503482341766357,
      -7.611540794372559,
      -7.486376762390137,
      -7.626171588897705,
      -7.561424732208252,
      -7.414527893066406,
      -7.442715644836426,
      -7.420550346374512,
      -7.436254978179932,
      -7.44710111618042,
      -7.558053970336914,
      -7.486031532287598,
      -7.643831253051758
    ]
  ],
  "digital_baseline": -7.108416728973388,
  "mean": [
    -7.097899379730225,
    -7.429582538604737,
    -7.498332347869873,
    -7.515239982604981,
    -7.504731826782226,
    -7.515632228851318,
    -7.50926254272461
  ],
  "std": [
    0.07028143082949184,
    0.06910592375210195,
    0.07140913637232064,
    0.07131396488262906,
    0.05329885076123946,
    0.053634494563671746,
    0.07033946902415945
  ],
  "normalized_mean": [
    1.0014795628399635,
    0.9548189390300796,
    0.9451473325547703,
    0.942768795198316,
    0.9442470647235007,
    0.9427136146621583,
    0.943609691294912
  ],
  "normalized_std": [
    0.009887072397293459,
    0.00972170405688671,
    0.010045716098953824,
    0.010032327535322814,
    0.007497991858580439,
    0.007545209659003454,
    0.009895237112008489
  ],
  "degradation_threshold_10pct": 16.0
}