{
  "sigma_values": [
    0.0,
    0.01,
    0.02,
    0.03,
    0.05,
    0.07,
    0.1,
    0.12,
    0.15
  ],
  "metric_name": "quality_thermal_only",
  "per_trial": [
    [
      -9.635221481323242,
      -9.63520336151123,
      -9.635224342346191,
      -9.635178565979004,
      -9.635232925415039,
      -9.635242462158203,
      -9.635232925415039,
      -9.635296821594238,
      -9.635251998901367,
      -9.63530158996582
    ],
    [
      -9.635176658630371,
      -9.63524055480957,
      -9.635285377502441,
      -9.635239601135254,
      -9.635278701782227,
      -9.635119438171387,
      -9.635271072387695,
      -9.635248184204102,
      -9.635276794433594,
      -9.635229110717773
    ],
    [
      -9.635175704956055,
      -9.635313034057617,
      -9.635273933410645,
      -9.635234832763672,
      -9.635292053222656,
      -9.635347366333008,
      -9.635183334350586,
      -9.635169982910156,
      -9.635201454162598,
      -9.635130882263184
    ],
    [
      -9.63520622253418,
      -9.635351181030273,
      -9.635178565979004,
      -9.63525104522705,
      -9.635245323181152,
      -9.635232925415039,
      -9.635231018066406,
      -9.635228157043457,
      -9.63527774810791,
      -9.635125160217285
    ],
    [
      -9.635176658630371,
      -9.63523006439209,
      -9.63525390625,
      -9.635151863098145,
      -9.635297775268555,
      -9.635223388671875,
      -9.635235786437988,
      -9.635321617126465,
      -9.635241508483887,
      -9.635246276855469
    ],
    [
      -9.63518238067627,
      -9.635202407836914,
      -9.635251998901367,
      -9.635221481323242,
      -9.63517951965332,
      -9.635215759277344,
      -9.63525104522705,
      -9.635189056396484,
      -9.635318756103516,
      -9.635229110717773
    ],
    [
      -9.635306358337402,
      -9.635262489318848,
      -9.635198593139648,
      -9.635208129882812,
      -9.635279655456543,
      -9.635310173034668,
      -9.6351900100708,
      -9.63521671295166,
      -9.635207176208496,
      -9.635190963745117
    ],
    [
      -9.63521957397461,
      -9.6351957321167,
      -9.6351957321167,
      -9.635239601135254,
      -9.635185241699219,
      -9.635194778442383,
      -9.635204315185547,
      -9.635190963745117,
      -9.635236740112305,
      -9.635210037231445
    ],
    [
      -9.635294914245605,
      -9.635209083557129,
      -9.635160446166992,
      -9.635270118713379,
      -9.635099411010742,
      -9.635282516479492,
      -9.635332107543945,
      -9.635099411010742,
      -9.635235786437988,
      -9.635294914245605
    ]
  ],
  "digital_baseline": -9.635235214233399,
  "mean": [
    -9.635238647460938,
    -9.635236549377442,
    -9.635232257843018,
    -9.635232734680176,
    -9.635237884521484,
    -9.635224151611329,
    -9.6352370262146,
    -9.635207271575927,
    -9.635227870941161
  ],
  "std": [
    3.5997889536555724e-05,
    4.9487886933532236e-05,
    6.766794751204593e-05,
    5.63762698750778e-05,
    4.7288785065078645e-05,
    3.9990237606313946e-05,
    4.535531073002396e-05,
    1.8041592469000993e-05,
    7.911480033816877e-05
  ],
  "normalized_mean": [
    0.9999996436799453,
    0.9999998614310898,
    1.0000003068311583,
    1.0000002573422617,
    0.9999997228621798,
    1.0000011481423987,
    0.9999998119421933,
    1.0000029000493347,
    1.0000007621290061
  ],
  "normalized_std": [
    3.7360675412862556e-06,
    5.136136880231793e-06,
    7.022967888950467e-06,
    5.851052789224848e-06,
    4.907901469309491e-06,
    4.150416333089556e-06,
    4.707234408042683e-06,
    1.87245999374769e-06,
    8.210987960241853e-06
  ],
  "degradation_threshold_10pct": 0.15
}