{
  "sigma_values": [
    0.0,
    0.01,
    0.02,
    0.03,
    0.05,
    0.07,
    0.1,
    0.12,
    0.15
  ],
  "metric_name": "quality_thermal_only",
  "per_trial": [
    [
      -7.517158508300781,
      -7.517228126525879,
      -7.517140865325928,
      -7.517220973968506,
      -7.517084121704102,
      -7.517241954803467,
      -7.517199993133545,
      -7.5171685218811035,
      -7.517141819000244,
      -7.517164707183838
    ],
    [
      -7.517173767089844,
      -7.517156600952148,
      -7.5172014236450195,
      -7.5172553062438965,
      -7.517163276672363,
      -7.517170429229736,
      -7.517159461975098,
      -7.517161846160889,
      -7.517192363739014,
      -7.517223834991455
    ],
    [
      -7.51721715927124,
      -7.517212390899658,
      -7.5172014236450195,
      -7.517237663269043,
      -7.517163276672363,
      -7.517210006713867,
      -7.5171918869018555,
      -7.517152786254883,
      -7.517135143280029,
      -7.517211437225342
    ],
    [
      -7.517155647277832,
      -7.517164707183838,
      -7.517149925231934,
      -7.517131328582764,
      -7.5171308517456055,
      -7.517147541046143,
      -7.517202377319336,
      -7.517245292663574,
      -7.517178535461426,
      -7.517186164855957
    ],
    [
      -7.517156600952148,
      -7.517180919647217,
      -7.517157554626465,
      -7.517231464385986,
      -7.51719856262207,
      -7.517152786254883,
      -7.517161846160889,
      -7.517197132110596,
      -7.51719856262207,
      -7.517153739929199
    ],
    [
      -7.517194747924805,
      -7.517246723175049,
      -7.517208099365234,
      -7.517153739929199,
      -7.517190933227539,
      -7.517147064208984,
      -7.517186164855957,
      -7.5172505378723145,
      -7.517169952392578,
      -7.517203330993652
    ],
    [
      -7.51712703704834,
      -7.517122268676758,
      -7.517210960388184,
      -7.517221927642822,
      -7.517179012298584,
      -7.517208576202393,
      -7.517207622528076,
      -7.517162322998047,
      -7.517162322998047,
      -7.5172295570373535
    ],
    [
      -7.517158508300781,
      -7.517219543457031,
      -7.517163276672363,
      -7.517214298248291,
      -7.517114639282227,
      -7.517165184020996,
      -7.517172336578369,
      -7.51715612411499,
      -7.517089366912842,
      -7.517196178436279
    ],
    [
      -7.517159461975098,
      -7.517092227935791,
      -7.5172038078308105,
      -7.517155647277832,
      -7.517160415649414,
      -7.51716947555542,
      -7.517126560211182,
      -7.517228126525879,
      -7.517101764678955,
      -7.517171382904053
    ]
  ],
  "digital_baseline": -7.517205715179443,
  "mean": [
    -7.517174959182739,
    -7.517185831069947,
    -7.51719331741333,
    -7.517169237136841,
    -7.517178916931153,
    -7.517195129394532,
    -7.51718316078186,
    -7.517164945602417,
    -7.517156887054443
  ],
  "std": [
    4.5813232716816205e-05,
    3.094085320127645e-05,
    3.082670172346442e-05,
    3.348894273398266e-05,
    2.536020669102893e-05,
    3.2745765504004714e-05,
    3.662782969713058e-05,
    3.848595802700089e-05,
    3.975529540769284e-05
  ],
  "normalized_mean": [
    1.0000040914134678,
    1.0000026451463815,
    1.0000016492519406,
    1.0000048526066712,
    1.0000035649215022,
    1.0000014082074262,
    1.0000030003698765,
    1.0000054235015738,
    1.0000064955153352
  ],
  "normalized_std": [
    6.094449779963564e-06,
    4.1160045864912e-06,
    4.100819226114334e-06,
    4.454972233413628e-06,
    3.3736214827564495e-06,
    4.356108738368222e-06,
    4.872532571932713e-06,
    5.119715953666993e-06,
    5.288573562303242e-06
  ],
  "degradation_threshold_10pct": 0.15
}