{
  "sigma_values": [
    0.0,
    0.01,
    0.02,
    0.03,
    0.05,
    0.07,
    0.1,
    0.12,
    0.15
  ],
  "metric_name": "quality_mismatch_only",
  "per_trial": [
    [
      -7.073460578918457,
      -7.062650203704834,
      -7.128368377685547,
      -7.1600775718688965,
      -7.04711389541626,
      -7.130963325500488,
      -7.129823207855225,
      -7.067713737487793,
      -7.039929389953613,
      -7.135751724243164
    ],
    [
      -7.031119346618652,
      -7.11209774017334,
      -7.164032936096191,
      -7.107621669769287,
      -7.0930304527282715,
      -7.075088977813721,
      -7.092240810394287,
      -7.066617012023926,
      -7.067026138305664,
      -7.0190863609313965
    ],
    [
      -7.010979652404785,
      -7.1489996910095215,
      -7.052932262420654,
      -7.125113487243652,
      -7.123547077178955,
      -7.040556907653809,
      -7.027743816375732,
      -7.06096887588501,
      -7.066415786743164,
      -7.1768059730529785
    ],
    [
      -7.011872291564941,
      -7.17152214050293,
      -6.87024450302124,
      -6.941576957702637,
      -7.179853916168213,
      -7.226714611053467,
      -7.216338634490967,
      -7.15885066986084,
      -6.897273540496826,
      -7.1452436447143555
    ],
    [
      -7.110270977020264,
      -7.216732978820801,
      -7.06381893157959,
      -7.283860683441162,
      -7.314431190490723,
      -6.932327747344971,
      -7.084436416625977,
      -6.975710868835449,
      -7.278216361999512,
      -7.163019180297852
    ],
    [
      -7.480714321136475,
      -6.855271816253662,
      -7.3301215171813965,
      -6.781299591064453,
      -6.764072418212891,
      -6.9142842292785645,
      -6.98722505569458,
      -7.0948591232299805,
      -7.247197151184082,
      -6.9075188636779785
    ],
    [
      -7.22456169128418,
      -7.25926399230957,
      -7.299998760223389,
      -7.139433860778809,
      -7.06485652923584,
      -6.546268463134766,
      -7.500932216644287,
      -7.420122146606445,
      -6.943449020385742,
      -6.782250881195068
    ],
    [
      -7.176794052124023,
      -6.9218363761901855,
      -7.421443462371826,
      -7.139570236206055,
      -7.099094867706299,
      -7.675138473510742,
      -7.241069316864014,
      -6.8956475257873535,
      -7.312737941741943,
      -7.247412204742432
    ],
    [
      -7.039771556854248,
      -6.810030460357666,
      -7.287539482116699,
      -6.951482772827148,
      -7.303501605987549,
      -6.777405261993408,
      -6.683403968811035,
      -6.9011712074279785,
      -7.394840717315674,
      -6.885742664337158
    ]
  ],
  "digital_baseline": -7.089208316802979,
  "mean": [
    -7.097585201263428,
    -7.0827961444854735,
    -7.0834063529968265,
    -7.081949090957641,
    -7.14228253364563,
    -7.036256408691406,
    -7.11811375617981,
    -7.213074445724487,
    -7.003488969802857
  ],
  "std": [
    0.041266539902205836,
    0.039455715814713986,
    0.05317663737806853,
    0.13041676644363795,
    0.12509396356914967,
    0.231846281136477,
    0.27851486626149013,
    0.21773983614495795,
    0.2330658917487455
  ],
  "normalized_mean": [
    0.9988183610798128,
    1.0009044976577013,
    1.0008184219657363,
    1.0010239825832359,
    0.9925133788610988,
    1.007469368333565,
    0.9959226139104533,
    0.9825275089423006,
    1.0120915260448686
  ],
  "normalized_std": [
    0.005821036434265175,
    0.005565602540017802,
    0.007501068525808197,
    0.01839652054440573,
    0.01764568876790509,
    0.03270411458878285,
    0.03928716068356305,
    0.03071426687079667,
    0.03287615222088033
  ],
  "degradation_threshold_10pct": 0.15
}