{
  "sigma_values": [
    0.0,
    0.01,
    0.02,
    0.03,
    0.05,
    0.07,
    0.1,
    0.12,
    0.15
  ],
  "metric_name": "quality_quantization_only",
  "per_trial": [
    [
      -9.644343376159668,
      -9.644430160522461,
      -9.644420623779297,
      -9.644366264343262,
      -9.644424438476562,
      -9.644454002380371,
      -9.644455909729004,
      -9.644416809082031,
      -9.644418716430664,
      -9.644346237182617
    ],
    [
      -9.644331932067871,
      -9.644447326660156,
      -9.644426345825195,
      -9.644486427307129,
      -9.644402503967285,
      -9.644353866577148,
      -9.644461631774902,
      -9.644454002380371,
      -9.64444351196289,
      -9.644463539123535
    ],
    [
      -9.644323348999023,
      -9.64451789855957,
      -9.644416809082031,
      -9.644444465637207,
      -9.644487380981445,
      -9.644365310668945,
      -9.644402503967285,
      -9.644338607788086,
      -9.644394874572754,
      -9.644383430480957
    ],
    [
      -9.644474983215332,
      -9.644428253173828,
      -9.644469261169434,
      -9.644469261169434,
      -9.644486427307129,
      -9.644479751586914,
      -9.644484519958496,
      -9.644400596618652,
      -9.644418716430664,
      -9.644424438476562
    ],
    [
      -9.64436149597168,
      -9.644359588623047,
      -9.644359588623047,
      -9.64431381225586,
      -9.64434814453125,
      -9.644354820251465,
      -9.644431114196777,
      -9.644488334655762,
      -9.644445419311523,
      -9.644433975219727
    ],
    [
      -9.64440631866455,
      -9.644367218017578,
      -9.644376754760742,
      -9.644396781921387,
      -9.644390106201172,
      -9.644362449645996,
      -9.644433975219727,
      -9.644387245178223,
      -9.64443588256836,
      -9.644377708435059
    ],
    [
      -9.644399642944336,
      -9.644389152526855,
      -9.644383430480957,
      -9.644463539123535,
      -9.64441967010498,
      -9.64447021484375,
      -9.644500732421875,
      -9.644412994384766,
      -9.6444673538208,
      -9.644444465637207
    ],
    [
      -9.644303321838379,
      -9.644400596618652,
      -9.644474983215332,
      -9.64434814453125,
      -9.64449405670166,
      -9.644477844238281,
      -9.644506454467773,
      -9.644433975219727,
      -9.644424438476562,
      -9.644352912902832
    ],
    [
      -9.64437484741211,
      -9.644563674926758,
      -9.64443588256836,
      -9.644391059875488,
      -9.644477844238281,
      -9.644405364990234,
      -9.644474983215332,
      -9.644442558288574,
      -9.644464492797852,
      -9.644493103027344
    ]
  ],
  "digital_baseline": -9.628515243530273,
  "mean": [
    -9.644407653808594,
    -9.64442710876465,
    -9.64440746307373,
    -9.644453620910644,
    -9.644389629364014,
    -9.64439344406128,
    -9.644435119628906,
    -9.644421672821045,
    -9.644452381134034
  ],
  "std": [
    3.905922160696473e-05,
    4.7400203918039965e-05,
    5.8645620334654445e-05,
    3.030584315999761e-05,
    5.2744742567559486e-05,
    2.4176161194332988e-05,
    3.7739002678771666e-05,
    6.570317729773946e-05,
    5.2632196017333374e-05
  ],
  "normalized_mean": [
    0.9983494433070561,
    0.9983474227508683,
    0.9983494631164307,
    0.9983446692478282,
    0.9983513152929361,
    0.9983509191054483,
    0.998346590757144,
    0.9983479873180385,
    0.9983447980087616
  ],
  "normalized_std": [
    4.056619387211331e-06,
    4.922898569422713e-06,
    6.090826970862453e-06,
    3.147509495855151e-06,
    5.477972588037441e-06,
    2.5108919270370137e-06,
    3.919503861629111e-06,
    6.823811941502367e-06,
    5.466283708975663e-06
  ],
  "degradation_threshold_10pct": 0.15
}