{
  "sigma_values": [
    2.0,
    4.0,
    6.0,
    8.0,
    10.0,
    12.0,
    16.0
  ],
  "metric_name": "quality_vs_adc_bits_sigma0.050",
  "per_trial": [
    [
      -9.651118278503418,
      -9.6510648727417,
      -9.651034355163574,
      -9.651087760925293,
      -9.651019096374512,
      -9.651105880737305,
      -9.651060104370117,
      -9.65109634399414,
      -9.651174545288086,
      -9.6510591506958,
      -9.651168823242188,
      -9.651061058044434,
      -9.651100158691406,
      -9.651050567626953,
      -9.651076316833496,
      -9.651145935058594,
      -9.6510648727417,
      -9.651084899902344,
      -9.65113639831543,
      -9.651066780090332,
      -9.65113353729248,
      -9.651041030883789,
      -9.651129722595215,
      -9.651164054870605,
      -9.65106201171875
    ],
    [
      -9.638181686401367,
      -9.638436317443848,
      -9.63835620880127,
      -9.638449668884277,
      -9.638291358947754,
      -9.638336181640625,
      -9.638378143310547,
      -9.638343811035156,
      -9.638236999511719,
      -9.638350486755371,
      -9.638535499572754,
      -9.63835334777832,
      -9.638344764709473,
      -9.638277053833008,
      -9.638248443603516,
      -9.638340950012207,
      -9.638399124145508,
      -9.638352394104004,
      -9.638371467590332,
      -9.638435363769531,
      -9.638278007507324,
      -9.638249397277832,
      -9.638311386108398,
      -9.63824462890625,
      -9.638360977172852
    ],
    [
      -9.6373872756958,
      -9.637391090393066,
      -9.637578964233398,
      -9.637447357177734,
      -9.637347221374512,
      -9.637327194213867,
      -9.637496948242188,
      -9.637309074401855,
      -9.637413024902344,
      -9.637359619140625,
      -9.637373924255371,
      -9.6373929977417,
      -9.637480735778809,
      -9.637377738952637,
      -9.637445449829102,
      -9.637543678283691,
      -9.637394905090332,
      -9.637368202209473,
      -9.637465476989746,
      -9.637385368347168,
      -9.63736343383789,
      -9.637389183044434,
      -9.637447357177734,
      -9.637346267700195,
      -9.637491226196289
    ],
    [
      -9.637839317321777,
      -9.637781143188477,
      -9.637617111206055,
      -9.637822151184082,
      -9.637659072875977,
      -9.637849807739258,
      -9.63767147064209,
      -9.63781452178955,
      -9.63765811920166,
      -9.6377592086792,
      -9.637691497802734,
      -9.637683868408203,
      -9.637638092041016,
      -9.637653350830078,
      -9.637625694274902,
      -9.637683868408203,
      -9.637666702270508,
      -9.637602806091309,
      -9.637714385986328,
      -9.637687683105469,
      -9.637808799743652,
      -9.63779067993164,
      -9.63769245147705,
      -9.637707710266113,
      -9.637616157531738
    ],
    [
      -9.637762069702148,
      -9.637775421142578,
      -9.637728691101074,
      -9.637828826904297,
      -9.637812614440918,
      -9.637635231018066,
      -9.637746810913086,
      -9.637723922729492,
      -9.637717247009277,
      -9.637693405151367,
      -9.637884140014648,
      -9.637787818908691,
      -9.637689590454102,
      -9.63785457611084,
      -9.637730598449707,
      -9.637835502624512,
      -9.63774299621582,
      -9.637643814086914,
      -9.637773513793945,
      -9.637718200683594,
      -9.637754440307617,
      -9.637720108032227,
      -9.637701034545898,
      -9.637816429138184,
      -9.63769817352295
    ],
    [
      -9.637754440307617,
      -9.637744903564453,
      -9.637727737426758,
      -9.637707710266113,
      -9.63775634765625,
      -9.637703895568848,
      -9.637825012207031,
      -9.637654304504395,
      -9.637762069702148,
      -9.637810707092285,
      -9.63759994506836,
      -9.637728691101074,
      -9.637731552124023,
      -9.637773513793945,
      -9.637784004211426,
      -9.637743949890137,
      -9.63774299621582,
      -9.637819290161133,
      -9.637726783752441,
      -9.637659072875977,
      -9.63771915435791,
      -9.637594223022461,
      -9.637748718261719,
      -9.637801170349121,
      -9.637748718261719
    ],
    [
      -9.637840270996094,
      -9.63775634765625,
      -9.637791633605957,
      -9.637773513793945,
      -9.637869834899902,
      -9.637836456298828,
      -9.637713432312012,
      -9.637768745422363,
      -9.637823104858398,
      -9.637787818908691,
      -9.637665748596191,
      -9.637754440307617,
      -9.637676239013672,
      -9.6376371383667,
      -9.637834548950195,
      -9.637801170349121,
      -9.637736320495605,
      -9.637711524963379,
      -9.637770652770996,
      -9.637700080871582,
      -9.637625694274902,
      -9.637680053710938,
      -9.63766860961914,
      -9.63770580291748,
      -9.637832641601562
    ]
  ],
  "digital_baseline": -9.635224456787109,
  "mean": [
    -9.651092262268067,
    -9.63833854675293,
    -9.637412948608398,
    -9.637709426879884,
    -9.637751007080078,
    -9.637734756469726,
    -9.63775047302246
  ],
  "std": [
    4.300258669689896e-05,
    7.695536961162264e-05,
    6.596058333419417e-05,
    7.459562228559529e-05,
    6.147760716462199e-05,
    5.791552234927543e-05,
    6.816719920338431e-05
  ],
  "normalized_mean": [
    0.9983531462549603,
    0.9996768015130537,
    0.9997728655070668,
    0.9997420952564292,
    0.999737779819837,
    0.9997394664033126,
    0.999737835247463
  ],
  "normalized_std": [
    4.463060190217747e-06,
    7.986878765176542e-06,
    6.845775480376188e-06,
    7.74197037340938e-06,
    6.38050596956429e-06,
    6.010811954513358e-06,
    7.074790993101041e-06
  ],
  "degradation_threshold_10pct": 16.0
}