{
  "sigma_values": [
    0.0,
    0.01,
    0.02,
    0.03,
    0.05,
    0.07,
    0.1,
    0.12,
    0.15
  ],
  "metric_name": "quality",
  "per_trial": [
    [
      -6.1676859855651855,
      -6.167693138122559,
      -6.167648792266846,
      -6.167652130126953,
      -6.167637348175049,
      -6.167774677276611,
      -6.167629241943359,
      -6.167593955993652,
      -6.167757987976074,
      -6.167619228363037,
      -6.167723655700684,
      -6.167582988739014,
      -6.167614936828613,
      -6.167669296264648,
      -6.16762638092041,
      -6.167731761932373,
      -6.167624473571777,
      -6.1676530838012695,
      -6.1677374839782715,
      -6.167776107788086,
      -6.1675286293029785,
      -6.1676106452941895,
      -6.167577266693115,
      -6.167608737945557,
      -6.1677141189575195,
      -6.167766094207764,
      -6.16767692565918,
      -6.167758941650391,
      -6.167625427246094,
      -6.167805194854736,
      -6.167824745178223,
      -6.167694568634033,
      -6.167628765106201,
      -6.167541027069092,
      -6.16777229309082,
      -6.167603969573975,
      -6.167703628540039,
      -6.167651653289795,
      -6.167617321014404,
      -6.16761589050293,
      -6.167820453643799,
      -6.167720317840576,
      -6.1676201820373535,
      -6.1675519943237305,
      -6.16763973236084,
      -6.167684078216553,
      -6.167657375335693,
      -6.167702674865723,
      -6.16754150390625,
      -6.167705535888672
    ],
    [
      -6.170942306518555,
      -6.1690850257873535,
      -6.1711859703063965,
      -6.16542911529541,
      -6.1698479652404785,
      -6.168209075927734,
      -6.165853977203369,
      -6.168060302734375,
      -6.166288375854492,
      -6.169830799102783,
      -6.1660919189453125,
      -6.171744346618652,
      -6.168486595153809,
      -6.167048454284668,
      -6.166560649871826,
      -6.169685363769531,
      -6.164783954620361,
      -6.167088985443115,
      -6.1671013832092285,
      -6.173023700714111,
      -6.1694183349609375,
      -6.1700568199157715,
      -6.168277263641357,
      -6.167487144470215,
      -6.171528339385986,
      -6.170106887817383,
      -6.168422222137451,
      -6.168837070465088,
      -6.167248249053955,
      -6.167328834533691,
      -6.171195030212402,
      -6.167078971862793,
      -6.164682388305664,
      -6.170026779174805,
      -6.171365261077881,
      -6.172465801239014,
      -6.168351650238037,
      -6.1690354347229,
      -6.1689982414245605,
      -6.166904449462891,
      -6.167337894439697,
      -6.164876461029053,
      -6.168041229248047,
      -6.1675705909729,
      -6.170759201049805,
      -6.168201446533203,
      -6.167774677276611,
      -6.1666693687438965,
      -6.169735431671143,
      -6.1690754890441895
    ],
    [
      -6.171398639678955,
      -6.171773910522461,
      -6.172177791595459,
      -6.16735315322876,
      -6.167031764984131,
      -6.173808574676514,
      -6.167783260345459,
      -6.172825813293457,
      -6.171110153198242,
      -6.171804428100586,
      -6.171310901641846,
      -6.165180683135986,
      -6.168254375457764,
      -6.167871952056885,
      -6.164981842041016,
      -6.168723106384277,
      -6.167632102966309,
      -6.168286323547363,
      -6.168839454650879,
      -6.163558006286621,
      -6.174382209777832,
      -6.170164585113525,
      -6.1607794761657715,
      -6.169517993927002,
      -6.166362762451172,
      -6.16749382019043,
      -6.164919376373291,
      -6.173833847045898,
      -6.171806812286377,
      -6.1663641929626465,
      -6.177700519561768,
      -6.161580562591553,
      -6.174376964569092,
      -6.171917915344238,
      -6.171216011047363,
      -6.164212226867676,
      -6.173104763031006,
      -6.174386501312256,
      -6.165935039520264,
      -6.168541431427002,
      -6.1728410720825195,
      -6.166855812072754,
      -6.163850784301758,
      -6.165753364562988,
      -6.173036575317383,
      -6.170241355895996,
      -6.175220489501953,
      -6.166191101074219,
      -6.175323486328125,
      -6.168826580047607
    ],
    [
      -6.167522430419922,
      -6.170321464538574,
      -6.176060199737549,
      -6.176538467407227,
      -6.169647216796875,
      -6.163751125335693,
      -6.173679351806641,
      -6.15592622756958,
      -6.164876937866211,
      -6.15910005569458,
      -6.1700615882873535,
      -6.171209335327148,
      -6.170393943786621,
      -6.172877311706543,
      -6.174166202545166,
      -6.167357921600342,
      -6.178894996643066,
      -6.165815353393555,
      -6.170313358306885,
      -6.171707630157471,
      -6.176649570465088,
      -6.162342548370361,
      -6.1678314208984375,
      -6.165648937225342,
      -6.167688846588135,
      -6.1792755126953125,
      -6.185009002685547,
      -6.170564651489258,
      -6.164225101470947,
      -6.168660640716553,
      -6.176026344299316,
      -6.159293174743652,
      -6.169183254241943,
      -6.168766498565674,
      -6.167507648468018,
      -6.178957939147949,
      -6.171336650848389,
      -6.165998458862305,
      -6.168073654174805,
      -6.176669120788574,
      -6.168612480163574,
      -6.185384273529053,
      -6.16954231262207,
      -6.167199611663818,
      -6.183955192565918,
      -6.172967910766602,
      -6.170022964477539,
      -6.168823719024658,
      -6.170182228088379,
      -6.175243377685547
    ],
    [
      -6.170566082000732,
      -6.163583278656006,
      -6.172929763793945,
      -6.170034408569336,
      -6.172750473022461,
      -6.178598403930664,
      -6.194831848144531,
      -6.162435054779053,
      -6.194906234741211,
      -6.172138214111328,
      -6.172601699829102,
      -6.1800665855407715,
      -6.186339378356934,
      -6.166159629821777,
      -6.167611598968506,
      -6.1639509201049805,
      -6.184513092041016,
      -6.178769588470459,
      -6.171900272369385,
      -6.162248134613037,
      -6.171169281005859,
      -6.189723491668701,
      -6.188196659088135,
      -6.174635887145996,
      -6.171134948730469,
      -6.169734001159668,
      -6.151689529418945,
      -6.155123233795166,
      -6.157689094543457,
      -6.187307357788086,
      -6.168820381164551,
      -6.166159152984619,
      -6.161555767059326,
      -6.169083118438721,
      -6.179199695587158,
      -6.1837158203125,
      -6.1797356605529785,
      -6.20005989074707,
      -6.17741060256958,
      -6.196688652038574,
      -6.196444511413574,
      -6.157407283782959,
      -6.175523281097412,
      -6.179820537567139,
      -6.197333812713623,
      -6.163476467132568,
      -6.167779445648193,
      -6.1665873527526855,
      -6.179823398590088,
      -6.170791149139404
    ],
    [
      -6.180498123168945,
      -6.181262969970703,
      -6.160706996917725,
      -6.1499924659729,
      -6.1557297706604,
      -6.176964282989502,
      -6.191697597503662,
      -6.171504974365234,
      -6.1591596603393555,
      -6.1820831298828125,
      -6.167062759399414,
      -6.183741569519043,
      -6.183479309082031,
      -6.193422317504883,
      -6.194273948669434,
      -6.179656028747559,
      -6.177196502685547,
      -6.182586193084717,
      -6.179389953613281,
      -6.177971839904785,
      -6.194153308868408,
      -6.18483304977417,
      -6.157317161560059,
      -6.164868354797363,
      -6.181839942932129,
      -6.1862688064575195,
      -6.1599602699279785,
      -6.171881198883057,
      -6.187134265899658,
      -6.1589884757995605,
      -6.1832475662231445,
      -6.1912407875061035,
      -6.17188024520874,
      -6.1718316078186035,
      -6.184103965759277,
      -6.175885200500488,
      -6.185345649719238,
      -6.187428951263428,
      -6.188943862915039,
      -6.185522556304932,
      -6.190744400024414,
      -6.176447868347168,
      -6.215642929077148,
      -6.199342250823975,
      -6.191498279571533,
      -6.1772685050964355,
      -6.1805739402771,
      -6.196410179138184,
