{
  "sigma_values": [
    2.0,
    4.0,
    6.0,
    8.0,
    10.0,
    12.0,
    16.0
  ],
  "metric_name": "quality_vs_adc_bits_sigma0.050",
  "per_trial": [
    [
      -7.445725917816162,
      -7.406924247741699,
      -7.346340179443359,
      -7.468500137329102,
      -7.471651077270508,
      -7.386913776397705,
      -7.374448776245117,
      -7.470775604248047,
      -7.55454158782959,
      -7.440449237823486,
      -7.53922700881958,
      -7.5008225440979,
      -7.502254962921143,
      -7.534456253051758,
      -7.4905242919921875,
      -7.465553283691406,
      -7.437947750091553,
      -7.420201301574707,
      -7.527376651763916,
      -7.424068450927734,
      -7.467823505401611,
      -7.438807010650635,
      -7.506927967071533,
      -7.47383975982666,
      -7.454399585723877
    ],
    [
      -7.901538848876953,
      -7.884263038635254,
      -7.899448394775391,
      -7.86887264251709,
      -7.9775214195251465,
      -7.934689998626709,
      -7.9575676918029785,
      -7.849266052246094,
      -7.9820051193237305,
      -7.98777961730957,
      -7.9876580238342285,
      -7.937650203704834,
      -7.941717624664307,
      -7.84645414352417,
      -7.9584574699401855,
      -7.87801456451416,
      -7.907656192779541,
      -7.841254711151123,
      -7.927005290985107,
      -7.977601051330566,
      -7.894722938537598,
      -7.902888774871826,
      -7.940306186676025,
      -7.989009380340576,
      -7.915574550628662
    ],
    [
      -8.126354217529297,
      -7.969968795776367,
      -7.874548435211182,
      -8.0061674118042,
      -8.00749683380127,
      -7.996301174163818,
      -7.995417594909668,
      -8.060578346252441,
      -7.964784622192383,
      -8.054926872253418,
      -7.952388286590576,
      -7.9721198081970215,
      -7.966048240661621,
      -7.8777384757995605,
      -8.001391410827637,
      -7.8772358894348145,
      -8.054200172424316,
      -7.925620079040527,
      -7.890253067016602,
      -7.98429012298584,
      -7.908783435821533,
      -7.977231979370117,
      -7.855006217956543,
      -8.020557403564453,
      -7.9177141189575195
    ],
    [
      -7.982223033905029,
      -8.053559303283691,
      -8.055556297302246,
      -8.004711151123047,
      -8.027729034423828,
      -8.060025215148926,
      -7.928091049194336,
      -7.942006587982178,
      -8.096525192260742,
      -8.001160621643066,
      -8.008673667907715,
      -8.018975257873535,
      -8.024636268615723,
      -8.031286239624023,
      -8.09967041015625,
      -7.951467990875244,
      -8.028921127319336,
      -8.0100736618042,
      -8.030990600585938,
      -8.073333740234375,
      -7.950335502624512,
      -8.036954879760742,
      -8.033004760742188,
      -8.015868186950684,
      -7.976355075836182
    ],
    [
      -7.999177932739258,
      -8.01600456237793,
      -7.953311920166016,
      -8.079010009765625,
      -8.032732963562012,
      -7.995855808258057,
      -8.008880615234375,
      -7.990180015563965,
      -7.957386016845703,
      -8.057412147521973,
      -8.006775856018066,
      -8.02270793914795,
      -7.926796913146973,
      -7.961691856384277,
      -8.062304496765137,
      -7.970355033874512,
      -8.004460334777832,
      -7.98581075668335,
      -7.974875450134277,
      -7.903014183044434,
      -7.972758769989014,
      -8.077375411987305,
      -7.974173545837402,
      -7.968767166137695,
      -7.953834056854248
    ],
    [
      -7.984971046447754,
      -8.002971649169922,
      -7.983121871948242,
      -7.979461193084717,
      -8.058850288391113,
      -7.97284460067749,
      -8.04161548614502,
      -8.032636642456055,
      -8.015010833740234,
      -7.993866443634033,
      -7.982508182525635,
      -8.065093040466309,
      -7.949060440063477,
      -7.99521541595459,
      -8.006208419799805,
      -8.016073226928711,
      -7.989152908325195,
      -8.011602401733398,
      -8.002154350280762,
      -8.007184028625488,
      -7.937221527099609,
      -7.995718002319336,
      -7.938812732696533,
      -8.032925605773926,
      -8.018799781799316
    ],
    [
      -7.975982666015625,
      -7.958686828613281,
      -8.010228157043457,
      -8.110427856445312,
      -8.013318061828613,
      -7.998322010040283,
      -7.938809871673584,
      -7.953463077545166,
      -7.919076442718506,
      -8.03863525390625,
      -8.010005950927734,
      -7.987483978271484,
      -7.903235912322998,
      -8.025731086730957,
      -8.049883842468262,
      -8.055935859680176,
      -8.035235404968262,
      -8.024181365966797,
      -8.063680648803711,
      -8.070387840270996,
      -8.006094932556152,
      -8.04112434387207,
      -8.029502868652344,
      -7.970610618591309,
      -7.999212265014648
    ]
  ],
  "digital_baseline": -6.9559173583984375,
  "mean": [
    -7.462020034790039,
    -7.923556957244873,
    -7.969484920501709,
    -8.01768539428711,
    -7.994226150512695,
    -8.000523204803466,
    -8.007570285797119
  ],
  "std": [
    0.051074061144206456,
    0.04585782133795969,
    0.06615630723749608,
    0.04382588572619484,
    0.04341970262619279,
    0.031687465505284645,
    0.0479498325275719
  ],
  "normalized_mean": [
    0.9272414190228204,
    0.8608897218023837,
    0.8542870034418235,
    0.8473575833090204,
    0.8507301426086347,
    0.8498248624038364,
    0.8488117564926305
  ],
  "normalized_std": [
    0.007342534206870736,
    0.006592634583645802,
    0.00951079546073391,
    0.006300518460484631,
    0.006242124566613589,
    0.004555468944297595,
    0.0068933873214692834
  ],
  "degradation_threshold_10pct": 2.0
}