{
  "sigma_values": [
    2.0,
    4.0,
    6.0,
    8.0,
    10.0,
    12.0,
    16.0
  ],
  "metric_name": "quality_vs_adc_bits_sigma0.050",
  "per_trial": [
    [
      -9.651041030883789,
      -9.651121139526367,
      -9.651141166687012,
      -9.651055335998535,
      -9.651108741760254,
      -9.651068687438965,
      -9.651058197021484,
      -9.651129722595215,
      -9.651105880737305,
      -9.651098251342773,
      -9.651068687438965,
      -9.65107250213623,
      -9.651100158691406,
      -9.651168823242188,
      -9.651102066040039,
      -9.651066780090332,
      -9.651079177856445,
      -9.651195526123047,
      -9.651102066040039,
      -9.65092945098877,
      -9.651033401489258,
      -9.651182174682617,
      -9.651092529296875,
      -9.651074409484863,
      -9.651144981384277
    ],
    [
      -9.642598152160645,
      -9.642457962036133,
      -9.642419815063477,
      -9.6425199508667,
      -9.642518997192383,
      -9.642570495605469,
      -9.64248275756836,
      -9.642589569091797,
      -9.642463684082031,
      -9.64252758026123,
      -9.642585754394531,
      -9.64252758026123,
      -9.642598152160645,
      -9.642516136169434,
      -9.642535209655762,
      -9.64255142211914,
      -9.642556190490723,
      -9.642538070678711,
      -9.64259147644043,
      -9.642648696899414,
      -9.642541885375977,
      -9.6425142288208,
      -9.64258098602295,
      -9.642600059509277,
      -9.642537117004395
    ],
    [
      -9.641681671142578,
      -9.641751289367676,
      -9.641817092895508,
      -9.641789436340332,
      -9.641839981079102,
      -9.6419095993042,
      -9.641884803771973,
      -9.641812324523926,
      -9.64183521270752,
      -9.641646385192871,
      -9.641915321350098,
      -9.641770362854004,
      -9.641929626464844,
      -9.641707420349121,
      -9.641901969909668,
      -9.64190673828125,
      -9.641841888427734,
      -9.641752243041992,
      -9.641830444335938,
      -9.64175033569336,
      -9.641751289367676,
      -9.6417875289917,
      -9.641776084899902,
      -9.641802787780762,
      -9.641818046569824
    ],
    [
      -9.642143249511719,
      -9.642032623291016,
      -9.641927719116211,
      -9.641921043395996,
      -9.642178535461426,
      -9.641984939575195,
      -9.641921997070312,
      -9.64201545715332,
      -9.641989707946777,
      -9.64198112487793,
      -9.642017364501953,
      -9.642014503479004,
      -9.641880989074707,
      -9.642134666442871,
      -9.641998291015625,
      -9.642069816589355,
      -9.642029762268066,
      -9.642011642456055,
      -9.642000198364258,
      -9.642045021057129,
      -9.642001152038574,
      -9.64205265045166,
      -9.641987800598145,
      -9.642029762268066,
      -9.6420259475708
    ],
    [
      -9.642104148864746,
      -9.642007827758789,
      -9.641979217529297,
      -9.642073631286621,
      -9.64210319519043,
      -9.64211368560791,
      -9.642176628112793,
      -9.641996383666992,
      -9.642033576965332,
      -9.642094612121582,
      -9.642118453979492,
      -9.642105102539062,
      -9.64203929901123,
      -9.642051696777344,
      -9.642156600952148,
      -9.642130851745605,
      -9.642053604125977,
      -9.64220142364502,
      -9.642148971557617,
      -9.642037391662598,
      -9.642205238342285,
      -9.642101287841797,
      -9.64212703704834,
      -9.64215087890625,
      -9.642176628112793
    ],
    [
      -9.642229080200195,
      -9.641988754272461,
      -9.641990661621094,
      -9.642077445983887,
      -9.642157554626465,
      -9.642130851745605,
      -9.642147064208984,
      -9.642021179199219,
      -9.641953468322754,
      -9.642112731933594,
      -9.641992568969727,
      -9.642074584960938,
      -9.642057418823242,
      -9.642133712768555,
      -9.642016410827637,
      -9.642178535461426,
      -9.642071723937988,
      -9.642082214355469,
      -9.642217636108398,
      -9.64205551147461,
      -9.642187118530273,
      -9.641996383666992,
      -9.641947746276855,
      -9.642208099365234,
      -9.642043113708496
    ],
    [
      -9.64210033416748,
      -9.642145156860352,
      -9.642101287841797,
      -9.642130851745605,
      -9.64220142364502,
      -9.642007827758789,
      -9.64219856262207,
      -9.642141342163086,
      -9.642123222351074,
      -9.641901016235352,
      -9.6420316696167,
      -9.642115592956543,
      -9.642032623291016,
      -9.64206600189209,
      -9.642123222351074,
      -9.642021179199219,
      -9.641992568969727,
      -9.642121315002441,
      -9.64196491241455,
      -9.642186164855957,
      -9.642095565795898,
      -9.642084121704102,
      -9.642017364501953,
      -9.64199161529541,
      -9.641988754272461
    ]
  ],
  "digital_baseline": -9.641652641296387,
  "mean": [
    -9.651093635559082,
    -9.642542877197265,
    -9.641808395385743,
    -9.642015838623047,
    -9.642099494934081,
    -9.642082862854004,
    -9.642075347900391
  ],
  "std": [
    5.309606401328904e-05,
    5.094333603547663e-05,
    7.294172008432385e-05,
    6.659624586810811e-05,
    6.151506578919413e-05,
    8.24957367489081e-05,
    7.599773124336543e-05
  ],
  "normalized_mean": [
    0.9990208116166457,
    0.9999076677065647,
    0.9999838457062135,
    0.9999623303866907,
    0.999953653833599,
    0.9999553788573783,
    0.9999561582832601
  ],
  "normalized_std": [
    5.506946369948245e-06,
    5.283672616173708e-06,
    7.565271514958491e-06,
    6.907140128951356e-06,
    6.380137106964165e-06,
    8.556182204238379e-06,
    7.882230782496537e-06
  ],
  "degradation_threshold_10pct": 16.0
}