{
  "sigma_values": [
    0.0,
    0.01,
    0.02,
    0.03,
    0.05,
    0.07,
    0.1,
    0.12,
    0.15
  ],
  "metric_name": "quality_thermal_only",
  "per_trial": [
    [
      -7.5380964279174805,
      -7.538049221038818,
      -7.538095951080322,
      -7.538118362426758,
      -7.538104057312012,
      -7.538104057312012,
      -7.538087368011475,
      -7.538058757781982,
      -7.538129806518555,
      -7.538089752197266
    ],
    [
      -7.53803825378418,
      -7.538092136383057,
      -7.538051605224609,
      -7.538110256195068,
      -7.538057327270508,
      -7.538099765777588,
      -7.53810453414917,
      -7.5380353927612305,
      -7.5380940437316895,
      -7.538059234619141
    ],
    [
      -7.538095951080322,
      -7.5380706787109375,
      -7.5381245613098145,
      -7.538133144378662,
      -7.538082599639893,
      -7.538007736206055,
      -7.538105010986328,
      -7.538067817687988,
      -7.5381293296813965,
      -7.538058757781982
    ],
    [
      -7.538078308105469,
      -7.538091659545898,
      -7.538066387176514,
      -7.538083553314209,
      -7.5380120277404785,
      -7.538064002990723,
      -7.538015842437744,
      -7.538045406341553,
      -7.538131237030029,
      -7.5380706787109375
    ],
    [
      -7.5380353927612305,
      -7.538108825683594,
      -7.538073539733887,
      -7.5380539894104,
      -7.538083553314209,
      -7.5380940437316895,
      -7.538113117218018,
      -7.538028717041016,
      -7.538047790527344,
      -7.538039207458496
    ],
    [
      -7.538081645965576,
      -7.538069725036621,
      -7.5381245613098145,
      -7.538034439086914,
      -7.538147449493408,
      -7.538095951080322,
      -7.538034439086914,
      -7.538022041320801,
      -7.538053035736084,
      -7.538074493408203
    ],
    [
      -7.538078308105469,
      -7.538105010986328,
      -7.538024425506592,
      -7.538083553314209,
      -7.538025856018066,
      -7.538071155548096,
      -7.53809118270874,
      -7.53809928894043,
      -7.538096904754639,
      -7.538064002990723
    ],
    [
      -7.538080215454102,
      -7.538030624389648,
      -7.538146495819092,
      -7.538107872009277,
      -7.5380940437316895,
      -7.538158416748047,
      -7.53806209564209,
      -7.538084506988525,
      -7.538111686706543,
      -7.538052082061768
    ],
    [
      -7.538026809692383,
      -7.538136005401611,
      -7.5380473136901855,
      -7.538112640380859,
      -7.538071632385254,
      -7.538110733032227,
      -7.538088798522949,
      -7.538044452667236,
      -7.53805685043335,
      -7.538113594055176
    ]
  ],
  "digital_baseline": -7.538112163543701,
  "mean": [
    -7.538093376159668,
    -7.538074254989624,
    -7.538087558746338,
    -7.5380659103393555,
    -7.538067817687988,
    -7.538073778152466,
    -7.538073968887329,
    -7.538092803955078,
    -7.538080883026123
  ],
  "std": [
    2.3222703941687658e-05,
    2.7215039575068713e-05,
    3.669800232434023e-05,
    3.3545078920291056e-05,
    2.9483809725925256e-05,
    3.84433971486612e-05,
    2.722940587886708e-05,
    3.8036663783674605e-05,
    3.4802057256691396e-05
  ],
  "normalized_mean": [
    1.0000024923195125,
    1.0000050289188134,
    1.0000032640529657,
    1.0000061359135208,
    1.000005882886159,
    1.0000050921756538,
    1.0000050668729177,
    1.0000025682277212,
    1.0000041496487315
  ],
  "normalized_std": [
    3.0807055450831283e-06,
    3.610325633875259e-06,
    4.868327974983107e-06,
    4.4500636488965905e-06,
    3.9112988884029526e-06,
    5.099870672472029e-06,
    3.6122314563791803e-06,
    5.045913745835455e-06,
    4.616813401239017e-06
  ],
  "degradation_threshold_10pct": 0.15
}