{
  "sigma_values": [
    0.0,
    0.01,
    0.02,
    0.03,
    0.05,
    0.07,
    0.1,
    0.12,
    0.15
  ],
  "metric_name": "quality",
  "per_trial": [
    [
      -9.637453079223633,
      -9.63739013671875,
      -9.637413024902344,
      -9.637415885925293,
      -9.637492179870605,
      -9.637472152709961,
      -9.637487411499023,
      -9.637520790100098,
      -9.637486457824707,
      -9.637446403503418,
      -9.637506484985352,
      -9.637486457824707,
      -9.637527465820312,
      -9.637510299682617,
      -9.63752269744873,
      -9.637475967407227,
      -9.637408256530762,
      -9.637503623962402,
      -9.637486457824707,
      -9.637413024902344,
      -9.637471199035645,
      -9.637478828430176,
      -9.63746166229248,
      -9.637608528137207,
      -9.637482643127441,
      -9.637529373168945,
      -9.637491226196289,
      -9.637465476989746,
      -9.637476921081543,
      -9.637441635131836,
      -9.63752269744873,
      -9.637537956237793,
      -9.637507438659668,
      -9.637456893920898,
      -9.637465476989746,
      -9.637455940246582,
      -9.637517929077148,
      -9.637535095214844,
      -9.637454986572266,
      -9.637462615966797,
      -9.637508392333984,
      -9.637455940246582,
      -9.637471199035645,
      -9.637507438659668,
      -9.637459754943848,
      -9.637486457824707,
      -9.637429237365723,
      -9.637491226196289,
      -9.63749885559082,
      -9.637519836425781
    ],
    [
      -9.637605667114258,
      -9.637627601623535,
      -9.63752555847168,
      -9.637533187866211,
      -9.637517929077148,
      -9.63757038116455,
      -9.637514114379883,
      -9.637582778930664,
      -9.637482643127441,
      -9.6375732421875,
      -9.637495994567871,
      -9.637605667114258,
      -9.63751220703125,
      -9.63754940032959,
      -9.637496948242188,
      -9.637575149536133,
      -9.63752555847168,
      -9.637410163879395,
      -9.637557029724121,
      -9.637545585632324,
      -9.637545585632324,
      -9.637560844421387,
      -9.637504577636719,
      -9.637497901916504,
      -9.63757610321045,
      -9.637519836425781,
      -9.637625694274902,
      -9.637508392333984,
      -9.637446403503418,
      -9.637533187866211,
      -9.637542724609375,
      -9.637547492980957,
      -9.637582778930664,
      -9.637553215026855,
      -9.637519836425781,
      -9.637531280517578,
      -9.637469291687012,
      -9.63759994506836,
      -9.637529373168945,
      -9.637557983398438,
      -9.63748836517334,
      -9.637496948242188,
      -9.637531280517578,
      -9.637566566467285,
      -9.637447357177734,
      -9.637439727783203,
      -9.637567520141602,
      -9.637492179870605,
      -9.637575149536133,
      -9.637541770935059
    ],
    [
      -9.637572288513184,
      -9.637480735778809,
      -9.637556076049805,
      -9.637717247009277,
      -9.63760757446289,
      -9.637486457824707,
      -9.637652397155762,
      -9.637624740600586,
      -9.637511253356934,
      -9.637555122375488,
      -9.637521743774414,
      -9.637563705444336,
      -9.637572288513184,
      -9.637642860412598,
      -9.637594223022461,
      -9.63759994506836,
      -9.63758659362793,
      -9.63758373260498,
      -9.63747501373291,
      -9.637613296508789,
      -9.637642860412598,
      -9.637547492980957,
      -9.637632369995117,
      -9.637578964233398,
      -9.637521743774414,
      -9.637444496154785,
      -9.637578964233398,
      -9.637551307678223,
      -9.637517929077148,
      -9.637557983398438,
      -9.637598037719727,
      -9.637555122375488,
      -9.637592315673828,
      -9.637595176696777,
      -9.637533187866211,
      -9.637630462646484,
      -9.637625694274902,
      -9.637580871582031,
      -9.637502670288086,
      -9.637547492980957,
      -9.637572288513184,
      -9.637618064880371,
      -9.637601852416992,
      -9.637537956237793,
      -9.637650489807129,
      -9.637577056884766,
      -9.637569427490234,
      -9.637519836425781,
      -9.637627601623535,
      -9.637504577636719
    ],
    [
      -9.637601852416992,
      -9.637674331665039,
      -9.637541770935059,
      -9.637598037719727,
      -9.63758659362793,
      -9.6376371383667,
      -9.637619972229004,
      -9.637560844421387,
      -9.637582778930664,
      -9.637593269348145,
      -9.637474060058594,
      -9.637609481811523,
      -9.637594223022461,
      -9.637588500976562,
      -9.637808799743652,
      -9.637561798095703,
      -9.637663841247559,
      -9.637531280517578,
      -9.637691497802734,
      -9.637640953063965,
      -9.637539863586426,
      -9.63754653930664,
      -9.637531280517578,
      -9.637588500976562,
      -9.637480735778809,
      -9.637683868408203,
      -9.637527465820312,
      -9.637582778930664,
      -9.637529373168945,
      -9.637592315673828,
      -9.637687683105469,
      -9.63762378692627,
      -9.637635231018066,
      -9.637567520141602,
      -9.637609481811523,
      -9.637592315673828,
      -9.637608528137207,
      -9.63769817352295,
      -9.63758659362793,
      -9.637703895568848,
      -9.63762092590332,
      -9.63760757446289,
      -9.637613296508789,
      -9.63758659362793,
      -9.637632369995117,
      -9.63766860961914,
      -9.63768196105957,
      -9.637707710266113,
      -9.637558937072754,
      -9.637662887573242
    ],
    [
      -9.637686729431152,
      -9.637691497802734,
      -9.637664794921875,
      -9.637707710266113,
      -9.637661933898926,
      -9.637816429138184,
      -9.637629508972168,
      -9.637731552124023,
      -9.637855529785156,
      -9.637742042541504,
      -9.637739181518555,
      -9.637713432312012,
      -9.637691497802734,
      -9.637577056884766,
      -9.637654304504395,
      -9.637686729431152,
      -9.63778018951416,
      -9.637715339660645,
      -9.637754440307617,
      -9.637739181518555,
      -9.637642860412598,
      -9.637706756591797,
      -9.637618064880371,
      -9.637642860412598,
      -9.63779354095459,
      -9.637789726257324,
      -9.637664794921875,
      -9.637722969055176,
      -9.637614250183105,
      -9.637673377990723,
      -9.637630462646484,
      -9.637657165527344,
      -9.637541770935059,
      -9.637545585632324,
      -9.637815475463867,
      -9.637795448303223,
      -9.637613296508789,
      -9.637651443481445,
      -9.637703895568848,
      -9.637715339660645,
      -9.637710571289062,
      -9.637578964233398,
      -9.63766098022461,
      -9.637633323669434,
      -9.637670516967773,
      -9.637660026550293,
      -9.637674331665039,
      -9.637596130371094,
      -9.637667655944824,
      -9.637646675109863
    ],
    [
      -9.637688636779785,
      -9.637750625610352,
      -9.637771606445312,
      -9.63776969909668,
      -9.63769817352295,
      -9.63763427734375,
      -9.637866020202637,
      -9.637804985046387,
      -9.637736320495605,
      -9.637825012207031,
      -9.637829780578613,
      -9.637577056884766,
      -9.63773250579834,
      -9.637721061706543,
      -9.637490272521973,
      -9.637953758239746,
      -9.637948036193848,
      -9.637927055358887,
      -9.637897491455078,
      -9.637801170349121,
      -9.637860298156738,
      -9.637642860412598,
      -9.637730598449707,
      -9.63771915435791,
      -9.63768196105957,
      -9.637836456298828,
      -9.637825012207031,
      -9.63766860961914,
      -9.63756275177002,
      -9.63780689239502,
      -9.637739181518555,
      -9.637662887573242,
      -9.637700080871582,
      -9.637839317321777,
      -9.637693405151367,
      -9.637733459472656,
      -9.637834548950195,
      -9.637670516967773,
      -9.637787818908691,
      -9.637807846069336,
      -9.637700080871582,
      -9.638066291809082,
      -9.637726783752441,
      -9.637741088867188,
      -9.637913703918457,
      -9.637835502624512,
      -9.637612342834473,
      -9.637826919555664,
      -9.637784957885742,
      -9.637693405151367
    ],
    [
