{
  "sigma_values": [
    0.0,
    0.01,
    0.02,
    0.03,
    0.05,
    0.07,
    0.1,
    0.12,
    0.15
  ],
  "metric_name": "quality_mismatch_only",
  "per_trial": [
    [
      -7.517205715179443,
      -7.517205715179443,
      -7.517205715179443,
      -7.517205715179443,
      -7.517205715179443,
      -7.517205715179443,
      -7.517205715179443,
      -7.517205715179443,
      -7.517205715179443,
      -7.517205715179443
    ],
    [
      -7.515869617462158,
      -7.513669490814209,
      -7.523296356201172,
      -7.5154924392700195,
      -7.514989852905273,
      -7.515976905822754,
      -7.5192670822143555,
      -7.517195224761963,
      -7.518447399139404,
      -7.519386291503906
    ],
    [
      -7.520743370056152,
      -7.520097255706787,
      -7.5237860679626465,
      -7.512104511260986,
      -7.509155750274658,
      -7.5041117668151855,
      -7.523171424865723,
      -7.5294694900512695,
      -7.515890121459961,
      -7.519902229309082
    ],
    [
      -7.505650520324707,
      -7.522027492523193,
      -7.52021598815918,
      -7.520505428314209,
      -7.527914524078369,
      -7.52209997177124,
      -7.526267051696777,
      -7.522950649261475,
      -7.5131330490112305,
      -7.5197529792785645
    ],
    [
      -7.528634071350098,
      -7.531947612762451,
      -7.523848056793213,
      -7.506268501281738,
      -7.568621635437012,
      -7.513425350189209,
      -7.54470682144165,
      -7.530880451202393,
      -7.534854888916016,
      -7.515178203582764
    ],
    [
      -7.509787082672119,
      -7.51986026763916,
      -7.560340881347656,
      -7.522364616394043,
      -7.533257961273193,
      -7.543645858764648,
      -7.519721508026123,
      -7.548712730407715,
      -7.525275230407715,
      -7.5278096199035645
    ],
    [
      -7.550638198852539,
      -7.556248188018799,
      -7.595370292663574,
      -7.52639627456665,
      -7.529991626739502,
      -7.568751335144043,
      -7.545743465423584,
      -7.5514984130859375,
      -7.552095890045166,
      -7.533875465393066
    ],
    [
      -7.556360721588135,
      -7.479856491088867,
      -7.575990676879883,
      -7.555680751800537,
      -7.517344951629639,
      -7.57050085067749,
      -7.538120269775391,
      -7.520483016967773,
      -7.592191696166992,
      -7.5182366371154785
    ],
    [
      -7.584332466125488,
      -7.513083457946777,
      -7.535604000091553,
      -7.597068786621094,
      -7.621425151824951,
      -7.613436222076416,
      -7.564229965209961,
      -7.536744594573975,
      -7.503607749938965,
      -7.572761535644531
    ]
  ],
  "digital_baseline": -7.517205715179443,
  "mean": [
    -7.517205715179443,
    -7.517359066009521,
    -7.517843198776245,
    -7.520051765441894,
    -7.529836559295655,
    -7.531077575683594,
    -7.551060914993286,
    -7.542476606369019,
    -7.5642293930053714
  ],
  "std": [
    0.0,
    0.002665560950640976,
    0.0071929183204257115,
    0.006103617623341162,
    0.016831795481712982,
    0.014691464636976901,
    0.019184617081763125,
    0.03223415908194598,
    0.03887639538307502
  ],
  "normalized_mean": [
    1.0,
    0.9999796000221507,
    0.9999151967338722,
    0.9996213951872165,
    0.9983197421229665,
    0.9981546520037173,
    0.9954963052633402,
    0.9966382599935311,
    0.993744526941577
  ],
  "normalized_std": [
    0.0,
    0.0003545946528054203,
    0.0009568606464901046,
    0.0008119529855377202,
    0.0022391026824933966,
    0.0019543784211346676,
    0.0025520941967869465,
    0.0042880506804351196,
    0.0051716551144226595
  ],
  "degradation_threshold_10pct": 0.15
}