{
  "sigma_values": [
    2.0,
    4.0,
    6.0,
    8.0,
    10.0,
    12.0,
    16.0
  ],
  "metric_name": "quality_vs_adc_bits_sigma0.050",
  "per_trial": [
    [
      -9.640684127807617,
      -9.640043258666992,
      -9.640480995178223,
      -9.6412992477417,
      -9.641748428344727,
      -9.64062786102295,
      -9.640850067138672,
      -9.639679908752441,
      -9.640522003173828,
      -9.64126968383789,
      -9.64061164855957,
      -9.640371322631836,
      -9.640978813171387,
      -9.640695571899414,
      -9.640539169311523,
      -9.6410551071167,
      -9.640188217163086,
      -9.639843940734863,
      -9.64067268371582,
      -9.64085865020752,
      -9.640876770019531,
      -9.64116096496582,
      -9.640181541442871,
      -9.641010284423828,
      -9.640615463256836
    ],
    [
      -9.643678665161133,
      -9.643877029418945,
      -9.644148826599121,
      -9.644186973571777,
      -9.643818855285645,
      -9.643693923950195,
      -9.643651962280273,
      -9.644582748413086,
      -9.643431663513184,
      -9.64380168914795,
      -9.644465446472168,
      -9.644326210021973,
      -9.64291763305664,
      -9.644197463989258,
      -9.64372730255127,
      -9.643511772155762,
      -9.642772674560547,
      -9.643061637878418,
      -9.643159866333008,
      -9.643725395202637,
      -9.644495964050293,
      -9.64350414276123,
      -9.643669128417969,
      -9.643013000488281,
      -9.643568992614746
    ],
    [
      -9.644258499145508,
      -9.644251823425293,
      -9.644063949584961,
      -9.644248962402344,
      -9.644305229187012,
      -9.643967628479004,
      -9.64500904083252,
      -9.644997596740723,
      -9.64375114440918,
      -9.644246101379395,
      -9.643595695495605,
      -9.644933700561523,
      -9.644767761230469,
      -9.643906593322754,
      -9.64430046081543,
      -9.644469261169434,
      -9.643522262573242,
      -9.64505672454834,
      -9.645041465759277,
      -9.643763542175293,
      -9.644624710083008,
      -9.6443452835083,
      -9.64362621307373,
      -9.644795417785645,
      -9.643717765808105
    ],
    [
      -9.644209861755371,
      -9.644425392150879,
      -9.644246101379395,
      -9.644156455993652,
      -9.644257545471191,
      -9.64491081237793,
      -9.644209861755371,
      -9.645058631896973,
      -9.644684791564941,
      -9.643556594848633,
      -9.644404411315918,
      -9.644623756408691,
      -9.64452075958252,
      -9.644187927246094,
      -9.644481658935547,
      -9.644586563110352,
      -9.644880294799805,
      -9.644673347473145,
      -9.644906997680664,
      -9.643494606018066,
      -9.644914627075195,
      -9.644691467285156,
      -9.644390106201172,
      -9.645215034484863,
      -9.644107818603516
    ],
    [
      -9.645430564880371,
      -9.644601821899414,
      -9.644804954528809,
      -9.644486427307129,
      -9.644490242004395,
      -9.645419120788574,
      -9.644316673278809,
      -9.64434814453125,
      -9.644340515136719,
      -9.644318580627441,
      -9.643582344055176,
      -9.64493465423584,
      -9.644344329833984,
      -9.645195960998535,
      -9.64453125,
      -9.644170761108398,
      -9.64395809173584,
      -9.644834518432617,
      -9.643739700317383,
      -9.644225120544434,
      -9.644981384277344,
      -9.64470100402832,
      -9.644411087036133,
      -9.644400596618652,
      -9.643754959106445
    ],
    [
      -9.643818855285645,
      -9.644603729248047,
      -9.64415168762207,
      -9.644771575927734,
      -9.643750190734863,
      -9.64449691772461,
      -9.64464282989502,
      -9.644644737243652,
      -9.644957542419434,
      -9.644291877746582,
      -9.64382266998291,
      -9.64433479309082,
      -9.644587516784668,
      -9.644761085510254,
      -9.644500732421875,
      -9.644256591796875,
      -9.644880294799805,
      -9.64432144165039,
      -9.644068717956543,
      -9.644904136657715,
      -9.643842697143555,
      -9.643782615661621,
      -9.644074440002441,
      -9.64472770690918,
      -9.64464282989502
    ],
    [
      -9.644225120544434,
      -9.644506454467773,
      -9.644730567932129,
      -9.644623756408691,
      -9.643808364868164,
      -9.644598007202148,
      -9.64402961730957,
      -9.644111633300781,
      -9.644312858581543,
      -9.644160270690918,
      -9.644176483154297,
      -9.64474105834961,
      -9.644871711730957,
      -9.644986152648926,
      -9.644867897033691,
      -9.64414119720459,
      -9.644086837768555,
      -9.644719123840332,
      -9.6447172164917,
      -9.64443588256836,
      -9.645535469055176,
      -9.645030975341797,
      -9.64404582977295,
      -9.643898963928223,
      -9.644465446472168
    ]
  ],
  "digital_baseline": -9.628521461486816,
  "mean": [
    -9.640674629211425,
    -9.643719558715821,
    -9.644302673339844,
    -9.644471817016601,
    -9.644492912292481,
    -9.644385528564452,
    -9.6444730758667
  ],
  "std": [
    0.00046166903653556705,
    0.0004872166919906936,
    0.00048690996136757197,
    0.0004082798790126273,
    0.00046824410577452557,
    0.00037658742799522905,
    0.0004064810989911116
  ],
  "normalized_mean": [
    0.9987377950214661,
    0.9984215544110489,
    0.9983609932307727,
    0.9983434262889079,
    0.998341235373515,
    0.9983523880440947,
    0.9983432955471213
  ],
  "normalized_std": [
    4.7948071610184385e-05,
    5.060140271167434e-05,
    5.0569546250186614e-05,
    4.240317484316866e-05,
    4.8630945846406236e-05,
    3.911165691446433e-05,
    4.22163569575036e-05
  ],
  "degradation_threshold_10pct": 16.0
}