{
  "sigma_values": [
    0.0,
    0.01,
    0.02,
    0.03,
    0.05,
    0.07,
    0.1,
    0.12,
    0.15
  ],
  "metric_name": "quality_thermal_only",
  "per_trial": [
    [
      -9.628494262695312,
      -9.628514289855957,
      -9.628405570983887,
      -9.62838363647461,
      -9.628514289855957,
      -9.628494262695312,
      -9.628609657287598,
      -9.628486633300781,
      -9.62849235534668,
      -9.628548622131348
    ],
    [
      -9.628512382507324,
      -9.628494262695312,
      -9.628564834594727,
      -9.628457069396973,
      -9.62852954864502,
      -9.628517150878906,
      -9.628434181213379,
      -9.628541946411133,
      -9.628503799438477,
      -9.62852668762207
    ],
    [
      -9.628512382507324,
      -9.628543853759766,
      -9.628494262695312,
      -9.628554344177246,
      -9.628535270690918,
      -9.628528594970703,
      -9.628494262695312,
      -9.628499984741211,
      -9.628551483154297,
      -9.628458976745605
    ],
    [
      -9.628499984741211,
      -9.628594398498535,
      -9.628582954406738,
      -9.628557205200195,
      -9.628437995910645,
      -9.628494262695312,
      -9.62857437133789,
      -9.628631591796875,
      -9.628569602966309,
      -9.628584861755371
    ],
    [
      -9.628471374511719,
      -9.628417015075684,
      -9.628551483154297,
      -9.628470420837402,
      -9.628438949584961,
      -9.628572463989258,
      -9.628538131713867,
      -9.628527641296387,
      -9.628501892089844,
      -9.628549575805664
    ],
    [
      -9.628498077392578,
      -9.628541946411133,
      -9.628594398498535,
      -9.628584861755371,
      -9.628523826599121,
      -9.628518104553223,
      -9.628496170043945,
      -9.628654479980469,
      -9.628576278686523,
      -9.628471374511719
    ],
    [
      -9.628520011901855,
      -9.628494262695312,
      -9.62856388092041,
      -9.628539085388184,
      -9.628463745117188,
      -9.62852954864502,
      -9.628557205200195,
      -9.628557205200195,
      -9.62857437133789,
      -9.628600120544434
    ],
    [
      -9.628467559814453,
      -9.628477096557617,
      -9.628525733947754,
      -9.628534317016602,
      -9.628523826599121,
      -9.628458976745605,
      -9.628488540649414,
      -9.628512382507324,
      -9.628617286682129,
      -9.62847900390625
    ],
    [
      -9.628397941589355,
      -9.628499984741211,
      -9.628557205200195,
      -9.628503799438477,
      -9.628491401672363,
      -9.628484725952148,
      -9.62842082977295,
      -9.62854290008545,
      -9.628443717956543,
      -9.628499984741211
    ]
  ],
  "digital_baseline": -9.628539943695069,
  "mean": [
    -9.628494358062744,
    -9.628508186340332,
    -9.628517341613769,
    -9.628552722930909,
    -9.628503894805908,
    -9.628545951843261,
    -9.628539943695069,
    -9.628508472442627,
    -9.62848424911499
  ],
  "std": [
    6.102390483623804e-05,
    3.680787534684697e-05,
    2.912628156881198e-05,
    5.48077384678719e-05,
    4.973656144533084e-05,
    5.3077437847203515e-05,
    3.791368197900457e-05,
    4.408090669882873e-05,
    4.775471170429708e-05
  ],
  "normalized_mean": [
    1.000004734428334,
    1.000003298252375,
    1.0000023474048436,
    0.9999986727753206,
    1.0000037439621554,
    0.9999993760063075,
    1.0,
    1.0000032685383895,
    1.0000057843224834
  ],
  "normalized_std": [
    6.3378149951174614e-06,
    3.822788871634623e-06,
    3.0249946242248663e-06,
    5.692216970420415e-06,
    5.1655351420024155e-06,
    5.5125115705584755e-06,
    3.937635633306075e-06,
    4.57815068085101e-06,
    4.959704377148861e-06
  ],
  "degradation_threshold_10pct": 0.15
}