{
  "sigma_values": [
    0.0,
    0.01,
    0.02,
    0.03,
    0.05,
    0.07,
    0.1,
    0.12,
    0.15
  ],
  "metric_name": "quality_quantization_only",
  "per_trial": [
    [
      -9.639068603515625,
      -9.639060974121094,
      -9.639047622680664,
      -9.63898754119873,
      -9.639103889465332,
      -9.639144897460938,
      -9.63907241821289,
      -9.639087677001953,
      -9.639045715332031,
      -9.639029502868652
    ],
    [
      -9.639054298400879,
      -9.639087677001953,
      -9.639066696166992,
      -9.638994216918945,
      -9.639154434204102,
      -9.639049530029297,
      -9.639094352722168,
      -9.639045715332031,
      -9.638999938964844,
      -9.63901424407959
    ],
    [
      -9.638975143432617,
      -9.639004707336426,
      -9.63897705078125,
      -9.639053344726562,
      -9.639054298400879,
      -9.63904094696045,
      -9.639020919799805,
      -9.639010429382324,
      -9.63909912109375,
      -9.639174461364746
    ],
    [
      -9.6389799118042,
      -9.639052391052246,
      -9.639129638671875,
      -9.639023780822754,
      -9.63907527923584,
      -9.639019966125488,
      -9.639058113098145,
      -9.63906478881836,
      -9.639039993286133,
      -9.639067649841309
    ],
    [
      -9.638879776000977,
      -9.639066696166992,
      -9.638982772827148,
      -9.639057159423828,
      -9.63901138305664,
      -9.639056205749512,
      -9.639067649841309,
      -9.639129638671875,
      -9.63905143737793,
      -9.639055252075195
    ],
    [
      -9.639033317565918,
      -9.638999938964844,
      -9.639079093933105,
      -9.63901138305664,
      -9.639047622680664,
      -9.639073371887207,
      -9.639084815979004,
      -9.639120101928711,
      -9.639103889465332,
      -9.639043807983398
    ],
    [
      -9.639006614685059,
      -9.638973236083984,
      -9.639089584350586,
      -9.639079093933105,
      -9.639033317565918,
      -9.638984680175781,
      -9.639047622680664,
      -9.639094352722168,
      -9.639039993286133,
      -9.639070510864258
    ],
    [
      -9.639001846313477,
      -9.639139175415039,
      -9.638988494873047,
      -9.639066696166992,
      -9.639043807983398,
      -9.639063835144043,
      -9.639062881469727,
      -9.639046669006348,
      -9.63901424407959,
      -9.639057159423828
    ],
    [
      -9.638999938964844,
      -9.638922691345215,
      -9.63914680480957,
      -9.639043807983398,
      -9.639043807983398,
      -9.63906478881836,
      -9.639104843139648,
      -9.639054298400879,
      -9.638936996459961,
      -9.63903522491455
    ]
  ],
  "digital_baseline": -9.636255741119385,
  "mean": [
    -9.63906488418579,
    -9.63905611038208,
    -9.63904104232788,
    -9.639051151275634,
    -9.63903579711914,
    -9.639059734344482,
    -9.639041900634766,
    -9.63904848098755,
    -9.639035320281982
  ],
  "std": [
    4.053160723269462e-05,
    4.596957520602492e-05,
    5.7097063528329054e-05,
    3.76455009164388e-05,
    6.326276049517334e-05,
    3.7142033581862413e-05,
    4.070748514254197e-05,
    4.005761360079953e-05,
    6.499197757028934e-05
  ],
  "normalized_mean": [
    0.9997084818894523,
    0.9997093923887111,
    0.999710956072221,
    0.9997099070187271,
    0.9997115003924302,
    0.9997090163129304,
    0.9997108670016414,
    0.9997101841271971,
    0.9997115498760856
  ],
  "normalized_std": [
    4.206157279506398e-06,
    4.7704810292514e-06,
    5.925233312840287e-06,
    3.906652327189663e-06,
    6.5650769546538096e-06,
    3.854405132002843e-06,
    4.224408965075188e-06,
    4.156968710353704e-06,
    6.74452601885176e-06
  ],
  "degradation_threshold_10pct": 0.15
}