{
  "sigma_values": [
    0.0,
    0.01,
    0.02,
    0.03,
    0.05,
    0.07,
    0.1,
    0.12,
    0.15
  ],
  "metric_name": "quality_mismatch_only",
  "per_trial": [
    [
      -9.641647338867188,
      -9.641623497009277,
      -9.64166259765625,
      -9.641640663146973,
      -9.641642570495605,
      -9.641629219055176,
      -9.641688346862793,
      -9.641668319702148,
      -9.64160442352295,
      -9.641727447509766
    ],
    [
      -9.6416654586792,
      -9.641674041748047,
      -9.641664505004883,
      -9.641660690307617,
      -9.641545295715332,
      -9.641641616821289,
      -9.641690254211426,
      -9.641685485839844,
      -9.641663551330566,
      -9.641651153564453
    ],
    [
      -9.641590118408203,
      -9.641681671142578,
      -9.641733169555664,
      -9.641633033752441,
      -9.641666412353516,
      -9.64167308807373,
      -9.641707420349121,
      -9.641633987426758,
      -9.641642570495605,
      -9.641634941101074
    ],
    [
      -9.641721725463867,
      -9.641575813293457,
      -9.641633033752441,
      -9.641776084899902,
      -9.6416015625,
      -9.641704559326172,
      -9.641793251037598,
      -9.641685485839844,
      -9.641633987426758,
      -9.641777992248535
    ],
    [
      -9.64160442352295,
      -9.641791343688965,
      -9.641902923583984,
      -9.641688346862793,
      -9.641770362854004,
      -9.641804695129395,
      -9.641670227050781,
      -9.641674041748047,
      -9.641755104064941,
      -9.641761779785156
    ],
    [
      -9.641820907592773,
      -9.641763687133789,
      -9.641701698303223,
      -9.6417818069458,
      -9.64181137084961,
      -9.641744613647461,
      -9.641539573669434,
      -9.641785621643066,
      -9.641671180725098,
      -9.641763687133789
    ],
    [
      -9.641746520996094,
      -9.641974449157715,
      -9.641853332519531,
      -9.641833305358887,
      -9.641904830932617,
      -9.642016410827637,
      -9.641627311706543,
      -9.641843795776367,
      -9.64181900024414,
      -9.641761779785156
    ],
    [
      -9.641880989074707,
      -9.642111778259277,
      -9.641861915588379,
      -9.641847610473633,
      -9.641730308532715,
      -9.642099380493164,
      -9.641929626464844,
      -9.64201831817627,
      -9.641963958740234,
      -9.641753196716309
    ],
    [
      -9.64229965209961,
      -9.642118453979492,
      -9.642084121704102,
      -9.64199161529541,
      -9.642227172851562,
      -9.642352104187012,
      -9.642026901245117,
      -9.64184856414795,
      -9.641899108886719,
      -9.642102241516113
    ]
  ],
  "digital_baseline": -9.641654872894287,
  "mean": [
    -9.641653442382813,
    -9.641654205322265,
    -9.64165964126587,
    -9.641690349578857,
    -9.641742324829101,
    -9.641738414764404,
    -9.641838073730469,
    -9.641919708251953,
    -9.642094993591309
  ],
  "std": [
    3.3474376056505046e-05,
    3.8810678237931545e-05,
    3.9372891997222384e-05,
    7.368447208351859e-05,
    8.074890584855344e-05,
    7.934805288870271e-05,
    0.00010683366001166876,
    0.00012433382373579156,
    0.00015511459253162008
  ],
  "normalized_mean": [
    1.0000001483678367,
    1.0000000692383237,
    0.9999995054405447,
    0.9999963204776527,
    0.99999092977959,
    0.9999913353183434,
    0.9999809990257278,
    0.9999725321678533,
    0.9999543521622768
  ],
  "normalized_std": [
    3.471849645916284e-06,
    4.025312951933233e-06,
    4.0836238712414315e-06,
    7.642305502001396e-06,
    8.37500480084222e-06,
    8.229713045607445e-06,
    1.10804277294774e-05,
    1.2895485824257503e-05,
    1.6087963588874748e-05
  ],
  "degradation_threshold_10pct": 0.15
}