{
  "sigma_values": [
    0.0,
    0.01,
    0.02,
    0.03,
    0.05,
    0.07,
    0.1,
    0.12,
    0.15
  ],
  "metric_name": "quality",
  "per_trial": [
    [
      -9.641980171203613,
      -9.641997337341309,
      -9.642045021057129,
      -9.641992568969727,
      -9.641951560974121,
      -9.64197063446045,
      -9.642017364501953,
      -9.641897201538086,
      -9.642010688781738,
      -9.64199447631836,
      -9.642029762268066,
      -9.642006874084473,
      -9.642058372497559,
      -9.641988754272461,
      -9.641988754272461,
      -9.64193344116211,
      -9.641972541809082,
      -9.642007827758789,
      -9.641983985900879,
      -9.641956329345703,
      -9.641890525817871,
      -9.642003059387207,
      -9.642004013061523,
      -9.642029762268066,
      -9.641990661621094,
      -9.642044067382812,
      -9.641945838928223,
      -9.641984939575195,
      -9.642041206359863,
      -9.64207649230957,
      -9.641963958740234,
      -9.641931533813477,
      -9.641925811767578,
      -9.642012596130371,
      -9.641921043395996,
      -9.641931533813477,
      -9.641996383666992,
      -9.64198112487793,
      -9.641901969909668,
      -9.642014503479004,
      -9.642059326171875,
      -9.641871452331543,
      -9.64199161529541,
      -9.642069816589355,
      -9.641969680786133,
      -9.642046928405762,
      -9.641983032226562,
      -9.642049789428711,
      -9.642000198364258,
      -9.641946792602539
    ],
    [
      -9.642033576965332,
      -9.641992568969727,
      -9.641951560974121,
      -9.641971588134766,
      -9.642049789428711,
      -9.641948699951172,
      -9.641934394836426,
      -9.642035484313965,
      -9.642001152038574,
      -9.641948699951172,
      -9.641959190368652,
      -9.641999244689941,
      -9.642020225524902,
      -9.641938209533691,
      -9.642010688781738,
      -9.641997337341309,
      -9.642056465148926,
      -9.641939163208008,
      -9.64210033416748,
      -9.641963005065918,
      -9.641966819763184,
      -9.641940116882324,
      -9.642010688781738,
      -9.642035484313965,
      -9.642014503479004,
      -9.641971588134766,
      -9.641940116882324,
      -9.642065048217773,
      -9.642027854919434,
      -9.641983032226562,
      -9.642008781433105,
      -9.64200210571289,
      -9.641995429992676,
      -9.642012596130371,
      -9.641960144042969,
      -9.641910552978516,
      -9.642118453979492,
      -9.64192008972168,
      -9.642024040222168,
      -9.641934394836426,
      -9.642023086547852,
      -9.642072677612305,
      -9.641950607299805,
      -9.641867637634277,
      -9.641983032226562,
      -9.641940116882324,
      -9.641945838928223,
      -9.642045021057129,
      -9.64195728302002,
      -9.642029762268066
    ],
    [
      -9.642118453979492,
      -9.642011642456055,
      -9.641960144042969,
      -9.642024040222168,
      -9.641984939575195,
      -9.64199447631836,
      -9.642029762268066,
      -9.64200210571289,
      -9.64210033416748,
      -9.641884803771973,
      -9.642099380493164,
      -9.642016410827637,
      -9.642001152038574,
      -9.641942024230957,
      -9.642045974731445,
      -9.641959190368652,
      -9.641961097717285,
      -9.641998291015625,
      -9.642024040222168,
      -9.642046928405762,
      -9.642022132873535,
      -9.641918182373047,
      -9.642001152038574,
      -9.642061233520508,
      -9.641999244689941,
      -9.642053604125977,
      -9.641945838928223,
      -9.641888618469238,
      -9.64196491241455,
      -9.642070770263672,
      -9.64206314086914,
      -9.64195442199707,
      -9.641940116882324,
      -9.642139434814453,
      -9.642086029052734,
      -9.642080307006836,
      -9.641923904418945,
      -9.642007827758789,
      -9.641918182373047,
      -9.642037391662598,
      -9.641934394836426,
      -9.641955375671387,
      -9.642043113708496,
      -9.642038345336914,
      -9.641953468322754,
      -9.64193058013916,
      -9.642034530639648,
      -9.641969680786133,
      -9.641913414001465,
      -9.641996383666992
    ],
    [
      -9.64199161529541,
      -9.642022132873535,
      -9.642101287841797,
      -9.642066955566406,
      -9.642074584960938,
      -9.642096519470215,
      -9.64194393157959,
      -9.642051696777344,
      -9.641916275024414,
      -9.641982078552246,
      -9.64205551147461,
      -9.641979217529297,
      -9.642040252685547,
      -9.64207649230957,
      -9.642007827758789,
      -9.642008781433105,
      -9.64193344116211,
      -9.641942024230957,
      -9.642027854919434,
      -9.641962051391602,
      -9.641969680786133,
      -9.642016410827637,
      -9.642007827758789,
      -9.642040252685547,
      -9.64203929901123,
      -9.642026901245117,
      -9.642049789428711,
      -9.642024040222168,
      -9.642019271850586,
      -9.641953468322754,
      -9.642008781433105,
      -9.642048835754395,
      -9.642119407653809,
      -9.641907691955566,
      -9.642027854919434,
      -9.641955375671387,
      -9.642003059387207,
      -9.642011642456055,
      -9.642030715942383,
      -9.641992568969727,
      -9.642048835754395,
      -9.642033576965332,
      -9.642032623291016,
      -9.642040252685547,
      -9.64205551147461,
      -9.642062187194824,
      -9.64205551147461,
      -9.6421480178833,
      -9.642014503479004,
      -9.642048835754395
    ],
    [
      -9.641961097717285,
      -9.642061233520508,
      -9.64199447631836,
      -9.641853332519531,
      -9.642147064208984,
      -9.642021179199219,
      -9.642058372497559,
      -9.642094612121582,
      -9.642081260681152,
      -9.642082214355469,
      -9.64203929901123,
      -9.642061233520508,
      -9.642128944396973,
      -9.641951560974121,
      -9.642095565795898,
      -9.642078399658203,
      -9.641986846923828,
      -9.641984939575195,
      -9.642068862915039,
      -9.642158508300781,
      -9.642066955566406,
      -9.642066955566406,
      -9.641797065734863,
      -9.642086029052734,
      -9.642098426818848,
      -9.642101287841797,
      -9.642070770263672,
      -9.642027854919434,
      -9.642045974731445,
      -9.641998291015625,
      -9.642109870910645,
      -9.642032623291016,
      -9.642072677612305,
      -9.642034530639648,
      -9.642006874084473,
      -9.642040252685547,
      -9.642027854919434,
      -9.641951560974121,
      -9.642128944396973,
      -9.642142295837402,
      -9.642071723937988,
      -9.642057418823242,
      -9.641953468322754,
      -9.641992568969727,
      -9.642043113708496,
      -9.642004013061523,
      -9.642035484313965,
      -9.641947746276855,
      -9.64207649230957,
      -9.64196491241455
    ],
    [
      -9.642232894897461,
      -9.642133712768555,
      -9.642086029052734,
      -9.642122268676758,
      -9.641861915588379,
      -9.641963005065918,
      -9.641923904418945,
      -9.642107963562012,
      -9.64207935333252,
      -9.642075538635254,
      -9.64214038848877,
      -9.642168045043945,
      -9.641999244689941,
      -9.642176628112793,
      -9.642195701599121,
      -9.64210319519043,
      -9.642098426818848,
      -9.641979217529297,
      -9.64212417602539,
      -9.642175674438477,
      -9.642171859741211,
      -9.6420316696167,
      -9.64210033416748,
      -9.642149925231934,
      -9.641984939575195,
      -9.642095565795898,
      -9.642134666442871,
      -9.642075538635254,
      -9.642071723937988,
      -9.642082214355469,
      -9.642024993896484,
      -9.642073631286621,
      -9.641935348510742,
      -9.642010688781738,
      -9.641984939575195,
      -9.642043113708496,
      -9.642105102539062,
      -9.642107009887695,
      -9.64211368560791,
      -9.642117500305176,
      -9.642075538635254,
      -9.64206314086914,
      -9.642166137695312,
      -9.642065048217773,
      -9.642221450805664,
      -9.642142295837402,
      -9.641966819763184,
      -9.64206314086914,
      -9.64215087890625,
      -9.642217636108398
    ],
    [
