{
  "sigma_values": [
    2.0,
    4.0,
    6.0,
    8.0,
    10.0,
    12.0,
    16.0
  ],
  "metric_name": "quality_vs_adc_bits_sigma0.050",
  "per_trial": [
    [
      -7.233596324920654,
      -7.215945243835449,
      -7.2244720458984375,
      -7.254158020019531,
      -7.245985507965088,
      -7.232878684997559,
      -7.213868141174316,
      -7.23560905456543,
      -7.235733509063721,
      -7.228078842163086,
      -7.213745594024658,
      -7.222884654998779,
      -7.230590343475342,
      -7.239045143127441,
      -7.244368553161621,
      -7.21978759765625,
      -7.217379093170166,
      -7.261502265930176,
      -7.22261381149292,
      -7.237997055053711,
      -7.243295669555664,
      -7.216983795166016,
      -7.237466812133789,
      -7.226236820220947,
      -7.237478733062744
    ],
    [
      -7.452726364135742,
      -7.422482013702393,
      -7.453494548797607,
      -7.445568084716797,
      -7.428684711456299,
      -7.442885398864746,
      -7.4381022453308105,
      -7.394556999206543,
      -7.419400691986084,
      -7.438492774963379,
      -7.428467750549316,
      -7.395968914031982,
      -7.419222831726074,
      -7.421567916870117,
      -7.42410945892334,
      -7.443578243255615,
      -7.407804489135742,
      -7.426793098449707,
      -7.429893970489502,
      -7.433854579925537,
      -7.437287330627441,
      -7.437213897705078,
      -7.429616451263428,
      -7.421480178833008,
      -7.417054653167725
    ],
    [
      -7.52783727645874,
      -7.4848222732543945,
      -7.476561069488525,
      -7.493795394897461,
      -7.484271049499512,
      -7.501028537750244,
      -7.510367393493652,
      -7.475456237792969,
      -7.508732795715332,
      -7.505407810211182,
      -7.4768829345703125,
      -7.478172302246094,
      -7.502583980560303,
      -7.5166916847229,
      -7.488636016845703,
      -7.48185920715332,
      -7.511751174926758,
      -7.496321678161621,
      -7.509694576263428,
      -7.463136196136475,
      -7.504524230957031,
      -7.5083394050598145,
      -7.523786544799805,
      -7.484803676605225,
      -7.528489589691162
    ],
    [
      -7.477264881134033,
      -7.498813629150391,
      -7.507148742675781,
      -7.506606578826904,
      -7.527781009674072,
      -7.523995399475098,
      -7.499465465545654,
      -7.502874374389648,
      -7.481243133544922,
      -7.510802268981934,
      -7.531445026397705,
      -7.512914657592773,
      -7.511329174041748,
      -7.495604991912842,
      -7.519264221191406,
      -7.53704309463501,
      -7.484912872314453,
      -7.500414848327637,
      -7.5134477615356445,
      -7.502688884735107,
      -7.545084476470947,
      -7.521523952484131,
      -7.47873067855835,
      -7.499172687530518,
      -7.502132415771484
    ],
    [
      -7.501716613769531,
      -7.534605026245117,
      -7.513644695281982,
      -7.485287666320801,
      -7.509354591369629,
      -7.516992568969727,
      -7.503271579742432,
      -7.5226216316223145,
      -7.47990608215332,
      -7.512786388397217,
      -7.489813804626465,
      -7.481653213500977,
      -7.5310258865356445,
      -7.502654075622559,
      -7.502872467041016,
      -7.523890018463135,
      -7.505302906036377,
      -7.542694091796875,
      -7.53676700592041,
      -7.5186967849731445,
      -7.545191764831543,
      -7.50892972946167,
      -7.493691921234131,
      -7.5163116455078125,
      -7.496228218078613
    ],
    [
      -7.5201029777526855,
      -7.521134853363037,
      -7.4986186027526855,
      -7.488516807556152,
      -7.541844367980957,
      -7.502358913421631,
      -7.511010646820068,
      -7.4991044998168945,
      -7.506991386413574,
      -7.479437351226807,
      -7.526683807373047,
      -7.512633323669434,
      -7.5304951667785645,
      -7.524933815002441,
      -7.4950270652771,
      -7.527737617492676,
      -7.512979030609131,
      -7.489044189453125,
      -7.511730670928955,
      -7.496665000915527,
      -7.533156394958496,
      -7.500372886657715,
      -7.488770008087158,
      -7.5007405281066895,
      -7.529367446899414
    ],
    [
      -7.53129243850708,
      -7.517978668212891,
      -7.497295379638672,
      -7.5199761390686035,
      -7.479976177215576,
      -7.508094310760498,
      -7.529346466064453,
      -7.522274971008301,
      -7.512270450592041,
      -7.50448751449585,
      -7.520568370819092,
      -7.5163774490356445,
      -7.495162487030029,
      -7.511512279510498,
      -7.522123336791992,
      -7.508361339569092,
      -7.504878997802734,
      -7.4962968826293945,
      -7.489889621734619,
      -7.506496906280518,
      -7.482016086578369,
      -7.504431247711182,
      -7.487473011016846,
      -7.510570049285889,
      -7.5025835037231445
    ]
  ],
  "digital_baseline": -7.517205715179443,
  "mean": [
    -7.2316680526733395,
    -7.428412303924561,
    -7.497758121490478,
    -7.507668209075928,
    -7.511036415100097,
    -7.509978294372559,
    -7.507269363403321
  ],
  "std": [
    0.012324188257339466,
    0.014708459006326172,
    0.017422582333384704,
    0.017185513455635914,
    0.017896801388039722,
    0.016234371417439195,
    0.013548695563767602
  ],
  "normalized_mean": [
    1.037984548158569,
    1.0118120235921684,
    1.0025870774894048,
    1.0012687568313126,
    1.0008206906014143,
    1.0009614504485744,
    1.0013218145348954
  ],
  "normalized_std": [
    0.0016394640141952368,
    0.001956639150718661,
    0.0023176939668158075,
    0.002286157131623167,
    0.0023807784522779296,
    0.0021596284620304107,
    0.0018023579608056769
  ],
  "degradation_threshold_10pct": 16.0
}