{
  "sigma_values": [
    0.0,
    0.01,
    0.02,
    0.03,
    0.05,
    0.07,
    0.1,
    0.12,
    0.15
  ],
  "metric_name": "quality_mismatch_only",
  "per_trial": [
    [
      -5.5699896812438965,
      -5.571382999420166,
      -5.569602012634277,
      -5.568108558654785,
      -5.5673723220825195,
      -5.56928825378418,
      -5.570584774017334,
      -5.568477153778076,
      -5.57167911529541,
      -5.569851875305176,
      -5.5693039894104,
      -5.5696635246276855,
      -5.568554878234863,
      -5.569591999053955,
      -5.569966793060303,
      -5.574649333953857,
      -5.566281795501709,
      -5.567273139953613,
      -5.571234226226807,
      -5.568332195281982
    ],
    [
      -5.568504333496094,
      -5.5730743408203125,
      -5.571245193481445,
      -5.570362091064453,
      -5.572554588317871,
      -5.567992687225342,
      -5.568317413330078,
      -5.5705180168151855,
      -5.560572147369385,
      -5.574377536773682,
      -5.573596477508545,
      -5.573002815246582,
      -5.569715976715088,
      -5.566006183624268,
      -5.576834201812744,
      -5.567198276519775,
      -5.567382335662842,
      -5.571681022644043,
      -5.563508033752441,
      -5.567295551300049
    ],
    [
      -5.562659740447998,
      -5.568467140197754,
      -5.572546482086182,
      -5.5805888175964355,
      -5.574203968048096,
      -5.5624613761901855,
      -5.5608086585998535,
      -5.560331344604492,
      -5.572264194488525,
      -5.562236785888672,
      -5.5707197189331055,
      -5.575442790985107,
      -5.5788187980651855,
      -5.569881916046143,
      -5.565893173217773,
      -5.5910515785217285,
      -5.563502311706543,
      -5.560694694519043,
      -5.574287414550781,
      -5.577683448791504
    ],
    [
      -5.561851978302002,
      -5.583606719970703,
      -5.583725929260254,
      -5.568319320678711,
      -5.56407356262207,
      -5.574275493621826,
      -5.570631504058838,
      -5.5893964767456055,
      -5.5906596183776855,
      -5.5730743408203125,
      -5.568678855895996,
      -5.571723461151123,
      -5.575501441955566,
      -5.572724342346191,
      -5.5732526779174805,
      -5.5675787925720215,
      -5.583659648895264,
      -5.586021900177002,
      -5.57291316986084,
      -5.563365459442139
    ],
    [
      -5.579986572265625,
      -5.610409259796143,
      -5.550350666046143,
      -5.578614711761475,
      -5.601075649261475,
      -5.564035415649414,
      -5.579049110412598,
      -5.587775707244873,
      -5.601022243499756,
      -5.590826034545898,
      -5.576550483703613,
      -5.570986747741699,
      -5.553339004516602,
      -5.58400821685791,
      -5.621836185455322,
      -5.563753128051758,
      -5.558656692504883,
      -5.560288429260254,
      -5.562078475952148,
      -5.5631184577941895
    ],
    [
      -5.577948570251465,
      -5.569944381713867,
      -5.58062744140625,
      -5.583540439605713,
      -5.56735372543335,
      -5.595986366271973,
      -5.563164710998535,
      -5.620846748352051,
      -5.647943496704102,
      -5.58104944229126,
      -5.637002944946289,
      -5.6013031005859375,
      -5.601498603820801,
      -5.618964195251465,
      -5.590998649597168,
      -5.609445095062256,
      -5.599658489227295,
      -5.607996463775635,
      -5.587224960327148,
      -5.551734924316406
    ],
    [
      -5.611151695251465,
      -5.669065475463867,
      -5.604134559631348,
      -5.616358280181885,
      -5.617588996887207,
      -5.568368434906006,
      -5.638722896575928,
      -5.632786273956299,
      -5.612236976623535,
      -5.566311359405518,
      -5.559657096862793,
      -5.613826274871826,
      -5.61051082611084,
      -5.6221699714660645,
      -5.643680095672607,
      -5.649970531463623,
      -5.6090874671936035,
      -5.609332084655762,
      -5.625237464904785,
      -5.611406326293945
    ],
    [
      -5.6046271324157715,
      -5.640528202056885,
      -5.678348064422607,
      -5.63694429397583,
      -5.684758186340332,
      -5.588618755340576,
      -5.619455814361572,
      -5.630626201629639,
      -5.6037139892578125,
      -5.556460380554199,
      -5.61354398727417,
      -5.711943626403809,
      -5.575479984283447,
      -5.616733551025391,
      -5.611656188964844,
      -5.689189910888672,
      -5.6631760597229,
      -5.578218936920166,
      -5.619025707244873,
      -5.591354846954346
    ],
    [
      -5.6370110511779785,
      -5.705550193786621,
      -5.620959758758545,
      -5.729886054992676,
      -5.647237300872803,
      -5.6945343017578125,
      -5.71900749206543,
      -5.712503433227539,
      -5.623353958129883,
      -5.640183925628662,
      -5.587253093719482,
      -5.637558460235596,
      -5.672164440155029,
      -5.788179874420166,
      -5.63016414642334,
      -5.682398796081543,
      -5.723339080810547,
      -5.684880256652832,
      -5.656710624694824,
      -5.6884846687316895
    ]
  ],
  "digital_baseline": -4.066534519195557,
  "ideal_analog_baseline": -5.569643020629883,
  "mean": [
    -5.5695594310760494,
    -5.569686961174011,
    -5.5702272176742555,
    -5.5747517347335815,
    -5.577888059616089,
    -5.594711637496948,
    -5.614580154418945,
    -5.625720191001892,
    -5.67406804561615
  ],
  "std": [
    0.0017988326395921442,
    0.003773517382020133,
    0.00795567134226295,
    0.008402713977792298,
    0.019131863292570907,
    0.023945057598315243,
    0.02632382830158313,
    0.04066033659193346,
    0.046691358394441926
  ],
  "normalized_mean": [
    0.6303916996681926,
    0.6303603387889576,
    0.6302274845127442,
    0.6291148621956415,
    0.6283436097034513,
    0.624206529887346,
    0.6193206702375114,
    0.6165812279604664,
    0.6046920249090628
  ],
  "normalized_std": [
    0.0004423502692774362,
    0.0009279442641413042,
    0.0019563761981385426,
    0.0020663082873459845,
    0.0047047094282026605,
    0.0058883202602327996,
    0.006473282884314608,
    0.00999876833702051,
    0.011481854678483935
  ],
  "degradation_threshold_10pct": 0.0,
  "trial_seeds": {
    "digital_baseline": [
      101020345,
      101020346,
      101020347,
      101020348,
      101020349,
      101020350,
      101020351,
      101020352,
      101020353,
      101020354,
      101020355,
      101020356,
      101020357,
      101020358,
      101020359,
      101020360,
      101020361,
      101020362,
      101020363,
      101020364
    ],
    "ideal_analog_baseline": [
      202020648,
      202020649,
      202020650,
      202020651,
      202020652,
      202020653,
      202020654,
      202020655,
      202020656,
      202020657,
      202020658,
      202020659,
      202020660,
      202020661,
      202020662,
      202020663,
      202020664,
      202020665,
      202020666,
      202020667
    ],
    "per_trial": [
      [
        505101613,
        505101614,
        505101615,
        505101616,
        505101617,
        505101618,
        505101619,
        505101620,
        505101621,
        505101622,
        505101623,
        505101624,
        505101625,
        505101626,
        505101627,
        505101628,
        505101629,
        505101630,
        505101631,
        505101632
      ]
    ]
  },
  "metadata": {
    "arch": "diffusion",
    "analog_domain": "full_analog",
    "analog_substrate": "classic",
    "seed": 20042,
    "pilot_profile_path": "/workspace/NEW_ACTUAL_RUNS/5-14/945/experiments/cross_arch_tolerance/results/profiles/diffusion_profile_full_analog_capacitive.json",
    "dynamics_diagnostics": {},
    "calibration": "runner: diffusion(x_t,t), early/mid/late noised states",
    "ablation_noise": "mismatch"
  },
  "normalized_mean_vs_ideal_analog": [
    1.0000150080630883,
    0.9999921107072812,
    0.9998951105048908,
    0.9990827573536084,
    0.9985196467788571,
    0.9954990621886877,
    0.9919317748691225,
    0.989931640113325,
    0.9812510380648314
  ],