{
  "sigma_values": [
    2.0,
    4.0,
    6.0,
    8.0,
    10.0,
    12.0,
    16.0
  ],
  "metric_name": "quality_vs_adc_bits_sigma0.050",
  "per_trial": [
    [
      -9.637176513671875,
      -9.637635231018066,
      -9.638760566711426,
      -9.63729190826416,
      -9.637846946716309,
      -9.636406898498535,
      -9.637502670288086,
      -9.638630867004395,
      -9.63839054107666,
      -9.636455535888672,
      -9.638639450073242,
      -9.63662052154541,
      -9.637136459350586,
      -9.637445449829102,
      -9.638322830200195,
      -9.637368202209473,
      -9.637803077697754,
      -9.637277603149414,
      -9.637733459472656,
      -9.637836456298828,
      -9.637377738952637,
      -9.637057304382324,
      -9.63779354095459,
      -9.638360977172852,
      -9.637168884277344
    ],
    [
      -9.638774871826172,
      -9.638345718383789,
      -9.63924789428711,
      -9.638177871704102,
      -9.638922691345215,
      -9.638412475585938,
      -9.638721466064453,
      -9.639525413513184,
      -9.63813304901123,
      -9.638136863708496,
      -9.639994621276855,
      -9.638906478881836,
      -9.639260292053223,
      -9.638486862182617,
      -9.639592170715332,
      -9.638479232788086,
      -9.637904167175293,
      -9.638580322265625,
      -9.638404846191406,
      -9.638548851013184,
      -9.638291358947754,
      -9.638406753540039,
      -9.638154983520508,
      -9.638561248779297,
      -9.639066696166992
    ],
    [
      -9.63956356048584,
      -9.638874053955078,
      -9.638839721679688,
      -9.639394760131836,
      -9.639838218688965,
      -9.638752937316895,
      -9.638461112976074,
      -9.63818359375,
      -9.638322830200195,
      -9.638734817504883,
      -9.639225006103516,
      -9.639595985412598,
      -9.639854431152344,
      -9.638312339782715,
      -9.639342308044434,
      -9.639143943786621,
      -9.63979721069336,
      -9.638566017150879,
      -9.639962196350098,
      -9.639439582824707,
      -9.638680458068848,
      -9.639013290405273,
      -9.638618469238281,
      -9.638904571533203,
      -9.638773918151855
    ],
    [
      -9.638426780700684,
      -9.638497352600098,
      -9.639923095703125,
      -9.640007972717285,
      -9.639041900634766,
      -9.639176368713379,
      -9.63877010345459,
      -9.639019966125488,
      -9.638813018798828,
      -9.639082908630371,
      -9.638520240783691,
      -9.639525413513184,
      -9.638463973999023,
      -9.638900756835938,
      -9.639781951904297,
      -9.63819694519043,
      -9.638408660888672,
      -9.638710021972656,
      -9.639274597167969,
      -9.63924503326416,
      -9.638559341430664,
      -9.639363288879395,
      -9.639711380004883,
      -9.639287948608398,
      -9.639931678771973
    ],
    [
      -9.638792037963867,
      -9.638842582702637,
      -9.63880729675293,
      -9.639131546020508,
      -9.638742446899414,
      -9.639652252197266,
      -9.639142036437988,
      -9.639122009277344,
      -9.638806343078613,
      -9.639634132385254,
      -9.639158248901367,
      -9.638855934143066,
      -9.639484405517578,
      -9.63846492767334,
      -9.638883590698242,
      -9.638524055480957,
      -9.639418601989746,
      -9.639009475708008,
      -9.63910961151123,
      -9.639375686645508,
      -9.639201164245605,
      -9.639140129089355,
      -9.639325141906738,
      -9.638885498046875,
      -9.63968276977539
    ],
    [
      -9.639092445373535,
      -9.639496803283691,
      -9.638940811157227,
      -9.638724327087402,
      -9.639518737792969,
      -9.639165878295898,
      -9.639642715454102,
      -9.639881134033203,
      -9.639273643493652,
      -9.63907241821289,
      -9.638578414916992,
      -9.639636993408203,
      -9.63830280303955,
      -9.639774322509766,
      -9.639705657958984,
      -9.639168739318848,
      -9.639372825622559,
      -9.639071464538574,
      -9.638932228088379,
      -9.639370918273926,
      -9.63991641998291,
      -9.639034271240234,
      -9.639019966125488,
      -9.638615608215332,
      -9.639141082763672
    ],
    [
      -9.638742446899414,
      -9.639105796813965,
      -9.638609886169434,
      -9.638533592224121,
      -9.639516830444336,
      -9.639839172363281,
      -9.639264106750488,
      -9.639578819274902,
      -9.638728141784668,
      -9.639019012451172,
      -9.638273239135742,
      -9.639276504516602,
      -9.638753890991211,
      -9.63888168334961,
      -9.639103889465332,
      -9.638639450073242,
      -9.63928508758545,
      -9.639215469360352,
      -9.639595031738281,
      -9.639059066772461,
      -9.639023780822754,
      -9.638898849487305,
      -9.63871955871582,
      -9.638240814208984,
      -9.638525009155273
    ]
  ],
  "digital_baseline": -9.636253395080566,
  "mean": [
    -9.637601585388184,
    -9.63868148803711,
    -9.639047813415527,
    -9.639065628051759,
    -9.639087677001953,
    -9.63921802520752,
    -9.638977165222167
  ],
  "std": [
    0.0006429237129202213,
    0.0005111579694458752,
    0.0005178781361904022,
    0.0005246615356492134,
    0.0003272394420246007,
    0.00041005429209755646,
    0.00040404274372069296
  ],
  "normalized_mean": [
    0.9998600918580756,
    0.9997480252067901,
    0.9997100098741293,
    0.9997081611643143,
    0.9997058730395327,
    0.9996923461842061,
    0.9997173413742947
  ],
  "normalized_std": [
    6.671926178782746e-05,
    5.3045301787811854e-05,
    5.374268556021844e-05,
    5.4446631293139305e-05,
    3.395919851917351e-05,
    4.255329071222791e-05,
    4.192944364943351e-05
  ],
  "degradation_threshold_10pct": 16.0
}