{
  "sigma_values": [
    2.0,
    4.0,
    6.0,
    8.0,
    10.0,
    12.0,
    16.0
  ],
  "metric_name": "quality_vs_adc_bits_sigma0.050",
  "per_trial": [
    [
      -8.632452011108398,
      -8.632452011108398,
      -8.632452011108398,
      -8.632452011108398,
      -8.632452011108398,
      -8.632452011108398,
      -8.632452011108398,
      -8.632452011108398,
      -8.632452011108398,
      -8.632452011108398,
      -8.632452011108398,
      -8.632452011108398,
      -8.632452011108398,
      -8.632452011108398,
      -8.632452011108398,
      -8.632452011108398,
      -8.632452011108398,
      -8.632452011108398,
      -8.632452011108398,
      -8.632452011108398,
      -8.632452011108398,
      -8.632452011108398,
      -8.632452011108398,
      -8.632452011108398,
      -8.632452011108398
    ],
    [
      -6.191308975219727,
      -6.156056880950928,
      -6.168417930603027,
      -6.1621270179748535,
      -6.172693252563477,
      -6.165820598602295,
      -6.154872894287109,
      -6.160749435424805,
      -6.171590328216553,
      -6.158967018127441,
      -6.156277179718018,
      -6.184145450592041,
      -6.157041072845459,
      -6.170650482177734,
      -6.1535515785217285,
      -6.165724754333496,
      -6.17094087600708,
      -6.183100700378418,
      -6.170666217803955,
      -6.169204235076904,
      -6.159696578979492,
      -6.176986217498779,
      -6.178072452545166,
      -6.165894031524658,
      -6.1746721267700195
    ],
    [
      -6.123813152313232,
      -6.127501487731934,
      -6.141018867492676,
      -6.103166103363037,
      -6.115520000457764,
      -6.131744861602783,
      -6.135434627532959,
      -6.112740516662598,
      -6.122915267944336,
      -6.1344895362854,
      -6.117886066436768,
      -6.118189811706543,
      -6.134701251983643,
      -6.120145320892334,
      -6.109470844268799,
      -6.13104772567749,
      -6.136820316314697,
      -6.119476318359375,
      -6.12773323059082,
      -6.121252059936523,
      -6.136851787567139,
      -6.124139785766602,
      -6.132126331329346,
      -6.119046688079834,
      -6.105854034423828
    ],
    [
      -6.1828227043151855,
      -6.161463260650635,
      -6.173572540283203,
      -6.190404891967773,
      -6.172548294067383,
      -6.1820831298828125,
      -6.161750316619873,
      -6.184849739074707,
      -6.169960021972656,
      -6.1692986488342285,
      -6.18354606628418,
      -6.180914402008057,
      -6.196837425231934,
      -6.164669990539551,
      -6.177576541900635,
      -6.1747002601623535,
      -6.174771785736084,
      -6.1758880615234375,
      -6.172476291656494,
      -6.175765514373779,
      -6.160274505615234,
      -6.161556720733643,
      -6.17167329788208,
      -6.189874172210693,
      -6.189858913421631
    ],
    [
      -6.183418273925781,
      -6.18592643737793,
      -6.197624206542969,
      -6.194106101989746,
      -6.189184665679932,
      -6.189508438110352,
      -6.186539173126221,
      -6.183112621307373,
      -6.188902854919434,
      -6.192230701446533,
      -6.190114498138428,
      -6.169245719909668,
      -6.192509174346924,
      -6.198615550994873,
      -6.198760986328125,
      -6.180636882781982,
      -6.171296119689941,
      -6.18693208694458,
      -6.18953275680542,
      -6.18686056137085,
      -6.1860551834106445,
      -6.204897880554199,
      -6.191915035247803,
      -6.181790351867676,
      -6.192683696746826
    ],
    [
      -6.183504104614258,
      -6.183133125305176,
      -6.192504405975342,
      -6.194016933441162,
      -6.196555137634277,
      -6.2022624015808105,
      -6.195555210113525,
      -6.1778693199157715,
      -6.2040815353393555,
      -6.18942403793335,
      -6.191320419311523,
      -6.191162586212158,
      -6.201966285705566,
      -6.203087329864502,
      -6.192574501037598,
      -6.199434280395508,
      -6.204444408416748,
      -6.204653739929199,
      -6.1825032234191895,
      -6.187196254730225,
      -6.204458713531494,
      -6.208609580993652,
      -6.181295871734619,
      -6.196100234985352,
      -6.199734687805176
    ],
    [
      -6.175123691558838,
      -6.182904243469238,
      -6.1854424476623535,
      -6.203230857849121,
      -6.189279556274414,
      -6.179903507232666,
      -6.181169033050537,
      -6.1754584312438965,
      -6.200223922729492,
      -6.187100887298584,
      -6.182506084442139,
      -6.179411888122559,
      -6.18829345703125,
      -6.180761814117432,
      -6.204115867614746,
      -6.185695648193359,
      -6.196615695953369,
      -6.185141086578369,
      -6.188487529754639,
      -6.191612720489502,
      -6.190876007080078,
      -6.186395168304443,
      -6.195720195770264,
      -6.19191837310791,
      -6.181556224822998
    ]
  ],
  "digital_baseline": -5.492458343505859,
  "mean": [
    -8.632452011108398,
    -6.167969131469727,
    -6.124123439788819,
    -6.17596549987793,
    -6.188495998382568,
    -6.1946979331970216,
    -6.187557773590088
  ],
  "std": [
    0.0,
    0.009697924817548565,
    0.009977703294380318,
    0.009805958478990875,
    0.007760536840496811,
    0.008470442544935886,
    0.007723310066495474
  ],
  "normalized_mean": [
    0.42830815069991635,
    0.8770112132461462,
    0.8849941034091184,
    0.8755553317613721,
    0.873273931025861,
    0.8721447581807384,
    0.8734447515826687
  ],
  "normalized_std": [
    0.0,
    0.0017656801765306314,
    0.0018166188381160315,
    0.0017853496313877712,
    0.001412944141792658,
    0.0015421951365277296,
    0.0014061663436423357
  ],
  "degradation_threshold_10pct": 0.0
}