{
  "sigma_values": [
    0.0,
    0.01,
    0.02,
    0.03,
    0.05,
    0.07,
    0.1,
    0.12,
    0.15
  ],
  "metric_name": "quality_mismatch_only",
  "per_trial": [
    [
      -9.628555297851562,
      -9.628520965576172,
      -9.628510475158691,
      -9.628440856933594,
      -9.628437995910645,
      -9.62849235534668,
      -9.628576278686523,
      -9.628518104553223,
      -9.62852954864502,
      -9.628555297851562
    ],
    [
      -9.628766059875488,
      -9.628283500671387,
      -9.62873649597168,
      -9.62918758392334,
      -9.628061294555664,
      -9.62814712524414,
      -9.628372192382812,
      -9.628644943237305,
      -9.628518104553223,
      -9.629097938537598
    ],
    [
      -9.628263473510742,
      -9.6298189163208,
      -9.628780364990234,
      -9.628024101257324,
      -9.629467010498047,
      -9.628397941589355,
      -9.628411293029785,
      -9.627819061279297,
      -9.627410888671875,
      -9.629656791687012
    ],
    [
      -9.628474235534668,
      -9.628962516784668,
      -9.629426956176758,
      -9.629027366638184,
      -9.6287202835083,
      -9.630499839782715,
      -9.629606246948242,
      -9.62739086151123,
      -9.627427101135254,
      -9.629626274108887
    ],
    [
      -9.627500534057617,
      -9.625903129577637,
      -9.627150535583496,
      -9.629682540893555,
      -9.627318382263184,
      -9.628016471862793,
      -9.627273559570312,
      -9.627323150634766,
      -9.628941535949707,
      -9.628901481628418
    ],
    [
      -9.628827095031738,
      -9.63117790222168,
      -9.631786346435547,
      -9.627569198608398,
      -9.629088401794434,
      -9.625131607055664,
      -9.626588821411133,
      -9.625932693481445,
      -9.630363464355469,
      -9.630266189575195
    ],
    [
      -9.63486385345459,
      -9.623411178588867,
      -9.631932258605957,
      -9.63115119934082,
      -9.629167556762695,
      -9.632207870483398,
      -9.625299453735352,
      -9.633378028869629,
      -9.624382972717285,
      -9.62840461730957
    ],
    [
      -9.63276481628418,
      -9.63077163696289,
      -9.625984191894531,
      -9.629015922546387,
      -9.63264274597168,
      -9.622774124145508,
      -9.633694648742676,
      -9.62802791595459,
      -9.6359224319458,
      -9.628604888916016
    ],
    [
      -9.638886451721191,
      -9.625875473022461,
      -9.630617141723633,
      -9.624078750610352,
      -9.62431812286377,
      -9.634424209594727,
      -9.630385398864746,
      -9.632196426391602,
      -9.632882118225098,
      -9.622444152832031
    ]
  ],
  "digital_baseline": -9.628514766693115,
  "mean": [
    -9.628513717651368,
    -9.628581523895264,
    -9.628604984283447,
    -9.628916168212891,
    -9.627801132202148,
    -9.62867317199707,
    -9.629419898986816,
    -9.630020332336425,
    -9.629610824584962
  ],
  "std": [
    4.382172398607147e-05,
    0.0003594558410650024,
    0.0007701788342546637,
    0.0009241995950503114,
    0.0010465780110638816,
    0.002171925626386513,
    0.00376740572372807,
    0.003729464973182541,
    0.0050213129914731215
  ],
  "normalized_mean": [
    1.0000001089515644,
    0.9999930667186201,
    0.9999906301654494,
    0.9999583111695312,
    1.0000741167779517,
    0.9999835483137542,
    0.9999059946091756,
    0.999843634695507,
    0.9998861654244289
  ],
  "normalized_std": [
    4.551244407669108e-06,
    3.7332428705248426e-05,
    7.998937041867147e-05,
    9.59856860008457e-05,
    0.00010869568530799749,
    0.00022557223819187787,
    0.0003912758940517234,
    0.000387335436830141,
    0.0005215044181936355
  ],
  "degradation_threshold_10pct": 0.15
}