{
  "sigma_values": [
    0.0,
    0.01,
    0.02,
    0.03,
    0.05,
    0.07,
    0.1,
    0.12,
    0.15
  ],
  "metric_name": "quality_thermal_only",
  "per_trial": [
    [
      -7.098855018615723,
      -7.061254978179932,
      -7.132987976074219,
      -7.055253028869629,
      -7.098137378692627,
      -7.082730293273926,
      -7.058999061584473,
      -7.040426254272461,
      -7.116635799407959,
      -7.1220526695251465
    ],
    [
      -7.064004421234131,
      -7.039259433746338,
      -7.124144077301025,
      -7.064472675323486,
      -7.130862712860107,
      -7.1103363037109375,
      -7.131580829620361,
      -7.0789384841918945,
      -7.054375648498535,
      -7.053353309631348
    ],
    [
      -7.104589939117432,
      -7.070956230163574,
      -7.175293445587158,
      -6.944215297698975,
      -7.0680251121521,
      -7.163146018981934,
      -7.112402439117432,
      -7.0850677490234375,
      -7.084902763366699,
      -7.128456115722656
    ],
    [
      -7.1282267570495605,
      -7.058724880218506,
      -7.124753952026367,
      -7.202254772186279,
      -7.0712971687316895,
      -7.102504253387451,
      -7.129814624786377,
      -7.151121139526367,
      -7.108801364898682,
      -7.0915303230285645
    ],
    [
      -7.084625720977783,
      -7.014186382293701,
      -7.158909320831299,
      -7.052821636199951,
      -7.09083366394043,
      -7.126300811767578,
      -7.0620198249816895,
      -7.106770992279053,
      -7.109711170196533,
      -7.127577781677246
    ],
    [
      -7.112763404846191,
      -7.159377574920654,
      -7.108826637268066,
      -7.066653728485107,
      -7.039325714111328,
      -7.133538246154785,
      -7.10193395614624,
      -7.03607177734375,
      -7.123836517333984,
      -7.163234710693359
    ],
    [
      -7.0730814933776855,
      -7.1710896492004395,
      -7.127823829650879,
      -7.0200042724609375,
      -7.071254253387451,
      -7.153329849243164,
      -7.046900272369385,
      -7.054646968841553,
      -7.114274501800537,
      -7.095317363739014
    ],
    [
      -7.106287479400635,
      -7.0333571434021,
      -7.123613357543945,
      -7.109334945678711,
      -7.143319129943848,
      -7.04892635345459,
      -7.124335765838623,
      -7.035731792449951,
      -7.1549506187438965,
      -7.016102313995361
    ],
    [
      -7.0490851402282715,
      -7.133370876312256,
      -7.106222152709961,
      -7.09453821182251,
      -7.076416969299316,
      -7.0505690574646,
      -7.146295070648193,
      -7.137757301330566,
      -7.137445449829102,
      -7.148397922515869
    ]
  ],
  "digital_baseline": -7.1083591938018795,
  "mean": [
    -7.08673324584961,
    -7.085132789611817,
    -7.093705511093139,
    -7.116902923583984,
    -7.093375730514526,
    -7.104556226730347,
    -7.0927722454071045,
    -7.089595890045166,
    -7.1080098152160645
  ],
  "std": [
    0.030212262985059808,
    0.033730792369943315,
    0.06068827026556024,
    0.0389790965300578,
    0.03997071100802135,
    0.0425845525896862,
    0.04604560732679425,
    0.048279569350810854,
    0.03666859508042435
  ],
  "normalized_mean": [
    1.0030423262756794,
    1.0032674775650499,
    1.002061471896569,
    0.9987980728675678,
    1.0021078652441224,
    1.0005349992829355,
    1.0021927631918721,
    1.0026396110895852,
    1.0000491503842575
  ],
  "normalized_std": [
    0.004250244277385889,
    0.0047452290254767675,
    0.008537591954902514,
    0.005483557522535658,
    0.0056230572932884065,
    0.005990771066664403,
    0.006477670313416861,
    0.006791942842858607,
    0.005158517469460107
  ],
  "degradation_threshold_10pct": 0.15
}