{
  "sigma_values": [
    0.0,
    0.01,
    0.02,
    0.03,
    0.05,
    0.07,
    0.1,
    0.12,
    0.15
  ],
  "metric_name": "output_mse",
  "per_trial": [
    [
      -0.6681801676750183,
      -0.7072246670722961,
      -0.6900762319564819,
      -0.7086036801338196,
      -0.6712513566017151,
      -0.7239128351211548,
      -0.7126699686050415,
      -0.7427760362625122,
      -0.7003334760665894,
      -0.715686023235321,
      -0.7019904851913452,
      -0.7170788049697876,
      -0.6885654926300049,
      -0.6843886375427246,
      -0.6811966896057129,
      -0.6724106669425964,
      -0.7160009145736694,
      -0.7234287261962891,
      -0.6833412051200867,
      -0.7058216333389282,
      -0.6961553692817688,
      -0.7312725186347961,
      -0.6580970883369446,
      -0.6997854709625244,
      -0.6707143187522888,
      -0.6691532731056213,
      -0.7262094020843506,
      -0.6683992147445679,
      -0.7048664093017578,
      -0.7003132104873657,
      -0.6766306161880493,
      -0.684222936630249,
      -0.6498829126358032,
      -0.7234101295471191,
      -0.6775558590888977,
      -0.7109489440917969,
      -0.7097432017326355,
      -0.6702859401702881,
      -0.6788336038589478,
      -0.7082267999649048,
      -0.6990999579429626,
      -0.7155999541282654,
      -0.7113919258117676,
      -0.6514971256256104,
      -0.6749733090400696,
      -0.6903642416000366,
      -0.6678897738456726,
      -0.690757155418396,
      -0.7384496331214905,
      -0.6837204098701477
    ],
    [
      -0.7004655599594116,
      -0.6835204362869263,
      -0.7269806861877441,
      -0.6715924143791199,
      -0.6723507642745972,
      -0.6977438926696777,
      -0.6770174503326416,
      -0.6805229187011719,
      -0.6649128198623657,
      -0.7150387763977051,
      -0.6806981563568115,
      -0.6973348259925842,
      -0.6691428422927856,
      -0.6972862482070923,
      -0.6958408355712891,
      -0.697843611240387,
      -0.6540135145187378,
      -0.6794337630271912,
      -0.7008100748062134,
      -0.6905994415283203,
      -0.683591365814209,
      -0.6973713636398315,
      -0.6990318298339844,
      -0.7048266530036926,
      -0.700204610824585,
      -0.7047216296195984,
      -0.7066187262535095,
      -0.6974054574966431,
      -0.6607522368431091,
      -0.6581099033355713,
      -0.7133744955062866,
      -0.7087957262992859,
      -0.708719789981842,
      -0.6971457600593567,
      -0.6850082278251648,
      -0.692110002040863,
      -0.6771627068519592,
      -0.7276142239570618,
      -0.7101461291313171,
      -0.728982150554657,
      -0.7040489315986633,
      -0.712637722492218,
      -0.7765807509422302,
      -0.6675782799720764,
      -0.7035971283912659,
      -0.7621373534202576,
      -0.6789830923080444,
      -0.6921539306640625,
      -0.7319338917732239,
      -0.6881881952285767
    ],
    [
      -0.6898119449615479,
      -0.6454042792320251,
      -0.7029607892036438,
      -0.6872799396514893,
      -0.6882686018943787,
      -0.6951847076416016,
      -0.6996503472328186,
      -0.7024011015892029,
      -0.7286447286605835,
      -0.7167695760726929,
      -0.7168425917625427,
      -0.679966151714325,
      -0.7099958062171936,
      -0.6793087720870972,
      -0.7337831854820251,
      -0.7051065564155579,
      -0.6691992878913879,
      -0.718514621257782,
      -0.7354264259338379,
      -0.6986824870109558,
      -0.7333767414093018,
      -0.7167190313339233,
      -0.6617466807365417,
      -0.7146447896957397,
      -0.6860913634300232,
      -0.6567071676254272,
      -0.7328624725341797,
      -0.6700807213783264,
      -0.6729055643081665,
      -0.7335793375968933,
      -0.6855259537696838,
      -0.7010454535484314,
      -0.6859517693519592,
      -0.6926161050796509,
      -0.6579506397247314,
      -0.7366317510604858,
      -0.6846081614494324,
      -0.7210385203361511,
      -0.6941795945167542,
      -0.7005966305732727,
      -0.6721483469009399,
      -0.7053170204162598,
      -0.7333064079284668,
      -0.6837171912193298,
      -0.6949441432952881,
      -0.7488215565681458,
      -0.6859163045883179,
      -0.671364963054657,
      -0.7054374814033508,
      -0.6342283487319946
    ],
    [
      -0.7484122514724731,
      -0.7095848917961121,
      -0.6913824677467346,
      -0.6933045983314514,
      -0.7152478098869324,
      -0.6597416400909424,
      -0.662078857421875,
      -0.7105755805969238,
      -0.6977452039718628,
      -0.6921735405921936,
      -0.6805986762046814,
      -0.6790454983711243,
      -0.6491636037826538,
      -0.749843418598175,
      -0.6830189228057861,
      -0.6530874371528625,
      -0.7257621884346008,
      -0.6784749627113342,
      -0.6870486736297607,
      -0.7669990658760071,
      -0.7094957828521729,
      -0.6973762512207031,
      -0.7697107791900635,
      -0.6372058987617493,
      -0.6834778785705566,
      -0.7044159770011902,
      -0.8006938099861145,
      -0.6683042645454407,
      -0.7378466725349426,
      -0.6884119510650635,
      -0.7131788730621338,
      -0.665880560874939,
      -0.7502802014350891,
      -0.7302665710449219,
      -0.6948293447494507,
      -0.6955756545066833,
      -0.7322189211845398,
      -0.6884096264839172,
      -0.6911225914955139,
      -0.6848964691162109,
      -0.7535346746444702,
      -0.6814510822296143,
      -0.7177571058273315,
      -0.6424879431724548,
      -0.6985977292060852,
      -0.8111860156059265,
      -0.6612139940261841,
      -0.7179663181304932,
      -0.6603459119796753,
      -0.6688830852508545
    ],
    [
      -0.6317659020423889,
      -0.6970062851905823,
      -0.678947389125824,
      -0.717288613319397,
      -0.7659763097763062,
      -0.6764785647392273,
      -0.7032206058502197,
      -0.7179680466651917,
      -0.671904444694519,
      -0.6041494607925415,
      -0.7361103892326355,
      -0.638839066028595,
      -0.7695237994194031,
      -0.7147341370582581,
      -0.6445378661155701,
      -0.6822464466094971,
      -0.643268883228302,
      -0.7332257628440857,
      -0.7585910558700562,
      -0.6457086801528931,
      -0.6629461050033569,
      -0.8278446197509766,
      -0.6820139288902283,
      -0.6617304086685181,
      -0.6775926947593689,
      -0.7961787581443787,
      -0.7300655245780945,
      -0.744293212890625,
      -0.6353395581245422,
      -0.6504870653152466,
      -0.6012087464332581,
      -0.742495596408844,
      -0.7140186429023743,
      -0.6766140460968018,
      -0.6908375024795532,
      -0.6927242875099182,
      -0.7350103259086609,
      -0.6174482107162476,
      -0.7769227623939514,
      -0.6007754802703857,
      -0.6821346879005432,
      -0.7071383595466614,
      -0.7493623495101929,
      -0.7930665016174316,
      -0.6918428540229797,
      -0.7208319306373596,
      -0.7332562208175659,
      -0.6516811847686768,
      -0.6688044667243958,
      -0.7303303480148315
    ],
    [
      -0.688416600227356,
      -0.7096070051193237,
      -0.7045114636421204,
      -0.6737191677093506,
      -0.7692287564277649,
      -0.6086146831512451,
      -0.6948920488357544,
      -0.6062902212142944,
      -0.7862041592597961,
      -0.7641362547874451,
      -0.7738799452781677,
      -0.7392899394035339,
      -0.7318892478942871,
      -0.6276846528053284,
      -0.6694938540458679,
      -0.7150143980979919,
      -0.6424810886383057,
      -0.7130811214447021,
      -0.7894870042800903,
      -0.6096093654632568,
      -0.7029656171798706,
      -0.6180393695831299,
      -0.7330880761146545,
      -0.662372350692749,
      -0.777611255645752,
      -0.6164600849151611,
      -0.7662286162376404,
      -0.6890202164649963,
      -0.5974942445755005,
      -0.6898863315582275,
      -0.8331510424613953,
      -0.733127236366272,
      -0.7573961019515991,
      -0.676228404045105,
      -0.8153066039085388,
      -0.7138317823410034,
      -0.6948842406272888,
      -0.5906285643577576,
