{
  "sigma_values": [
    0.0,
    0.01,
    0.02,
    0.03,
    0.05,
    0.07,
    0.1,
    0.12,
    0.15
  ],
  "metric_name": "quality",
  "per_trial": [
    [
      -8.000852584838867,
      -8.000657081604004,
      -8.000730514526367,
      -8.000636100769043,
      -8.000688552856445,
      -8.000794410705566,
      -8.000776290893555,
      -8.00069808959961,
      -8.00063419342041,
      -8.000774383544922,
      -8.000856399536133,
      -8.00068473815918,
      -8.000715255737305,
      -8.000786781311035,
      -8.00062370300293,
      -8.000570297241211,
      -8.000754356384277,
      -8.000699996948242,
      -8.00073528289795,
      -8.000758171081543,
      -8.000757217407227,
      -8.000712394714355,
      -8.000701904296875,
      -8.000800132751465,
      -8.000714302062988,
      -8.000732421875,
      -8.000757217407227,
      -8.000720977783203,
      -8.000770568847656,
      -8.000621795654297,
      -8.00068473815918,
      -8.000737190246582,
      -8.00082015991211,
      -8.000738143920898,
      -8.000812530517578,
      -8.000730514526367,
      -8.000578880310059,
      -8.000775337219238,
      -8.000779151916504,
      -8.000704765319824,
      -8.000655174255371,
      -8.000775337219238,
      -8.000748634338379,
      -8.000876426696777,
      -8.000764846801758,
      -8.000712394714355,
      -8.000716209411621,
      -8.000639915466309,
      -8.00090217590332,
      -8.0005521774292
    ],
    [
      -8.004494667053223,
      -7.9980082511901855,
      -8.002695083618164,
      -8.00792121887207,
      -8.005377769470215,
      -7.997459888458252,
      -7.992147922515869,
      -8.009222030639648,
      -8.002948760986328,
      -7.995044231414795,
      -8.006056785583496,
      -7.990302085876465,
      -7.985249996185303,
      -8.003148078918457,
      -8.007550239562988,
      -7.998018741607666,
      -7.996573448181152,
      -7.992055892944336,
      -8.003388404846191,
      -8.003427505493164,
      -8.030640602111816,
      -7.9864044189453125,
      -7.998159885406494,
      -7.982600212097168,
      -8.017502784729004,
      -8.005687713623047,
      -8.002436637878418,
      -7.994409084320068,
      -7.999720573425293,
      -8.019508361816406,
      -7.997560977935791,
      -8.008089065551758,
      -7.989986419677734,
      -8.005501747131348,
      -7.993834495544434,
      -8.013246536254883,
      -7.984894275665283,
      -8.00184154510498,
      -8.000626564025879,
      -7.9897942543029785,
      -7.992639064788818,
      -8.01496696472168,
      -7.993619441986084,
      -7.999328136444092,
      -7.995218276977539,
      -8.007651329040527,
      -8.01807689666748,
      -7.993962287902832,
      -7.9999542236328125,
      -8.010293006896973
    ],
    [
      -7.9902448654174805,
      -7.996860504150391,
      -8.004741668701172,
      -7.981264114379883,
      -7.986500263214111,
      -8.020628929138184,
      -7.988697528839111,
      -7.990514278411865,
      -7.97321891784668,
      -7.984275817871094,
      -8.004883766174316,
      -7.986419677734375,
      -8.022287368774414,
      -8.034614562988281,
      -8.024154663085938,
      -7.973300457000732,
      -8.006988525390625,
      -8.00981330871582,
      -7.968812465667725,
      -8.00118637084961,
      -8.003717422485352,
      -8.026537895202637,
      -7.9983673095703125,
      -7.997847080230713,
      -7.976005554199219,
      -8.017621994018555,
      -7.974562644958496,
      -8.000454902648926,
      -8.017597198486328,
      -7.980010032653809,
      -7.984768867492676,
      -8.01390552520752,
      -7.9961466789245605,
      -8.018655776977539,
      -8.016738891601562,
      -8.05156421661377,
      -7.984260082244873,
      -8.028050422668457,
      -7.992308616638184,
      -7.999769687652588,
      -8.019344329833984,
      -7.98598051071167,
      -7.979768753051758,
      -7.975672245025635,
      -8.01528549194336,
      -8.026897430419922,
      -7.99894380569458,
      -7.991798400878906,
      -8.02641773223877,
      -8.007248878479004
    ],
    [
      -8.01558780670166,
      -8.001022338867188,
      -8.04662036895752,
      -7.971522808074951,
      -8.011985778808594,
      -8.052519798278809,
      -8.046334266662598,
      -7.95019006729126,
      -7.941568851470947,
      -8.020670890808105,
      -7.980345249176025,
      -7.976688861846924,
      -8.026838302612305,
      -7.998522758483887,
      -7.987668991088867,
      -7.980393886566162,
      -7.996277809143066,
      -7.983952522277832,
      -8.018099784851074,
      -7.9586029052734375,
      -8.004932403564453,
      -8.018221855163574,
      -7.960169315338135,
      -7.991763114929199,
      -7.9810404777526855,
      -8.000535011291504,
      -8.033357620239258,
      -7.997721195220947,
      -8.050230979919434,
      -8.00157642364502,
      -8.029095649719238,
      -8.050586700439453,
      -8.003463745117188,
      -8.009878158569336,
      -7.973831653594971,
      -7.955036640167236,
      -7.981142997741699,
      -8.05699634552002,
      -8.009777069091797,
      -7.986291408538818,
      -7.996766090393066,
      -7.984844207763672,
      -8.003093719482422,
      -8.020659446716309,
      -8.018972396850586,
      -8.001167297363281,
      -8.013683319091797,
      -8.019469261169434,
      -7.95790958404541,
      -8.019853591918945
    ],
    [
      -7.971729278564453,
      -7.934083938598633,
      -8.001378059387207,
      -8.00571060180664,
      -7.9731035232543945,
      -7.973088264465332,
      -8.007716178894043,
      -7.978514194488525,
      -8.01625919342041,
      -8.010330200195312,
      -8.007658958435059,
      -7.993753910064697,
      -7.925890922546387,
      -8.004061698913574,
      -7.995533466339111,
      -7.952913284301758,
      -7.999427318572998,
      -8.015544891357422,
      -8.0036039352417,
      -7.988953113555908,
      -8.073946952819824,
      -8.057199478149414,
      -8.01963996887207,
      -7.939450740814209,
      -8.00295639038086,
      -7.996964931488037,
      -8.011430740356445,
      -7.967532634735107,
      -8.001477241516113,
      -8.068800926208496,
      -7.975546360015869,
      -8.022786140441895,
      -8.062081336975098,
      -7.980729103088379,
      -7.997591495513916,
      -7.995881080627441,
      -7.982638835906982,
      -7.988729953765869,
      -7.996124267578125,
      -8.027119636535645,
      -8.023122787475586,
      -8.017239570617676,
      -7.9760894775390625,
      -8.004277229309082,
      -7.96211051940918,
      -8.008258819580078,
      -8.056502342224121,
      -7.943787574768066,
      -7.993743419647217,
      -7.9365315437316895
    ],
    [
      -7.996478080749512,
      -7.943753719329834,
      -7.964467525482178,
      -7.946939945220947,
      -7.9488139152526855,
      -7.933603763580322,
      -8.012514114379883,
      -8.171226501464844,
      -8.09606647491455,
      -7.928370475769043,
      -7.973761558532715,
      -8.073616981506348,
      -7.993734836578369,
      -8.003304481506348,
      -8.072566986083984,
      -8.068327903747559,
      -8.020818710327148,
      -7.912881374359131,
      -8.051441192626953,
      -8.00362491607666,
      -7.977928638458252,
      -7.976500511169434,
      -8.071086883544922,
      -8.053974151611328,
      -8.011466026306152,
      -8.015545845031738,
      -8.007196426391602,
      -7.872408390045166,
      -7.9948811531066895,
      -8.084492683410645,
      -7.905135154724121,
      -8.01480484008789,
      -8.06490707397461,
      -8.09238052368164,
      -8.041852951049805,
      -7.852046012878418,
      -8.00844669342041,
      -7.957035541534424,
      -8.055644989013672,
      -7.9719767570495605,
      -8.00711441040039,
      -8.014740943908691,
      -8.127033233642578,
      -8.014874458312988,
      -8.03929615020752,
      -7.957012176513672,
      -8.034283638000488,
      -7.983679294586182,
      -7.983387470245361,
      -8.092901229858398
    ],
