{
  "sigma_values": [
    2.0,
    4.0,
    6.0,
    8.0,
    10.0,
    12.0,
    16.0
  ],
  "metric_name": "quality_vs_adc_bits_sigma0.050",
  "per_trial": [
    [
      -7.033425807952881,
      -6.915059566497803,
      -6.918292999267578,
      -7.025121688842773,
      -7.045086860656738,
      -7.027837753295898,
      -6.898733139038086,
      -7.17256498336792,
      -6.996943473815918,
      -6.900728225708008,
      -7.101927757263184,
      -6.880924224853516,
      -7.0702595710754395,
      -6.986714839935303,
      -6.958085060119629,
      -7.028768062591553,
      -6.933072566986084,
      -7.031238555908203,
      -6.97846794128418,
      -7.025665283203125,
      -7.159931659698486,
      -6.981785297393799,
      -6.850829601287842,
      -7.015888690948486,
      -6.998116493225098,
      -7.020998477935791,
      -6.936209201812744,
      -7.021324634552002,
      -7.0803751945495605,
      -6.97374153137207,
      -7.016528129577637,
      -7.038591384887695,
      -6.829160690307617,
      -6.868556499481201,
      -6.9356369972229,
      -6.974911689758301,
      -6.897839546203613,
      -6.993649005889893,
      -6.9846577644348145,
      -6.910224914550781,
      -6.939427852630615,
      -6.969152450561523,
      -7.21968936920166,
      -7.060449123382568,
      -6.971289157867432,
      -6.988786697387695,
      -6.869598865509033,
      -7.0630292892456055,
      -6.894987106323242,
      -7.08942985534668
    ],
    [
      -7.082127571105957,
      -7.2194294929504395,
      -7.4273271560668945,
      -7.684216022491455,
      -7.100400447845459,
      -7.403671741485596,
      -7.498969078063965,
      -7.940341472625732,
      -6.9785308837890625,
      -7.747834205627441,
      -7.818963527679443,
      -8.030948638916016,
      -7.205746650695801,
      -7.118768215179443,
      -6.800111770629883,
      -7.087273597717285,
      -7.516928195953369,
      -7.06081485748291,
      -7.511596202850342,
      -7.595572471618652,
      -6.755862712860107,
      -7.493134021759033,
      -7.245814323425293,
      -7.75877046585083,
      -7.742458343505859,
      -7.929992198944092,
      -7.557346343994141,
      -8.197555541992188,
      -8.057881355285645,
      -7.484208106994629,
      -7.529806137084961,
      -7.841188907623291,
      -7.972598552703857,
      -8.117693901062012,
      -8.497739791870117,
      -7.618222236633301,
      -7.960558891296387,
      -7.603579044342041,
      -7.907110691070557,
      -7.947345733642578,
      -7.3483476638793945,
      -7.16401481628418,
      -7.621463775634766,
      -7.747265815734863,
      -7.392341136932373,
      -7.937808990478516,
      -7.42446231842041,
      -7.832047939300537,
      -6.881961345672607,
      -8.346038818359375
    ],
    [
      -7.900332450866699,
      -7.408755302429199,
      -7.617595672607422,
      -7.796694755554199,
      -6.818830966949463,
      -7.513158798217773,
      -6.973469257354736,
      -7.330554962158203,
      -8.041804313659668,
      -8.058463096618652,
      -6.951598644256592,
      -7.421719551086426,
      -7.084282875061035,
      -7.4849982261657715,
      -7.388115406036377,
      -7.781697750091553,
      -7.330289363861084,
      -6.941242694854736,
      -7.575141429901123,
      -6.930748462677002,
      -7.180855751037598,
      -7.360466480255127,
      -7.150330066680908,
      -7.676191806793213,
      -7.746469974517822,
      -7.33350133895874,
      -7.494877338409424,
      -7.094979763031006,
      -7.632091999053955,
      -7.555963516235352,
      -6.850254058837891,
      -7.248616695404053,
      -7.800559043884277,
      -7.197072505950928,
      -8.326857566833496,
      -7.546774387359619,
      -7.680188179016113,
      -7.107923984527588,
      -7.779433727264404,
      -7.750459671020508,
      -7.493326187133789,
      -7.195882320404053,
      -6.783127307891846,
      -7.337184906005859,
      -6.733767986297607,
      -8.822731018066406,
      -7.893690586090088,
      -7.739906311035156,
      -7.788870334625244,
      -7.585681915283203
    ],
    [
      -8.369152069091797,
      -7.187329292297363,
      -7.552182197570801,
      -6.470868110656738,
      -7.876025676727295,
      -8.18338394165039,
      -6.883308410644531,
      -7.333304405212402,
      -8.119930267333984,
      -7.992636203765869,
      -7.225314617156982,
      -7.237434387207031,
      -8.016840934753418,
      -7.911259174346924,
      -7.8084564208984375,
      -7.800469875335693,
      -7.398534297943115,
      -8.052043914794922,
      -6.6718292236328125,
      -7.262551784515381,
      -6.989495277404785,
      -7.391908168792725,
      -8.24397087097168,
      -8.105375289916992,
      -7.865289688110352,
      -7.3893914222717285,
      -7.730362892150879,
      -7.343593597412109,
      -7.225275039672852,
      -7.1175007820129395,
      -8.181694984436035,
      -7.3330841064453125,
      -7.069728851318359,
      -7.552881717681885,
      -6.578391075134277,
      -7.883942604064941,
      -7.575796604156494,
      -7.777439117431641,
      -7.441062927246094,
      -7.1420512199401855,
      -7.61018705368042,
      -7.555583477020264,
      -7.873262882232666,
      -7.912683010101318,
      -6.799306869506836,
      -6.814568519592285,
      -7.377114295959473,
      -7.331747531890869,
      -7.3697590827941895,
      -7.608213901519775
    ],
    [
      -7.367794036865234,
      -7.680052757263184,
      -7.708813667297363,
      -6.7868547439575195,
      -7.736863613128662,
      -7.353519916534424,
      -7.628318786621094,
      -7.386390209197998,
      -7.946892261505127,
      -7.068663597106934,
      -7.472648620605469,
      -7.211625576019287,
      -7.6089348793029785,
      -7.10725212097168,
      -7.913799285888672,
      -7.171252727508545,
      -7.127119064331055,
      -7.775666236877441,
      -7.102773666381836,
      -7.822649955749512,
      -8.062403678894043,
      -7.9350152015686035,
      -7.744078636169434,
      -7.593588352203369,
      -6.774661540985107,
      -7.725533485412598,
      -7.4776716232299805,
      -7.963694095611572,
      -7.8159637451171875,
      -7.502686977386475,
      -7.5912370681762695,
      -6.795835971832275,
      -7.41396427154541,
      -7.7197723388671875,
      -7.171473979949951,
      -7.155894756317139,
      -7.997191905975342,
      -6.854750156402588,
      -6.893639087677002,
      -7.835514545440674,
      -8.183187484741211,
      -6.561164855957031,
      -7.399494647979736,
      -7.559844493865967,
      -7.49236536026001,
      -7.6044087409973145,
      -7.120865345001221,
      -7.619780540466309,
      -7.418887138366699,
      -7.61543607711792
    ],
    [
      -7.405277729034424,
      -7.080972194671631,
      -6.734533309936523,
      -7.71769905090332,
      -7.557339191436768,
      -7.680336952209473,
      -7.039821147918701,
      -7.122389316558838,
      -7.587165832519531,
      -7.135575771331787,
      -8.427194595336914,
      -7.190037727355957,
      -8.023554801940918,
      -7.571798801422119,
      -7.187737941741943,
      -7.2672624588012695,
      -7.512906551361084,
      -7.498446941375732,
      -7.169185161590576,
      -7.937673091888428,
      -7.125325679779053,
      -7.131528854370117,
      -7.114805221557617,
      -7.045213222503662,
      -6.851789951324463,
      -7.587662696838379,
      -6.700085163116455,
      -8.197094917297363,
      -7.5381975173950195,
      -7.367166519165039,
      -6.853837013244629,
      -7.436799049377441,
      -7.391652584075928,
      -7.267799377441406,
      -7.728109836578369,
      -7.673418998718262,
      -7.568544864654541,
      -7.217165470123291,
      -7.12525749206543,
      -7.350621223449707,
      -7.150662422180176,
      -6.888267517089844,
      -7.81741189956665,
      -7.484337329864502,
      -7.505630016326904,
      -7.2909674644470215,
      -8.212631225585938,
      -7.099253177642822,
