{
  "sigma_values": [
    2.0,
    4.0,
    6.0,
    8.0,
    10.0,
    12.0,
    16.0
  ],
  "metric_name": "quality_vs_adc_bits_sigma0.050",
  "per_trial": [
    [
      -8.632452011108398,
      -8.632452011108398,
      -8.632452011108398,
      -8.632452011108398,
      -8.632452011108398,
      -8.632452011108398,
      -8.632452011108398,
      -8.632452011108398,
      -8.632452011108398,
      -8.632452011108398,
      -8.632452011108398,
      -8.632452011108398,
      -8.632452011108398,
      -8.632452011108398,
      -8.632452011108398,
      -8.632452011108398,
      -8.632452011108398,
      -8.632452011108398,
      -8.632452011108398,
      -8.632452011108398,
      -8.632452011108398,
      -8.632452011108398,
      -8.632452011108398,
      -8.632452011108398,
      -8.632452011108398
    ],
    [
      -7.496977806091309,
      -7.503669261932373,
      -7.508778095245361,
      -7.5063958168029785,
      -7.522565841674805,
      -7.485624313354492,
      -7.489559173583984,
      -7.522262096405029,
      -7.506527900695801,
      -7.513574600219727,
      -7.511890411376953,
      -7.514096736907959,
      -7.5018229484558105,
      -7.496307849884033,
      -7.5073137283325195,
      -7.515929698944092,
      -7.503384590148926,
      -7.503349781036377,
      -7.518772602081299,
      -7.511049747467041,
      -7.5320143699646,
      -7.5178351402282715,
      -7.511854648590088,
      -7.49353551864624,
      -7.5080413818359375
    ],
    [
      -7.528388500213623,
      -7.5229949951171875,
      -7.534778118133545,
      -7.525333404541016,
      -7.533494472503662,
      -7.538787364959717,
      -7.532127380371094,
      -7.515150547027588,
      -7.516849994659424,
      -7.499945163726807,
      -7.539600372314453,
      -7.5233354568481445,
      -7.523777008056641,
      -7.516844272613525,
      -7.5121331214904785,
      -7.503096103668213,
      -7.552086353302002,
      -7.512028217315674,
      -7.52919864654541,
      -7.521964073181152,
      -7.500882148742676,
      -7.516812324523926,
      -7.48132848739624,
      -7.5178608894348145,
      -7.526051044464111
    ],
    [
      -7.5508904457092285,
      -7.5251665115356445,
      -7.56260347366333,
      -7.548507213592529,
      -7.546228408813477,
      -7.529584884643555,
      -7.559418201446533,
      -7.538265228271484,
      -7.530364990234375,
      -7.547058582305908,
      -7.561105728149414,
      -7.538477420806885,
      -7.5226922035217285,
      -7.54812479019165,
      -7.561270713806152,
      -7.540299415588379,
      -7.541996479034424,
      -7.5437493324279785,
      -7.537726879119873,
      -7.532827377319336,
      -7.5383501052856445,
      -7.5277485847473145,
      -7.527089595794678,
      -7.533499717712402,
      -7.543704032897949
    ],
    [
      -7.5360894203186035,
      -7.564642429351807,
      -7.573582172393799,
      -7.564945697784424,
      -7.551917552947998,
      -7.5357160568237305,
      -7.554990768432617,
      -7.573896884918213,
      -7.549037456512451,
      -7.545408725738525,
      -7.552245140075684,
      -7.548006057739258,
      -7.536330699920654,
      -7.562304973602295,
      -7.569266319274902,
      -7.528417587280273,
      -7.578024864196777,
      -7.527614593505859,
      -7.5339250564575195,
      -7.564934253692627,
      -7.546047687530518,
      -7.556774139404297,
      -7.565502166748047,
      -7.542700290679932,
      -7.548580646514893
    ],
    [
      -7.5485968589782715,
      -7.54580020904541,
      -7.574099540710449,
      -7.569840908050537,
      -7.550017833709717,
      -7.523848056793213,
      -7.545748233795166,
      -7.582180976867676,
      -7.572302341461182,
      -7.543198585510254,
      -7.55112361907959,
      -7.5703654289245605,
      -7.556587219238281,
      -7.537225723266602,
      -7.519537448883057,
      -7.56050443649292,
      -7.543585300445557,
      -7.525164604187012,
      -7.5615081787109375,
      -7.552480697631836,
      -7.562398910522461,
      -7.556167125701904,
      -7.55460786819458,
      -7.598104000091553,
      -7.553412914276123
    ],
    [
      -7.530078411102295,
      -7.543054580688477,
      -7.561040878295898,
      -7.552969932556152,
      -7.547479629516602,
      -7.527711391448975,
      -7.554193019866943,
      -7.5591559410095215,
      -7.552893161773682,
      -7.574946880340576,
      -7.543101787567139,
      -7.551494598388672,
      -7.565061092376709,
      -7.526836395263672,
      -7.5511250495910645,
      -7.5420451164245605,
      -7.568285942077637,
      -7.558559894561768,
      -7.547290325164795,
      -7.563700199127197,
      -7.526044845581055,
      -7.578460216522217,
      -7.533449172973633,
      -7.5590434074401855,
      -7.562023639678955
    ]
  ],
  "digital_baseline": -7.538112163543701,
  "mean": [
    -8.632452011108398,
    -7.50812536239624,
    -7.520993938446045,
    -7.541470012664795,
    -7.552436065673828,
    -7.554336280822754,
    -7.551201820373535
  ],
  "std": [
    0.0,
    0.010561962695411348,
    0.014533124430788436,
    0.011408601164422643,
    0.014386178258479205,
    0.017665016468223632,
    0.01433811528754378
  ],
  "normalized_mean": [
    0.8548257410048614,
    1.00397802533272,
    1.0022708902078221,
    0.9995545503903042,
    0.9980998024678644,
    0.9978477214285141,
    0.9982635364736095
  ],
  "normalized_std": [
    0.0,
    0.0014011416209076572,
    0.001927952797130621,
    0.001513456010856093,
    0.001908459034087415,
    0.002343427118749481,
    0.0019020830383616057
  ],
  "degradation_threshold_10pct": 16.0
}