{
  "sigma_values": [
    0.0,
    0.01,
    0.02,
    0.03,
    0.05,
    0.07,
    0.1,
    0.12,
    0.15
  ],
  "metric_name": "quality_mismatch_only",
  "per_trial": [
    [
      -6.9559173583984375,
      -6.9559173583984375,
      -6.9559173583984375,
      -6.9559173583984375,
      -6.9559173583984375,
      -6.9559173583984375,
      -6.9559173583984375,
      -6.9559173583984375,
      -6.9559173583984375,
      -6.9559173583984375
    ],
    [
      -6.936948776245117,
      -6.971967697143555,
      -6.955972194671631,
      -6.9205780029296875,
      -7.005305767059326,
      -7.002597808837891,
      -6.930985450744629,
      -6.947535514831543,
      -6.955252647399902,
      -6.977202415466309
    ],
    [
      -6.940723896026611,
      -6.939582347869873,
      -6.978414535522461,
      -6.917118072509766,
      -6.923243522644043,
      -6.9832987785339355,
      -6.9658732414245605,
      -6.865114212036133,
      -6.95393180847168,
      -6.893112659454346
    ],
    [
      -6.953882694244385,
      -6.964027404785156,
      -6.843394756317139,
      -6.885562896728516,
      -6.859125137329102,
      -6.914782524108887,
      -6.937808990478516,
      -6.848848819732666,
      -6.979063510894775,
      -7.0145368576049805
    ],
    [
      -7.13893985748291,
      -7.154922962188721,
      -6.866393089294434,
      -6.844942092895508,
      -6.935280799865723,
      -7.055683135986328,
      -6.776556015014648,
      -7.0563225746154785,
      -6.950658321380615,
      -6.919708251953125
    ],
    [
      -6.739439964294434,
      -6.961623668670654,
      -7.252403736114502,
      -6.7858123779296875,
      -7.071213245391846,
      -6.942573547363281,
      -7.080109596252441,
      -7.261807918548584,
      -6.7278947830200195,
      -6.946144104003906
    ],
    [
      -6.86285400390625,
      -6.949334144592285,
      -7.136953353881836,
      -6.975654602050781,
      -7.359898567199707,
      -6.771964073181152,
      -7.031801700592041,
      -6.848142623901367,
      -7.207976818084717,
      -6.822375774383545
    ],
    [
      -6.746767520904541,
      -6.688034534454346,
      -7.224920749664307,
      -6.668678283691406,
      -6.983996391296387,
      -6.665979385375977,
      -7.297454357147217,
      -7.134949684143066,
      -6.974456310272217,
      -7.430085182189941
    ],
    [
      -6.842422962188721,
      -6.434828758239746,
      -7.323661804199219,
      -6.859806060791016,
      -6.68729305267334,
      -6.9567975997924805,
      -7.179399013519287,
      -7.1630730628967285,
      -6.641908168792725,
      -7.555838108062744
    ]
  ],
  "digital_baseline": -6.9559173583984375,
  "mean": [
    -6.9559173583984375,
    -6.960434627532959,
    -6.936041307449341,
    -6.920103359222412,
    -6.969940710067749,
    -6.976902294158935,
    -6.996695566177368,
    -6.981532239913941,
    -6.9645028591156
  ],
  "std": [
    0.0,
    0.02725044313324833,
    0.035593022833355345,
    0.056284062816877874,
    0.12059583725504072,
    0.1827251986902979,
    0.1791702753460459,
    0.26880180881255294,
    0.3242953227342903
  ],
  "normalized_mean": [
    1.0,
    0.9993505861410117,
    1.0028574305767302,
    1.0051487097000633,
    0.9979839680452242,
    0.9969831533816081,
    0.9941376233100735,
    0.996317540851089,
    0.9987657270386059
  ],
  "normalized_std": [
    0.0,
    0.003917591559702285,
    0.005116941590799814,
    0.008091537020479636,
    0.017337157853009235,
    0.02626902955793158,
    0.025757964926038008,
    0.03864361736385596,
    0.0466215031066668
  ],
  "degradation_threshold_10pct": 0.15
}