{
  "sigma_values": [
    0.0,
    0.01,
    0.02,
    0.03,
    0.05,
    0.07,
    0.1,
    0.12,
    0.15
  ],
  "metric_name": "quality",
  "per_trial": [
    [
      -8.010482788085938,
      -7.982001304626465,
      -7.999334335327148,
      -7.965065956115723,
      -8.015198707580566,
      -8.007417678833008,
      -7.973367214202881,
      -8.019824028015137,
      -7.975440502166748,
      -7.980737686157227,
      -7.956218242645264,
      -7.991460800170898,
      -8.031411170959473,
      -7.954578399658203,
      -7.984668731689453,
      -8.026126861572266,
      -7.9728474617004395,
      -7.9479289054870605,
      -8.016045570373535,
      -7.992569923400879,
      -8.015907287597656,
      -8.006567001342773,
      -7.9822916984558105,
      -7.980782508850098,
      -8.002516746520996,
      -7.981131553649902,
      -8.01322078704834,
      -7.970386028289795,
      -8.00644302368164,
      -7.972377777099609,
      -7.978631973266602,
      -7.932583332061768,
      -7.996543884277344,
      -8.013907432556152,
      -7.95609188079834,
      -7.975651741027832,
      -7.9740824699401855,
      -7.986384868621826,
      -8.011762619018555,
      -8.013833999633789,
      -8.013838768005371,
      -7.986886024475098,
      -7.9723358154296875,
      -7.986843109130859,
      -7.983900547027588,
      -7.963689804077148,
      -8.010897636413574,
      -7.941453456878662,
      -7.95234489440918,
      -7.970857620239258
    ],
    [
      -8.015363693237305,
      -8.004088401794434,
      -8.013537406921387,
      -7.936376571655273,
      -7.946328163146973,
      -8.041667938232422,
      -8.014328956604004,
      -8.002760887145996,
      -7.947171211242676,
      -8.020405769348145,
      -8.013346672058105,
      -7.960268497467041,
      -8.009061813354492,
      -7.989608287811279,
      -7.987941265106201,
      -7.998725414276123,
      -7.994784355163574,
      -8.000528335571289,
      -7.990560054779053,
      -7.961064338684082,
      -8.001611709594727,
      -7.980847358703613,
      -7.992404937744141,
      -7.96870231628418,
      -7.979447364807129,
      -7.992237091064453,
      -8.016226768493652,
      -7.971420764923096,
      -8.029232025146484,
      -7.994054794311523,
      -7.971654891967773,
      -8.014299392700195,
      -7.981236457824707,
      -7.981131076812744,
      -8.015371322631836,
      -7.9898786544799805,
      -7.990292072296143,
      -7.967057228088379,
      -8.028899192810059,
      -8.001216888427734,
      -8.0060396194458,
      -7.982597827911377,
      -7.977933883666992,
      -7.9814629554748535,
      -7.968017578125,
      -8.04018783569336,
      -7.976742744445801,
      -7.941671371459961,
      -7.999203205108643,
      -8.002495765686035
    ],
    [
      -7.954730987548828,
      -7.995065689086914,
      -7.946493148803711,
      -7.979534149169922,
      -8.05888843536377,
      -7.9860148429870605,
      -7.977301597595215,
      -7.996966361999512,
      -7.960946083068848,
      -8.031593322753906,
      -7.954320430755615,
      -7.9906206130981445,
      -7.975817680358887,
      -7.980532646179199,
      -7.986619472503662,
      -7.991986274719238,
      -7.989681720733643,
      -7.983026027679443,
      -8.014227867126465,
      -8.032611846923828,
      -8.045440673828125,
      -8.012104034423828,
      -8.06239128112793,
      -7.961196422576904,
      -7.953284740447998,
      -8.009653091430664,
      -7.964109897613525,
      -7.943026542663574,
      -7.979825496673584,
      -7.9925217628479,
      -7.970993995666504,
      -8.016095161437988,
      -7.996916770935059,
      -8.089495658874512,
      -8.006543159484863,
      -8.023728370666504,
      -8.008087158203125,
      -8.004483222961426,
      -7.968410015106201,
      -7.957845211029053,
      -7.970004081726074,
      -7.984947204589844,
      -7.950118541717529,
      -7.946335792541504,
      -7.979789733886719,
      -7.979368209838867,
      -7.96482515335083,
      -8.048446655273438,
      -8.00960922241211,
      -7.990411758422852
    ],
    [
      -8.019274711608887,
      -8.01046371459961,
      -7.9455366134643555,
      -7.9842915534973145,
      -8.0282564163208,
      -7.993189811706543,
      -7.991436958312988,
      -7.959265232086182,
      -8.01511001586914,
      -8.003880500793457,
      -7.996346473693848,
      -8.067475318908691,
      -8.040632247924805,
      -7.94206428527832,
      -8.008746147155762,
      -7.966803073883057,
      -7.961470603942871,
      -7.967897415161133,
      -8.022834777832031,
      -8.008113861083984,
      -8.006890296936035,
      -7.990056991577148,
      -8.061128616333008,
      -7.993336200714111,
      -7.941165447235107,
      -7.997310638427734,
      -8.006979942321777,
      -7.993010520935059,
      -7.9468231201171875,
      -7.966442584991455,
      -8.02085018157959,
      -7.983513355255127,
      -8.000890731811523,
      -7.980278968811035,
      -7.997493267059326,
      -8.025062561035156,
      -7.9855523109436035,
      -7.995475769042969,
      -7.994833469390869,
      -7.994689464569092,
      -7.938972473144531,
      -8.000628471374512,
      -8.037747383117676,
      -8.062361717224121,
      -7.98575496673584,
      -8.042519569396973,
      -8.045506477355957,
      -7.983400344848633,
      -8.039137840270996,
      -7.978485584259033
    ],
    [
      -7.8884477615356445,
      -7.93569803237915,
      -8.017767906188965,
      -7.987293243408203,
      -7.913224697113037,
      -8.02967643737793,
      -8.049736022949219,
      -7.971961975097656,
      -7.9067912101745605,
      -7.947125434875488,
      -7.953390121459961,
      -7.93115234375,
      -7.920370578765869,
      -7.96154260635376,
      -7.933274745941162,
      -7.962335586547852,
      -8.024290084838867,
      -8.017423629760742,
      -7.993779182434082,
      -7.907052993774414,
      -8.039777755737305,
      -8.108243942260742,
      -8.037108421325684,
      -7.984367370605469,
      -7.94728422164917,
      -8.039865493774414,
      -7.965022563934326,
      -7.957998752593994,
      -8.032491683959961,
      -8.018589973449707,
      -7.96261739730835,
      -8.044018745422363,
      -7.916286468505859,
      -8.052785873413086,
      -8.004355430603027,
      -7.979778289794922,
      -8.03529167175293,
      -8.01959228515625,
      -8.080939292907715,
      -8.10413646697998,
      -7.950525760650635,
      -8.005237579345703,
      -7.860692024230957,
      -8.012048721313477,
      -8.009369850158691,
      -7.988228797912598,
      -7.896482944488525,
      -7.994989395141602,
      -7.9381842613220215,
      -8.007268905639648
    ],
    [
      -8.073932647705078,
      -8.087934494018555,
      -8.009843826293945,
      -8.049650192260742,
      -8.074984550476074,
      -8.018176078796387,
      -7.956664085388184,
      -7.925168991088867,
      -8.026335716247559,
      -7.981306076049805,
      -7.902202129364014,
      -8.037322044372559,
      -8.081039428710938,
      -8.070084571838379,
      -7.93037748336792,
      -8.054454803466797,
      -8.08869743347168,
      -7.935925006866455,
      -8.007965087890625,
      -7.993307113647461,
      -7.996092319488525,
      -7.876962184906006,
      -7.941447734832764,
      -7.996307849884033,
      -7.95496940612793,
      -8.067808151245117,
      -8.004053115844727,
      -7.944896697998047,
      -8.029741287231445,
      -7.8756279945373535,
      -8.005728721618652,
      -7.806845188140869,
      -7.897838592529297,
      -8.076096534729004,
      -8.01405143737793,
      -8.1080322265625,
      -7.987545490264893,
      -7.900005340576172,
      -8.122586250305176,
      -7.837747573852539,
      -8.019979476928711,
      -7.925008773803711,
      -7.91551399230957,
      -8.060711860656738,
      -7.980330467224121,
      -7.9291582107543945,
      -7.872228145599365,
      -7.804164409637451,
      -7.98866081237793,
      -8.090081214904785
