{
  "sigma_values": [
    0.0,
    0.01,
    0.02,
    0.03,
    0.05,
    0.07,
    0.1,
    0.12,
    0.15
  ],
  "metric_name": "quality_mismatch_only",
  "per_trial": [
    [
      -5.569643020629883,
      -5.569643020629883,
      -5.569643020629883,
      -5.569643020629883,
      -5.569643020629883,
      -5.569643020629883,
      -5.569643020629883,
      -5.569643020629883,
      -5.569643020629883,
      -5.569643020629883,
      -5.569643020629883,
      -5.569643020629883,
      -5.569643020629883,
      -5.569643020629883,
      -5.569643020629883,
      -5.569643020629883,
      -5.569643020629883,
      -5.569643020629883,
      -5.569643020629883,
      -5.569643020629883
    ],
    [
      -5.567669868469238,
      -5.572696208953857,
      -5.5666279792785645,
      -5.565107345581055,
      -5.569469451904297,
      -5.570234775543213,
      -5.567877292633057,
      -5.577515125274658,
      -5.566506862640381,
      -5.575323581695557,
      -5.576510429382324,
      -5.570570945739746,
      -5.5824971199035645,
      -5.572728633880615,
      -5.566601753234863,
      -5.569380283355713,
      -5.565770626068115,
      -5.570133209228516,
      -5.561740398406982,
      -5.566624164581299
    ],
    [
      -5.571408271789551,
      -5.572533130645752,
      -5.556853771209717,
      -5.564387798309326,
      -5.575757026672363,
      -5.578936576843262,
      -5.577764987945557,
      -5.580443859100342,
      -5.564056396484375,
      -5.564855575561523,
      -5.56549596786499,
      -5.5734543800354,
      -5.588459014892578,
      -5.579793453216553,
      -5.575210094451904,
      -5.590341091156006,
      -5.569121360778809,
      -5.555045127868652,
      -5.563409805297852,
      -5.563647747039795
    ],
    [
      -5.560950756072998,
      -5.572962284088135,
      -5.591742515563965,
      -5.580720901489258,
      -5.547945022583008,
      -5.580826282501221,
      -5.585422992706299,
      -5.5488433837890625,
      -5.578839302062988,
      -5.582840919494629,
      -5.575539588928223,
      -5.579866886138916,
      -5.567252159118652,
      -5.595263481140137,
      -5.565942764282227,
      -5.565502643585205,
      -5.580767631530762,
      -5.5591278076171875,
      -5.575401782989502,
      -5.570423126220703
    ],
    [
      -5.599374294281006,
      -5.556119918823242,
      -5.5609917640686035,
      -5.588900566101074,
      -5.592221736907959,
      -5.583337306976318,
      -5.566590309143066,
      -5.605270862579346,
      -5.618552207946777,
      -5.554629325866699,
      -5.6182475090026855,
      -5.589101791381836,
      -5.58726692199707,
      -5.6104254722595215,
      -5.603104591369629,
      -5.600329399108887,
      -5.569862365722656,
      -5.5977888107299805,
      -5.597262859344482,
      -5.588973045349121
    ],
    [
      -5.606607437133789,
      -5.572301864624023,
      -5.590479850769043,
      -5.531436920166016,
      -5.55569314956665,
      -5.597019672393799,
      -5.59680700302124,
      -5.604735851287842,
      -5.645469665527344,
      -5.614052772521973,
      -5.570479869842529,
      -5.617982864379883,
      -5.5618791580200195,
      -5.662263870239258,
      -5.567095756530762,
      -5.587099075317383,
      -5.5876312255859375,
      -5.639005661010742,
      -5.608302116394043,
      -5.645108699798584
    ],
    [
      -5.638556957244873,
      -5.631223678588867,
      -5.651680946350098,
      -5.560044288635254,
      -5.5756330490112305,
      -5.634871482849121,
      -5.670893669128418,
      -5.59654426574707,
      -5.653190612792969,
      -5.543485164642334,
      -5.557743072509766,
      -5.613325595855713,
      -5.633389949798584,
      -5.5947184562683105,
      -5.61379861831665,
      -5.654419422149658,
      -5.608651638031006,
      -5.6548614501953125,
      -5.619966983795166,
      -5.607422828674316
    ],
    [
      -5.709072113037109,
      -5.639684677124023,
      -5.668741226196289,
      -5.641990661621094,
      -5.697020053863525,
      -5.7022600173950195,
      -5.7013115882873535,
      -5.625266075134277,
      -5.6173176765441895,
      -5.63057804107666,
      -5.689207553863525,
      -5.695783615112305,
      -5.680612564086914,
      -5.620443820953369,
      -5.664287090301514,
      -5.638932704925537,
      -5.67827844619751,
      -5.710282802581787,
      -5.648242473602295,
      -5.729156494140625
    ],
    [
      -5.684392929077148,
      -5.832386016845703,
      -5.73175048828125,
      -5.771524429321289,
      -5.791625499725342,
      -5.703497409820557,
      -5.643621444702148,
      -5.651240348815918,
      -5.713896751403809,
      -5.770577430725098,
      -5.661107063293457,
      -5.752503395080566,
      -5.6609368324279785,
      -5.708750247955322,
      -5.727419376373291,
      -5.5842509269714355,
      -5.7223663330078125,
      -5.637263774871826,
      -5.718995094299316,
      -5.67050313949585
    ]
  ],
  "digital_baseline": -4.066534519195557,
  "ideal_analog_baseline": -5.569643020629883,
  "mean": [
    -5.569643020629883,
    -5.57007930278778,
    -5.5715487718582155,
    -5.573309111595154,
    -5.589417552947998,
    -5.598072624206543,
    -5.615721106529236,
    -5.6694234848022464,
    -5.706930446624756
  ],
  "std": [
    0.0,
    0.004824592594910145,
    0.009292162882349055,
    0.012380401845512142,
    0.018695335200391752,
    0.03267241430400077,
    0.03496637664500659,
    0.03359394048815895,
    0.0582061236474497
  ],
  "normalized_mean": [
    0.6303711441919171,
    0.6302638582077853,
    0.629902501612016,
    0.6294696171181973,
    0.625508396261272,
    0.6233800308883262,
    0.6190400991259408,
    0.6058341671414672,
    0.5966108440280244
  ],
  "normalized_std": [
    0.0,
    0.0011864137811043462,
    0.0022850323385886894,
    0.0030444600401329527,
    0.004597362966462675,
    0.008034461320757224,
    0.008598568751833355,
    0.008261073483966028,
    0.014313446344226302
  ],
  "degradation_threshold_10pct": 0.0,
  "trial_seeds": {
    "digital_baseline": [
      101020345,
      101020346,
      101020347,
      101020348,
      101020349,
      101020350,
      101020351,
      101020352,
      101020353,
      101020354,
      101020355,
      101020356,
      101020357,
      101020358,
      101020359,
      101020360,
      101020361,
      101020362,
      101020363,
      101020364
    ],
    "ideal_analog_baseline": [
      202020648,
      202020649,
      202020650,
      202020651,
      202020652,
      202020653,
      202020654,
      202020655,
      202020656,
      202020657,
      202020658,
      202020659,
      202020660,
      202020661,
      202020662,
      202020663,
      202020664,
      202020665,
      202020666,
      202020667
    ],
    "per_trial": [
      [
        505101613,
        505101614,
        505101615,
        505101616,
        505101617,
        505101618,
        505101619,
        505101620,
        505101621,
        505101622,
        505101623,
        505101624,
        505101625,
        505101626,
        505101627,
        505101628,
        505101629,
        505101630,
        505101631,
        505101632
      ]
    ]
  },
  "metadata": {
    "arch": "diffusion",
    "analog_domain": "conservative",
    "analog_substrate": "classic",
    "seed": 20042,
    "pilot_profile_path": "/workspace/NEW_ACTUAL_RUNS/5-14/945/experiments/cross_arch_tolerance/results/profiles/diffusion_profile.json",
    "dynamics_diagnostics": {},
    "calibration": "runner: diffusion(x_t,t), early/mid/late noised states",
    "ablation_noise": "mismatch"
  },
  "normalized_mean_vs_ideal_analog": [
    1.0,
    0.999921667841856,
    0.9996578324281693,
    0.9993417727219336,
    0.99644958711988,
    0.9948956147689615,
    0.9917269229412584,
    0.9820849444384895,
    0.9753507674573825
  ],