{
  "sigma_values": [
    2.0,
    4.0,
    6.0,
    8.0,
    10.0,
    12.0,
    16.0
  ],
  "metric_name": "quality_vs_adc_bits_sigma0.050",
  "per_trial": [
    [
      -6.504597187042236,
      -6.508524417877197,
      -6.524210453033447,
      -6.5237627029418945,
      -6.522001266479492,
      -6.535398006439209,
      -6.526452541351318,
      -6.534050941467285,
      -6.5297017097473145,
      -6.518718719482422,
      -6.520172119140625,
      -6.522511959075928,
      -6.519599914550781,
      -6.50575065612793,
      -6.52251672744751,
      -6.52567195892334,
      -6.511927127838135,
      -6.501266002655029,
      -6.526180744171143,
      -6.511067867279053,
      -6.5191755294799805,
      -6.506911277770996,
      -6.515323638916016,
      -6.52183198928833,
      -6.503405570983887,
      -6.517885208129883,
      -6.524021625518799,
      -6.511518955230713,
      -6.534756183624268,
      -6.5054168701171875,
      -6.534884452819824,
      -6.495440483093262,
      -6.522330284118652,
      -6.5248494148254395,
      -6.513437271118164,
      -6.508490562438965,
      -6.518013000488281,
      -6.523261070251465,
      -6.540370464324951,
      -6.520319938659668,
      -6.510441780090332,
      -6.540196895599365,
      -6.521480083465576,
      -6.52530574798584,
      -6.520503520965576,
      -6.533529281616211,
      -6.521139621734619,
      -6.507124423980713,
      -6.525732517242432,
      -6.513336181640625
    ],
    [
      -5.558193683624268,
      -5.567734241485596,
      -5.504973411560059,
      -5.484133243560791,
      -5.537411689758301,
      -5.520225524902344,
      -5.539596080780029,
      -5.512101173400879,
      -5.539759159088135,
      -5.5201096534729,
      -5.508358001708984,
      -5.547337055206299,
      -5.536799907684326,
      -5.551046848297119,
      -5.527317523956299,
      -5.516909599304199,
      -5.535288333892822,
      -5.546036243438721,
      -5.543087482452393,
      -5.52483606338501,
      -5.522947311401367,
      -5.521792411804199,
      -5.526739120483398,
      -5.5446248054504395,
      -5.514216899871826,
      -5.52493143081665,
      -5.52164888381958,
      -5.544610500335693,
      -5.503077030181885,
      -5.522119522094727,
      -5.533186435699463,
      -5.5408854484558105,
      -5.526459217071533,
      -5.542339324951172,
      -5.53099250793457,
      -5.530240535736084,
      -5.526528358459473,
      -5.520999908447266,
      -5.538232803344727,
      -5.5325927734375,
      -5.534312725067139,
      -5.515181064605713,
      -5.4980597496032715,
      -5.515957355499268,
      -5.545956134796143,
      -5.5066728591918945,
      -5.503108501434326,
      -5.498657703399658,
      -5.54113245010376,
      -5.502108573913574
    ],
    [
      -5.536841869354248,
      -5.530151844024658,
      -5.5485382080078125,
      -5.561336994171143,
      -5.526706695556641,
      -5.574802875518799,
      -5.590668201446533,
      -5.55064582824707,
      -5.55929708480835,
      -5.540103435516357,
      -5.551640033721924,
      -5.53893518447876,
      -5.559022903442383,
      -5.537830352783203,
      -5.556356430053711,
      -5.54555082321167,
      -5.5500335693359375,
      -5.5277557373046875,
      -5.5416388511657715,
      -5.5412139892578125,
      -5.55854606628418,
      -5.541194438934326,
      -5.5421271324157715,
      -5.562299728393555,
      -5.539870262145996,
      -5.54965353012085,
      -5.561285972595215,
      -5.543105125427246,
      -5.565976619720459,
      -5.546881198883057,
      -5.568860054016113,
      -5.555811405181885,
      -5.557967185974121,
      -5.601625442504883,
      -5.606040954589844,
      -5.575475692749023,
      -5.536069393157959,
      -5.539704322814941,
      -5.524895668029785,
      -5.56353235244751,
      -5.576563835144043,
      -5.55778694152832,
      -5.530591011047363,
      -5.5423455238342285,
      -5.565305709838867,
      -5.510148525238037,
      -5.549691677093506,
      -5.566328048706055,
      -5.57912540435791,
      -5.549861431121826
    ],
    [
      -5.582160472869873,
      -5.578771591186523,
      -5.575168132781982,
      -5.598655700683594,
      -5.576368808746338,
      -5.574594497680664,
      -5.558615207672119,
      -5.589010715484619,
      -5.5709404945373535,
      -5.590091228485107,
      -5.577901363372803,
      -5.598598003387451,
      -5.600610733032227,
      -5.588992595672607,
      -5.565044403076172,
      -5.592761993408203,
      -5.568240642547607,
      -5.575073719024658,
      -5.599323272705078,
      -5.603610515594482,
      -5.550708293914795,
      -5.563479900360107,
      -5.595413684844971,
      -5.573183059692383,
      -5.569075584411621,
      -5.590524673461914,
      -5.597764015197754,
      -5.592002868652344,
      -5.569406509399414,
      -5.539511680603027,
      -5.5859150886535645,
      -5.600217819213867,
      -5.5938825607299805,
      -5.589613914489746,
      -5.568973064422607,
      -5.572250843048096,
      -5.608771800994873,
      -5.595582962036133,
      -5.564660549163818,
      -5.5631585121154785,
      -5.586432933807373,
      -5.564212322235107,
      -5.582220554351807,
      -5.562243461608887,
      -5.588441371917725,
      -5.590081214904785,
      -5.588518142700195,
      -5.581694602966309,
      -5.5830535888671875,
      -5.555971622467041
    ],
    [
      -5.583398342132568,
      -5.570379257202148,
      -5.5871734619140625,
      -5.584307670593262,
      -5.581112384796143,
      -5.590146064758301,
      -5.569487571716309,
      -5.576256275177002,
      -5.542178153991699,
      -5.591731548309326,
      -5.584249019622803,
      -5.591003894805908,
      -5.558752059936523,
      -5.549400806427002,
      -5.5618743896484375,
      -5.5985894203186035,
      -5.595059871673584,
      -5.588134288787842,
      -5.585141658782959,
      -5.591256141662598,
      -5.580489635467529,
      -5.5560078620910645,
      -5.586583137512207,
      -5.578180313110352,
      -5.58690881729126,
      -5.578444957733154,
      -5.574002265930176,
      -5.607174396514893,
      -5.569528102874756,
      -5.553805828094482,
      -5.598520278930664,
      -5.576662063598633,
      -5.578454494476318,
      -5.573753833770752,
      -5.590476036071777,
      -5.586861610412598,
      -5.604155540466309,
      -5.600793361663818,
      -5.5756964683532715,
      -5.602574348449707,
      -5.581629276275635,
      -5.579166412353516,
      -5.617910385131836,
      -5.597647190093994,
      -5.571446895599365,
      -5.595180034637451,
      -5.591226577758789,
      -5.572448253631592,
      -5.56632137298584,
      -5.6147871017456055
    ],
    [
      -5.594141960144043,
      -5.568881988525391,
      -5.594684600830078,
      -5.57239294052124,
      -5.541257858276367,
      -5.5993332862854,
      -5.561984539031982,
      -5.557923316955566,
      -5.579455375671387,
      -5.610739707946777,
      -5.6007561683654785,
      -5.5892815589904785,
      -5.5957512855529785,
      -5.599079132080078,
      -5.605203628540039,
      -5.56403112411499,
      -5.572036266326904,
      -5.576347827911377,
      -5.576796054840088,
      -5.596458435058594,
      -5.608410358428955,
      -5.616002082824707,
      -5.597448348999023,
      -5.562704086303711,
      -5.602423191070557,
      -5.591875076293945,
      -5.603890895843506,
      -5.565828323364258,
      -5.577240943908691,
      -5.606207370758057,
      -5.5910797119140625,
      -5.586338996887207,
      -5.58023738861084,
      -5.571135997772217,
      -5.591411590576172,
      -5.563385486602783,
      -5.607720851898193,
      -5.5976128578186035,
      -5.559149265289307,
      -5.567532539367676,
      -5.577016830444336,
      -5.585329532623291,
      -5.57054328918457,
      -5.606629848480225,
      -5.6036272048950195,
      -5.582313537597656,
      -5.598372459411621,
      -5.604363918304443,
