{
  "sigma_values": [
    0.0,
    0.01,
    0.02,
    0.03,
    0.05,
    0.07,
    0.1,
    0.12,
    0.15
  ],
  "metric_name": "output_mse",
  "per_trial": [
    [
      -2.7663909349939786e-06,
      -2.6896038889390184e-06,
      -2.676048552530119e-06,
      -2.603960410851869e-06,
      -2.815960897351033e-06,
      -2.753440639935434e-06,
      -2.7885055260412628e-06,
      -2.7875923933606828e-06,
      -2.8623276193684433e-06,
      -2.613935521367239e-06,
      -2.73554292107292e-06,
      -2.9621139674418373e-06,
      -2.809523948599235e-06,
      -2.8724434741889127e-06,
      -2.7468106509331847e-06,
      -2.727755372688989e-06,
      -2.8206395654706284e-06,
      -3.021262500624289e-06,
      -2.809236093526124e-06,
      -2.9897944386902964e-06,
      -2.8245219709788216e-06,
      -2.713471076276619e-06,
      -2.891549911510083e-06,
      -2.702373649299261e-06,
      -2.84174734588305e-06,
      -2.7990847684122855e-06,
      -2.799783715090598e-06,
      -2.828987817338202e-06,
      -2.7836993012897437e-06,
      -2.9167847515054746e-06,
      -3.0225514819903765e-06,
      -2.8489500891737407e-06,
      -2.7866888103744714e-06,
      -2.9775267194054322e-06,
      -2.721690634643892e-06,
      -2.6412362785777077e-06,
      -2.6684590466174996e-06,
      -2.7652206426864723e-06,
      -2.621082103360095e-06,
      -2.699379137993674e-06,
      -2.7984247026324738e-06,
      -2.8925260266987607e-06,
      -2.8207011837366736e-06,
      -2.8430902148102177e-06,
      -2.995813702000305e-06,
      -2.8193258003739174e-06,
      -2.7686342036759015e-06,
      -2.80489666693029e-06,
      -2.832239488270716e-06,
      -2.724454816416255e-06
    ],
    [
      -2.757146603471483e-06,
      -2.7660041723720497e-06,
      -2.7480714379635174e-06,
      -2.8375707188388333e-06,
      -2.8484744234447135e-06,
      -2.834098722814815e-06,
      -2.781699322440545e-06,
      -2.9539319257310126e-06,
      -2.667942226253217e-06,
      -2.75893012258166e-06,
      -3.04259333461232e-06,
      -2.6394636734039523e-06,
      -2.83869758277433e-06,
      -2.7228477392782224e-06,
      -2.9601569622172974e-06,
      -2.7175983632332645e-06,
      -2.7622977540886495e-06,
      -2.9754899060208118e-06,
      -2.8150284379080404e-06,
      -2.867011517082574e-06,
      -2.882297167161596e-06,
      -2.786634695439716e-06,
      -2.797516344799078e-06,
      -2.8095237212255597e-06,
      -2.848288886525552e-06,
      -2.7668422717397334e-06,
      -2.9336363240872743e-06,
      -2.7271569251752226e-06,
      -2.837917463693884e-06,
      -2.8407630452420563e-06,
      -2.795864929794334e-06,
      -2.9647385417774785e-06,
      -2.9736095257248962e-06,
      -2.8235538138687843e-06,
      -2.7683749976858962e-06,
      -2.6966852146870224e-06,
      -2.8837941954407142e-06,
      -3.0316232368932106e-06,
      -2.8829952043452067e-06,
      -2.7734552077163244e-06,
      -2.8400347673596116e-06,
      -2.822118858603062e-06,
      -2.887432628995157e-06,
      -2.854448439393309e-06,
      -2.8360548185446532e-06,
      -2.653235242178198e-06,
      -2.775139137156657e-06,
      -2.9842844924132805e-06,
      -2.622919510031352e-06,
      -2.8035181003360776e-06
    ],
    [
      -2.6359089133620728e-06,
      -2.886062475226936e-06,
      -2.8718272915284615e-06,
      -2.846570396286552e-06,
      -2.8211925382493064e-06,
      -2.838401087501552e-06,
      -2.8825256777054165e-06,
      -2.9780890145048033e-06,
      -2.776857172648306e-06,
      -2.944211018984788e-06,
      -2.719915300986031e-06,
      -2.6842867555387784e-06,
      -2.7233793389314087e-06,
      -3.0207913823687704e-06,
      -2.966110514535103e-06,
      -2.792149871311267e-06,
      -2.9286625249369536e-06,
      -2.8989161364734173e-06,
      -2.7637945549940923e-06,
      -2.8975603072467493e-06,
      -2.9600159905385226e-06,
      -3.1056322313816054e-06,
      -2.970568857563194e-06,
      -2.8633774036279647e-06,
      -2.967987029478536e-06,
      -2.827576508934726e-06,
      -2.7907055937248515e-06,
      -2.857708068404463e-06,
      -2.8537062917166622e-06,
      -2.818300117723993e-06,
      -2.989420863741543e-06,
      -2.840378101609531e-06,
      -2.8155907330074115e-06,
      -2.9027594337094342e-06,
      -2.873951871151803e-06,
      -2.881446562241763e-06,
      -2.9150594400562113e-06,
      -2.782447154459078e-06,
      -2.708695092223934e-06,
      -2.8446363558032317e-06,
      -2.9443506264215102e-06,
      -2.842544063241803e-06,
      -2.8697168090729974e-06,
      -2.779190253932029e-06,
      -2.8706012926704716e-06,
      -2.733938345045317e-06,
      -2.9823879685864085e-06,
      -2.8325282528385287e-06,
      -2.883678689613589e-06,
      -2.8298288725636667e-06
    ],
    [
      -2.991672317875782e-06,
      -2.621461135277059e-06,
      -2.8243275664863177e-06,
      -2.8889376153529156e-06,
      -2.872731329262024e-06,
      -2.7610069537331583e-06,
      -2.78890684057842e-06,
      -2.9634986731252866e-06,
      -2.7603823582467157e-06,
      -2.8114595806982834e-06,
      -2.7704347758117365e-06,
      -2.891819349315483e-06,
      -2.8185147584736114e-06,
      -3.1665699680161197e-06,
      -2.9275358883751323e-06,
      -2.992275085489382e-06,
      -2.9363097837631358e-06,
      -2.73489672508731e-06,
      -2.8242111511644907e-06,
      -2.7743458304030355e-06,
      -2.795918817355414e-06,
      -3.0637024792667944e-06,
      -2.853473688446684e-06,
      -2.678288183233235e-06,
      -3.0479361612378852e-06,
      -2.9194677608757047e-06,
      -2.817614813466207e-06,
      -3.0127368972898694e-06,
      -2.90275215775182e-06,
      -3.013262585227494e-06,
      -2.9710231501667295e-06,
      -2.8065499009244377e-06,
      -2.896068281188491e-06,
      -2.927760988313821e-06,
      -2.7407013476477005e-06,
      -2.7808289360109484e-06,
      -2.9717880352109205e-06,
      -2.884761670429725e-06,
      -2.854445483535528e-06,
      -2.880190322684939e-06,
      -2.7877727006853092e-06,
      -2.7933040200878168e-06,
      -2.8130236842116574e-06,
      -3.0113415050436743e-06,
      -2.9448990517266793e-06,
      -2.786302957247244e-06,
      -3.2524392281629844e-06,
      -2.866183194782934e-06,
      -2.7627511371974833e-06,
      -3.0780893212067895e-06
    ],
    [
      -2.948238034150563e-06,
      -2.8243473479960812e-06,
      -2.8191109322506236e-06,
      -2.7613957627181662e-06,
      -2.8105532692279667e-06,
      -3.090768586844206e-06,
      -2.8119065973442048e-06,
      -3.01633849630889e-06,
      -3.01636146105011e-06,
      -2.8644221856666263e-06,
      -2.9814359550073277e-06,
      -3.052251713597798e-06,
      -2.856474338841508e-06,
      -2.69839483735268e-06,
      -2.953642706415849e-06,
      -2.868272076739231e-06,
      -2.7981343464489328e-06,
      -2.6319135031371843e-06,
      -2.8796087008231552e-06,
      -2.981377065225388e-06,
      -3.04071568280051e-06,
      -2.8273689167690463e-06,
      -2.8415399810910458e-06,
      -2.8374447538226377e-06,
      -3.0783842248638393e-06,
      -2.957561491712113e-06,
      -2.8128524718340486e-06,
      -3.0948558560339734e-06,
      -2.9724042178713717e-06,
      -2.8396325433277525e-06,
      -3.0088904168223962e-06,
      -2.872351842597709e-06,
      -3.1748372748552356e-06,
      -2.6210443593299715e-06,
      -2.972071570184198e-06,
      -2.8911640583828557e-06,
      -2.7273786145087797e-06,
      -2.961279278679285e-06,
      -2.877179667848395e-06,
      -3.149399844915024e-06,
      -2.9174418614275055e-06,
      -2.8463757644203724e-06,
      -2.9854202239221195e-06,
      -2.9122118121449603e-06,
      -2.9214982077974128e-06,
      -3.053931777685648e-06,
      -2.91477408609353e-06,
      -2.970892182929674e-06,
      -2.725833610384143e-06,
      -2.982010073537822e-06
    ],
    [
      -2.8645249585679267e-06,
      -2.9562536383309634e-06,
      -2.9233883651613723e-06,
      -3.1603271963831503e-06,
