{
  "sigma_values": [
    0.0,
    0.01,
    0.02,
    0.03,
    0.05,
    0.07,
    0.1,
    0.12,
    0.15
  ],
  "metric_name": "quality_mismatch_only",
  "per_trial": [
    [
      -9.636308670043945,
      -9.636311531066895,
      -9.636265754699707,
      -9.636346817016602,
      -9.63625431060791,
      -9.636280059814453,
      -9.636131286621094,
      -9.636212348937988,
      -9.63631534576416,
      -9.636208534240723
    ],
    [
      -9.636460304260254,
      -9.636490821838379,
      -9.636247634887695,
      -9.63621711730957,
      -9.636205673217773,
      -9.635836601257324,
      -9.63618278503418,
      -9.636183738708496,
      -9.636615753173828,
      -9.636330604553223
    ],
    [
      -9.635775566101074,
      -9.6359224319458,
      -9.6361722946167,
      -9.637018203735352,
      -9.636205673217773,
      -9.636138916015625,
      -9.636434555053711,
      -9.635441780090332,
      -9.63626766204834,
      -9.635223388671875
    ],
    [
      -9.636621475219727,
      -9.635631561279297,
      -9.635309219360352,
      -9.63627815246582,
      -9.636300086975098,
      -9.636604309082031,
      -9.635639190673828,
      -9.637042045593262,
      -9.636563301086426,
      -9.636565208435059
    ],
    [
      -9.63779354095459,
      -9.637346267700195,
      -9.635496139526367,
      -9.636494636535645,
      -9.63683032989502,
      -9.634490966796875,
      -9.635387420654297,
      -9.636032104492188,
      -9.635504722595215,
      -9.63432788848877
    ],
    [
      -9.63800048828125,
      -9.633917808532715,
      -9.636125564575195,
      -9.634953498840332,
      -9.634709358215332,
      -9.636432647705078,
      -9.63858413696289,
      -9.636096000671387,
      -9.637283325195312,
      -9.638704299926758
    ],
    [
      -9.639016151428223,
      -9.63794994354248,
      -9.63769817352295,
      -9.637495040893555,
      -9.63647747039795,
      -9.635024070739746,
      -9.636496543884277,
      -9.636926651000977,
      -9.635899543762207,
      -9.633599281311035
    ],
    [
      -9.63721752166748,
      -9.637168884277344,
      -9.636078834533691,
      -9.639081001281738,
      -9.63996696472168,
      -9.639158248901367,
      -9.638126373291016,
      -9.637961387634277,
      -9.631486892700195,
      -9.640982627868652
    ],
    [
      -9.635466575622559,
      -9.637383460998535,
      -9.641634941101074,
      -9.641934394836426,
      -9.637178421020508,
      -9.63768196105957,
      -9.632742881774902,
      -9.637191772460938,
      -9.637568473815918,
      -9.638343811035156
    ]
  ],
  "digital_baseline": -9.636255168914795,
  "mean": [
    -9.636263465881347,
    -9.636277103424073,
    -9.636060047149659,
    -9.63625545501709,
    -9.635970401763917,
    -9.636480712890625,
    -9.63665828704834,
    -9.637722873687744,
    -9.637712669372558
  ],
  "std": [
    6.120360494701315e-05,
    0.00020445249361621308,
    0.00048203421860707493,
    0.000522685881290682,
    0.0010910167601576514,
    0.0015696381383352147,
    0.0014745903482654356,
    0.0024887559911504075,
    0.0025305358228886045
  ],
  "normalized_mean": [
    0.9999991389843454,
    0.9999977237517176,
    1.000020248712982,
    0.9999999703098051,
    1.000029551640745,
    0.9999765942296176,
    0.9999581665152616,
    0.9998476892997101,
    0.9998487482499981
  ],
  "normalized_std": [
    6.351388986091545e-06,
    2.1217007025275554e-05,
    5.002298197354192e-05,
    5.424159822757633e-05,
    0.00011321999480432172,
    0.00016288881010526233,
    0.00015302524916756635,
    0.0002582700382591346,
    0.0002626057299781514
  ],
  "degradation_threshold_10pct": 0.15
}