{
  "sigma_values": [
    0.0,
    0.01,
    0.02,
    0.03,
    0.05,
    0.07,
    0.1,
    0.12,
    0.15
  ],
  "metric_name": "quality_mismatch_only",
  "per_trial": [
    [
      -5.588354587554932,
      -5.6298370361328125,
      -5.585925102233887,
      -5.557689189910889,
      -5.531541347503662,
      -5.583972930908203,
      -5.616558074951172,
      -5.550098419189453,
      -5.62298583984375,
      -5.589571952819824,
      -5.574897766113281,
      -5.579849720001221,
      -5.548621654510498,
      -5.582149505615234,
      -5.5858330726623535,
      -5.6787590980529785,
      -5.528050422668457,
      -5.545400142669678,
      -5.609467029571533,
      -5.559514045715332
    ],
    [
      -5.557246685028076,
      -5.580306053161621,
      -5.591003894805908,
      -5.626620292663574,
      -5.570945739746094,
      -5.605161666870117,
      -5.578960418701172,
      -5.616231441497803,
      -5.508964538574219,
      -5.589296340942383,
      -5.6139631271362305,
      -5.60013484954834,
      -5.581058979034424,
      -5.592290878295898,
      -5.621737480163574,
      -5.565256595611572,
      -5.537079334259033,
      -5.548428535461426,
      -5.558809280395508,
      -5.5863871574401855
    ],
    [
      -5.587096691131592,
      -5.580411911010742,
      -5.569535255432129,
      -5.579572677612305,
      -5.590075492858887,
      -5.552424907684326,
      -5.573846817016602,
      -5.571888446807861,
      -5.578238487243652,
      -5.580136299133301,
      -5.564465045928955,
      -5.612862586975098,
      -5.596972942352295,
      -5.5725812911987305,
      -5.553714752197266,
      -5.59186315536499,
      -5.570124626159668,
      -5.518058776855469,
      -5.652760982513428,
      -5.573148250579834
    ],
    [
      -5.5779337882995605,
      -5.579598903656006,
      -5.619727611541748,
      -5.588769912719727,
      -5.575989723205566,
      -5.583560943603516,
      -5.587174892425537,
      -5.6158061027526855,
      -5.662197589874268,
      -5.572665214538574,
      -5.590170383453369,
      -5.5501017570495605,
      -5.5636887550354,
      -5.570240497589111,
      -5.581859588623047,
      -5.551603317260742,
      -5.619832515716553,
      -5.551064491271973,
      -5.6474456787109375,
      -5.540791988372803
    ],
    [
      -5.5895209312438965,
      -5.629056453704834,
      -5.556460380554199,
      -5.589780330657959,
      -5.626963138580322,
      -5.580864429473877,
      -5.583904266357422,
      -5.6085381507873535,
      -5.604771614074707,
      -5.632618427276611,
      -5.584360122680664,
      -5.582228183746338,
      -5.568561553955078,
      -5.61848783493042,
      -5.682140827178955,
      -5.5373969078063965,
      -5.567857265472412,
      -5.556575298309326,
      -5.566360950469971,
      -5.549281120300293
    ],
    [
      -5.594379425048828,
      -5.584898471832275,
      -5.58313512802124,
      -5.551631927490234,
      -5.590916633605957,
      -5.556555271148682,
      -5.55295991897583,
      -5.661840915679932,
      -5.6364641189575195,
      -5.555851459503174,
      -5.646014213562012,
      -5.564791202545166,
      -5.584657192230225,
      -5.618904113769531,
      -5.619159698486328,
      -5.605417251586914,
      -5.636800289154053,
      -5.6459503173828125,
      -5.55515718460083,
      -5.557363510131836
    ],
    [
      -5.6189680099487305,
      -5.670703411102295,
      -5.640744209289551,
      -5.575309753417969,
      -5.59981632232666,
      -5.557236671447754,
      -5.716452121734619,
      -5.652125358581543,
      -5.634420394897461,
      -5.620399475097656,
      -5.57499361038208,
      -5.591738224029541,
      -5.615203857421875,
      -5.644234657287598,
      -5.642586708068848,
      -5.69390344619751,
      -5.573525428771973,
      -5.611665725708008,
      -5.618861675262451,
      -5.644016742706299
    ],
    [
      -5.590267658233643,
      -5.617544174194336,
      -5.672266960144043,
      -5.627330303192139,
      -5.650369644165039,
      -5.620641708374023,
      -5.6416778564453125,
      -5.596291542053223,
      -5.595639705657959,
      -5.580318450927734,
      -5.652682304382324,
      -5.734426975250244,
      -5.54780912399292,
      -5.649621486663818,
      -5.593580722808838,
      -5.69735860824585,
      -5.622179985046387,
      -5.596955299377441,
      -5.6258931159973145,
      -5.620903491973877
    ],
    [
      -5.653100967407227,
      -5.738345623016357,
      -5.678355693817139,
      -5.740672588348389,
      -5.7365946769714355,
      -5.71499490737915,
      -5.79800271987915,
      -5.765310764312744,
      -5.616762638092041,
      -5.67942476272583,
      -5.617927551269531,
      -5.685184001922607,
      -5.708507537841797,
      -5.788443088531494,
      -5.685646057128906,
      -5.704166412353516,
      -5.658534526824951,
      -5.673220157623291,
      -5.672637939453125,
      -5.714602947235107
    ]
  ],
  "digital_baseline": -4.066534519195557,
  "ideal_analog_baseline": -5.569643020629883,
  "mean": [
    -5.5824538469314575,
    -5.581494164466858,
    -5.578488969802857,
    -5.586511182785034,
    -5.590786409378052,
    -5.595142412185669,
    -5.624845290184021,
    -5.626687955856323,
    -5.70152177810669
  ],
  "std": [
    0.035697729428568824,
    0.029093213637325963,
    0.025352159658470878,
    0.031355089509531864,
    0.03387332239622541,
    0.03559352494822134,
    0.039770358078838344,
    0.041477790625844536,
    0.048478860374380706
  ],
  "normalized_mean": [
    0.6272208386329448,
    0.6274568337929685,
    0.6281958401016117,
    0.6262231006734058,
    0.6251717812826969,
    0.6241005982429231,
    0.6167963744970913,
    0.6163432452629476,
    0.5979408877034279
  ],
  "normalized_std": [
    0.008778415444418892,
    0.007154301408237202,
    0.006234340207564758,
    0.00771051846763483,
    0.008329776185676211,
    0.008752790559186614,
    0.009779914049937962,
    0.010199788156243093,
    0.011921418629435564
  ],
  "degradation_threshold_10pct": 0.0,
  "trial_seeds": {
    "digital_baseline": [
      101020345,
      101020346,
      101020347,
      101020348,
      101020349,
      101020350,
      101020351,
      101020352,
      101020353,
      101020354,
      101020355,
      101020356,
      101020357,
      101020358,
      101020359,
      101020360,
      101020361,
      101020362,
      101020363,
      101020364
    ],
    "ideal_analog_baseline": [
      202020648,
      202020649,
      202020650,
      202020651,
      202020652,
      202020653,
      202020654,
      202020655,
      202020656,
      202020657,
      202020658,
      202020659,
      202020660,
      202020661,
      202020662,
      202020663,
      202020664,
      202020665,
      202020666,
      202020667
    ],
    "per_trial": [
      [
        505101613,
        505101614,
        505101615,
        505101616,
        505101617,
        505101618,
        505101619,
        505101620,
        505101621,
        505101622,
        505101623,
        505101624,
        505101625,
        505101626,
        505101627,
        505101628,
        505101629,
        505101630,
        505101631,
        505101632
      ]
    ]
  },
  "metadata": {
    "arch": "diffusion",
    "analog_domain": "full_analog",
    "analog_substrate": "classic",
    "seed": 20042,
    "pilot_profile_path": "/workspace/NEW_ACTUAL_RUNS/5-14/945/experiments/cross_arch_tolerance/results/profiles/diffusion_profile_full_analog_reram.json",
    "dynamics_diagnostics": {},
    "calibration": "runner: diffusion(x_t,t), early/mid/late noised states",
    "ablation_noise": "mismatch"
  },
  "normalized_mean_vs_ideal_analog": [
    0.9976998837709843,
    0.9978721896909588,
    0.998411756527266,
    0.9969714105387595,
    0.9962038161745996,
    0.9954217188675581,
    0.9900887239362254,
    0.9897578830429263,
    0.9763218653352953
  ],