{
  "sigma_values": [
    2.0,
    4.0,
    6.0,
    8.0,
    10.0,
    12.0,
    16.0
  ],
  "metric_name": "quality_vs_adc_bits_sigma0.000",
  "per_trial": [
    [
      -8.632452011108398,
      -8.632452011108398,
      -8.632452011108398,
      -8.632452011108398,
      -8.632452011108398,
      -8.632452011108398,
      -8.632452011108398,
      -8.632452011108398,
      -8.632452011108398,
      -8.632452011108398,
      -8.632452011108398,
      -8.632452011108398,
      -8.632452011108398,
      -8.632452011108398,
      -8.632452011108398,
      -8.632452011108398,
      -8.632452011108398,
      -8.632452011108398,
      -8.632452011108398,
      -8.632452011108398,
      -8.632452011108398,
      -8.632452011108398,
      -8.632452011108398,
      -8.632452011108398,
      -8.632452011108398
    ],
    [
      -6.209204196929932,
      -6.211811065673828,
      -6.210354328155518,
      -6.210878372192383,
      -6.209875583648682,
      -6.208305358886719,
      -6.210544109344482,
      -6.2075724601745605,
      -6.210503101348877,
      -6.210204601287842,
      -6.207644462585449,
      -6.2097930908203125,
      -6.210084438323975,
      -6.210352897644043,
      -6.210359573364258,
      -6.209083080291748,
      -6.209896087646484,
      -6.209534645080566,
      -6.209131240844727,
      -6.210193157196045,
      -6.208263397216797,
      -6.2095627784729,
      -6.21075963973999,
      -6.208467483520508,
      -6.208698749542236
    ],
    [
      -6.1035027503967285,
      -6.103206634521484,
      -6.102431774139404,
      -6.102958679199219,
      -6.102899551391602,
      -6.103637218475342,
      -6.102555751800537,
      -6.103315830230713,
      -6.102797031402588,
      -6.103301048278809,
      -6.102664470672607,
      -6.102878570556641,
      -6.1027631759643555,
      -6.1031389236450195,
      -6.102779388427734,
      -6.103177070617676,
      -6.103071689605713,
      -6.103590488433838,
      -6.102935791015625,
      -6.103574275970459,
      -6.103200435638428,
      -6.103620529174805,
      -6.103615760803223,
      -6.102593898773193,
      -6.103182792663574
    ],
    [
      -6.164752960205078,
      -6.164820671081543,
      -6.164831161499023,
      -6.165103435516357,
      -6.164876461029053,
      -6.164958477020264,
      -6.164966583251953,
      -6.164914608001709,
      -6.165034294128418,
      -6.16503381729126,
      -6.1650261878967285,
      -6.1649651527404785,
      -6.164958477020264,
      -6.1648664474487305,
      -6.164967060089111,
      -6.164858818054199,
      -6.16498327255249,
      -6.16500997543335,
      -6.164841175079346,
      -6.164959907531738,
      -6.1648406982421875,
      -6.1651225090026855,
      -6.1650519371032715,
      -6.1649017333984375,
      -6.164738655090332
    ],
    [
      -6.180058002471924,
      -6.1801323890686035,
      -6.1801018714904785,
      -6.180119514465332,
      -6.180072784423828,
      -6.18009614944458,
      -6.180144786834717,
      -6.18004035949707,
      -6.180037498474121,
      -6.180124759674072,
      -6.180099964141846,
      -6.180109977722168,
      -6.180085182189941,
      -6.180189609527588,
      -6.180047988891602,
      -6.180025577545166,
      -6.180086612701416,
      -6.1801252365112305,
      -6.180151462554932,
      -6.179977893829346,
      -6.180047988891602,
      -6.180099010467529,
      -6.180093288421631,
      -6.1800737380981445,
      -6.180060863494873
    ],
    [
      -6.181916236877441,
      -6.181886196136475,
      -6.181946754455566,
      -6.181931018829346,
      -6.181947231292725,
      -6.181900978088379,
      -6.181916236877441,
      -6.1819562911987305,
      -6.181926250457764,
      -6.181948184967041,
      -6.1819539070129395,
      -6.181924343109131,
      -6.1819329261779785,
      -6.181867599487305,
      -6.18192195892334,
      -6.181910037994385,
      -6.181924819946289,
      -6.181919097900391,
      -6.18194055557251,
      -6.181922912597656,
      -6.181891918182373,
      -6.181939601898193,
      -6.181922912597656,
      -6.1818952560424805,
      -6.181934833526611
    ],
    [
      -6.181521415710449,
      -6.181451320648193,
      -6.18147611618042,
      -6.181485176086426,
      -6.181527614593506,
      -6.181493282318115,
      -6.181467533111572,
      -6.18145751953125,
      -6.181491851806641,
      -6.181473731994629,
      -6.18149995803833,
      -6.181460380554199,
      -6.181479454040527,
      -6.181502342224121,
      -6.181482791900635,
      -6.181488037109375,
      -6.18148946762085,
      -6.181465148925781,
      -6.181495189666748,
      -6.181489944458008,
      -6.181466102600098,
      -6.1814799308776855,
      -6.181484699249268,
      -6.18148946762085,
      -6.181477069854736
    ]
  ],
  "digital_baseline": -5.492458343505859,
  "mean": [
    -8.632452011108398,
    -6.209643115997315,
    -6.103095741271972,
    -6.164935379028321,
    -6.180088100433349,
    -6.181923122406006,
    -6.1814838218688966
  ],
  "std": [
    0.0,
    0.0010302581478064598,
    0.00035828157011735036,
    9.928561094102986e-05,
    4.491539155519736e-05,
    2.1607019125867463e-05,
    1.7671397229270277e-05
  ],
  "normalized_mean": [
    0.42830815069991635,
    0.8694237211030583,
    0.8888225709552964,
    0.8775635619853939,
    0.8748047388032492,
    0.8744706403253196,
    0.874550622823071
  ],
  "normalized_std": [
    0.0,
    0.00018757687056918882,
    6.523154982886183e-05,
    1.8076716240992996e-05,
    8.177648103294977e-06,
    3.933943195293423e-06,
    3.2173930367928017e-06
  ],
  "degradation_threshold_10pct": 0.0
}