{
  "sigma_values": [
    0.0,
    0.01,
    0.02,
    0.03,
    0.05,
    0.07,
    0.1,
    0.12,
    0.15
  ],
  "metric_name": "quality_quantization_only",
  "per_trial": [
    [
      -1.494354009628296,
      -1.491516351699829,
      -1.5080591440200806,
      -1.5184873342514038,
      -1.5058544874191284,
      -1.497983694076538,
      -1.502016544342041,
      -1.4961321353912354,
      -1.505333423614502,
      -1.4974466562271118
    ],
    [
      -1.5102609395980835,
      -1.4827324151992798,
      -1.5021343231201172,
      -1.4883315563201904,
      -1.5013633966445923,
      -1.4981427192687988,
      -1.523938536643982,
      -1.486401081085205,
      -1.5051825046539307,
      -1.5329030752182007
    ],
    [
      -1.497715711593628,
      -1.5167734622955322,
      -1.5188698768615723,
      -1.48640775680542,
      -1.502545952796936,
      -1.507362961769104,
      -1.5152932405471802,
      -1.4968109130859375,
      -1.5239455699920654,
      -1.503537893295288
    ],
    [
      -1.506089448928833,
      -1.5372776985168457,
      -1.5058262348175049,
      -1.5080405473709106,
      -1.4909772872924805,
      -1.53248929977417,
      -1.515751600265503,
      -1.4952607154846191,
      -1.5044578313827515,
      -1.5001474618911743
    ],
    [
      -1.5089119672775269,
      -1.5167580842971802,
      -1.5108247995376587,
      -1.5026909112930298,
      -1.4934221506118774,
      -1.499254822731018,
      -1.5070785284042358,
      -1.5215661525726318,
      -1.5022237300872803,
      -1.5020493268966675
    ],
    [
      -1.509562373161316,
      -1.516988754272461,
      -1.5293885469436646,
      -1.5062099695205688,
      -1.499951720237732,
      -1.5068132877349854,
      -1.4782382249832153,
      -1.501955270767212,
      -1.5004596710205078,
      -1.5033321380615234
    ],
    [
      -1.4933757781982422,
      -1.478717565536499,
      -1.4960269927978516,
      -1.5096862316131592,
      -1.5035598278045654,
      -1.488114595413208,
      -1.5178413391113281,
      -1.5114095211029053,
      -1.4984203577041626,
      -1.4946120977401733
    ],
    [
      -1.533363938331604,
      -1.4848383665084839,
      -1.4937700033187866,
      -1.4787575006484985,
      -1.5311132669448853,
      -1.5160539150238037,
      -1.4941154718399048,
      -1.4944894313812256,
      -1.5187383890151978,
      -1.4841582775115967
    ],
    [
      -1.4833437204360962,
      -1.5052359104156494,
      -1.5030282735824585,
      -1.493862271308899,
      -1.5186147689819336,
      -1.5197384357452393,
      -1.5274664163589478,
      -1.4938180446624756,
      -1.4994518756866455,
      -1.4976224899291992
    ]
  ],
  "digital_baseline": -1.496389877796173,
  "mean": [
    -1.5017183780670167,
    -1.5031390547752381,
    -1.5069263339042664,
    -1.5096318125724792,
    -1.5064780473709107,
    -1.5052899956703185,
    -1.4991764307022095,
    -1.5029398560523988,
    -1.5042182207107544
  ],
  "std": [
    0.007572218341496803,
    0.01522626289767152,
    0.011127905911946605,
    0.01423030974200914,
    0.007957358044024752,
    0.012400008955844947,
    0.011106745996009533,
    0.019077477853251982,
    0.01307074506383855
  ],
  "normalized_mean": [
    0.9964390962877326,
    0.9954896935088835,
    0.9929587494112089,
    0.991150745555825,
    0.993258328110589,
    0.9940522734040054,
    0.9981378162553863,
    0.9956228130426328,
    0.9947685138540828
  ],
  "normalized_std": [
    0.005060324487525192,
    0.01017533139163985,
    0.0074365017279690296,
    0.00950976076032204,
    0.005317703736237545,
    0.008286616435889833,
    0.0074223610843767085,
    0.012749002206128644,
    0.008734852632850374
  ],
  "degradation_threshold_10pct": 0.15
}