{
  "sigma_values": [
    2.0,
    4.0,
    6.0,
    8.0,
    10.0,
    12.0,
    16.0
  ],
  "metric_name": "quality_vs_adc_bits_sigma0.050",
  "per_trial": [
    [
      -3.998323917388916,
      -3.993619680404663,
      -3.9912242889404297,
      -3.9992759227752686,
      -3.987881898880005,
      -3.996354818344116,
      -3.984151601791382,
      -3.9869842529296875,
      -3.9954910278320312,
      -3.986173629760742,
      -3.9894773960113525,
      -3.9858648777008057,
      -4.00009298324585,
      -3.99635910987854,
      -3.986953020095825,
      -3.999697208404541,
      -3.995997190475464,
      -3.9956541061401367,
      -3.9893298149108887,
      -3.9941017627716064,
      -3.997251510620117,
      -3.980870246887207,
      -4.0002946853637695,
      -3.9901373386383057,
      -3.9879751205444336
    ],
    [
      -1.4334477186203003,
      -1.397464394569397,
      -1.385375738143921,
      -1.3729729652404785,
      -1.42444908618927,
      -1.401294231414795,
      -1.406883716583252,
      -1.4218722581863403,
      -1.41145658493042,
      -1.3864344358444214,
      -1.3956986665725708,
      -1.3715542554855347,
      -1.4083491563796997,
      -1.4221725463867188,
      -1.40032958984375,
      -1.4007242918014526,
      -1.4231747388839722,
      -1.4014698266983032,
      -1.3937230110168457,
      -1.4060696363449097,
      -1.4187978506088257,
      -1.405468463897705,
      -1.427117943763733,
      -1.4163339138031006,
      -1.4001424312591553
    ],
    [
      -1.465332269668579,
      -1.5188143253326416,
      -1.5080273151397705,
      -1.5260015726089478,
      -1.478283166885376,
      -1.46333646774292,
      -1.5139715671539307,
      -1.5136938095092773,
      -1.4759927988052368,
      -1.4553844928741455,
      -1.5226032733917236,
      -1.4786090850830078,
      -1.4854748249053955,
      -1.4858285188674927,
      -1.4840084314346313,
      -1.4950029850006104,
      -1.493478536605835,
      -1.5023232698440552,
      -1.5014704465866089,
      -1.5225532054901123,
      -1.4702469110488892,
      -1.5129085779190063,
      -1.481067180633545,
      -1.501479148864746,
      -1.5162826776504517
    ],
    [
      -1.5369253158569336,
      -1.4848302602767944,
      -1.4838519096374512,
      -1.4872552156448364,
      -1.493245005607605,
      -1.490185260772705,
      -1.4911103248596191,
      -1.5191491842269897,
      -1.4848426580429077,
      -1.4758083820343018,
      -1.486293911933899,
      -1.4809880256652832,
      -1.4777989387512207,
      -1.4561429023742676,
      -1.5359917879104614,
      -1.5110876560211182,
      -1.4869954586029053,
      -1.4892624616622925,
      -1.4992510080337524,
      -1.4961668252944946,
      -1.4904760122299194,
      -1.5110900402069092,
      -1.492777705192566,
      -1.4775973558425903,
      -1.4885936975479126
    ],
    [
      -1.491891622543335,
      -1.4924782514572144,
      -1.4842504262924194,
      -1.5121972560882568,
      -1.5157253742218018,
      -1.4478548765182495,
      -1.5183444023132324,
      -1.4708504676818848,
      -1.522297978401184,
      -1.4988595247268677,
      -1.5263020992279053,
      -1.4951269626617432,
      -1.4979379177093506,
      -1.5140366554260254,
      -1.517712950706482,
      -1.4875898361206055,
      -1.4895604848861694,
      -1.487835168838501,
      -1.514840006828308,
      -1.4866820573806763,
      -1.5212616920471191,
      -1.4963685274124146,
      -1.4918879270553589,
      -1.4983251094818115,
      -1.4875664710998535
    ],
    [
      -1.4895161390304565,
      -1.4857516288757324,
      -1.5295361280441284,
      -1.4887592792510986,
      -1.561071753501892,
      -1.5044996738433838,
      -1.5314325094223022,
      -1.4918872117996216,
      -1.5086013078689575,
      -1.5187925100326538,
      -1.4876703023910522,
      -1.569588541984558,
      -1.4930435419082642,
      -1.4988373517990112,
      -1.4735969305038452,
      -1.4978588819503784,
      -1.5070334672927856,
      -1.4928756952285767,
      -1.5354987382888794,
      -1.494932770729065,
      -1.4898313283920288,
      -1.5309194326400757,
      -1.4867113828659058,
      -1.4935684204101562,
      -1.474149465560913
    ],
    [
      -1.5246254205703735,
      -1.519653558731079,
      -1.5099989175796509,
      -1.4798585176467896,
      -1.5099116563796997,
      -1.557513952255249,
      -1.502148151397705,
      -1.4967634677886963,
      -1.4960370063781738,
      -1.454667329788208,
      -1.460801362991333,
      -1.4839638471603394,
      -1.5296682119369507,
      -1.503889560699463,
      -1.4435086250305176,
      -1.489983081817627,
      -1.5056939125061035,
      -1.4814682006835938,
      -1.4876238107681274,
      -1.5194964408874512,
      -1.5135914087295532,
      -1.4938640594482422,
      -1.5136245489120483,
      -1.495806097984314,
      -1.4689257144927979
    ]
  ],
  "digital_baseline": -1.4903979635238647,
  "mean": [
    -3.9923814964294433,
    -1.4053110980987549,
    -1.4948869943618774,
    -1.4931086921691894,
    -1.4987113618850707,
    -1.505438575744629,
    -1.4977234745025634
  ],
  "std": [
    0.005496720026798141,
    0.015742128411797604,
    0.020303299617463234,
    0.017679014035034024,
    0.01772720215665522,
    0.02439745407073195,
    0.024610306572220148
  ],
  "normalized_mean": [
    -0.6787352063940981,
    1.0570900306545858,
    0.996988032090839,
    0.9981812048112871,
    0.9944220278310432,
    0.9899083247636742,
    0.9950848624609104
  ],
  "normalized_std": [
    0.003688088793278954,
    0.010562365755369967,
    0.013622737090608036,
    0.01186194188915432,
    0.011894274274732239,
    0.016369758056463752,
    0.016512573939669154
  ],
  "degradation_threshold_10pct": 16.0
}