{
  "sigma_values": [
    0.0,
    0.01,
    0.02,
    0.03,
    0.05,
    0.07,
    0.1,
    0.12,
    0.15
  ],
  "metric_name": "quality",
  "per_trial": [
    [
      -3.999816417694092,
      -3.9952938556671143,
      -3.9961647987365723,
      -3.9909892082214355,
      -3.9891908168792725,
      -3.9961538314819336,
      -3.983734607696533,
      -3.990356922149658,
      -3.9912049770355225,
      -3.9901275634765625,
      -3.9946463108062744,
      -3.988399028778076,
      -3.992530345916748,
      -3.9885623455047607,
      -3.987632989883423,
      -3.9935970306396484,
      -3.995391368865967,
      -3.9916625022888184,
      -3.9897804260253906,
      -3.9921646118164062,
      -3.9904656410217285,
      -3.998555898666382,
      -3.9926211833953857,
      -3.9952306747436523,
      -3.9887547492980957,
      -3.9883553981781006,
      -3.9902946949005127,
      -3.9982213973999023,
      -3.986161470413208,
      -3.98783016204834,
      -3.9964852333068848,
      -3.9908392429351807,
      -3.9932332038879395,
      -3.9932661056518555,
      -3.9888081550598145,
      -3.9973630905151367,
      -3.9896533489227295,
      -3.998220682144165,
      -3.9994261264801025,
      -3.9898736476898193,
      -3.9936931133270264,
      -3.995328664779663,
      -3.9925291538238525,
      -3.993147134780884,
      -3.991457462310791,
      -3.9985365867614746,
      -3.997080087661743,
      -3.9879369735717773,
      -3.996044158935547,
      -3.993171215057373
    ],
    [
      -3.9905548095703125,
      -3.998986005783081,
      -3.993046283721924,
      -4.001539707183838,
      -3.991217613220215,
      -3.9958086013793945,
      -3.992871046066284,
      -3.9890263080596924,
      -3.9979326725006104,
      -4.001416206359863,
      -4.002864360809326,
      -4.006597995758057,
      -3.9962804317474365,
      -3.999347448348999,
      -4.005635738372803,
      -3.99424409866333,
      -3.9977688789367676,
      -3.9941322803497314,
      -3.990593671798706,
      -3.9921281337738037,
      -4.003035068511963,
      -3.9885129928588867,
      -3.9973604679107666,
      -3.9918136596679688,
      -3.984936475753784,
      -4.005194187164307,
      -3.990579843521118,
      -3.9919373989105225,
      -3.9966955184936523,
      -3.988715410232544,
      -4.00147819519043,
      -3.9938466548919678,
      -4.001330375671387,
      -3.9863622188568115,
      -3.994662046432495,
      -3.9937307834625244,
      -3.9835898876190186,
      -3.9966654777526855,
      -4.010708332061768,
      -3.98956561088562,
      -3.9967048168182373,
      -3.9909725189208984,
      -3.9968137741088867,
      -3.993048667907715,
      -4.001389503479004,
      -3.9843266010284424,
      -3.9837405681610107,
      -3.9838738441467285,
      -4.001028060913086,
      -4.002269268035889
    ],
    [
      -3.9884727001190186,
      -4.002542495727539,
      -3.9809954166412354,
      -4.004975318908691,
      -4.026357173919678,
      -3.971431255340576,
      -3.9738759994506836,
      -3.985053300857544,
      -3.9867401123046875,
      -4.01601505279541,
      -3.978003740310669,
      -3.9930784702301025,
      -3.983715772628784,
      -3.977559804916382,
      -3.9991567134857178,
      -3.9887688159942627,
      -3.9824817180633545,
      -3.997607707977295,
      -3.990220308303833,
      -4.010212421417236,
      -3.97617244720459,
      -3.9779863357543945,
      -4.001269340515137,
      -3.993565559387207,
      -3.9883391857147217,
      -3.991664409637451,
      -3.9861814975738525,
      -3.997166633605957,
      -3.991459369659424,
      -3.998699903488159,
      -3.987511396408081,
      -3.974757671356201,
      -3.999105453491211,
      -4.010670185089111,
      -3.9904162883758545,
      -4.004515171051025,
      -3.9859166145324707,
      -3.991602897644043,
      -4.008864879608154,
      -3.9971401691436768,
      -3.9891624450683594,
      -3.9936046600341797,
      -4.0093183517456055,
      -3.9843456745147705,
      -3.9997355937957764,
      -3.98477840423584,
      -3.9873206615448,
      -3.999162197113037,
      -3.9873576164245605,
      -3.9840409755706787
    ],
    [
      -3.9847185611724854,
      -4.011819839477539,
      -4.006978511810303,
      -3.9643681049346924,
      -3.9895689487457275,
      -4.019951820373535,
      -3.998927116394043,
      -4.036766052246094,
      -3.979046583175659,
      -4.0179548263549805,
      -4.007589817047119,
      -3.9815850257873535,
      -4.000401973724365,
      -3.9689748287200928,
      -4.005970478057861,
      -4.01027250289917,
      -3.985956907272339,
      -3.9952871799468994,
      -4.031053066253662,
      -3.9895803928375244,
      -3.9915294647216797,
      -3.984642505645752,
      -3.9940569400787354,
      -3.982938766479492,
      -3.972435235977173,
      -4.013254165649414,
      -3.972919464111328,
      -4.007192134857178,
      -3.9873602390289307,
      -3.9933717250823975,
      -4.014095783233643,
      -4.001682758331299,
      -3.9750466346740723,
      -3.99141001701355,
      -4.020218849182129,
      -3.9772393703460693,
      -4.052635192871094,
      -3.9998795986175537,
      -3.9881341457366943,
      -3.9903852939605713,
      -3.959162473678589,
      -4.016685485839844,
      -4.01001501083374,
      -4.001528263092041,
      -4.008492946624756,
      -3.997701406478882,
      -3.996621608734131,
      -3.9768223762512207,
      -3.9829368591308594,
      -4.005439281463623
    ],
    [
      -4.032742977142334,
      -3.9938104152679443,
      -3.9727561473846436,
      -3.9638304710388184,
      -4.024013996124268,
      -3.9765708446502686,
      -4.1134185791015625,
      -4.001028537750244,
      -4.031135559082031,
      -3.968609571456909,
      -3.9748547077178955,
      -3.981443166732788,
      -3.9839744567871094,
      -4.018636226654053,
      -3.9826295375823975,
      -3.9557995796203613,
      -4.014724254608154,
      -4.020173072814941,
      -3.9871509075164795,
      -4.013685703277588,
      -3.979112386703491,
      -4.012515544891357,
      -3.9720940589904785,
      -3.941300868988037,
      -4.010201930999756,
      -4.008399963378906,
      -3.9821083545684814,
      -3.938857316970825,
      -3.958404541015625,
      -4.010786533355713,
      -4.0168280601501465,
      -3.943634033203125,
      -4.018742084503174,
      -3.9637653827667236,
      -3.979814052581787,
      -4.018744945526123,
      -3.983001232147217,
      -4.001506805419922,
      -4.032045841217041,
      -3.9519941806793213,
      -3.9761126041412354,
      -3.985593557357788,
      -4.034006118774414,
      -4.006538391113281,
      -4.014690399169922,
      -3.9882266521453857,
      -4.030215263366699,
      -3.982078790664673,
      -3.980654716491699,
      -4.014607906341553
    ],
    [
      -3.9719347953796387,
      -3.9864890575408936,
      -3.9195332527160645,
      -4.0107340812683105,
      -3.951843738555908,
      -3.975414752960205,
      -4.104197978973389,
      -4.003988742828369,
      -3.978665590286255,
      -3.9406578540802,
      -3.966716766357422,
      -3.938608407974243,
      -4.00341796875,
      -3.980664014816284,
      -4.021111488342285,
      -4.011451244354248,
      -4.007752418518066,
      -4.060937881469727,
      -3.9876668453216553,
      -3.9543676376342773,
      -4.016845703125,
      -3.929166793823242,
      -4.012279033660889,
      -3.9845433235168457,
      -4.047746658325195,
      -3.9736220836639404,
      -3.971163034439087,
      -4.0483808517456055,
      -3.962874174118042,
      -4.023184299468994,
      -3.9970574378967285,
      -4.050155162811279,
      -3.997288703918457,
      -4.043683052062988,
      -3.981995105743408,
      -3.987332344055176,
      -3.9303832054138184,
      -3.880030393600464,
      -3.92547345161438,
      -3.9156150817871094,
      -3.9984636306762695,
      -3.9749820232391357,
      -4.023045539855957,
      -3.9970521926879883,
