{
  "sigma_values": [
    0.0,
    0.01,
    0.02,
    0.03,
    0.05,
    0.07,
    0.1,
    0.12,
    0.15
  ],
  "metric_name": "quality_quantization_only",
  "per_trial": [
    [
      -1.3667887449264526,
      -1.3376119136810303,
      -1.3535445928573608,
      -1.3506205081939697,
      -1.3614593744277954,
      -1.3482921123504639,
      -1.3301618099212646,
      -1.3376338481903076,
      -1.350231647491455,
      -1.359801173210144
    ],
    [
      -1.3818811178207397,
      -1.3361963033676147,
      -1.3217650651931763,
      -1.3477752208709717,
      -1.356911540031433,
      -1.3636656999588013,
      -1.347848892211914,
      -1.334633708000183,
      -1.3337739706039429,
      -1.3149393796920776
    ],
    [
      -1.3832441568374634,
      -1.3400379419326782,
      -1.3432327508926392,
      -1.352364182472229,
      -1.3663434982299805,
      -1.3347965478897095,
      -1.3476754426956177,
      -1.315993070602417,
      -1.3130483627319336,
      -1.364484190940857
    ],
    [
      -1.3733313083648682,
      -1.3381197452545166,
      -1.3478984832763672,
      -1.3508354425430298,
      -1.3312783241271973,
      -1.3483541011810303,
      -1.3672215938568115,
      -1.3526360988616943,
      -1.2989028692245483,
      -1.3707575798034668
    ],
    [
      -1.354494333267212,
      -1.3229434490203857,
      -1.3529592752456665,
      -1.358412504196167,
      -1.3622798919677734,
      -1.3275234699249268,
      -1.3520121574401855,
      -1.3563569784164429,
      -1.32960844039917,
      -1.3475723266601562
    ],
    [
      -1.3578851222991943,
      -1.377602458000183,
      -1.3478959798812866,
      -1.3313184976577759,
      -1.3431729078292847,
      -1.3348917961120605,
      -1.3326696157455444,
      -1.365120768547058,
      -1.3546297550201416,
      -1.3336814641952515
    ],
    [
      -1.3488057851791382,
      -1.3754546642303467,
      -1.3524450063705444,
      -1.3551515340805054,
      -1.3446202278137207,
      -1.355400800704956,
      -1.3256298303604126,
      -1.340078592300415,
      -1.3632758855819702,
      -1.3580678701400757
    ],
    [
      -1.3778332471847534,
      -1.3408805131912231,
      -1.3533560037612915,
      -1.3599694967269897,
      -1.331107258796692,
      -1.309877634048462,
      -1.3306150436401367,
      -1.4194927215576172,
      -1.360268473625183,
      -1.3296427726745605
    ],
    [
      -1.332410216331482,
      -1.3203754425048828,
      -1.3283746242523193,
      -1.4084086418151855,
      -1.3484433889389038,
      -1.3372018337249756,
      -1.3532626628875732,
      -1.3420432806015015,
      -1.346139669418335,
      -1.359395146369934
    ]
  ],
  "digital_baseline": -1.3429911494255067,
  "mean": [
    -1.3496145725250244,
    -1.3439390897750854,
    -1.3461220145225525,
    -1.347933554649353,
    -1.3464162826538086,
    -1.3478868365287782,
    -1.3518930196762085,
    -1.3513043165206908,
    -1.3476054906845092
  ],
  "std": [
    0.011061720299962817,
    0.018998854266087505,
    0.020834487895217073,
    0.02084811528918507,
    0.013511153255705857,
    0.01491448218220027,
    0.012797800464629857,
    0.02939916487951684,
    0.023134921311310702
  ],
  "normalized_mean": [
    0.9950681558085093,
    0.9992941574112502,
    0.9976687373566199,
    0.9963198527213225,
    0.9974496233800445,
    0.9963546393396816,
    0.9933716091468587,
    0.9938099613696335,
    0.9965641312967874
  ],
  "normalized_std": [
    0.008236629336458924,
    0.01414667123771789,
    0.015513496052546193,
    0.015523643099288702,
    0.010060493147319358,
    0.011105421051047329,
    0.009529325990051678,
    0.021890810592529196,
    0.017226413830952768
  ],
  "degradation_threshold_10pct": 0.15
}