{
  "sigma_values": [
    0.0,
    0.01,
    0.02,
    0.03,
    0.05,
    0.07,
    0.1,
    0.12,
    0.15
  ],
  "metric_name": "quality_thermal_only",
  "per_trial": [
    [
      -1.345351219177246,
      -1.373685598373413,
      -1.3748186826705933,
      -1.3546290397644043,
      -1.3471075296401978,
      -1.336157202720642,
      -1.3389962911605835,
      -1.3321664333343506,
      -1.3292149305343628,
      -1.3347936868667603
    ],
    [
      -1.3695080280303955,
      -1.3702688217163086,
      -1.3617722988128662,
      -1.3527108430862427,
      -1.3443163633346558,
      -1.3272205591201782,
      -1.3572649955749512,
      -1.3403844833374023,
      -1.326368808746338,
      -1.3193055391311646
    ],
    [
      -1.3599597215652466,
      -1.3616092205047607,
      -1.301767349243164,
      -1.3732473850250244,
      -1.3389577865600586,
      -1.347597360610962,
      -1.3752996921539307,
      -1.3551881313323975,
      -1.3559973239898682,
      -1.377221941947937
    ],
    [
      -1.337030291557312,
      -1.3619275093078613,
      -1.3564486503601074,
      -1.3759865760803223,
      -1.355326771736145,
      -1.33571457862854,
      -1.3253837823867798,
      -1.3329442739486694,
      -1.3536525964736938,
      -1.3496818542480469
    ],
    [
      -1.3587133884429932,
      -1.335298776626587,
      -1.3787068128585815,
      -1.3413583040237427,
      -1.366263747215271,
      -1.356759786605835,
      -1.3450374603271484,
      -1.346258521080017,
      -1.3465218544006348,
      -1.3401519060134888
    ],
    [
      -1.3864535093307495,
      -1.3296929597854614,
      -1.3307894468307495,
      -1.3400651216506958,
      -1.3720018863677979,
      -1.3859639167785645,
      -1.3474782705307007,
      -1.3234750032424927,
      -1.3276935815811157,
      -1.3454400300979614
    ],
    [
      -1.3196892738342285,
      -1.3373043537139893,
      -1.326770305633545,
      -1.2929893732070923,
      -1.3274259567260742,
      -1.297371506690979,
      -1.3678525686264038,
      -1.374815821647644,
      -1.398145079612732,
      -1.3595826625823975
    ],
    [
      -1.355135440826416,
      -1.3463753461837769,
      -1.3499207496643066,
      -1.3405998945236206,
      -1.340214490890503,
      -1.305536150932312,
      -1.3482259511947632,
      -1.3578368425369263,
      -1.3289920091629028,
      -1.327757716178894
    ],
    [
      -1.3531343936920166,
      -1.3505079746246338,
      -1.3355741500854492,
      -1.3429168462753296,
      -1.3490796089172363,
      -1.314681053161621,
      -1.3772155046463013,
      -1.3277865648269653,
      -1.3468645811080933,
      -1.3476526737213135
    ]
  ],
  "digital_baseline": -1.3438867211341858,
  "mean": [
    -1.3466920614242555,
    -1.3469120740890503,
    -1.354684591293335,
    -1.348409688472748,
    -1.35150705575943,
    -1.348905372619629,
    -1.3401946902275086,
    -1.3400594592094421,
    -1.344541335105896
  ],
  "std": [
    0.015533664658469145,
    0.017432725600702883,
    0.021102231896203017,
    0.014645209233784828,
    0.01275150600904205,
    0.022809624742972788,
    0.032452996605942405,
    0.014876639070746852,
    0.01571026659023427
  ],
  "normalized_mean": [
    0.997912517293346,
    0.9977488035953572,
    0.9919651932046504,
    0.99663441325267,
    0.9943296302393606,
    0.9962655695554402,
    1.002747278359564,
    1.0028479051578942,
    0.9995128949773701
  ],
  "normalized_std": [
    0.011558760432843151,
    0.012971871309205563,
    0.01570238887277165,
    0.010897651568001852,
    0.009488527424603389,
    0.016972877538162137,
    0.02414861021809442,
    0.011069860901811406,
    0.011690171755678517
  ],
  "degradation_threshold_10pct": 0.15
}