{
  "sigma_values": [
    0.0,
    0.01,
    0.02,
    0.03,
    0.05,
    0.07,
    0.1,
    0.12,
    0.15
  ],
  "metric_name": "quality_quantization_only",
  "per_trial": [
    [
      -1.4979110956192017,
      -1.4820057153701782,
      -1.4884427785873413,
      -1.490594744682312,
      -1.4675887823104858,
      -1.4821618795394897,
      -1.511730670928955,
      -1.5024316310882568,
      -1.492924451828003,
      -1.4916561841964722
    ],
    [
      -1.4792436361312866,
      -1.509519338607788,
      -1.496984839439392,
      -1.4897526502609253,
      -1.4963796138763428,
      -1.473826289176941,
      -1.527738332748413,
      -1.5234220027923584,
      -1.475183367729187,
      -1.4910213947296143
    ],
    [
      -1.4862399101257324,
      -1.4969778060913086,
      -1.501089096069336,
      -1.50369131565094,
      -1.4807878732681274,
      -1.4952114820480347,
      -1.497444987297058,
      -1.4965319633483887,
      -1.5157188177108765,
      -1.4894509315490723
    ],
    [
      -1.5118457078933716,
      -1.4986447095870972,
      -1.494707465171814,
      -1.4995418787002563,
      -1.4888414144515991,
      -1.4935985803604126,
      -1.4656493663787842,
      -1.4909346103668213,
      -1.5201585292816162,
      -1.5135985612869263
    ],
    [
      -1.4904839992523193,
      -1.5246834754943848,
      -1.51713228225708,
      -1.4945259094238281,
      -1.5203402042388916,
      -1.500672698020935,
      -1.4973104000091553,
      -1.4814056158065796,
      -1.5014053583145142,
      -1.5008049011230469
    ],
    [
      -1.4860137701034546,
      -1.5166642665863037,
      -1.494414210319519,
      -1.4985758066177368,
      -1.502811074256897,
      -1.47235107421875,
      -1.4791971445083618,
      -1.5182486772537231,
      -1.4870312213897705,
      -1.498030662536621
    ],
    [
      -1.4927064180374146,
      -1.4960252046585083,
      -1.4851772785186768,
      -1.5035308599472046,
      -1.498496413230896,
      -1.4816666841506958,
      -1.4926888942718506,
      -1.4997010231018066,
      -1.5115859508514404,
      -1.4775713682174683
    ],
    [
      -1.5060620307922363,
      -1.496997594833374,
      -1.4770556688308716,
      -1.4758607149124146,
      -1.5071053504943848,
      -1.4849505424499512,
      -1.4736443758010864,
      -1.5000351667404175,
      -1.4998457431793213,
      -1.5003716945648193
    ],
    [
      -1.4995107650756836,
      -1.4709542989730835,
      -1.4665032625198364,
      -1.4846373796463013,
      -1.4870562553405762,
      -1.4893807172775269,
      -1.4730303287506104,
      -1.5222336053848267,
      -1.4877640008926392,
      -1.4796806573867798
    ]
  ],
  "digital_baseline": -1.4920645713806153,
  "mean": [
    -1.4907447934150695,
    -1.4963071465492248,
    -1.4963144183158874,
    -1.4977520823478698,
    -1.5028764843940734,
    -1.4953337907791138,
    -1.4939150094985962,
    -1.4921928882598876,
    -1.4860751271247863
  ],
  "std": [
    0.01151298047378215,
    0.017921574692640354,
    0.009200031025095371,
    0.014624547056299357,
    0.013078041793598873,
    0.014138643704151537,
    0.009798443570457489,
    0.012317282281623577,
    0.015256192855492328
  ],
  "normalized_mean": [
    1.0008845314008927,
    0.9971565740183189,
    0.997151700390996,
    0.9961881603006015,
    0.9927537231157135,
    0.9978089290093702,
    0.9987598136478312,
    0.9999140004516336,
    1.0040141990974873
  ],
  "normalized_std": [
    0.0077161409061064475,
    0.01201125945645732,
    0.0061659737799300025,
    0.009801551043308526,
    0.008765064223391949,
    0.00947589264924974,
    0.006567037217022676,
    0.008255193855468555,
    0.010224887815261033
  ],
  "degradation_threshold_10pct": 0.15
}