{
  "sigma_values": [
    0.0,
    0.01,
    0.02,
    0.03,
    0.05,
    0.07,
    0.1,
    0.12,
    0.15
  ],
  "metric_name": "quality_mismatch_only",
  "per_trial": [
    [
      -3.994119167327881,
      -3.995746374130249,
      -3.998805522918701,
      -3.9810569286346436,
      -3.996706485748291,
      -3.9968438148498535,
      -3.987744092941284,
      -3.995840311050415,
      -3.9959588050842285,
      -3.994788646697998
    ],
    [
      -3.9925005435943604,
      -3.994407892227173,
      -4.001267433166504,
      -3.9942803382873535,
      -3.9940319061279297,
      -4.000697612762451,
      -3.9942967891693115,
      -3.988586902618408,
      -3.9862632751464844,
      -4.000820159912109
    ],
    [
      -3.9980523586273193,
      -3.9994828701019287,
      -4.002180576324463,
      -4.005702972412109,
      -3.9881904125213623,
      -3.965437173843384,
      -3.975719451904297,
      -3.9835288524627686,
      -3.993302583694458,
      -4.020301818847656
    ],
    [
      -3.9840755462646484,
      -3.989410638809204,
      -3.9525094032287598,
      -3.9989964962005615,
      -4.0245561599731445,
      -3.986039400100708,
      -3.974087953567505,
      -3.998910427093506,
      -3.9236345291137695,
      -4.0030083656311035
    ],
    [
      -4.006653785705566,
      -3.9875831604003906,
      -4.042019367218018,
      -3.9843034744262695,
      -3.9765963554382324,
      -4.018587112426758,
      -3.9548912048339844,
      -3.9920036792755127,
      -3.9616732597351074,
      -3.975428581237793
    ],
    [
      -3.943352222442627,
      -3.960419178009033,
      -4.048219680786133,
      -3.919219970703125,
      -3.9918763637542725,
      -3.9603512287139893,
      -3.963914155960083,
      -3.996427536010742,
      -4.030091285705566,
      -4.039340496063232
    ],
    [
      -4.100024700164795,
      -3.9982986450195312,
      -4.032822132110596,
      -4.162969589233398,
      -4.005706310272217,
      -4.008788585662842,
      -3.987823486328125,
      -3.995823621749878,
      -4.019845962524414,
      -3.9619038105010986
    ],
    [
      -3.9424641132354736,
      -4.005936145782471,
      -3.947115659713745,
      -4.083662509918213,
      -4.053910255432129,
      -4.0969953536987305,
      -3.9653117656707764,
      -3.8131792545318604,
      -4.023471355438232,
      -3.963143825531006
    ],
    [
      -3.7856359481811523,
      -3.901930570602417,
      -3.93135666847229,
      -4.119876384735107,
      -4.12778902053833,
      -4.016427040100098,
      -3.9875590801239014,
      -3.836200714111328,
      -3.9845213890075684,
      -3.9991936683654785
    ]
  ],
  "digital_baseline": -3.992588925361633,
  "mean": [
    -3.9937610149383547,
    -3.9947152853012087,
    -3.9931899070739747,
    -3.983522891998291,
    -3.9899739980697633,
    -3.98532121181488,
    -4.02740068435669,
    -3.9895190238952636,
    -3.9690490484237673
  ],
  "std": [
    0.0050547342028695735,
    0.004804298323597576,
    0.014931457196600047,
    0.02686707238763079,
    0.02503977090992143,
    0.04108238548263835,
    0.05679518668785891,
    0.07897609603254938,
    0.10435386996693452
  ],
  "normalized_mean": [
    0.9997064336953709,
    0.9994674232736387,
    0.9998494756851816,
    1.0022707154512585,
    1.0006549452850655,
    1.001820300983301,
    0.9912809057867376,
    1.0007688999603412,
    1.0058958929601634
  ],
  "normalized_std": [
    0.0012660292099597344,
    0.0012033040248846608,
    0.0037397932709157164,
    0.006729235814127115,
    0.0062715624818934805,
    0.010289660731580892,
    0.014225152588859277,
    0.019780673019172898,
    0.026136893108143495
  ],
  "degradation_threshold_10pct": 0.15
}