{
  "sigma_values": [
    0.0,
    0.01,
    0.02,
    0.03,
    0.05,
    0.07,
    0.1,
    0.12,
    0.15
  ],
  "metric_name": "quality_mismatch_only",
  "per_trial": [
    [
      -1.3154174089431763,
      -1.314455270767212,
      -1.333162546157837,
      -1.327724575996399,
      -1.3243567943572998,
      -1.341685175895691,
      -1.3099740743637085,
      -1.3373563289642334,
      -1.3414862155914307,
      -1.35193932056427,
      -1.3589924573898315,
      -1.3142424821853638,
      -1.3081201314926147,
      -1.3199530839920044,
      -1.2879518270492554,
      -1.2890188694000244,
      -1.3325244188308716,
      -1.3409152030944824,
      -1.3411206007003784,
      -1.3345690965652466
    ],
    [
      -1.3068212270736694,
      -1.3238189220428467,
      -1.3395278453826904,
      -1.3378034830093384,
      -1.3013802766799927,
      -1.3162806034088135,
      -1.3074538707733154,
      -1.2916690111160278,
      -1.3605247735977173,
      -1.2901540994644165,
      -1.322416067123413,
      -1.3101568222045898,
      -1.3076621294021606,
      -1.2872856855392456,
      -1.341343641281128,
      -1.3393245935440063,
      -1.340962529182434,
      -1.2984623908996582,
      -1.3379560708999634,
      -1.3314129114151
    ],
    [
      -1.3172842264175415,
      -1.303592324256897,
      -1.3080451488494873,
      -1.2898575067520142,
      -1.3362938165664673,
      -1.269136667251587,
      -1.332055926322937,
      -1.3186920881271362,
      -1.3274489641189575,
      -1.3097752332687378,
      -1.3682318925857544,
      -1.3237861394882202,
      -1.3226559162139893,
      -1.3107775449752808,
      -1.339479684829712,
      -1.310360074043274,
      -1.3577792644500732,
      -1.3399053812026978,
      -1.3151251077651978,
      -1.3533185720443726
    ],
    [
      -1.303802251815796,
      -1.3708789348602295,
      -1.2988026142120361,
      -1.3465696573257446,
      -1.3245067596435547,
      -1.3085087537765503,
      -1.3183791637420654,
      -1.3577560186386108,
      -1.324412226676941,
      -1.3310225009918213,
      -1.321078896522522,
      -1.314618468284607,
      -1.3465826511383057,
      -1.3347206115722656,
      -1.3785018920898438,
      -1.3308175802230835,
      -1.2749508619308472,
      -1.3228261470794678,
      -1.3451576232910156,
      -1.3133623600006104
    ],
    [
      -1.3549160957336426,
      -1.3726718425750732,
      -1.2804205417633057,
      -1.3169430494308472,
      -1.3411288261413574,
      -1.3484783172607422,
      -1.3680684566497803,
      -1.364291787147522,
      -1.3153839111328125,
      -1.2938930988311768,
      -1.3303943872451782,
      -1.313598871231079,
      -1.3232134580612183,
      -1.3190308809280396,
      -1.3603625297546387,
      -1.308510422706604,
      -1.30748450756073,
      -1.34538996219635,
      -1.377115249633789,
      -1.3719556331634521
    ],
    [
      -1.3755570650100708,
      -1.3726760149002075,
      -1.356112003326416,
      -1.3486953973770142,
      -1.3103066682815552,
      -1.3255512714385986,
      -1.3834338188171387,
      -1.3512121438980103,
      -1.276528239250183,
      -1.3203773498535156,
      -1.292999505996704,
      -1.336000680923462,
      -1.3581969738006592,
      -1.3298653364181519,
      -1.2997545003890991,
      -1.2923388481140137,
      -1.338201880455017,
      -1.3260841369628906,
      -1.309828281402588,
      -1.3962827920913696
    ],
    [
      -1.3673341274261475,
      -1.4467037916183472,
      -1.2944014072418213,
      -1.3241409063339233,
      -1.3311611413955688,
      -1.335831880569458,
      -1.3082220554351807,
      -1.3709253072738647,
      -1.339870572090149,
      -1.3640698194503784,
      -1.4289608001708984,
      -1.3325238227844238,
      -1.3574236631393433,
      -1.3640766143798828,
      -1.3443663120269775,
      -1.4320318698883057,
      -1.3364530801773071,
      -1.3324769735336304,
      -1.3465216159820557,
      -1.2602206468582153
    ],
    [
      -1.4146264791488647,
      -1.3683422803878784,
      -1.360539197921753,
      -1.3271527290344238,
      -1.3347833156585693,
      -1.317763090133667,
      -1.232332468032837,
      -1.3140655755996704,
      -1.2791494131088257,
      -1.3247562646865845,
      -1.3623926639556885,
      -1.365981101989746,
      -1.4072017669677734,
      -1.2892810106277466,
      -1.4033139944076538,
      -1.3266946077346802,
      -1.3949764966964722,
      -1.426271915435791,
      -1.3602551221847534,
      -1.317901849746704
    ],
    [
      -1.3651880025863647,
      -1.3669036626815796,
      -1.340462565422058,
      -1.3722362518310547,
      -1.3464819192886353,
      -1.3612163066864014,
      -1.3478209972381592,
      -1.4396460056304932,
      -1.2952752113342285,
      -1.3995758295059204,
      -1.2773140668869019,
      -1.3276920318603516,
      -1.440316915512085,
      -1.3862359523773193,
      -1.4056544303894043,
      -1.3586853742599487,
      -1.3281521797180176,
      -1.338348627090454,
      -1.281276822090149,
      -1.3234670162200928
    ]
  ],
  "digital_baseline": -1.26105797290802,
  "ideal_analog_baseline": -1.3293187022209167,
  "mean": [
    -1.3262482941150666,
    -1.3196208477020264,
    -1.3226800739765168,
    -1.328362798690796,
    -1.335662591457367,
    -1.3350001454353333,
    -1.350885820388794,
    -1.346389067173004,
    -1.355097508430481
  ],
  "std": [
    0.018453813943854737,
    0.020306945056068018,
    0.02259049434091888,
    0.024017050311357917,
    0.027910494307940435,
    0.03202247761799463,
    0.04390513981205879,
    0.04831104915970143,
    0.04397608463909015
  ],
  "normalized_mean": [
    0.948305056065966,
    0.9535605213621072,
    0.9511346009522503,
    0.9466282857499644,
    0.9408396599108703,
    0.9413649696398958,
    0.9287678684005071,
    0.9323337260473369,
    0.9254280631479579
  ],
  "normalized_std": [
    0.0146335968213261,
    0.01610310191310228,
    0.01791392214017317,
    0.01904515956231117,
    0.022132602075048448,
    0.025393342975462325,
    0.03481611532165554,
    0.038309935147783386,
    0.034872373502132174
  ],
  "degradation_threshold_10pct": 0.15,
  "trial_seeds": {
    "digital_baseline": [
      101040345,
      101040346,
      101040347,
      101040348,
      101040349,
      101040350,
      101040351,
      101040352,
      101040353,
      101040354,
      101040355,
      101040356,
      101040357,
      101040358,
      101040359,
      101040360,
      101040361,
      101040362,
      101040363,
      101040364
    ],
    "ideal_analog_baseline": [
      202040648,
      202040649,
      202040650,
      202040651,
      202040652,
      202040653,
      202040654,
      202040655,
      202040656,
      202040657,
      202040658,
      202040659,
      202040660,
      202040661,
      202040662,
      202040663,
      202040664,
      202040665,
      202040666,
      202040667
    ],
    "per_trial": [
      [
        505121613,
        505121614,
        505121615,
        505121616,
        505121617,
        505121618,
        505121619,
        505121620,
        505121621,
        505121622,
        505121623,
        505121624,
        505121625,
        505121626,
        505121627,
        505121628,
        505121629,
        505121630,
        505121631,
        505121632
      ]
    ]
  },
  "metadata": {
    "arch": "ebm",
    "analog_domain": "conservative",
    "analog_substrate": "classic",
    "seed": 40042,
    "pilot_profile_path": "/workspace/NEW_ACTUAL_RUNS/5-14/945/experiments/cross_arch_tolerance/results/profiles/ebm_profile.json",
    "dynamics_diagnostics": {},
    "calibration": "tensor sample_input",
    "ablation_noise": "mismatch"
  },