{
  "sigma_values": [
    2.0,
    4.0,
    6.0,
    8.0,
    10.0,
    12.0,
    16.0
  ],
  "metric_name": "quality_vs_adc_bits_sigma0.050",
  "per_trial": [
    [
      -0.24845542013645172,
      -0.24553371965885162,
      -0.24470950663089752,
      -0.25269022583961487,
      -0.2490333914756775,
      -0.24964357912540436,
      -0.23955446481704712,
      -0.2578924000263214,
      -0.24928820133209229,
      -0.2532024681568146,
      -0.24357256293296814,
      -0.24464495480060577,
      -0.2530066668987274,
      -0.24857604503631592,
      -0.24702972173690796,
      -0.25096097588539124,
      -0.2560966908931732,
      -0.25042012333869934,
      -0.2530418634414673,
      -0.24133820831775665,
      -0.25324714183807373,
      -0.2549796998500824,
      -0.24908578395843506,
      -0.26628023386001587,
      -0.24961861968040466
    ],
    [
      -0.10334892570972443,
      -0.10946672409772873,
      -0.12036604434251785,
      -0.09255752712488174,
      -0.0940345898270607,
      -0.10200615972280502,
      -0.1023651659488678,
      -0.09501917660236359,
      -0.09551206976175308,
      -0.1297173798084259,
      -0.10750260949134827,
      -0.11162955313920975,
      -0.1168995350599289,
      -0.09250355511903763,
      -0.08847536146640778,
      -0.11798997968435287,
      -0.0912272110581398,
      -0.09871780872344971,
      -0.08712824434041977,
      -0.1259697675704956,
      -0.1363779902458191,
      -0.10030252486467361,
      -0.12028183043003082,
      -0.1096041202545166,
      -0.09315743297338486
    ],
    [
      -0.10092489421367645,
      -0.10385269671678543,
      -0.10725165158510208,
      -0.0942893922328949,
      -0.09381677210330963,
      -0.12721046805381775,
      -0.11704326421022415,
      -0.11962919682264328,
      -0.10389949381351471,
      -0.09834865480661392,
      -0.08919280767440796,
      -0.10442163795232773,
      -0.09779933094978333,
      -0.11456063389778137,
      -0.10152758657932281,
      -0.10173974931240082,
      -0.11353632062673569,
      -0.08641315996646881,
      -0.08650699257850647,
      -0.10689004510641098,
      -0.10018476843833923,
      -0.10768967866897583,
      -0.09735233336687088,
      -0.11008337140083313,
      -0.1029447391629219
    ],
    [
      -0.11439787596464157,
      -0.11405434459447861,
      -0.09496475011110306,
      -0.11577549576759338,
      -0.12514342367649078,
      -0.09507615864276886,
      -0.12393088638782501,
      -0.10290029644966125,
      -0.10094232112169266,
      -0.08780986070632935,
      -0.07535585761070251,
      -0.10578574240207672,
      -0.09734241664409637,
      -0.11688008904457092,
      -0.09406102448701859,
      -0.09487319737672806,
      -0.09540875256061554,
      -0.10986113548278809,
      -0.09010625630617142,
      -0.10767842829227448,
      -0.13671831786632538,
      -0.09701191633939743,
      -0.11433259397745132,
      -0.1039944589138031,
      -0.10793063789606094
    ],
    [
      -0.09352682530879974,
      -0.10815384238958359,
      -0.11039893329143524,
      -0.09995130449533463,
      -0.11578506231307983,
      -0.10257859528064728,
      -0.0924997553229332,
      -0.09172875434160233,
      -0.09832961857318878,
      -0.10797783732414246,
      -0.07965390384197235,
      -0.1009630411863327,
      -0.10000767558813095,
      -0.09678731113672256,
      -0.08549061417579651,
      -0.0848420113325119,
      -0.11545033007860184,
      -0.09942252933979034,
      -0.08853251487016678,
      -0.0909656435251236,
      -0.1196686252951622,
      -0.11138884723186493,
      -0.10440761595964432,
      -0.08484828472137451,
      -0.10171598941087723
    ],
    [
      -0.10196278989315033,
      -0.0952858105301857,
      -0.08183887600898743,
      -0.11857222020626068,
      -0.11274298280477524,
      -0.11295942217111588,
      -0.10046706348657608,
      -0.10086926817893982,
      -0.10998962819576263,
      -0.10647545754909515,
      -0.09829636663198471,
      -0.08588773012161255,
      -0.10648993402719498,
      -0.1306420862674713,
      -0.10929849743843079,
      -0.08537314087152481,
      -0.08525919914245605,
      -0.084165059030056,
      -0.0792861059308052,
      -0.08867620676755905,
      -0.10416707396507263,
      -0.08243854343891144,
      -0.08225324749946594,
      -0.09773877263069153,
      -0.11043073982000351
    ],
    [
      -0.09988771378993988,
      -0.11700254678726196,
      -0.11221115291118622,
      -0.10115419328212738,
      -0.09934354573488235,
      -0.12059472501277924,
      -0.1093728095293045,
      -0.1277099847793579,
      -0.11357199400663376,
      -0.0873812735080719,
      -0.10448253899812698,
      -0.1043032631278038,
      -0.1192360371351242,
      -0.11781114339828491,
      -0.09548059850931168,
      -0.08468084782361984,
      -0.10403608530759811,
      -0.08453905582427979,
      -0.10737812519073486,
      -0.0933721512556076,
      -0.08909634500741959,
      -0.09026120603084564,
      -0.09917028993368149,
      -0.09738656133413315,
      -0.10755501687526703
    ]
  ],
  "digital_baseline": -0.1009979298710823,
  "mean": [
    -0.2500761067867279,
    -0.10568645149469376,
    -0.10348438560962676,
    -0.10489344954490662,
    -0.0994030186533928,
    -0.09886264890432357,
    -0.10348076820373535
  ],
  "std": [
    0.005493394992471025,
    0.013443581214677152,
    0.009802401183047968,
    0.01323387686027899,
    0.010470364768810124,
    0.01327403703103537,
    0.011616107287203137
  ],
  "normalized_mean": [
    -0.47605180725916685,
    0.9535780423460554,
    0.9753811217544927,
    0.9614297077296861,
    1.015791523843363,
    1.021141829040301,
    0.9754169383885171
  ],
  "normalized_std": [
    0.05439116424943569,
    0.13310749271630679,
    0.09705546634035109,
    0.1310311694226924,
    0.1036691027447286,
    0.13142880302575377,
    0.11501332059013872
  ],
  "degradation_threshold_10pct": 16.0
}