{
  "sigma_values": [
    0.0,
    0.01,
    0.02,
    0.03,
    0.05,
    0.07,
    0.1,
    0.12,
    0.15
  ],
  "metric_name": "output_mse",
  "per_trial": [
    [
      -3.890309017151594e-05,
      -3.895310510415584e-05,
      -3.920523886336014e-05,
      -3.9198097510961816e-05,
      -3.919345181202516e-05,
      -3.889506115228869e-05,
      -3.891305095748976e-05,
      -3.9186888898257166e-05,
      -3.9250975532922894e-05,
      -3.9522317820228636e-05,
      -3.900516458088532e-05,
      -3.924740667571314e-05,
      -3.9194757846416906e-05,
      -3.9218401070684195e-05,
      -3.921056122635491e-05,
      -3.91879839298781e-05,
      -3.900830779457465e-05,
      -3.886557897203602e-05,
      -3.9257127355085686e-05,
      -3.9266858948394656e-05,
      -3.92036818084307e-05,
      -3.900162482750602e-05,
      -3.9110484067350626e-05,
      -3.9208316593430936e-05,
      -3.92403089790605e-05,
      -3.919660593965091e-05,
      -3.881320662912913e-05,
      -3.8906513509573415e-05,
      -3.876742266584188e-05,
      -3.9204289350891486e-05,
      -3.866383121930994e-05,
      -3.875491165672429e-05,
      -3.903347533196211e-05,
      -3.9247723179869354e-05,
      -3.871784429065883e-05,
      -3.919198934454471e-05,
      -3.8861977373017e-05,
      -3.9117927371989936e-05,
      -3.927613215637393e-05,
      -3.886382910422981e-05,
      -3.912040119757876e-05,
      -3.9026224840199575e-05,
      -3.8907212001504377e-05,
      -3.927497164113447e-05,
      -3.920294693671167e-05,
      -3.890169318765402e-05,
      -3.9117054257076234e-05,
      -3.8861067878315225e-05,
      -3.919873415725306e-05,
      -3.9179234590847045e-05
    ],
    [
      -4.3436990381451324e-05,
      -4.0746839658822864e-05,
      -4.147931394982152e-05,
      -4.153798727202229e-05,
      -4.091942173545249e-05,
      -4.0751318010734394e-05,
      -4.1589621105231345e-05,
      -4.112584065296687e-05,
      -4.131346213398501e-05,
      -4.1037947084987536e-05,
      -4.1497540223645046e-05,
      -4.119502773392014e-05,
      -4.109723886358552e-05,
      -4.081619408680126e-05,
      -4.141533645452e-05,
      -4.151602115598507e-05,
      -4.199946852168068e-05,
      -4.091003575013019e-05,
      -4.1282448364654556e-05,
      -4.1980263631558046e-05,
      -4.037183680338785e-05,
      -4.101091326447204e-05,
      -4.160405296715908e-05,
      -4.0647402784088627e-05,
      -4.123035614611581e-05,
      -4.102697494090535e-05,
      -4.194429493509233e-05,
      -4.023373912787065e-05,
      -4.12650297221262e-05,
      -4.162732875556685e-05,
      -4.220535629428923e-05,
      -4.0971750422613695e-05,
      -4.2422256228746846e-05,
      -4.111521411687136e-05,
      -4.179271491011605e-05,
      -4.006164817837998e-05,
      -4.159600575803779e-05,
      -4.165875361650251e-05,
      -4.241747592459433e-05,
      -4.1235067328670993e-05,
      -4.116860145586543e-05,
      -4.1046354454010725e-05,
      -4.130468005314469e-05,
      -4.129676381126046e-05,
      -4.216945308144204e-05,
      -4.148785592406057e-05,
      -4.093879397260025e-05,
      -4.0631442971061915e-05,
      -4.074958269484341e-05,
      -4.274304592399858e-05
    ],
    [
      -4.42629934696015e-05,
      -4.7201261622831225e-05,
      -4.724710015580058e-05,
      -4.880267442786135e-05,
      -4.502055162447505e-05,
      -4.978880315320566e-05,
      -4.948790592607111e-05,
      -4.425280712894164e-05,
      -4.495419125305489e-05,
      -4.5305285311769694e-05,
      -5.225435961619951e-05,
      -4.943231397191994e-05,
      -4.8702157073421404e-05,
      -4.772799729835242e-05,
      -4.7763005568413064e-05,
      -4.942489613313228e-05,
      -4.8061894631246105e-05,
      -5.2573868742911145e-05,
      -4.835917934542522e-05,
      -4.864464426646009e-05,
      -4.537952918326482e-05,
      -4.8107289330800995e-05,
      -4.8527177568757907e-05,
      -5.213281838223338e-05,
      -4.9645284889265895e-05,
      -4.846150477533229e-05,
      -4.693171285907738e-05,
      -4.800377428182401e-05,
      -4.492466541705653e-05,
      -4.790330058312975e-05,
      -4.696946052717976e-05,
      -5.390200385591015e-05,
      -4.687145701609552e-05,
      -4.8974437959259376e-05,
      -4.5932923967484385e-05,
      -4.636849553207867e-05,
      -4.950755464960821e-05,
      -4.8830133891897276e-05,
      -5.1730348786804825e-05,
      -4.930350769427605e-05,
      -4.771417661686428e-05,
      -4.7254325181711465e-05,
      -4.424494181876071e-05,
      -5.064826109446585e-05,
      -4.7964349505491555e-05,
      -4.8403515393147245e-05,
      -4.7704488679300994e-05,
      -4.7855432057986036e-05,
      -4.800947863259353e-05,
      -4.7141642426140606e-05
    ],
    [
      -6.392107025021687e-05,
      -5.42124907951802e-05,
      -5.830618101754226e-05,
      -6.0997936088824645e-05,
      -5.009842789149843e-05,
      -7.036333408905193e-05,
      -6.807272438891232e-05,
      -7.081765215843916e-05,
      -5.998879350954667e-05,
      -5.64969886909239e-05,
      -5.96010395383928e-05,
      -6.44361280137673e-05,
      -5.137697735335678e-05,
      -5.99188388150651e-05,
      -5.3614443459082395e-05,
      -6.296368519542739e-05,
      -5.6794495321810246e-05,
      -6.247976125450805e-05,
      -5.220800085226074e-05,
      -6.041344386176206e-05,
      -5.7140947319567204e-05,
      -6.0809412389062345e-05,
      -5.865486673428677e-05,
      -6.218693306436762e-05,
      -6.043102985131554e-05,
      -7.391466351691633e-05,
      -5.4718413593946025e-05,
      -5.6166754802688956e-05,
      -5.002755642635748e-05,
      -7.264669693540782e-05,
      -5.897521259612404e-05,
      -6.0279882745817304e-05,
      -6.603290239581838e-05,
      -5.891438195249066e-05,
      -6.009289063513279e-05,
      -6.080330422264524e-05,
      -6.429966015275568e-05,
      -5.9715501265600324e-05,
      -6.338926323223859e-05,
      -6.01380888838321e-05,
      -5.70179290662054e-05,
      -5.2291314204921946e-05,
      -5.224021879257634e-05,
      -5.810219226987101e-05,
      -7.195516081992537e-05,
      -4.899551277048886e-05,
      -6.106106593506411e-05,
      -4.888747935183346e-05,
      -6.346706504700705e-05,
      -6.888525240356103e-05
    ],
    [
      -0.00012732099276036024,
      -0.00010218182433163747,
      -7.466669921996072e-05,
      -8.949026232585311e-05,
      -8.886345312930644e-05,
      -0.0001253207155968994,
      -0.00010681158164516091,
      -0.00012775590585079044,
      -7.169767195591703e-05,
      -0.00010004207433667034,
      -0.00011467136937426403,
      -0.00010647271119523793,
      -7.802137406542897e-05,
      -7.75864245952107e-05,
      -8.691127732163295e-05,
      -0.00010595203639240935,
      -9.37861404963769e-05,
      -7.770575757604092e-05,
      -8.679496386321262e-05,
      -9.541635517962277e-05,
      -9.248263813788071e-05,
      -0.00010782610479509458,
      -9.953700646292418e-05,
      -0.00010261576971970499,
      -0.00011351487773936242,
      -0.0001071857986971736,
      -9.081391181098297e-05,
      -7.802815525792539e-05,
      -8.934751531342044e-05,
      -9.827045869315043e-05,
      -7.959800859680399e-05,
      -9.368584142066538e-05,
      -9.840575512498617e-05,
      -9.241351654054597e-05,
      -9.500687156105414e-05,
      -8.32367004477419e-05,
      -0.00012051952217007056,
      -8.243717456934974e-05,
      -8.270121179521084e-05,
      -8.404150139540434e-05,
      -9.285649139201269e-05,
      -0.00012370345939416438,
      -0.00011908976011909544,
      -8.978975529316813e-05,
      -9.190366108668968e-05,
      -7.031978748273104e-05,
      -8.268177043646574e-05,
      -8.129761408781633e-05,
      -9.351341577712446e-05,
      -0.00010185442079091445
    ],
    [
      -0.00011117288522655144,
      -0.00018297885253559798,
      -0.00015745499695185572,
      -0.00024089176440611482,
      -0.00017365877283737063,
      -0.0002127927145920694,
      -0.0001516142365289852,
