{
  "sigma_values": [
    0.0,
    0.01,
    0.02,
    0.03,
    0.05,
    0.07,
    0.1,
    0.12,
    0.15
  ],
  "metric_name": "quality_quantization_only",
  "per_trial": [
    [
      -1.4738608598709106,
      -1.4868273735046387,
      -1.495706558227539,
      -1.4811331033706665,
      -1.4985631704330444,
      -1.5028722286224365,
      -1.4750027656555176,
      -1.5003656148910522,
      -1.504870057106018,
      -1.4726481437683105
    ],
    [
      -1.5103836059570312,
      -1.497118592262268,
      -1.5145971775054932,
      -1.519690990447998,
      -1.5092922449111938,
      -1.50264573097229,
      -1.490441918373108,
      -1.5037765502929688,
      -1.5027536153793335,
      -1.4958910942077637
    ],
    [
      -1.5020174980163574,
      -1.4918943643569946,
      -1.499287486076355,
      -1.485424518585205,
      -1.5048080682754517,
      -1.4941043853759766,
      -1.505110263824463,
      -1.4901962280273438,
      -1.4856812953948975,
      -1.4869364500045776
    ],
    [
      -1.5142927169799805,
      -1.5076948404312134,
      -1.5055956840515137,
      -1.5043305158615112,
      -1.500373363494873,
      -1.53928804397583,
      -1.5125243663787842,
      -1.5023812055587769,
      -1.5289226770401,
      -1.5000203847885132
    ],
    [
      -1.4733227491378784,
      -1.5150502920150757,
      -1.4921395778656006,
      -1.507975697517395,
      -1.5129040479660034,
      -1.4921865463256836,
      -1.484437346458435,
      -1.478387475013733,
      -1.4693571329116821,
      -1.4831405878067017
    ],
    [
      -1.51027512550354,
      -1.4964725971221924,
      -1.489714503288269,
      -1.5102545022964478,
      -1.49024498462677,
      -1.513014793395996,
      -1.5238085985183716,
      -1.5140881538391113,
      -1.513039469718933,
      -1.512178897857666
    ],
    [
      -1.516156554222107,
      -1.4876453876495361,
      -1.5019928216934204,
      -1.5039477348327637,
      -1.5143059492111206,
      -1.4957488775253296,
      -1.5131582021713257,
      -1.517202377319336,
      -1.5085101127624512,
      -1.4865025281906128
    ],
    [
      -1.5144745111465454,
      -1.5199156999588013,
      -1.504589557647705,
      -1.503603458404541,
      -1.4978479146957397,
      -1.489063024520874,
      -1.4967797994613647,
      -1.501362919807434,
      -1.4949604272842407,
      -1.5070220232009888
    ],
    [
      -1.4972409009933472,
      -1.4833836555480957,
      -1.4965901374816895,
      -1.4884583950042725,
      -1.5074257850646973,
      -1.4906160831451416,
      -1.4868240356445312,
      -1.4987255334854126,
      -1.4868649244308472,
      -1.5017305612564087
    ]
  ],
  "digital_baseline": -1.4973103761672975,
  "mean": [
    -1.4891849875450134,
    -1.504659152030945,
    -1.4945460557937622,
    -1.5115423798561096,
    -1.4908901453018188,
    -1.5073091626167296,
    -1.5045170545578004,
    -1.5029619336128235,
    -1.4937860012054442
  ],
  "std": [
    0.012118879045750165,
    0.008504633863566273,
    0.007355644510000329,
    0.012345174780821611,
    0.015471837256001895,
    0.010690895150580585,
    0.010842439208550743,
    0.008738691384175221,
    0.007323722153287462
  ],
  "normalized_mean": [
    1.0054266561907377,
    0.9950920156698184,
    1.00184619062122,
    0.9904949542089982,
    1.004287842365664,
    0.9933221684638115,
    0.9951869174853714,
    0.9962255270947948,
    1.0023538038725643
  ],
  "normalized_std": [
    0.008093765486866631,
    0.00567994051128918,
    0.004912571653199088,
    0.008244900307457871,
    0.010333086247358776,
    0.007140066161797619,
    0.007241277013189746,
    0.0058362591505869785,
    0.004891251853896969
  ],
  "degradation_threshold_10pct": 0.15
}