{
  "sigma_values": [
    2.0,
    4.0,
    6.0,
    8.0,
    10.0,
    12.0,
    16.0
  ],
  "metric_name": "quality_vs_adc_bits_sigma0.000",
  "per_trial": [
    [
      -4.0,
      -4.0,
      -4.0,
      -4.0,
      -4.0,
      -4.0,
      -4.0,
      -4.0,
      -4.0,
      -4.0,
      -4.0,
      -4.0,
      -4.0,
      -4.0,
      -4.0,
      -4.0,
      -4.0,
      -4.0,
      -4.0,
      -4.0,
      -4.0,
      -4.0,
      -4.0,
      -4.0,
      -4.0
    ],
    [
      -1.4276528358459473,
      -1.4153798818588257,
      -1.4268940687179565,
      -1.464274287223816,
      -1.4203846454620361,
      -1.414078950881958,
      -1.3819866180419922,
      -1.415655493736267,
      -1.439445972442627,
      -1.423966646194458,
      -1.4372806549072266,
      -1.4333163499832153,
      -1.4111448526382446,
      -1.4366244077682495,
      -1.4304423332214355,
      -1.4507415294647217,
      -1.4234426021575928,
      -1.389913558959961,
      -1.447601079940796,
      -1.415623426437378,
      -1.4326069355010986,
      -1.4218345880508423,
      -1.444480061531067,
      -1.4341486692428589,
      -1.4028793573379517
    ],
    [
      -1.3229082822799683,
      -1.3465453386306763,
      -1.3203707933425903,
      -1.3329139947891235,
      -1.3562034368515015,
      -1.3311675786972046,
      -1.3280854225158691,
      -1.3223884105682373,
      -1.338998794555664,
      -1.3255431652069092,
      -1.3563830852508545,
      -1.326915979385376,
      -1.3477771282196045,
      -1.3540823459625244,
      -1.33540940284729,
      -1.3223159313201904,
      -1.349799633026123,
      -1.3483132123947144,
      -1.3529598712921143,
      -1.3403810262680054,
      -1.3263949155807495,
      -1.3312695026397705,
      -1.3678280115127563,
      -1.3147144317626953,
      -1.3566542863845825
    ],
    [
      -1.3509511947631836,
      -1.3715652227401733,
      -1.3429455757141113,
      -1.3803813457489014,
      -1.350709319114685,
      -1.3459519147872925,
      -1.3694628477096558,
      -1.3308508396148682,
      -1.3742486238479614,
      -1.3933825492858887,
      -1.364426851272583,
      -1.3813228607177734,
      -1.3493627309799194,
      -1.36809241771698,
      -1.3470470905303955,
      -1.3577319383621216,
      -1.346557378768921,
      -1.3498226404190063,
      -1.3271981477737427,
      -1.3496187925338745,
      -1.3449809551239014,
      -1.3372981548309326,
      -1.3590734004974365,
      -1.3740458488464355,
      -1.3565292358398438
    ],
    [
      -1.3450121879577637,
      -1.3236263990402222,
      -1.3598606586456299,
      -1.3267136812210083,
      -1.3265655040740967,
      -1.3532307147979736,
      -1.372003197669983,
      -1.31955087184906,
      -1.3675320148468018,
      -1.3406531810760498,
      -1.3386080265045166,
      -1.3341295719146729,
      -1.3564242124557495,
      -1.3259913921356201,
      -1.352641224861145,
      -1.3238555192947388,
      -1.3121585845947266,
      -1.3575066328048706,
      -1.353072166442871,
      -1.3678337335586548,
      -1.3690801858901978,
      -1.3784371614456177,
      -1.3349529504776,
      -1.3633123636245728,
      -1.306802749633789
    ],
    [
      -1.346166968345642,
      -1.336897373199463,
      -1.3340951204299927,
      -1.3504682779312134,
      -1.333980679512024,
      -1.3918267488479614,
      -1.3655527830123901,
      -1.3727089166641235,
      -1.3162298202514648,
      -1.3559449911117554,
      -1.3528735637664795,
      -1.344068169593811,
      -1.3338958024978638,
      -1.3590471744537354,
      -1.3655593395233154,
      -1.333559513092041,
      -1.3146392107009888,
      -1.3127801418304443,
      -1.3636142015457153,
      -1.356834053993225,
      -1.3618286848068237,
      -1.3778072595596313,
      -1.3612840175628662,
      -1.3556981086730957,
      -1.333418369293213
    ],
    [
      -1.3597335815429688,
      -1.3179638385772705,
      -1.370200514793396,
      -1.341851830482483,
      -1.3503153324127197,
      -1.3586034774780273,
      -1.3365169763565063,
      -1.3429151773452759,
      -1.2934019565582275,
      -1.354689121246338,
      -1.3550101518630981,
      -1.365002989768982,
      -1.354209542274475,
      -1.3524830341339111,
      -1.3445626497268677,
      -1.34791898727417,
      -1.3801558017730713,
      -1.354809284210205,
      -1.3418704271316528,
      -1.3586605787277222,
      -1.3315322399139404,
      -1.351879596710205,
      -1.3610727787017822,
      -1.3318127393722534,
      -1.341015338897705
    ]
  ],
  "digital_baseline": -1.3395854711532593,
  "mean": [
    -4.0,
    -1.425671992301941,
    -1.3382529592514039,
    -1.3569423151016236,
    -1.3443821954727173,
    -1.3492311716079712,
    -1.3479275178909302
  ],
  "std": [
    0.0,
    0.017904248538368462,
    0.01416298655391253,
    0.01609152106938179,
    0.019884244519493385,
    0.01946988662974134,
    0.017064386412746945
  ],
  "normalized_mean": [
    -0.9859983451122158,
    0.9357364475783922,
    1.0009947195834457,
    0.9870431231734533,
    0.9964192472800347,
    0.9927994886011955,
    0.9937726655616165
  ],
  "normalized_std": [
    0.0,
    0.013365514126511508,
    0.010572663602957343,
    0.012012313820878093,
    0.014843580307253473,
    0.014534262313982525,
    0.012738557397204439
  ],
  "degradation_threshold_10pct": 16.0
}