{
  "sigma_values": [
    0.0,
    0.01,
    0.02,
    0.03,
    0.05,
    0.07,
    0.1,
    0.12,
    0.15
  ],
  "metric_name": "quality_mismatch_only",
  "per_trial": [
    [
      -1.3494181632995605,
      -1.307843565940857,
      -1.3624547719955444,
      -1.307745337486267,
      -1.3154724836349487,
      -1.3429229259490967,
      -1.2588210105895996,
      -1.334273099899292,
      -1.3273214101791382,
      -1.32735276222229,
      -1.3075487613677979,
      -1.3450829982757568,
      -1.3290263414382935,
      -1.3658089637756348,
      -1.3118880987167358,
      -1.3058602809906006,
      -1.3489655256271362,
      -1.3295947313308716,
      -1.3468189239501953,
      -1.3377753496170044
    ],
    [
      -1.306012511253357,
      -1.318892002105713,
      -1.3325632810592651,
      -1.3478062152862549,
      -1.3262386322021484,
      -1.3260247707366943,
      -1.3154592514038086,
      -1.2882070541381836,
      -1.3259806632995605,
      -1.2880675792694092,
      -1.2916805744171143,
      -1.2955758571624756,
      -1.3154863119125366,
      -1.3192434310913086,
      -1.3721675872802734,
      -1.30925714969635,
      -1.3408544063568115,
      -1.3263131380081177,
      -1.3376456499099731,
      -1.324596881866455
    ],
    [
      -1.3513000011444092,
      -1.3059815168380737,
      -1.3067893981933594,
      -1.3232488632202148,
      -1.34686279296875,
      -1.2727848291397095,
      -1.323362112045288,
      -1.3780977725982666,
      -1.2993541955947876,
      -1.2386369705200195,
      -1.3546602725982666,
      -1.3251186609268188,
      -1.3255741596221924,
      -1.3730632066726685,
      -1.317383050918579,
      -1.3087420463562012,
      -1.3819184303283691,
      -1.3475903272628784,
      -1.343820333480835,
      -1.377065896987915
    ],
    [
      -1.3186522722244263,
      -1.3393888473510742,
      -1.3369134664535522,
      -1.3335583209991455,
      -1.362419605255127,
      -1.3163279294967651,
      -1.3223251104354858,
      -1.3216476440429688,
      -1.3523550033569336,
      -1.2869513034820557,
      -1.3526185750961304,
      -1.3247649669647217,
      -1.3679903745651245,
      -1.331617832183838,
      -1.3434325456619263,
      -1.300988793373108,
      -1.2982723712921143,
      -1.3018008470535278,
      -1.3455579280853271,
      -1.3105453252792358
    ],
    [
      -1.3464031219482422,
      -1.3636856079101562,
      -1.327907681465149,
      -1.3142467737197876,
      -1.4108550548553467,
      -1.2970690727233887,
      -1.285847783088684,
      -1.375413179397583,
      -1.357039451599121,
      -1.3022067546844482,
      -1.3341211080551147,
      -1.283168911933899,
      -1.3256139755249023,
      -1.314444899559021,
      -1.3070811033248901,
      -1.2994850873947144,
      -1.3234490156173706,
      -1.327067255973816,
      -1.3731848001480103,
      -1.350855827331543
    ],
    [
      -1.330000877380371,
      -1.3233318328857422,
      -1.3898348808288574,
      -1.338125228881836,
      -1.3097869157791138,
      -1.3317116498947144,
      -1.3539174795150757,
      -1.2974302768707275,
      -1.342362642288208,
      -1.282509684562683,
      -1.3652890920639038,
      -1.3520617485046387,
      -1.324371576309204,
      -1.2999073266983032,
      -1.350380539894104,
      -1.3318347930908203,
      -1.3316259384155273,
      -1.3189483880996704,
      -1.3681319952011108,
      -1.339948058128357
    ],
    [
      -1.2644848823547363,
      -1.3481366634368896,
      -1.3144445419311523,
      -1.3562753200531006,
      -1.29545259475708,
      -1.3652316331863403,
      -1.3537890911102295,
      -1.2895209789276123,
      -1.3054877519607544,
      -1.2952313423156738,
      -1.3842369318008423,
      -1.3956931829452515,
      -1.2894073724746704,
      -1.349035620689392,
      -1.365206241607666,
      -1.4108651876449585,
      -1.2902902364730835,
      -1.3850383758544922,
      -1.3237354755401611,
      -1.333516240119934
    ],
    [
      -1.3986610174179077,
      -1.3540960550308228,
      -1.3350846767425537,
      -1.3152412176132202,
      -1.3229728937149048,
      -1.2718702554702759,
      -1.2781535387039185,
      -1.374871850013733,
      -1.297670841217041,
      -1.3950772285461426,
      -1.297430396080017,
      -1.3831673860549927,
      -1.3324600458145142,
      -1.264469861984253,
      -1.323601484298706,
      -1.28337824344635,
      -1.32044517993927,
      -1.3792004585266113,
      -1.3856632709503174,
      -1.3332641124725342
    ],
    [
      -1.2325081825256348,
      -1.4645148515701294,
      -1.2579967975616455,
      -1.3141862154006958,
      -1.4105477333068848,
      -1.4543927907943726,
      -1.303780198097229,
      -1.297107219696045,
      -1.3749090433120728,
      -1.2279744148254395,
      -1.2812559604644775,
      -1.366530418395996,
      -1.3459680080413818,
      -1.3201910257339478,
      -1.3841331005096436,
      -1.3862042427062988,
      -1.3002657890319824,
      -1.3812135457992554,
      -1.370727777481079,
      -1.3406853675842285
    ]
  ],
  "digital_baseline": -1.26105797290802,
  "ideal_analog_baseline": -1.3293187022209167,
  "mean": [
    -1.328099775314331,
    -1.3204036474227905,
    -1.3300677418708802,
    -1.3284064531326294,
    -1.3309573233127594,
    -1.3340755462646485,
    -1.3357539832592011,
    -1.3323390007019043,
    -1.340754634141922
  ],
  "std": [
    0.0239269917504232,
    0.02043320727582024,
    0.035598291154100896,
    0.02165120406244003,
    0.032445746933617126,
    0.025076690278765575,
    0.04064729400141047,
    0.04175091752099609,
    0.06415137864924896
  ],
  "normalized_mean": [
    0.9468368593303355,
    0.9529397729607003,
    0.945276291458891,
    0.9465936684343681,
    0.9445708667591622,
    0.9420981628717284,
    0.9407671875869982,
    0.943475217376796,
    0.9368017466713919
  ],
  "normalized_std": [
    0.018973744478413764,
    0.016203225953760822,
    0.02822890931176674,
    0.017169079080886347,
    0.02572898917469806,
    0.019885438114267122,
    0.03223269260784035,
    0.03310784945494441,
    0.05087107811650787
  ],
  "degradation_threshold_10pct": 0.15,
  "trial_seeds": {
    "digital_baseline": [
      101040345,
      101040346,
      101040347,
      101040348,
      101040349,
      101040350,
      101040351,
      101040352,
      101040353,
      101040354,
      101040355,
      101040356,
      101040357,
      101040358,
      101040359,
      101040360,
      101040361,
      101040362,
      101040363,
      101040364
    ],
    "ideal_analog_baseline": [
      202040648,
      202040649,
      202040650,
      202040651,
      202040652,
      202040653,
      202040654,
      202040655,
      202040656,
      202040657,
      202040658,
      202040659,
      202040660,
      202040661,
      202040662,
      202040663,
      202040664,
      202040665,
      202040666,
      202040667
    ],
    "per_trial": [
      [
        505121613,
        505121614,
        505121615,
        505121616,
        505121617,
        505121618,
        505121619,
        505121620,
        505121621,
        505121622,
        505121623,
        505121624,
        505121625,
        505121626,
        505121627,
        505121628,
        505121629,
        505121630,
        505121631,
        505121632
      ]
    ]
  },
  "metadata": {
    "arch": "ebm",
    "analog_domain": "full_analog",
    "analog_substrate": "classic",
    "seed": 40042,
    "pilot_profile_path": "/workspace/NEW_ACTUAL_RUNS/5-14/945/experiments/cross_arch_tolerance/results/profiles/ebm_profile_full_analog_reram.json",
    "dynamics_diagnostics": {},
    "calibration": "tensor sample_input",
    "ablation_noise": "mismatch"
  },