{
  "sigma_values": [
    0.0,
    0.01,
    0.02,
    0.03,
    0.05,
    0.07,
    0.1,
    0.12,
    0.15
  ],
  "metric_name": "quality_mismatch_only",
  "per_trial": [
    [
      -1.4818331003189087,
      -1.4836455583572388,
      -1.4960553646087646,
      -1.4554333686828613,
      -1.5049225091934204,
      -1.4867080450057983,
      -1.5197815895080566,
      -1.5019712448120117,
      -1.4820153713226318,
      -1.4843404293060303
    ],
    [
      -1.497072696685791,
      -1.5051041841506958,
      -1.5085395574569702,
      -1.5166492462158203,
      -1.4880688190460205,
      -1.4915578365325928,
      -1.4917962551116943,
      -1.4727587699890137,
      -1.4855090379714966,
      -1.471459984779358
    ],
    [
      -1.50021231174469,
      -1.4944961071014404,
      -1.4812170267105103,
      -1.4609684944152832,
      -1.4781858921051025,
      -1.4975956678390503,
      -1.46108877658844,
      -1.5087112188339233,
      -1.492989420890808,
      -1.490334391593933
    ],
    [
      -1.5046135187149048,
      -1.5044649839401245,
      -1.5048296451568604,
      -1.4794161319732666,
      -1.5120149850845337,
      -1.5047979354858398,
      -1.5385854244232178,
      -1.4787750244140625,
      -1.5144671201705933,
      -1.466848373413086
    ],
    [
      -1.4858027696609497,
      -1.5160229206085205,
      -1.5287736654281616,
      -1.49252188205719,
      -1.5548385381698608,
      -1.4663164615631104,
      -1.46904718875885,
      -1.4942735433578491,
      -1.4989049434661865,
      -1.519783854484558
    ],
    [
      -1.5315301418304443,
      -1.5038622617721558,
      -1.4689222574234009,
      -1.5150785446166992,
      -1.523922085762024,
      -1.53346586227417,
      -1.5304627418518066,
      -1.4638824462890625,
      -1.493941307067871,
      -1.505650281906128
    ],
    [
      -1.51849365234375,
      -1.5064427852630615,
      -1.5336905717849731,
      -1.5470693111419678,
      -1.4719479084014893,
      -1.5199406147003174,
      -1.5415018796920776,
      -1.479055404663086,
      -1.5738171339035034,
      -1.5189685821533203
    ],
    [
      -1.5156604051589966,
      -1.4578487873077393,
      -1.477185606956482,
      -1.496407389640808,
      -1.5586211681365967,
      -1.4988442659378052,
      -1.4311472177505493,
      -1.516211986541748,
      -1.543864130973816,
      -1.44826078414917
    ],
    [
      -1.6151070594787598,
      -1.5502288341522217,
      -1.4903005361557007,
      -1.719181776046753,
      -1.5866361856460571,
      -1.6087548732757568,
      -1.4869085550308228,
      -1.538616418838501,
      -1.5524004697799683,
      -1.465859293937683
    ]
  ],
  "digital_baseline": -1.4908966898918152,
  "mean": [
    -1.4896706581115722,
    -1.4928516387939452,
    -1.4865799307823182,
    -1.500881314277649,
    -1.5026285767555236,
    -1.5070717930793762,
    -1.5210927844047546,
    -1.494405174255371,
    -1.5613994002342224
  ],
  "std": [
    0.016422755612868906,
    0.013861032635803586,
    0.015230859502005778,
    0.019737064403506276,
    0.026073669004166602,
    0.023865189765641417,
    0.029050731856867466,
    0.039095620340608754,
    0.07149538438542873
  ],
  "normalized_mean": [
    1.000822345229254,
    0.9986887428784406,
    1.0028954112909125,
    0.9933029401342636,
    0.9921309860413201,
    0.9891507551816118,
    0.9797463535081492,
    0.9976467287188019,
    0.9527112033849086
  ],
  "normalized_std": [
    0.011015354534096255,
    0.00929711141608973,
    0.010215905371089786,
    0.013238385018440458,
    0.017488581992933797,
    0.016007272621534334,
    0.019485409052035316,
    0.026222890295266314,
    0.04795462010893369
  ],
  "degradation_threshold_10pct": 0.15
}