{
  "sigma_values": [
    0.0,
    0.01,
    0.02,
    0.03,
    0.05,
    0.07,
    0.1,
    0.12,
    0.15
  ],
  "metric_name": "quality",
  "per_trial": [
    [
      -1.5032650232315063,
      -1.5073858499526978,
      -1.4876400232315063,
      -1.52027428150177,
      -1.5278292894363403,
      -1.502045750617981,
      -1.4847744703292847,
      -1.511116862297058,
      -1.5006405115127563,
      -1.5111584663391113,
      -1.509467601776123,
      -1.5348039865493774,
      -1.501760482788086,
      -1.5007089376449585,
      -1.5028008222579956,
      -1.4847640991210938,
      -1.4962730407714844,
      -1.5147919654846191,
      -1.5052767992019653,
      -1.4891321659088135,
      -1.5155198574066162,
      -1.498742938041687,
      -1.5059558153152466,
      -1.4860613346099854,
      -1.501577377319336,
      -1.4878370761871338,
      -1.493132472038269,
      -1.502187728881836,
      -1.489837884902954,
      -1.524353265762329,
      -1.507961392402649,
      -1.4895188808441162,
      -1.490238904953003,
      -1.522735595703125,
      -1.5229696035385132,
      -1.5144481658935547,
      -1.507933497428894,
      -1.500873327255249,
      -1.518079161643982,
      -1.5006860494613647,
      -1.51095449924469,
      -1.5256599187850952,
      -1.502229928970337,
      -1.4923592805862427,
      -1.5025438070297241,
      -1.508676528930664,
      -1.4896060228347778,
      -1.50428307056427,
      -1.5002774000167847,
      -1.5057048797607422
    ],
    [
      -1.5055493116378784,
      -1.5168496370315552,
      -1.4965661764144897,
      -1.5046043395996094,
      -1.5104376077651978,
      -1.4936506748199463,
      -1.5024855136871338,
      -1.478227972984314,
      -1.506710171699524,
      -1.5014240741729736,
      -1.4957270622253418,
      -1.511430025100708,
      -1.4953579902648926,
      -1.4985512495040894,
      -1.4920367002487183,
      -1.4966365098953247,
      -1.5081814527511597,
      -1.4957133531570435,
      -1.5025134086608887,
      -1.5032926797866821,
      -1.5027450323104858,
      -1.5019060373306274,
      -1.4960302114486694,
      -1.4810657501220703,
      -1.4988255500793457,
      -1.5118181705474854,
      -1.4843565225601196,
      -1.4978915452957153,
      -1.4988747835159302,
      -1.4946893453598022,
      -1.507837176322937,
      -1.5226647853851318,
      -1.4769448041915894,
      -1.4980911016464233,
      -1.4960637092590332,
      -1.514254093170166,
      -1.5076029300689697,
      -1.4870737791061401,
      -1.503720998764038,
      -1.5030566453933716,
      -1.498323678970337,
      -1.48012375831604,
      -1.4831265211105347,
      -1.4965773820877075,
      -1.5074938535690308,
      -1.5020333528518677,
      -1.502140760421753,
      -1.5045675039291382,
      -1.4849762916564941,
      -1.5049242973327637
    ],
    [
      -1.506793737411499,
      -1.4650042057037354,
      -1.4957879781723022,
      -1.4967790842056274,
      -1.5251153707504272,
      -1.4958566427230835,
      -1.513818621635437,
      -1.4981924295425415,
      -1.5277434587478638,
      -1.49294114112854,
      -1.5177842378616333,
      -1.540304183959961,
      -1.4939793348312378,
      -1.5008141994476318,
      -1.5272680521011353,
      -1.5132452249526978,
      -1.5296287536621094,
      -1.4936621189117432,
      -1.4896247386932373,
      -1.494944453239441,
      -1.4857527017593384,
      -1.5150375366210938,
      -1.4978618621826172,
      -1.4918060302734375,
      -1.5092403888702393,
      -1.5013729333877563,
      -1.4831762313842773,
      -1.4950708150863647,
      -1.495262861251831,
      -1.4936323165893555,
      -1.5318684577941895,
      -1.4880491495132446,
      -1.4981297254562378,
      -1.5116708278656006,
      -1.4993963241577148,
      -1.5143059492111206,
      -1.5026626586914062,
      -1.4982388019561768,
      -1.5184341669082642,
      -1.521921157836914,
      -1.4790102243423462,
      -1.514794111251831,
      -1.4900774955749512,
      -1.5007271766662598,
      -1.5137170553207397,
      -1.51891028881073,
      -1.4767544269561768,
      -1.5075079202651978,
      -1.4677886962890625,
      -1.4630846977233887
    ],
    [
      -1.4889291524887085,
      -1.5102816820144653,
      -1.4889250993728638,
      -1.4740606546401978,
      -1.5013554096221924,
      -1.516778588294983,
      -1.4927223920822144,
      -1.518435001373291,
      -1.4988566637039185,
      -1.4862656593322754,
      -1.5201940536499023,
      -1.520983338356018,
      -1.4715375900268555,
      -1.5095810890197754,
      -1.5091389417648315,
      -1.5335946083068848,
      -1.5144307613372803,
      -1.50393545627594,
      -1.4889729022979736,
      -1.5057653188705444,
      -1.5122687816619873,
      -1.5095751285552979,
      -1.5027939081192017,
      -1.478781819343567,
      -1.504643201828003,
      -1.521080493927002,
      -1.4591246843338013,
      -1.499629020690918,
      -1.5213773250579834,
      -1.5097336769104004,
      -1.4892289638519287,
      -1.4957735538482666,
      -1.528192162513733,
      -1.496417760848999,
      -1.5264908075332642,
      -1.5043662786483765,
      -1.4930871725082397,
      -1.4802275896072388,
      -1.5074708461761475,
      -1.4720779657363892,
      -1.4907381534576416,
      -1.4906017780303955,
      -1.478389859199524,
      -1.489269733428955,
      -1.5042001008987427,
      -1.5207439661026,
      -1.4915924072265625,
      -1.4743444919586182,
      -1.5117934942245483,
      -1.5208098888397217
    ],
    [
      -1.530171513557434,
      -1.5220495462417603,
      -1.4848709106445312,
      -1.523637056350708,
      -1.480284333229065,
      -1.5480096340179443,
      -1.4904073476791382,
      -1.505318522453308,
      -1.4846490621566772,
      -1.537888765335083,
      -1.4619507789611816,
      -1.5535165071487427,
      -1.524332046508789,
      -1.4923310279846191,
      -1.509645938873291,
      -1.4967199563980103,
      -1.5015093088150024,
      -1.5187383890151978,
      -1.4935775995254517,
      -1.5363638401031494,
      -1.4943249225616455,
      -1.5012675523757935,
      -1.5274343490600586,
      -1.4816982746124268,
      -1.4936493635177612,
      -1.4982558488845825,
      -1.4828640222549438,
      -1.4928209781646729,
      -1.5396745204925537,
      -1.537896990776062,
      -1.4879932403564453,
      -1.5038824081420898,
      -1.4965544939041138,
      -1.521075963973999,
      -1.5366129875183105,
      -1.5164968967437744,
      -1.4871810674667358,
      -1.510736346244812,
      -1.5134512186050415,
      -1.5134292840957642,
      -1.4881863594055176,
      -1.509641408920288,
      -1.4874894618988037,
      -1.5001505613327026,
      -1.4809850454330444,
      -1.5073819160461426,
      -1.4933019876480103,
      -1.4856204986572266,
      -1.53668212890625,
      -1.482568383216858
    ],
    [
      -1.5407335758209229,
      -1.473999261856079,
      -1.4913705587387085,
      -1.513114094734192,
      -1.5336840152740479,
      -1.5352474451065063,
      -1.5420058965682983,
      -1.494356632232666,
      -1.5225591659545898,
      -1.5407785177230835,
      -1.5141675472259521,
      -1.5361377000808716,
      -1.5035065412521362,
      -1.490883708000183,
      -1.5294866561889648,
      -1.4597115516662598,
      -1.5634585618972778,
      -1.4777437448501587,
      -1.498741626739502,
      -1.49571692943573,
      -1.4679538011550903,
      -1.4947861433029175,
      -1.5297902822494507,
      -1.590160846710205,
      -1.5202151536941528,
      -1.5068823099136353,
      -1.5285024642944336,
      -1.4918856620788574,
      -1.5692745447158813,
      -1.5204756259918213,
      -1.4810504913330078,
      -1.5209219455718994,
      -1.5034997463226318,
      -1.5402984619140625,
      -1.5210696458816528,
      -1.4988133907318115,
      -1.5044512748718262,
      -1.5427346229553223,
      -1.5123728513717651,
      -1.4981670379638672,
      -1.4936840534210205,
