{
  "sigma_values": [
    0.0,
    0.01,
    0.02,
    0.03,
    0.05,
    0.07,
    0.1,
    0.12,
    0.15
  ],
  "metric_name": "quality_thermal_only",
  "per_trial": [
    [
      -1.3641866445541382,
      -1.3621280193328857,
      -1.3395044803619385,
      -1.3447457551956177,
      -1.3411376476287842,
      -1.3513941764831543,
      -1.3381431102752686,
      -1.3581533432006836,
      -1.3582470417022705,
      -1.354177474975586,
      -1.366639494895935,
      -1.3332412242889404,
      -1.3698616027832031,
      -1.3274095058441162,
      -1.3372552394866943,
      -1.357189655303955,
      -1.3432841300964355,
      -1.3269603252410889,
      -1.3359066247940063,
      -1.3525947332382202
    ],
    [
      -1.360546588897705,
      -1.338667631149292,
      -1.347963571548462,
      -1.309830904006958,
      -1.367135763168335,
      -1.3598806858062744,
      -1.3805999755859375,
      -1.3764697313308716,
      -1.3582231998443604,
      -1.3380413055419922,
      -1.346817135810852,
      -1.340384840965271,
      -1.312853217124939,
      -1.345427393913269,
      -1.3046907186508179,
      -1.367466688156128,
      -1.363161325454712,
      -1.3579262495040894,
      -1.3621376752853394,
      -1.3305742740631104
    ],
    [
      -1.3388640880584717,
      -1.3256369829177856,
      -1.339298963546753,
      -1.3333516120910645,
      -1.3881018161773682,
      -1.3310426473617554,
      -1.3444807529449463,
      -1.3370064496994019,
      -1.349332571029663,
      -1.3374356031417847,
      -1.3721227645874023,
      -1.3518359661102295,
      -1.351266622543335,
      -1.353399634361267,
      -1.3597930669784546,
      -1.3394824266433716,
      -1.337951898574829,
      -1.3538082838058472,
      -1.3284780979156494,
      -1.342499017715454
    ],
    [
      -1.3474371433258057,
      -1.347304344177246,
      -1.3560240268707275,
      -1.3392373323440552,
      -1.3590013980865479,
      -1.3445899486541748,
      -1.3867846727371216,
      -1.3586766719818115,
      -1.351958990097046,
      -1.3764290809631348,
      -1.3845086097717285,
      -1.338258981704712,
      -1.356631875038147,
      -1.3567708730697632,
      -1.3707408905029297,
      -1.374713659286499,
      -1.3638405799865723,
      -1.3650131225585938,
      -1.3578035831451416,
      -1.3855102062225342
    ],
    [
      -1.3664169311523438,
      -1.3594201803207397,
      -1.373065710067749,
      -1.3520240783691406,
      -1.3519861698150635,
      -1.344197392463684,
      -1.3471932411193848,
      -1.358441710472107,
      -1.323801875114441,
      -1.3761075735092163,
      -1.3587377071380615,
      -1.3507373332977295,
      -1.371814250946045,
      -1.3382445573806763,
      -1.3659493923187256,
      -1.3568934202194214,
      -1.3404078483581543,
      -1.3817138671875,
      -1.3434292078018188,
      -1.359346866607666
    ],
    [
      -1.3506370782852173,
      -1.3417682647705078,
      -1.4027154445648193,
      -1.35931396484375,
      -1.331173062324524,
      -1.3446614742279053,
      -1.3776825666427612,
      -1.3455297946929932,
      -1.3461730480194092,
      -1.3398232460021973,
      -1.371155023574829,
      -1.336506962776184,
      -1.3476883172988892,
      -1.357344388961792,
      -1.3299838304519653,
      -1.3679134845733643,
      -1.3688715696334839,
      -1.3393157720565796,
      -1.3367233276367188,
      -1.3720653057098389
    ],
    [
      -1.340168833732605,
      -1.3439630270004272,
      -1.3533685207366943,
      -1.337762713432312,
      -1.37977135181427,
      -1.3616845607757568,
      -1.3186728954315186,
      -1.3788408041000366,
      -1.4019333124160767,
      -1.3792788982391357,
      -1.3482420444488525,
      -1.351645588874817,
      -1.3060760498046875,
      -1.349558711051941,
      -1.3587348461151123,
      -1.3315868377685547,
      -1.354789137840271,
      -1.3650699853897095,
      -1.3661868572235107,
      -1.3656305074691772
    ],
    [
      -1.3630198240280151,
      -1.326621651649475,
      -1.3581651449203491,
      -1.3406376838684082,
      -1.3715139627456665,
      -1.3206205368041992,
      -1.3475795984268188,
      -1.3447139263153076,
      -1.385809302330017,
      -1.3753106594085693,
      -1.369063138961792,
      -1.3550735712051392,
      -1.3497800827026367,
      -1.3607348203659058,
      -1.3448560237884521,
      -1.3441396951675415,
      -1.3780840635299683,
      -1.3264973163604736,
      -1.3440546989440918,
      -1.3457186222076416
    ],
    [
      -1.3211002349853516,
      -1.336293339729309,
      -1.3635201454162598,
      -1.347461462020874,
      -1.3653075695037842,
      -1.3448883295059204,
      -1.3272961378097534,
      -1.337040662765503,
      -1.3828213214874268,
      -1.3696703910827637,
      -1.3586472272872925,
      -1.3669850826263428,
      -1.3732272386550903,
      -1.3723865747451782,
      -1.3154637813568115,
      -1.3368099927902222,
      -1.3504356145858765,
      -1.3710662126541138,
      -1.3593599796295166,
      -1.3412812948226929
    ]
  ],
  "digital_baseline": -1.2834010422229767,
  "ideal_analog_baseline": -1.353048998117447,
  "mean": [
    -1.3481080114841462,
    -1.3484399437904357,
    -1.3457594633102417,
    -1.3610617995262146,
    -1.3559964656829835,
    -1.3533522963523865,
    -1.3546482741832733,
    -1.3525997161865235,
    -1.352053129673004
  ],
  "std": [
    0.01273868457383653,
    0.020820300216581534,
    0.014679792761665826,
    0.014418760186298637,
    0.013930350703197716,
    0.018083704951588075,
    0.021632668074420283,
    0.017288660145554018,
    0.018593389173486588
  ],
  "normalized_mean": [
    0.9495816450724626,
    0.9493230101677296,
    0.9514115860625654,
    0.9394883167862152,
    0.9434351219364258,
    0.9454954049217169,
    0.9444856053436816,
    0.946081800086676,
    0.9465076891856693
  ],
  "normalized_std": [
    0.009925724036947857,
    0.016222754643021583,
    0.011438196073332607,
    0.01123480479751203,
    0.010854246057856537,
    0.014090455248708013,
    0.016855735162058447,
    0.013470972499452205,
    0.014487590832309915
  ],
  "degradation_threshold_10pct": 0.15,
  "trial_seeds": {
    "digital_baseline": [
      101040345,
      101040346,
      101040347,
      101040348,
      101040349,
      101040350,
      101040351,
      101040352,
      101040353,
      101040354,
      101040355,
      101040356,
      101040357,
      101040358,
      101040359,
      101040360,
      101040361,
      101040362,
      101040363,
      101040364
    ],
    "ideal_analog_baseline": [
      202040648,
      202040649,
      202040650,
      202040651,
      202040652,
      202040653,
      202040654,
      202040655,
      202040656,
      202040657,
      202040658,
      202040659,
      202040660,
      202040661,
      202040662,
      202040663,
      202040664,
      202040665,
      202040666,
      202040667
    ],
    "per_trial": [
      [
        606121916,
        606121917,
        606121918,
        606121919,
        606121920,
        606121921,
        606121922,
        606121923,
        606121924,
        606121925,
        606121926,
        606121927,
        606121928,
        606121929,
        606121930,
        606121931,
        606121932,
        606121933,
        606121934,
        606121935
      ]
    ]
  },
  "metadata": {
    "arch": "ebm",
    "analog_domain": "full_analog",
    "analog_substrate": "classic",
    "seed": 40042,
    "pilot_profile_path": "/workspace/NEW_ACTUAL_RUNS/5-14/945/experiments/cross_arch_tolerance/results/profiles/ebm_profile_full_analog_pcm.json",
    "dynamics_diagnostics": {},
    "calibration": "tensor sample_input",
    "ablation_noise": "thermal"
  },