{
  "sigma_values": [
    2.0,
    4.0,
    6.0,
    8.0,
    10.0,
    12.0,
    16.0
  ],
  "metric_name": "quality_vs_adc_bits_sigma0.050",
  "per_trial": [
    [
      -3.9906606674194336,
      -3.98771333694458,
      -3.992112874984741,
      -3.988619804382324,
      -3.9936461448669434,
      -3.990696430206299,
      -3.996779203414917,
      -3.9934422969818115,
      -3.986698627471924,
      -3.991304874420166,
      -3.9826841354370117,
      -3.9919216632843018,
      -3.9931304454803467,
      -3.985253095626831,
      -3.9863860607147217,
      -3.999990463256836,
      -3.993776798248291,
      -3.9900894165039062,
      -3.988407611846924,
      -3.988173723220825,
      -3.989255905151367,
      -3.985889196395874,
      -3.990638017654419,
      -3.989835739135742,
      -3.9874143600463867
    ],
    [
      -1.4388833045959473,
      -1.4337191581726074,
      -1.399888277053833,
      -1.376173973083496,
      -1.38405442237854,
      -1.335179090499878,
      -1.4044982194900513,
      -1.3356484174728394,
      -1.4225378036499023,
      -1.4026496410369873,
      -1.4289337396621704,
      -1.3443856239318848,
      -1.3774676322937012,
      -1.4109200239181519,
      -1.4309145212173462,
      -1.4286209344863892,
      -1.3852312564849854,
      -1.3889604806900024,
      -1.4220714569091797,
      -1.4167101383209229,
      -1.3830947875976562,
      -1.415596842765808,
      -1.4329246282577515,
      -1.4237009286880493,
      -1.3239681720733643
    ],
    [
      -1.3629659414291382,
      -1.3462079763412476,
      -1.3212755918502808,
      -1.325405240058899,
      -1.3469648361206055,
      -1.32944917678833,
      -1.2938075065612793,
      -1.3228063583374023,
      -1.327600359916687,
      -1.2861782312393188,
      -1.3155181407928467,
      -1.3172980546951294,
      -1.3384603261947632,
      -1.3243457078933716,
      -1.4049845933914185,
      -1.3346318006515503,
      -1.3421380519866943,
      -1.3382095098495483,
      -1.3530791997909546,
      -1.3174831867218018,
      -1.4034960269927979,
      -1.3384302854537964,
      -1.3253051042556763,
      -1.3936175107955933,
      -1.30840003490448
    ],
    [
      -1.3491311073303223,
      -1.389843225479126,
      -1.309651494026184,
      -1.3506505489349365,
      -1.3379266262054443,
      -1.3833831548690796,
      -1.3155840635299683,
      -1.4260674715042114,
      -1.3369938135147095,
      -1.361713171005249,
      -1.3524056673049927,
      -1.3440508842468262,
      -1.3328368663787842,
      -1.3554311990737915,
      -1.3851689100265503,
      -1.3336666822433472,
      -1.347353458404541,
      -1.329763412475586,
      -1.327215552330017,
      -1.345475435256958,
      -1.3363817930221558,
      -1.3593310117721558,
      -1.3157711029052734,
      -1.3409844636917114,
      -1.3765614032745361
    ],
    [
      -1.3133456707000732,
      -1.3476120233535767,
      -1.3128974437713623,
      -1.3127840757369995,
      -1.3014414310455322,
      -1.3981841802597046,
      -1.383620262145996,
      -1.3507983684539795,
      -1.3565938472747803,
      -1.3538594245910645,
      -1.362291693687439,
      -1.3202406167984009,
      -1.3928409814834595,
      -1.345813512802124,
      -1.3667171001434326,
      -1.3609364032745361,
      -1.3736721277236938,
      -1.3903748989105225,
      -1.3779966831207275,
      -1.3703135251998901,
      -1.3164639472961426,
      -1.336203694343567,
      -1.3756479024887085,
      -1.387666940689087,
      -1.3621761798858643
    ],
    [
      -1.3781509399414062,
      -1.3969231843948364,
      -1.3548393249511719,
      -1.39886474609375,
      -1.3596270084381104,
      -1.380204439163208,
      -1.3533037900924683,
      -1.3603932857513428,
      -1.4112935066223145,
      -1.3824039697647095,
      -1.3535735607147217,
      -1.3778674602508545,
      -1.3306026458740234,
      -1.3637733459472656,
      -1.2946689128875732,
      -1.3763630390167236,
      -1.3580358028411865,
      -1.2860615253448486,
      -1.3141433000564575,
      -1.3284847736358643,
      -1.3566943407058716,
      -1.3701757192611694,
      -1.3560826778411865,
      -1.3862652778625488,
      -1.3827438354492188
    ],
    [
      -1.328261375427246,
      -1.3045275211334229,
      -1.3583561182022095,
      -1.3925188779830933,
      -1.396781325340271,
      -1.2757333517074585,
      -1.3619463443756104,
      -1.352988362312317,
      -1.3563904762268066,
      -1.309010624885559,
      -1.3734382390975952,
      -1.3986908197402954,
      -1.28401517868042,
      -1.3718268871307373,
      -1.3700127601623535,
      -1.3468657732009888,
      -1.3578338623046875,
      -1.4107564687728882,
      -1.3357824087142944,
      -1.4007222652435303,
      -1.3720147609710693,
      -1.320749282836914,
      -1.2929846048355103,
      -1.345171332359314,
      -1.3522006273269653
    ]
  ],
  "digital_baseline": -1.3469844675064087,
  "mean": [
    -3.990180835723877,
    -1.3978693389892578,
    -1.3367223501205445,
    -1.3497337007522583,
    -1.3548197174072265,
    -1.3604616165161132,
    -1.3507831859588624
  ],
  "std": [
    0.0037015543970616072,
    0.03324418374346844,
    0.02893034111402403,
    0.02592921315946653,
    0.028010420136133373,
    0.029993013399684156,
    0.03648943084167653
  ],
  "normalized_mean": [
    -0.9623064942320074,
    0.9622231193377833,
    1.0076185862817422,
    0.9979589718276862,
    0.994183117853376,
    0.9899945772688427,
    0.9971798349987762
  ],
  "normalized_std": [
    0.0027480304980161147,
    0.0246804506996368,
    0.021477857994592196,
    0.019249823427784377,
    0.020794909527047017,
    0.022266784898573047,
    0.02708971908876367
  ],
  "degradation_threshold_10pct": 16.0
}