{
  "sigma_values": [
    0.0,
    0.01,
    0.02,
    0.03,
    0.05,
    0.07,
    0.1,
    0.12,
    0.15
  ],
  "metric_name": "quality_mismatch_only",
  "per_trial": [
    [
      -1.4965037107467651,
      -1.4833520650863647,
      -1.490491271018982,
      -1.4591405391693115,
      -1.496185064315796,
      -1.4787986278533936,
      -1.5124387741088867,
      -1.4921156167984009,
      -1.4699631929397583,
      -1.5036028623580933
    ],
    [
      -1.4699147939682007,
      -1.4867892265319824,
      -1.4974045753479004,
      -1.5074554681777954,
      -1.4681588411331177,
      -1.5008026361465454,
      -1.4937890768051147,
      -1.4889085292816162,
      -1.4885636568069458,
      -1.5103466510772705
    ],
    [
      -1.5004891157150269,
      -1.5171421766281128,
      -1.4808950424194336,
      -1.4816967248916626,
      -1.4808690547943115,
      -1.4927031993865967,
      -1.4884819984436035,
      -1.4888333082199097,
      -1.49370276927948,
      -1.539164662361145
    ],
    [
      -1.4980610609054565,
      -1.46319580078125,
      -1.453222632408142,
      -1.4704087972640991,
      -1.5105868577957153,
      -1.5010573863983154,
      -1.4944278001785278,
      -1.5031261444091797,
      -1.50658118724823,
      -1.4892284870147705
    ],
    [
      -1.514962077140808,
      -1.4817315340042114,
      -1.5233471393585205,
      -1.498810887336731,
      -1.465810775756836,
      -1.4901059865951538,
      -1.4850174188613892,
      -1.4848546981811523,
      -1.5072187185287476,
      -1.5563799142837524
    ],
    [
      -1.480132818222046,
      -1.4942032098770142,
      -1.4522435665130615,
      -1.4849337339401245,
      -1.5188404321670532,
      -1.4985727071762085,
      -1.5216491222381592,
      -1.4996328353881836,
      -1.5163778066635132,
      -1.481933355331421
    ],
    [
      -1.4999326467514038,
      -1.6172785758972168,
      -1.593721866607666,
      -1.5296742916107178,
      -1.4855098724365234,
      -1.5597341060638428,
      -1.4956777095794678,
      -1.4777840375900269,
      -1.473525047302246,
      -1.4679092168807983
    ],
    [
      -1.5132306814193726,
      -1.5481051206588745,
      -1.502999186515808,
      -1.4780246019363403,
      -1.6069210767745972,
      -1.5229525566101074,
      -1.4886517524719238,
      -1.548296332359314,
      -1.5194268226623535,
      -1.4877861738204956
    ],
    [
      -1.5443856716156006,
      -1.5705465078353882,
      -1.5689421892166138,
      -1.4797219038009644,
      -1.6099575757980347,
      -1.5240081548690796,
      -1.5936611890792847,
      -1.6427505016326904,
      -1.559857964515686,
      -1.6108899116516113
    ]
  ],
  "digital_baseline": -1.4937429308891297,
  "mean": [
    -1.4882591724395753,
    -1.4912133455276488,
    -1.4963978052139282,
    -1.4889896154403686,
    -1.5008239150047302,
    -1.4948519587516784,
    -1.520074737071991,
    -1.5216394305229186,
    -1.5704721570014955
  ],
  "std": [
    0.015056386798047753,
    0.013356101492772788,
    0.01764785053835242,
    0.01877003892618186,
    0.024594251849188137,
    0.02022722983068264,
    0.05040810447214977,
    0.03639402590298774,
    0.04488274454768874
  ],
  "normalized_mean": [
    1.0036711527372988,
    1.0016934542813034,
    0.9982226698651433,
    1.0031821509246788,
    0.9952595697899734,
    0.9992575510553957,
    0.9823719291731224,
    0.9813244306922451,
    0.9486329109743845
  ],
  "normalized_std": [
    0.010079637189704154,
    0.008941365489725033,
    0.011814516523166261,
    0.012565775902958922,
    0.016464849031652823,
    0.013541305811330376,
    0.033746171064485006,
    0.024364316744464657,
    0.030047167835614733
  ],
  "degradation_threshold_10pct": 0.15
}