{
  "sigma_values": [
    0.0,
    0.01,
    0.02,
    0.03,
    0.05,
    0.07,
    0.1,
    0.12,
    0.15
  ],
  "metric_name": "quality",
  "per_trial": [
    [
      -1.5168817043304443,
      -1.496867299079895,
      -1.5053536891937256,
      -1.4812512397766113,
      -1.5246636867523193,
      -1.4974795579910278,
      -1.4972549676895142,
      -1.5006853342056274,
      -1.511188268661499,
      -1.4946181774139404,
      -1.4993051290512085,
      -1.5121392011642456,
      -1.5100040435791016,
      -1.4873287677764893,
      -1.5140371322631836,
      -1.4949755668640137,
      -1.4949517250061035,
      -1.5182479619979858,
      -1.4922736883163452,
      -1.4899632930755615,
      -1.4713513851165771,
      -1.48391592502594,
      -1.5022255182266235,
      -1.478039264678955,
      -1.480373501777649,
      -1.4978333711624146,
      -1.497471570968628,
      -1.5086421966552734,
      -1.5234930515289307,
      -1.5065162181854248,
      -1.5040627717971802,
      -1.4968072175979614,
      -1.5065304040908813,
      -1.4958888292312622,
      -1.4896444082260132,
      -1.523197889328003,
      -1.5085453987121582,
      -1.5128380060195923,
      -1.4845057725906372,
      -1.4779934883117676,
      -1.4945570230484009,
      -1.5040346384048462,
      -1.4978283643722534,
      -1.4901779890060425,
      -1.496431827545166,
      -1.4912536144256592,
      -1.4938207864761353,
      -1.4920806884765625,
      -1.4834688901901245,
      -1.4771584272384644
    ],
    [
      -1.5128424167633057,
      -1.4891064167022705,
      -1.5261400938034058,
      -1.501983642578125,
      -1.4905046224594116,
      -1.5103446245193481,
      -1.5078362226486206,
      -1.5246965885162354,
      -1.5063161849975586,
      -1.4905157089233398,
      -1.504963994026184,
      -1.5019489526748657,
      -1.4828932285308838,
      -1.5263458490371704,
      -1.4993349313735962,
      -1.5010607242584229,
      -1.503061294555664,
      -1.4824600219726562,
      -1.4944196939468384,
      -1.4943629503250122,
      -1.4916231632232666,
      -1.4885201454162598,
      -1.4895575046539307,
      -1.4998425245285034,
      -1.511046290397644,
      -1.5294551849365234,
      -1.5014028549194336,
      -1.49741792678833,
      -1.5182311534881592,
      -1.4911528825759888,
      -1.509252905845642,
      -1.5112160444259644,
      -1.5156415700912476,
      -1.4994796514511108,
      -1.5047863721847534,
      -1.5004842281341553,
      -1.4971975088119507,
      -1.488983154296875,
      -1.5205439329147339,
      -1.4859672784805298,
      -1.5168811082839966,
      -1.486183762550354,
      -1.5142621994018555,
      -1.5093334913253784,
      -1.5055623054504395,
      -1.4938760995864868,
      -1.4665627479553223,
      -1.5156524181365967,
      -1.5207184553146362,
      -1.4800993204116821
    ],
    [
      -1.5072489976882935,
      -1.4965664148330688,
      -1.4915752410888672,
      -1.5106735229492188,
      -1.5119277238845825,
      -1.4758415222167969,
      -1.4913532733917236,
      -1.4893920421600342,
      -1.4838918447494507,
      -1.4863332509994507,
      -1.5243949890136719,
      -1.5078446865081787,
      -1.488209843635559,
      -1.499014139175415,
      -1.4824731349945068,
      -1.5152190923690796,
      -1.498086929321289,
      -1.5257998704910278,
      -1.4937664270401,
      -1.5057799816131592,
      -1.4932825565338135,
      -1.4791818857192993,
      -1.4923205375671387,
      -1.498787760734558,
      -1.4905822277069092,
      -1.4860585927963257,
      -1.5083550214767456,
      -1.490090250968933,
      -1.4912148714065552,
      -1.5105761289596558,
      -1.509257197380066,
      -1.4901670217514038,
      -1.5164849758148193,
      -1.5211950540542603,
      -1.5011951923370361,
      -1.5119705200195312,
      -1.5038937330245972,
      -1.4954055547714233,
      -1.5114483833312988,
      -1.4971073865890503,
      -1.5037975311279297,
      -1.5098179578781128,
      -1.4965013265609741,
      -1.523653268814087,
      -1.5033901929855347,
      -1.499524474143982,
      -1.4982937574386597,
      -1.4980111122131348,
      -1.518470287322998,
      -1.509169101715088
    ],
    [
      -1.4876831769943237,
      -1.5177489519119263,
      -1.5056843757629395,
      -1.4895509481430054,
      -1.4677200317382812,
      -1.4817672967910767,
      -1.4900809526443481,
      -1.4858773946762085,
      -1.4944506883621216,
      -1.5004637241363525,
      -1.5013689994812012,
      -1.4884929656982422,
      -1.5414472818374634,
      -1.4760257005691528,
      -1.5052028894424438,
      -1.4991852045059204,
      -1.492344617843628,
      -1.5107247829437256,
      -1.4929479360580444,
      -1.512677550315857,
      -1.5069637298583984,
      -1.5121737718582153,
      -1.502014398574829,
      -1.5226871967315674,
      -1.534912109375,
      -1.507203459739685,
      -1.4950370788574219,
      -1.4961249828338623,
      -1.4977425336837769,
      -1.5074284076690674,
      -1.5021604299545288,
      -1.5054051876068115,
      -1.506628394126892,
      -1.4939714670181274,
      -1.504671573638916,
      -1.515377163887024,
      -1.5100724697113037,
      -1.4678030014038086,
      -1.492700457572937,
      -1.5281225442886353,
      -1.4899194240570068,
      -1.4687860012054443,
      -1.511785864830017,
      -1.5199205875396729,
      -1.4961507320404053,
      -1.4918657541275024,
      -1.4986233711242676,
      -1.518962025642395,
      -1.5115059614181519,
      -1.4916051626205444
    ],
    [
      -1.4893616437911987,
      -1.5129095315933228,
      -1.4966076612472534,
      -1.4548629522323608,
      -1.4832518100738525,
      -1.4944833517074585,
      -1.5353033542633057,
      -1.4856735467910767,
      -1.4924169778823853,
      -1.5256104469299316,
      -1.5058529376983643,
      -1.5307115316390991,
      -1.5134743452072144,
      -1.5330157279968262,
      -1.4793767929077148,
      -1.5317567586898804,
      -1.5025696754455566,
      -1.5018048286437988,
      -1.5325747728347778,
      -1.4913544654846191,
      -1.5183237791061401,
      -1.5123077630996704,
      -1.4961719512939453,
      -1.4886243343353271,
      -1.4828450679779053,
      -1.5079656839370728,
      -1.4951258897781372,
      -1.5231292247772217,
      -1.5023449659347534,
      -1.507353663444519,
      -1.532185435295105,
      -1.5332107543945312,
      -1.5112078189849854,
      -1.5340237617492676,
      -1.4898349046707153,
      -1.509576439857483,
      -1.5255546569824219,
      -1.502472162246704,
      -1.4844319820404053,
      -1.4850682020187378,
      -1.4917727708816528,
      -1.4831398725509644,
      -1.5152065753936768,
      -1.4843289852142334,
      -1.5019793510437012,
      -1.5249717235565186,
      -1.4991408586502075,
      -1.4966157674789429,
      -1.5164903402328491,
      -1.469472885131836
    ],
    [
      -1.5175164937973022,
      -1.5369508266448975,
      -1.5196306705474854,
      -1.557902455329895,
      -1.4851216077804565,
      -1.5064574480056763,
      -1.528266429901123,
      -1.4840798377990723,
      -1.478180170059204,
      -1.5455011129379272,
      -1.5030468702316284,
      -1.524092674255371,
      -1.5194693803787231,
      -1.5481622219085693,
      -1.5186678171157837,
      -1.4974021911621094,
      -1.5161484479904175,
      -1.5125161409378052,
      -1.4919021129608154,
      -1.448699712753296,
      -1.520485758781433,
      -1.5623947381973267,
      -1.503665566444397,
      -1.5408167839050293,
      -1.493005394935608,
      -1.5477938652038574,
      -1.4867550134658813,
      -1.5254427194595337,
      -1.5227203369140625,
      -1.4876270294189453,
      -1.511454463005066,
      -1.5219807624816895,
      -1.527647614479065,
      -1.4963650703430176,
      -1.5319035053253174,
      -1.5185710191726685,
      -1.5267764329910278,
      -1.4911179542541504,
      -1.565219521522522,
      -1.5610498189926147,
