{
  "sigma_values": [
    2.0,
    4.0,
    6.0,
    8.0,
    10.0,
    12.0,
    16.0
  ],
  "metric_name": "quality_vs_adc_bits_sigma0.050",
  "per_trial": [
    [
      -0.28207045793533325,
      -0.2840680480003357,
      -0.28646719455718994,
      -0.280002623796463,
      -0.2782491445541382,
      -0.27214211225509644,
      -0.27512362599372864,
      -0.2790237069129944,
      -0.27519482374191284,
      -0.28602463006973267,
      -0.2750096023082733,
      -0.27394092082977295,
      -0.2708013951778412,
      -0.2753991186618805,
      -0.2839812636375427,
      -0.2749275863170624,
      -0.27756622433662415,
      -0.28480687737464905,
      -0.2827627658843994,
      -0.29607969522476196,
      -0.2705691456794739,
      -0.2819618582725525,
      -0.27177003026008606,
      -0.27578821778297424,
      -0.2773211598396301
    ],
    [
      -0.2831267714500427,
      -0.27750149369239807,
      -0.28568533062934875,
      -0.27581360936164856,
      -0.27815884351730347,
      -0.2810642421245575,
      -0.2800673842430115,
      -0.2839900553226471,
      -0.28363415598869324,
      -0.27953100204467773,
      -0.2749119997024536,
      -0.2871115803718567,
      -0.2730218768119812,
      -0.2857631742954254,
      -0.2741168737411499,
      -0.2833027243614197,
      -0.27860382199287415,
      -0.28780120611190796,
      -0.2851179242134094,
      -0.27543288469314575,
      -0.2850058674812317,
      -0.286739319562912,
      -0.2806667983531952,
      -0.279545396566391,
      -0.270174503326416
    ],
    [
      -0.28152337670326233,
      -0.2856970727443695,
      -0.2791728377342224,
      -0.2804427146911621,
      -0.2843032777309418,
      -0.28933465480804443,
      -0.2752176523208618,
      -0.2774479389190674,
      -0.28951495885849,
      -0.27325206995010376,
      -0.28298625349998474,
      -0.28812673687934875,
      -0.26919305324554443,
      -0.27152353525161743,
      -0.2753780484199524,
      -0.283560574054718,
      -0.28172576427459717,
      -0.29203230142593384,
      -0.2863972783088684,
      -0.28060272336006165,
      -0.2720492482185364,
      -0.2699585258960724,
      -0.2859778106212616,
      -0.2738358676433563,
      -0.28044047951698303
    ],
    [
      -0.2851574420928955,
      -0.27842554450035095,
      -0.2741304039955139,
      -0.2801060676574707,
      -0.2773136794567108,
      -0.2780705988407135,
      -0.283258318901062,
      -0.2785366475582123,
      -0.27138781547546387,
      -0.28025582432746887,
      -0.28003132343292236,
      -0.2788161039352417,
      -0.28129637241363525,
      -0.2777913212776184,
      -0.28241488337516785,
      -0.2799380421638489,
      -0.28453361988067627,
      -0.2817918658256531,
      -0.2781502902507782,
      -0.28638237714767456,
      -0.2813906669616699,
      -0.2736361622810364,
      -0.2833384573459625,
      -0.29440221190452576,
      -0.2866500914096832
    ],
    [
      -0.28360164165496826,
      -0.2765756845474243,
      -0.2808076739311218,
      -0.2768932282924652,
      -0.2759345769882202,
      -0.2898919880390167,
      -0.28421661257743835,
      -0.2860109806060791,
      -0.277866393327713,
      -0.27735310792922974,
      -0.27954283356666565,
      -0.27353522181510925,
      -0.2833716571331024,
      -0.27675968408584595,
      -0.27619585394859314,
      -0.2820311188697815,
      -0.2691352963447571,
      -0.2758163511753082,
      -0.2803500294685364,
      -0.26991066336631775,
      -0.28403207659721375,
      -0.27876704931259155,
      -0.28472620248794556,
      -0.27956703305244446,
      -0.2768743336200714
    ],
    [
      -0.27775025367736816,
      -0.2787659168243408,
      -0.2809751033782959,
      -0.28835582733154297,
      -0.2746073305606842,
      -0.2791963815689087,
      -0.2797802686691284,
      -0.28646180033683777,
      -0.2787485420703888,
      -0.27898696064949036,
      -0.27852845191955566,
      -0.2865852415561676,
      -0.27824220061302185,
      -0.2734569013118744,
      -0.2794724106788635,
      -0.2773377001285553,
      -0.27968111634254456,
      -0.27515310049057007,
      -0.2800637483596802,
      -0.2704894542694092,
      -0.2851110100746155,
      -0.2874985337257385,
      -0.28553467988967896,
      -0.2841452360153198,
      -0.287416011095047
    ],
    [
      -0.2745344936847687,
      -0.28037887811660767,
      -0.27459391951560974,
      -0.27337244153022766,
      -0.2727632224559784,
      -0.2798619866371155,
      -0.29114386439323425,
      -0.27927783131599426,
      -0.27753308415412903,
      -0.2772868275642395,
      -0.2717472016811371,
      -0.2796083390712738,
      -0.275825560092926,
      -0.2843819558620453,
      -0.2859044373035431,
      -0.2735905051231384,
      -0.2802540361881256,
      -0.28868377208709717,
      -0.2638609707355499,
      -0.2696109712123871,
      -0.26896998286247253,
      -0.27735117077827454,
      -0.2759983539581299,
      -0.28143930435180664,
      -0.28050777316093445
    ]
  ],
  "digital_baseline": -0.2793525350093842,
  "mean": [
    -0.278842089176178,
    -0.2806355535984039,
    -0.28038779020309446,
    -0.2806882452964783,
    -0.27919069170951843,
    -0.2804937672615051,
    -0.27753923535346986
  ],
  "std": [
    0.005891372110482679,
    0.004779384762718594,
    0.006411428776370833,
    0.004632814703673384,
    0.004768554415296486,
    0.004662158740647534,
    0.006046658770291921
  ],
  "normalized_mean": [
    1.001827246111044,
    0.9954071704093301,
    0.9962940905702699,
    0.9952185496113388,
    1.0005793514630548,
    0.9959147238378109,
    1.006491080010616
  ],
  "normalized_std": [
    0.021089381237527603,
    0.01710879324061993,
    0.0229510313058568,
    0.016584115492339298,
    0.01707002377886529,
    0.01668915852326495,
    0.021645261855557527
  ],
  "degradation_threshold_10pct": 16.0
}