{
  "sigma_values": [
    0.0,
    0.01,
    0.02,
    0.03,
    0.05,
    0.07,
    0.1,
    0.12,
    0.15
  ],
  "metric_name": "quality_quantization_only",
  "per_trial": [
    [
      -1.5350772142410278,
      -1.4947326183319092,
      -1.5198525190353394,
      -1.5011520385742188,
      -1.5004507303237915,
      -1.507372260093689,
      -1.5017030239105225,
      -1.4936354160308838,
      -1.508069396018982,
      -1.4985740184783936
    ],
    [
      -1.501597285270691,
      -1.5141332149505615,
      -1.4864633083343506,
      -1.5080920457839966,
      -1.5080982446670532,
      -1.4833978414535522,
      -1.4988912343978882,
      -1.4956893920898438,
      -1.5100593566894531,
      -1.5037833452224731
    ],
    [
      -1.4952435493469238,
      -1.5246652364730835,
      -1.5133029222488403,
      -1.5077439546585083,
      -1.5209252834320068,
      -1.5163148641586304,
      -1.498729944229126,
      -1.488532543182373,
      -1.4841469526290894,
      -1.4984049797058105
    ],
    [
      -1.4999057054519653,
      -1.5201104879379272,
      -1.496271014213562,
      -1.4910987615585327,
      -1.509308099746704,
      -1.4950677156448364,
      -1.5011019706726074,
      -1.510668396949768,
      -1.4944958686828613,
      -1.5089223384857178
    ],
    [
      -1.511530876159668,
      -1.5112978219985962,
      -1.493520736694336,
      -1.5075007677078247,
      -1.50429368019104,
      -1.496699333190918,
      -1.4896959066390991,
      -1.4954382181167603,
      -1.5128713846206665,
      -1.494393229484558
    ],
    [
      -1.5000823736190796,
      -1.4987051486968994,
      -1.5169143676757812,
      -1.5141607522964478,
      -1.4878640174865723,
      -1.5227553844451904,
      -1.493972897529602,
      -1.5260225534439087,
      -1.492698311805725,
      -1.4994529485702515
    ],
    [
      -1.5029653310775757,
      -1.4968904256820679,
      -1.4927222728729248,
      -1.4872338771820068,
      -1.488137125968933,
      -1.4867254495620728,
      -1.5310531854629517,
      -1.4938290119171143,
      -1.4910218715667725,
      -1.5044827461242676
    ],
    [
      -1.502954125404358,
      -1.4963189363479614,
      -1.5056266784667969,
      -1.5088839530944824,
      -1.4895776510238647,
      -1.503664493560791,
      -1.4978078603744507,
      -1.4677202701568604,
      -1.5063519477844238,
      -1.500996708869934
    ],
    [
      -1.4840295314788818,
      -1.4947916269302368,
      -1.4990187883377075,
      -1.4841545820236206,
      -1.5029847621917725,
      -1.4817876815795898,
      -1.5236992835998535,
      -1.522900938987732,
      -1.5056315660476685,
      -1.4986449480056763
    ]
  ],
  "digital_baseline": -1.4984508275985717,
  "mean": [
    -1.5060619235038757,
    -1.5010205268859864,
    -1.5048010230064393,
    -1.5026950359344482,
    -1.5017241954803466,
    -1.5052628755569457,
    -1.4975061297416687,
    -1.4979902625083923,
    -1.499764370918274
  ],
  "std": [
    0.012046771266482752,
    0.00957672101989047,
    0.013147080115178728,
    0.00872265199796979,
    0.008261588576913248,
    0.012820024703571178,
    0.012618370140491709,
    0.011413377007554949,
    0.014120640745586655
  ],
  "normalized_mean": [
    0.9949206902454707,
    0.998285096020446,
    0.9957621596311943,
    0.9971676025280868,
    0.9978154986326639,
    0.9954539396068866,
    1.0006304496881069,
    1.000307360830063,
    0.9991233991162678
  ],
  "normalized_std": [
    0.008039483875349447,
    0.006391081271073935,
    0.0087737814768659,
    0.005821113270662859,
    0.005513419876548989,
    0.008555519118446245,
    0.008420943756101761,
    0.007616784479905898,
    0.009423492907148978
  ],
  "degradation_threshold_10pct": 0.15
}