{
  "sigma_values": [
    0.0,
    0.01,
    0.02,
    0.03,
    0.05,
    0.07,
    0.1,
    0.12,
    0.15
  ],
  "metric_name": "quality_thermal_only",
  "per_trial": [
    [
      -1.4846835136413574,
      -1.4883180856704712,
      -1.4943792819976807,
      -1.5034170150756836,
      -1.4714176654815674,
      -1.4961837530136108,
      -1.490549921989441,
      -1.4937403202056885,
      -1.5004491806030273,
      -1.4935553073883057
    ],
    [
      -1.5026339292526245,
      -1.521598219871521,
      -1.4878530502319336,
      -1.4920719861984253,
      -1.4860589504241943,
      -1.4980932474136353,
      -1.4907740354537964,
      -1.4989147186279297,
      -1.4844913482666016,
      -1.462726354598999
    ],
    [
      -1.5096713304519653,
      -1.5055407285690308,
      -1.4609472751617432,
      -1.4935466051101685,
      -1.512340784072876,
      -1.4858007431030273,
      -1.4953725337982178,
      -1.4850813150405884,
      -1.5027244091033936,
      -1.4835190773010254
    ],
    [
      -1.5046617984771729,
      -1.493739128112793,
      -1.4860057830810547,
      -1.4783706665039062,
      -1.4855198860168457,
      -1.492250919342041,
      -1.4864956140518188,
      -1.50346040725708,
      -1.508386492729187,
      -1.503570556640625
    ],
    [
      -1.5147781372070312,
      -1.4733752012252808,
      -1.4657467603683472,
      -1.49900484085083,
      -1.4867042303085327,
      -1.4821842908859253,
      -1.510573387145996,
      -1.4863985776901245,
      -1.4857025146484375,
      -1.4955593347549438
    ],
    [
      -1.4871137142181396,
      -1.4974768161773682,
      -1.4984111785888672,
      -1.4805608987808228,
      -1.4746911525726318,
      -1.473043441772461,
      -1.508366346359253,
      -1.4843381643295288,
      -1.5177141427993774,
      -1.4755007028579712
    ],
    [
      -1.4699077606201172,
      -1.4970364570617676,
      -1.512036681175232,
      -1.4837429523468018,
      -1.497690200805664,
      -1.4831300973892212,
      -1.5092593431472778,
      -1.4976186752319336,
      -1.4815213680267334,
      -1.4908524751663208
    ],
    [
      -1.5062127113342285,
      -1.472960114479065,
      -1.48728346824646,
      -1.4785027503967285,
      -1.4959427118301392,
      -1.5052658319473267,
      -1.5012633800506592,
      -1.4846552610397339,
      -1.5190801620483398,
      -1.4953852891921997
    ],
    [
      -1.4845619201660156,
      -1.4899696111679077,
      -1.4920415878295898,
      -1.5128892660140991,
      -1.4901211261749268,
      -1.4912426471710205,
      -1.4858779907226562,
      -1.5031243562698364,
      -1.476305365562439,
      -1.4996116161346436
    ]
  ],
  "digital_baseline": -1.4955046772956848,
  "mean": [
    -1.4916694045066834,
    -1.492521584033966,
    -1.4934544801712035,
    -1.4942461252212524,
    -1.490002727508545,
    -1.489721655845642,
    -1.492279601097107,
    -1.4946551680564881,
    -1.4925745487213136
  ],
  "std": [
    0.00849752379299017,
    0.014278246282560133,
    0.014627013709880912,
    0.009698831125687537,
    0.014550612448034789,
    0.014466759468190224,
    0.012385173141014649,
    0.01332110611901445,
    0.009808679384749153
  ],
  "normalized_mean": [
    1.0025645341316731,
    1.0019947067414814,
    1.0013709065278142,
    1.0008415567624356,
    1.0036789920290246,
    1.0038669363846457,
    1.0021565136154638,
    1.0005680418470726,
    1.0019592908125636
  ],
  "normalized_std": [
    0.005682044277090599,
    0.009547443414472919,
    0.009780653937058147,
    0.0064853231641012945,
    0.009729566659962979,
    0.009673496638171943,
    0.00828160107356582,
    0.008907431933347714,
    0.006558775464671999
  ],
  "degradation_threshold_10pct": 0.15
}