{
  "sigma_values": [
    0.0,
    0.01,
    0.02,
    0.03,
    0.05,
    0.07,
    0.1,
    0.12,
    0.15
  ],
  "metric_name": "quality_quantization_only",
  "per_trial": [
    [
      -1.494516134262085,
      -1.4966094493865967,
      -1.5002721548080444,
      -1.4950716495513916,
      -1.5157444477081299,
      -1.4646559953689575,
      -1.4681708812713623,
      -1.47707200050354,
      -1.5064339637756348,
      -1.4975863695144653
    ],
    [
      -1.4844399690628052,
      -1.5083411931991577,
      -1.493894338607788,
      -1.4779164791107178,
      -1.5205134153366089,
      -1.4760836362838745,
      -1.5121328830718994,
      -1.491166353225708,
      -1.4771066904067993,
      -1.4685336351394653
    ],
    [
      -1.511170744895935,
      -1.4983930587768555,
      -1.5084699392318726,
      -1.488419771194458,
      -1.4781142473220825,
      -1.4869613647460938,
      -1.4869903326034546,
      -1.5048476457595825,
      -1.4930471181869507,
      -1.4980605840682983
    ],
    [
      -1.4951223134994507,
      -1.5109941959381104,
      -1.4952443838119507,
      -1.5139660835266113,
      -1.4893136024475098,
      -1.4947766065597534,
      -1.4743294715881348,
      -1.5135003328323364,
      -1.486608862876892,
      -1.48842191696167
    ],
    [
      -1.488879919052124,
      -1.5209879875183105,
      -1.4775627851486206,
      -1.5290162563323975,
      -1.527902603149414,
      -1.4908688068389893,
      -1.5003708600997925,
      -1.4758367538452148,
      -1.4998055696487427,
      -1.5096718072891235
    ],
    [
      -1.4843343496322632,
      -1.4961907863616943,
      -1.4825750589370728,
      -1.5066217184066772,
      -1.4849823713302612,
      -1.4903689622879028,
      -1.4870989322662354,
      -1.5066925287246704,
      -1.4689615964889526,
      -1.4929786920547485
    ],
    [
      -1.480634331703186,
      -1.4787640571594238,
      -1.4877114295959473,
      -1.490936279296875,
      -1.472101092338562,
      -1.499116063117981,
      -1.4720289707183838,
      -1.4771581888198853,
      -1.5292855501174927,
      -1.501741647720337
    ],
    [
      -1.4936074018478394,
      -1.4877821207046509,
      -1.4852373600006104,
      -1.4933602809906006,
      -1.4890050888061523,
      -1.4755584001541138,
      -1.5054923295974731,
      -1.5066256523132324,
      -1.5081560611724854,
      -1.4976558685302734
    ],
    [
      -1.4811660051345825,
      -1.5192559957504272,
      -1.4676191806793213,
      -1.485436201095581,
      -1.4929842948913574,
      -1.4741522073745728,
      -1.5003637075424194,
      -1.4952421188354492,
      -1.4839370250701904,
      -1.4827141761779785
    ]
  ],
  "digital_baseline": -1.490514886379242,
  "mean": [
    -1.4916133046150208,
    -1.4910128593444825,
    -1.4954474806785583,
    -1.496227777004242,
    -1.502090334892273,
    -1.4900804996490478,
    -1.4889477610588073,
    -1.494248056411743,
    -1.488287091255188
  ],
  "std": [
    0.015638601239895147,
    0.016616957187900766,
    0.01009852585325654,
    0.012313112476252023,
    0.018453574653651966,
    0.010796427043319531,
    0.016678034983107957,
    0.009928120959315653,
    0.01382435968726032
  ],
  "normalized_mean": [
    0.9992630612107154,
    0.999665905406386,
    0.9966906776011485,
    0.9961671696960519,
    0.9922339262634604,
    1.0002914340099276,
    1.0010513986373135,
    0.9974953822557453,
    1.0014946480202325
  ],
  "normalized_std": [
    0.010492079873072876,
    0.011148467781000612,
    0.0067751928850491895,
    0.008260979201732785,
    0.012380671150812443,
    0.007243421143915045,
    0.011189445429573825,
    0.006660866691129158,
    0.009274888706977256
  ],
  "degradation_threshold_10pct": 0.15
}