{
  "sigma_values": [
    0.0,
    0.01,
    0.02,
    0.03,
    0.05,
    0.07,
    0.1,
    0.12,
    0.15
  ],
  "metric_name": "output_mse",
  "per_trial": [
    [
      -2.0112754555157153e-06,
      -1.8924775986306486e-06,
      -1.9584745132306125e-06,
      -2.2881147287989734e-06,
      -2.1164221379876835e-06,
      -2.2436918243329274e-06,
      -2.2353779058903456e-06,
      -2.2370454644260462e-06,
      -2.0894265162496595e-06,
      -2.5546214601490647e-06,
      -2.225454863946652e-06,
      -2.1882408418605337e-06,
      -2.185185167036252e-06,
      -2.125038008671254e-06,
      -2.230551899629063e-06,
      -2.034827275565476e-06,
      -2.4544840471207863e-06,
      -2.1839989585714648e-06,
      -2.8508177365438314e-06,
      -2.2065048597141868e-06,
      -2.1910743726039072e-06,
      -2.333439852009178e-06,
      -2.2206295398063958e-06,
      -2.5463698420935543e-06,
      -2.1115374693181366e-06,
      -2.197075673393556e-06,
      -2.191918156313477e-06,
      -2.1768455553683452e-06,
      -2.211615310443449e-06,
      -2.3890338525234256e-06,
      -2.252609419883811e-06,
      -2.7341202439856716e-06,
      -2.1788725916849216e-06,
      -2.1159153220651206e-06,
      -2.237775333924219e-06,
      -2.2411888949136483e-06,
      -1.9972253539890517e-06,
      -2.5107997316808905e-06,
      -2.3589693682879442e-06,
      -2.234782641608035e-06,
      -2.261931513203308e-06,
      -1.9755884750338737e-06,
      -2.4996170395752415e-06,
      -2.5240287868655287e-06,
      -2.0469469745876268e-06,
      -2.2374206309905276e-06,
      -2.1871751414437313e-06,
      -2.2272279238677584e-06,
      -2.109478600686998e-06,
      -2.2867784537083935e-06
    ],
    [
      -8.86428460944444e-06,
      -1.0259375812893268e-05,
      -5.592574780166615e-06,
      -9.837146535573993e-06,
      -4.4829666876466945e-06,
      -3.206469045835547e-06,
      -4.681739028455922e-06,
      -4.263520168024115e-06,
      -2.692655016289791e-06,
      -2.861198481696192e-06,
      -3.8158486859174445e-06,
      -2.9242821710795397e-06,
      -5.024709025747143e-06,
      -3.5284792829770595e-06,
      -3.22885216519353e-06,
      -2.6179197902820306e-06,
      -7.5531834227149375e-06,
      -6.781527190469205e-06,
      -4.205468030704651e-06,
      -3.848942924378207e-06,
      -4.96598568133777e-06,
      -7.819059646863025e-06,
      -4.4943417378817685e-06,
      -5.076636625744868e-06,
      -3.141188472000067e-06,
      -6.58612134429859e-06,
      -1.0114797987625934e-05,
      -1.0562060197116807e-05,
      -6.712392860208638e-06,
      -2.2638355403614696e-06,
      -3.044426193810068e-06,
      -7.454475962731522e-06,
      -2.2677240849588998e-05,
      -3.5018217658944195e-06,
      -5.349305411073146e-06,
      -3.433233132454916e-06,
      -2.925514991147793e-06,
      -4.287055162421893e-06,
      -3.4536551538622007e-06,
      -3.098792376476922e-06,
      -7.254733645822853e-06,
      -3.3109392916230718e-06,
      -2.9094248930050526e-06,
      -1.0853343155758921e-05,
      -3.6414483020053012e-06,
      -1.0454244147695135e-05,
      -2.7782577944890363e-06,
      -5.162156867299927e-06,
      -5.452160621643998e-06,
      -3.8791731640230864e-06
    ],
    [
      -2.3449490981874987e-05,
      -2.373638744757045e-05,
      -5.776880243502092e-06,
      -6.026604023645632e-05,
      -3.7149200124986237e-06,
      -9.341123586636968e-06,
      -7.906965038273484e-06,
      -2.1708956410293467e-05,
      -8.675783647049684e-06,
      -1.671764039201662e-05,
      -4.533927040029084e-06,
      -3.08649250655435e-05,
      -4.755008831125451e-06,
      -5.88232978770975e-06,
      -6.847980330348946e-06,
      -1.0625592949509155e-05,
      -4.640120550902793e-06,
      -8.768739462539088e-06,
      -1.9383194739930332e-05,
      -4.0318836909136735e-06,
      -6.708345608785748e-05,
      -8.064946086960845e-06,
      -2.3111697373678908e-05,
      -4.030703166790772e-06,
      -3.3603530027903616e-05,
      -6.091648629080737e-06,
      -3.2672913221176714e-05,
      -6.06124012847431e-06,
      -2.7376612706575543e-05,
      -4.094806172361132e-06,
      -1.6780437363195233e-05,
      -8.18361331766937e-06,
      -9.31345948629314e-06,
      -4.56064117315691e-06,
      -4.326745511207264e-06,
      -1.2038043678330723e-05,
      -9.063778634299524e-06,
      -6.331854820018634e-06,
      -2.255100480397232e-05,
      -1.1493101737869438e-05,
      -5.165420134289889e-06,
      -6.677944384136936e-06,
      -1.8651329810381867e-05,
      -7.945444849610794e-06,
      -5.561268699239008e-05,
      -3.9223690691869706e-05,
      -1.2394533769111149e-05,
      -3.771439878619276e-05,
      -1.204058662551688e-05,
      -3.6927197015756974e-06
    ],
    [
      -1.2239448551554233e-05,
      -2.660706923052203e-05,
      -6.7960381784359924e-06,
      -1.2886818694823887e-05,
      -2.865417809516657e-05,
      -7.999125955393538e-05,
      -7.757988896628376e-06,
      -6.46670232526958e-05,
      -7.191784334281692e-06,
      -5.02214788866695e-05,
      -6.4484402173548006e-06,
      -5.263471030048095e-05,
      -2.3117527234717272e-05,
      -5.619320745609002e-06,
      -3.762589403777383e-05,
      -5.055218207417056e-05,
      -9.170686098514125e-06,
      -5.6645101722097024e-05,
      -9.974740532925352e-05,
      -6.288149597821757e-05,
      -4.3565341911744326e-05,
      -1.1408176760596689e-05,
      -4.1252227674704045e-05,
      -5.44999711564742e-05,
      -0.00023846547992434353,
      -2.1651643692166544e-05,
      -1.1353478839737363e-05,
      -7.909370469860733e-05,
      -1.9115776012768038e-05,
      -9.372176282340661e-05,
      -6.0913564084330574e-05,
      -8.885746865416877e-06,
      -8.981245628092438e-05,
      -1.395927210978698e-05,
      -4.609136885846965e-05,
      -2.238975139334798e-05,
      -7.850258953112643e-06,
      -1.8834949514712207e-05,
      -1.2212020919832867e-05,
      -3.110268880845979e-05,
      -1.6644127754261717e-05,
      -0.00010714919335441664,
      -7.624333193234634e-06,
      -1.0671853488020133e-05,
      -0.00010016789747169241,
      -1.0051869139715564e-05,
      -1.2478571079554968e-05,
      -1.556090865051374e-05,
      -9.857360055320896e-06,
      -3.1047766242409125e-05
    ],
    [
      -2.3338474420597777e-05,
      -0.00024203008797485381,
      -0.00014179784920997918,
      -2.969699380628299e-05,
      -3.927868601749651e-05,
      -1.5853302102186717e-05,
      -0.00012384810543153435,
      -1.1215545782761183e-05,
      -0.0008371060248464346,
      -1.9150667867506854e-05,
      -0.0004140392120461911,
      -7.243506115628406e-05,
      -2.892859629355371e-05,
      -6.12266521784477e-05,
      -1.874334157037083e-05,
      -2.6504962079343386e-05,
      -0.0004791005339939147,
      -1.3236684026196599e-05,
      -2.4302689780597575e-05,
      -3.0625138606410474e-05,
      -0.00036291705328039825,
      -0.0001320251467404887,
      -3.046358506253455e-05,
      -3.084521813434549e-05,
      -2.8761553039657883e-05,
      -6.890299846418202e-05,
      -5.6570308515802026e-05,
      -0.00011228014045627788,
      -7.501005165977404e-05,
      -0.00034274044446647167,
      -2.964207305922173e-05,
      -0.00012042380694765598,
      -6.000265420880169e-05,
      -8.516082016285509e-05,
      -2.4954480977612548e-05,
      -3.846452818834223e-05,
      -4.5939003030071035e-05,
      -2.251709702250082e-05,
      -1.8132926925318316e-05,
      -0.00016965955728664994,
      -0.0001863184297690168,
      -5.6916484027169645e-05,
      -2.331691575818695e-05,
      -7.499181810999289e-05,
      -2.352133196836803e-05,
      -4.769676525029354e-05,
      -0.00030309733119793236,
      -0.00021511556406039745,
      -5.805911496281624e-05,
      -5.558011616813019e-05
    ],
    [
      -7.00601885910146e-05,
      -0.00019222649279981852,
      -8.356284524779767e-05,
      -0.00018010413623414934,
      -0.00011328516848152503,
