{
  "sigma_values": [
    0.0,
    0.01,
    0.02,
    0.03,
    0.05,
    0.07,
    0.1,
    0.12,
    0.15
  ],
  "metric_name": "quality_quantization_only",
  "per_trial": [
    [
      -1.3545095920562744,
      -1.3036202192306519,
      -1.336238980293274,
      -1.3223246335983276,
      -1.3537817001342773,
      -1.3635839223861694,
      -1.3402035236358643,
      -1.3454749584197998,
      -1.3843750953674316,
      -1.3436440229415894,
      -1.3646862506866455,
      -1.326843023300171,
      -1.3321142196655273,
      -1.3503093719482422,
      -1.3571193218231201,
      -1.312620997428894,
      -1.3181954622268677,
      -1.3342009782791138,
      -1.3668715953826904,
      -1.3083778619766235
    ],
    [
      -1.3334755897521973,
      -1.3663883209228516,
      -1.365761637687683,
      -1.335205078125,
      -1.334942102432251,
      -1.3666369915008545,
      -1.3702796697616577,
      -1.3836922645568848,
      -1.3244247436523438,
      -1.3931618928909302,
      -1.3623414039611816,
      -1.3706011772155762,
      -1.3716883659362793,
      -1.3410850763320923,
      -1.3529845476150513,
      -1.34864342212677,
      -1.3322118520736694,
      -1.3331495523452759,
      -1.3253189325332642,
      -1.349267840385437
    ],
    [
      -1.3766262531280518,
      -1.3352320194244385,
      -1.386993646621704,
      -1.3613810539245605,
      -1.3362393379211426,
      -1.348354458808899,
      -1.342847228050232,
      -1.3585714101791382,
      -1.3372688293457031,
      -1.330782175064087,
      -1.3990713357925415,
      -1.3184521198272705,
      -1.3472466468811035,
      -1.3453398942947388,
      -1.3494298458099365,
      -1.3662891387939453,
      -1.3644737005233765,
      -1.321759819984436,
      -1.3619368076324463,
      -1.3845776319503784
    ],
    [
      -1.3635594844818115,
      -1.3588452339172363,
      -1.308830738067627,
      -1.3544180393218994,
      -1.3636001348495483,
      -1.3433058261871338,
      -1.3378514051437378,
      -1.3434189558029175,
      -1.323984146118164,
      -1.3241050243377686,
      -1.3560305833816528,
      -1.3984243869781494,
      -1.3489816188812256,
      -1.3480864763259888,
      -1.354654312133789,
      -1.346459984779358,
      -1.3420864343643188,
      -1.333516240119934,
      -1.3049477338790894,
      -1.3402835130691528
    ],
    [
      -1.3666664361953735,
      -1.3814343214035034,
      -1.3095654249191284,
      -1.3423268795013428,
      -1.3634475469589233,
      -1.3395553827285767,
      -1.359774112701416,
      -1.358381986618042,
      -1.3454360961914062,
      -1.369277000427246,
      -1.3299076557159424,
      -1.3512502908706665,
      -1.3527908325195312,
      -1.3934714794158936,
      -1.3825767040252686,
      -1.3235024213790894,
      -1.3529664278030396,
      -1.3483989238739014,
      -1.3640159368515015,
      -1.3597865104675293
    ],
    [
      -1.342349648475647,
      -1.3411369323730469,
      -1.3540422916412354,
      -1.353377103805542,
      -1.3513216972351074,
      -1.3615490198135376,
      -1.322930932044983,
      -1.366600513458252,
      -1.3510777950286865,
      -1.323801875114441,
      -1.3335745334625244,
      -1.3448362350463867,
      -1.307112693786621,
      -1.3585708141326904,
      -1.3625553846359253,
      -1.3515386581420898,
      -1.3441216945648193,
      -1.3650431632995605,
      -1.3263436555862427,
      -1.3568334579467773
    ],
    [
      -1.371914029121399,
      -1.323506474494934,
      -1.3305572271347046,
      -1.340238332748413,
      -1.3329757452011108,
      -1.3747740983963013,
      -1.3333958387374878,
      -1.3661483526229858,
      -1.3611681461334229,
      -1.3335539102554321,
      -1.3012127876281738,
      -1.3656792640686035,
      -1.328102707862854,
      -1.3612316846847534,
      -1.3432859182357788,
      -1.3577563762664795,
      -1.3701727390289307,
      -1.3697527647018433,
      -1.359204649925232,
      -1.359192967414856
    ],
    [
      -1.3236973285675049,
      -1.3590704202651978,
      -1.3481643199920654,
      -1.3448598384857178,
      -1.3424094915390015,
      -1.364884614944458,
      -1.333664059638977,
      -1.3532650470733643,
      -1.3201531171798706,
      -1.3549487590789795,
      -1.3849754333496094,
      -1.345097303390503,
      -1.363782525062561,
      -1.3474924564361572,
      -1.3350030183792114,
      -1.3498929738998413,
      -1.3449126482009888,
      -1.3375043869018555,
      -1.3445637226104736,
      -1.3552024364471436
    ],
    [
      -1.3658368587493896,
      -1.3760592937469482,
      -1.3421517610549927,
      -1.327989935874939,
      -1.3603402376174927,
      -1.339823603630066,
      -1.3292862176895142,
      -1.3488659858703613,
      -1.3907650709152222,
      -1.350414514541626,
      -1.3534009456634521,
      -1.35893976688385,
      -1.305648922920227,
      -1.3249664306640625,
      -1.3504525423049927,
      -1.320151925086975,
      -1.343660831451416,
      -1.332722544670105,
      -1.3592334985733032,
      -1.3597190380096436
    ]
  ],
  "digital_baseline": -1.2834010422229767,
  "ideal_analog_baseline": -1.353048998117447,
  "mean": [
    -1.3409547865390778,
    -1.3530630230903626,
    -1.3536436676979064,
    -1.3447695136070252,
    -1.3547266185283662,
    -1.3459359049797057,
    -1.3491912007331848,
    -1.347677195072174,
    -1.347021496295929
  ],
  "std": [
    0.021006790415886763,
    0.01966683849262175,
    0.0212732274524099,
    0.02009483966879647,
    0.019660648335222516,
    0.015655424820940258,
    0.019724187174991793,
    0.014274325333033005,
    0.019616318092897222
  ],
  "normalized_mean": [
    0.9551552925214924,
    0.9457208007664349,
    0.9452683742929937,
    0.9521829347452045,
    0.9444245610227598,
    0.9512741063008547,
    0.9487376460313192,
    0.9499173284619867,
    0.9504282356177961
  ],
  "normalized_std": [
    0.016368064014893536,
    0.015324000718089535,
    0.016575666336971787,
    0.015657490533115225,
    0.015319177473292636,
    0.012198388738896086,
    0.01536868564546867,
    0.011122264096270696,
    0.015284636249725831
  ],
  "degradation_threshold_10pct": 0.15,
  "trial_seeds": {
    "digital_baseline": [
      101040345,
      101040346,
      101040347,
      101040348,
      101040349,
      101040350,
      101040351,
      101040352,
      101040353,
      101040354,
      101040355,
      101040356,
      101040357,
      101040358,
      101040359,
      101040360,
      101040361,
      101040362,
      101040363,
      101040364
    ],
    "ideal_analog_baseline": [
      202040648,
      202040649,
      202040650,
      202040651,
      202040652,
      202040653,
      202040654,
      202040655,
      202040656,
      202040657,
      202040658,
      202040659,
      202040660,
      202040661,
      202040662,
      202040663,
      202040664,
      202040665,
      202040666,
      202040667
    ],
    "per_trial": [
      [
        707122219,
        707122220,
        707122221,
        707122222,
        707122223,
        707122224,
        707122225,
        707122226,
        707122227,
        707122228,
        707122229,
        707122230,
        707122231,
        707122232,
        707122233,
        707122234,
        707122235,
        707122236,
        707122237,
        707122238
      ]
    ]
  },
  "metadata": {
    "arch": "ebm",
    "analog_domain": "full_analog",
    "analog_substrate": "classic",
    "seed": 40042,
    "pilot_profile_path": "/workspace/NEW_ACTUAL_RUNS/5-14/945/experiments/cross_arch_tolerance/results/profiles/ebm_profile_full_analog_pcm.json",
    "dynamics_diagnostics": {},
    "calibration": "tensor sample_input",
    "ablation_noise": "quantization"
  },