{
  "sigma_values": [
    0.0,
    0.01,
    0.02,
    0.03,
    0.05,
    0.07,
    0.1,
    0.12,
    0.15
  ],
  "metric_name": "quality_quantization_only",
  "per_trial": [
    [
      -1.3284597396850586,
      -1.2783124446868896,
      -1.3070095777511597,
      -1.3029000759124756,
      -1.3314359188079834,
      -1.3449815511703491,
      -1.3166674375534058,
      -1.3219408988952637,
      -1.3591228723526,
      -1.3212039470672607,
      -1.3376339673995972,
      -1.3078067302703857,
      -1.3084185123443604,
      -1.3338311910629272,
      -1.3413625955581665,
      -1.2909051179885864,
      -1.2962019443511963,
      -1.3086718320846558,
      -1.3454116582870483,
      -1.2895634174346924
    ],
    [
      -1.309698462486267,
      -1.3466241359710693,
      -1.342795491218567,
      -1.3140701055526733,
      -1.319813847541809,
      -1.3484858274459839,
      -1.348315954208374,
      -1.352499008178711,
      -1.300895094871521,
      -1.3712612390518188,
      -1.3462270498275757,
      -1.3503963947296143,
      -1.3487566709518433,
      -1.319100022315979,
      -1.3332699537277222,
      -1.3166608810424805,
      -1.3034051656723022,
      -1.310840368270874,
      -1.3028593063354492,
      -1.3273974657058716
    ],
    [
      -1.358518362045288,
      -1.319111704826355,
      -1.3608474731445312,
      -1.341280221939087,
      -1.3128445148468018,
      -1.3257756233215332,
      -1.326316237449646,
      -1.3317294120788574,
      -1.312968373298645,
      -1.3108718395233154,
      -1.3821343183517456,
      -1.2936314344406128,
      -1.331165075302124,
      -1.3228552341461182,
      -1.3225655555725098,
      -1.3417174816131592,
      -1.3484601974487305,
      -1.3014658689498901,
      -1.3390123844146729,
      -1.3614273071289062
    ],
    [
      -1.3407891988754272,
      -1.3378480672836304,
      -1.2899725437164307,
      -1.3344722986221313,
      -1.3396297693252563,
      -1.3197813034057617,
      -1.3231011629104614,
      -1.3210906982421875,
      -1.299959421157837,
      -1.3078941106796265,
      -1.3279355764389038,
      -1.375174880027771,
      -1.327218770980835,
      -1.3293004035949707,
      -1.336799144744873,
      -1.3258798122406006,
      -1.3164116144180298,
      -1.32041335105896,
      -1.2854119539260864,
      -1.3245326280593872
    ],
    [
      -1.34368896484375,
      -1.356821894645691,
      -1.2865182161331177,
      -1.3268795013427734,
      -1.3423430919647217,
      -1.3199923038482666,
      -1.3386389017105103,
      -1.3387603759765625,
      -1.3267720937728882,
      -1.3479268550872803,
      -1.3087422847747803,
      -1.3330358266830444,
      -1.3287975788116455,
      -1.3735287189483643,
      -1.3533827066421509,
      -1.304305076599121,
      -1.324737548828125,
      -1.3252413272857666,
      -1.3449885845184326,
      -1.337631344795227
    ],
    [
      -1.3274953365325928,
      -1.3208268880844116,
      -1.3289685249328613,
      -1.3308864831924438,
      -1.3282804489135742,
      -1.3278511762619019,
      -1.3051629066467285,
      -1.3447664976119995,
      -1.3304998874664307,
      -1.300173044204712,
      -1.3127111196517944,
      -1.3265643119812012,
      -1.2892180681228638,
      -1.3340426683425903,
      -1.3493205308914185,
      -1.3344124555587769,
      -1.326372504234314,
      -1.3404127359390259,
      -1.3028981685638428,
      -1.3395882844924927
    ],
    [
      -1.356629490852356,
      -1.302262544631958,
      -1.3116015195846558,
      -1.324332594871521,
      -1.3152984380722046,
      -1.3550466299057007,
      -1.3029696941375732,
      -1.3475679159164429,
      -1.337579607963562,
      -1.3140335083007812,
      -1.2792549133300781,
      -1.344960331916809,
      -1.307559609413147,
      -1.3444210290908813,
      -1.325300931930542,
      -1.3318358659744263,
      -1.3409603834152222,
      -1.3473076820373535,
      -1.3383090496063232,
      -1.3303536176681519
    ],
    [
      -1.3014787435531616,
      -1.3350824117660522,
      -1.32582426071167,
      -1.3241779804229736,
      -1.3259316682815552,
      -1.341043472290039,
      -1.3112642765045166,
      -1.3345314264297485,
      -1.301011323928833,
      -1.3370840549468994,
      -1.3637429475784302,
      -1.3186917304992676,
      -1.341252088546753,
      -1.3250391483306885,
      -1.3146822452545166,
      -1.3306605815887451,
      -1.3262503147125244,
      -1.3225328922271729,
      -1.3237606287002563,
      -1.3285375833511353
    ],
    [
      -1.3415296077728271,
      -1.3524926900863647,
      -1.3192963600158691,
      -1.3064424991607666,
      -1.3393911123275757,
      -1.321511149406433,
      -1.3065963983535767,
      -1.3298956155776978,
      -1.367379069328308,
      -1.329388976097107,
      -1.3333028554916382,
      -1.3392776250839233,
      -1.2924095392227173,
      -1.308186650276184,
      -1.3301385641098022,
      -1.3062732219696045,
      -1.3275197744369507,
      -1.3098201751708984,
      -1.339124321937561,
      -1.3385963439941406
    ]
  ],
  "digital_baseline": -1.26105797290802,
  "ideal_analog_baseline": -1.3293187022209167,
  "mean": [
    -1.3185920715332031,
    -1.3306686222553252,
    -1.3322349309921264,
    -1.3241808354854583,
    -1.333136659860611,
    -1.3250226020812987,
    -1.3278792679309845,
    -1.326628988981247,
    -1.3269286274909973
  ],
  "std": [
    0.021080160429338586,
    0.02011237413869008,
    0.02168519404437575,
    0.01903834210879167,
    0.019031053240893967,
    0.01526463373515277,
    0.019973736651658743,
    0.013833995394696453,
    0.01781098807727198
  ],
  "normalized_mean": [
    0.9543763253861292,
    0.9447998023542233,
    0.9435577430909293,
    0.9499445196544962,
    0.9428426856646596,
    0.9492770114083057,
    0.9470117183678134,
    0.9480031707646087,
    0.9477655619344141
  ],
  "normalized_std": [
    0.016716250071142563,
    0.01594881010292542,
    0.017196032625184824,
    0.015097118861941728,
    0.015091338899359283,
    0.012104624896785893,
    0.015838872661499442,
    0.010970150216643122,
    0.01412384558038958
  ],
  "degradation_threshold_10pct": 0.15,
  "trial_seeds": {
    "digital_baseline": [
      101040345,
      101040346,
      101040347,
      101040348,
      101040349,
      101040350,
      101040351,
      101040352,
      101040353,
      101040354,
      101040355,
      101040356,
      101040357,
      101040358,
      101040359,
      101040360,
      101040361,
      101040362,
      101040363,
      101040364
    ],
    "ideal_analog_baseline": [
      202040648,
      202040649,
      202040650,
      202040651,
      202040652,
      202040653,
      202040654,
      202040655,
      202040656,
      202040657,
      202040658,
      202040659,
      202040660,
      202040661,
      202040662,
      202040663,
      202040664,
      202040665,
      202040666,
      202040667
    ],
    "per_trial": [
      [
        707122219,
        707122220,
        707122221,
        707122222,
        707122223,
        707122224,
        707122225,
        707122226,
        707122227,
        707122228,
        707122229,
        707122230,
        707122231,
        707122232,
        707122233,
        707122234,
        707122235,
        707122236,
        707122237,
        707122238
      ]
    ]
  },
  "metadata": {
    "arch": "ebm",
    "analog_domain": "conservative",
    "analog_substrate": "classic",
    "seed": 40042,
    "pilot_profile_path": "/workspace/NEW_ACTUAL_RUNS/5-14/945/experiments/cross_arch_tolerance/results/profiles/ebm_profile.json",
    "dynamics_diagnostics": {},
    "calibration": "tensor sample_input",
    "ablation_noise": "quantization"
  },