{
  "sigma_values": [
    0.0,
    0.01,
    0.02,
    0.03,
    0.05,
    0.07,
    0.1,
    0.12,
    0.15
  ],
  "metric_name": "quality_thermal_only",
  "per_trial": [
    [
      -1.510559320449829,
      -1.5200002193450928,
      -1.514054536819458,
      -1.5048400163650513,
      -1.4937196969985962,
      -1.4941803216934204,
      -1.5009974241256714,
      -1.5285366773605347,
      -1.5053056478500366,
      -1.4976344108581543
    ],
    [
      -1.4997857809066772,
      -1.5129690170288086,
      -1.503015398979187,
      -1.5097419023513794,
      -1.5065170526504517,
      -1.4992791414260864,
      -1.5241807699203491,
      -1.511820673942566,
      -1.5181328058242798,
      -1.517486810684204
    ],
    [
      -1.5014324188232422,
      -1.5011242628097534,
      -1.5032974481582642,
      -1.4936310052871704,
      -1.4976402521133423,
      -1.5258288383483887,
      -1.5035619735717773,
      -1.5138195753097534,
      -1.5008351802825928,
      -1.5045124292373657
    ],
    [
      -1.5385754108428955,
      -1.4974334239959717,
      -1.5205175876617432,
      -1.5094647407531738,
      -1.490739107131958,
      -1.5262469053268433,
      -1.5003145933151245,
      -1.5156972408294678,
      -1.526017427444458,
      -1.5039942264556885
    ],
    [
      -1.4967968463897705,
      -1.493004322052002,
      -1.5010571479797363,
      -1.5108038187026978,
      -1.5073742866516113,
      -1.47715425491333,
      -1.5085351467132568,
      -1.5008628368377686,
      -1.4866341352462769,
      -1.4944089651107788
    ],
    [
      -1.4956673383712769,
      -1.4803909063339233,
      -1.5122582912445068,
      -1.496127724647522,
      -1.507296085357666,
      -1.5020217895507812,
      -1.5311137437820435,
      -1.4991118907928467,
      -1.49701988697052,
      -1.499563217163086
    ],
    [
      -1.5014045238494873,
      -1.5019444227218628,
      -1.5145846605300903,
      -1.5037364959716797,
      -1.5215444564819336,
      -1.510736346244812,
      -1.4978004693984985,
      -1.5265206098556519,
      -1.5040977001190186,
      -1.5093951225280762
    ],
    [
      -1.5405586957931519,
      -1.5008087158203125,
      -1.4955904483795166,
      -1.5051312446594238,
      -1.5007811784744263,
      -1.507521629333496,
      -1.4954136610031128,
      -1.5294221639633179,
      -1.5250259637832642,
      -1.4926246404647827
    ],
    [
      -1.5168894529342651,
      -1.519811987876892,
      -1.498354196548462,
      -1.521161437034607,
      -1.511863350868225,
      -1.511687159538269,
      -1.4996247291564941,
      -1.5040533542633057,
      -1.493396520614624,
      -1.5006805658340454
    ]
  ],
  "digital_baseline": -1.5057811260223388,
  "mean": [
    -1.5069828271865844,
    -1.510292935371399,
    -1.504568338394165,
    -1.5129000663757324,
    -1.497663176059723,
    -1.5020570874214172,
    -1.5091764807701111,
    -1.5092878341674805,
    -1.507752275466919
  ],
  "std": [
    0.010803974328016008,
    0.00784098318477284,
    0.008622534740048718,
    0.014335662246476548,
    0.009910800688612931,
    0.01249591446348999,
    0.008848853541579674,
    0.01566325376355427,
    0.009302011782440618
  ],
  "normalized_mean": [
    0.9992019416743388,
    0.9970036751881872,
    1.0008054209255348,
    0.9952722608682186,
    1.0053911885481392,
    1.0024731606317574,
    0.9977451206625617,
    0.9976711700760887,
    0.99869094557601
  ],
  "normalized_std": [
    0.0071749965126443795,
    0.005207252932891733,
    0.005726286902550006,
    0.009520415682420949,
    0.006581833519718258,
    0.008298626040358942,
    0.005876586835003534,
    0.010402078690500137,
    0.006177532459191296
  ],
  "degradation_threshold_10pct": 0.15
}