{
  "sigma_values": [
    0.0,
    0.01,
    0.02,
    0.03,
    0.05,
    0.07,
    0.1,
    0.12,
    0.15
  ],
  "metric_name": "quality_quantization_only",
  "per_trial": [
    [
      -1.3267648220062256,
      -1.2751867771148682,
      -1.3085180521011353,
      -1.3015011548995972,
      -1.3300389051437378,
      -1.3424164056777954,
      -1.3109441995620728,
      -1.3193507194519043,
      -1.362966537475586,
      -1.3205982446670532,
      -1.3396836519241333,
      -1.307741641998291,
      -1.309908390045166,
      -1.3299720287322998,
      -1.3407855033874512,
      -1.2884557247161865,
      -1.2908152341842651,
      -1.3073179721832275,
      -1.344965934753418,
      -1.2881993055343628
    ],
    [
      -1.3151028156280518,
      -1.343569040298462,
      -1.338731050491333,
      -1.3079473972320557,
      -1.3181222677230835,
      -1.3440213203430176,
      -1.3387486934661865,
      -1.353112816810608,
      -1.3038671016693115,
      -1.3722645044326782,
      -1.3396881818771362,
      -1.349698781967163,
      -1.3466646671295166,
      -1.3128989934921265,
      -1.3304564952850342,
      -1.3135555982589722,
      -1.3064501285552979,
      -1.307970404624939,
      -1.301747441291809,
      -1.3252575397491455
    ],
    [
      -1.3581180572509766,
      -1.3181501626968384,
      -1.3588114976882935,
      -1.337544560432434,
      -1.3155882358551025,
      -1.3271007537841797,
      -1.3258068561553955,
      -1.334242343902588,
      -1.3151957988739014,
      -1.3118093013763428,
      -1.3761909008026123,
      -1.2976120710372925,
      -1.3300554752349854,
      -1.3195852041244507,
      -1.3250913619995117,
      -1.3413045406341553,
      -1.3445717096328735,
      -1.2961421012878418,
      -1.3364293575286865,
      -1.3583385944366455
    ],
    [
      -1.3353660106658936,
      -1.337345838546753,
      -1.292781949043274,
      -1.334611177444458,
      -1.339606761932373,
      -1.3224246501922607,
      -1.3213250637054443,
      -1.3190209865570068,
      -1.3003612756729126,
      -1.3006020784378052,
      -1.3279156684875488,
      -1.3789913654327393,
      -1.3257718086242676,
      -1.3291943073272705,
      -1.3286865949630737,
      -1.3193652629852295,
      -1.3184740543365479,
      -1.3126212358474731,
      -1.2842925786972046,
      -1.3151885271072388
    ],
    [
      -1.343414068222046,
      -1.356109380722046,
      -1.2819454669952393,
      -1.3215641975402832,
      -1.3387985229492188,
      -1.3190606832504272,
      -1.3256274461746216,
      -1.3346678018569946,
      -1.3258661031723022,
      -1.346574068069458,
      -1.3076484203338623,
      -1.327233910560608,
      -1.326270580291748,
      -1.3690955638885498,
      -1.3544116020202637,
      -1.3025741577148438,
      -1.326851725578308,
      -1.3202706575393677,
      -1.3442142009735107,
      -1.3412328958511353
    ],
    [
      -1.3218634128570557,
      -1.3169097900390625,
      -1.3330838680267334,
      -1.333987832069397,
      -1.3288154602050781,
      -1.334558129310608,
      -1.299324631690979,
      -1.3489888906478882,
      -1.3259403705596924,
      -1.3030788898468018,
      -1.3074980974197388,
      -1.3246426582336426,
      -1.2865972518920898,
      -1.332409381866455,
      -1.3463772535324097,
      -1.3306186199188232,
      -1.3224362134933472,
      -1.3440285921096802,
      -1.3041598796844482,
      -1.3332276344299316
    ],
    [
      -1.3549692630767822,
      -1.3014689683914185,
      -1.311962366104126,
      -1.3234282732009888,
      -1.3091214895248413,
      -1.3534055948257446,
      -1.3052141666412354,
      -1.3411096334457397,
      -1.3389211893081665,
      -1.3160203695297241,
      -1.2751619815826416,
      -1.3447259664535522,
      -1.3104945421218872,
      -1.3465750217437744,
      -1.3205678462982178,
      -1.3357067108154297,
      -1.3398525714874268,
      -1.344476580619812,
      -1.3377325534820557,
      -1.3321157693862915
    ],
    [
      -1.300517201423645,
      -1.3347713947296143,
      -1.321735143661499,
      -1.319643497467041,
      -1.3223652839660645,
      -1.3410229682922363,
      -1.3053163290023804,
      -1.3288487195968628,
      -1.2928581237792969,
      -1.3398452997207642,
      -1.3592910766601562,
      -1.3201998472213745,
      -1.3386297225952148,
      -1.3230794668197632,
      -1.314375638961792,
      -1.3280450105667114,
      -1.3255845308303833,
      -1.3217260837554932,
      -1.3211089372634888,
      -1.3303987979888916
    ],
    [
      -1.3443375825881958,
      -1.3531593084335327,
      -1.3187963962554932,
      -1.3045912981033325,
      -1.3375657796859741,
      -1.317091464996338,
      -1.3108923435211182,
      -1.3221571445465088,
      -1.3652492761611938,
      -1.3296096324920654,
      -1.3340083360671997,
      -1.3386266231536865,
      -1.2838079929351807,
      -1.303753137588501,
      -1.3271222114562988,
      -1.2987847328186035,
      -1.321144938468933,
      -1.3115181922912598,
      -1.3343151807785034,
      -1.3406296968460083
    ]
  ],
  "digital_baseline": -1.26105797290802,
  "ideal_analog_baseline": -1.3293187022209167,
  "mean": [
    -1.3173065602779388,
    -1.3284937620162964,
    -1.3313844442367553,
    -1.3221973598003387,
    -1.3306715726852416,
    -1.3239273428916931,
    -1.3271515429019929,
    -1.3244681537151337,
    -1.3248580634593963
  ],
  "std": [
    0.02205488987020061,
    0.019396053358451633,
    0.020282410528064055,
    0.019546103607606884,
    0.019485005997285993,
    0.01614894618783224,
    0.020014955475424867,
    0.01451529472190527,
    0.01913734619379316
  ],
  "normalized_mean": [
    0.95539571647114,
    0.9465244338031753,
    0.9442321662924336,
    0.9515173860315634,
    0.9447974627076886,
    0.9501455354675762,
    0.9475887933672391,
    0.9497166806210433,
    0.949407488060004
  ],
  "normalized_std": [
    0.01748919585301989,
    0.015380778501185018,
    0.01608364640151514,
    0.015499766091271168,
    0.015451316605495348,
    0.012805871367350789,
    0.015871558568612082,
    0.01151041033302598,
    0.015175627611839392
  ],
  "degradation_threshold_10pct": 0.15,
  "trial_seeds": {
    "digital_baseline": [
      101040345,
      101040346,
      101040347,
      101040348,
      101040349,
      101040350,
      101040351,
      101040352,
      101040353,
      101040354,
      101040355,
      101040356,
      101040357,
      101040358,
      101040359,
      101040360,
      101040361,
      101040362,
      101040363,
      101040364
    ],
    "ideal_analog_baseline": [
      202040648,
      202040649,
      202040650,
      202040651,
      202040652,
      202040653,
      202040654,
      202040655,
      202040656,
      202040657,
      202040658,
      202040659,
      202040660,
      202040661,
      202040662,
      202040663,
      202040664,
      202040665,
      202040666,
      202040667
    ],
    "per_trial": [
      [
        707122219,
        707122220,
        707122221,
        707122222,
        707122223,
        707122224,
        707122225,
        707122226,
        707122227,
        707122228,
        707122229,
        707122230,
        707122231,
        707122232,
        707122233,
        707122234,
        707122235,
        707122236,
        707122237,
        707122238
      ]
    ]
  },
  "metadata": {
    "arch": "ebm",
    "analog_domain": "full_analog",
    "analog_substrate": "classic",
    "seed": 40042,
    "pilot_profile_path": "/workspace/NEW_ACTUAL_RUNS/5-14/945/experiments/cross_arch_tolerance/results/profiles/ebm_profile_full_analog_capacitive.json",
    "dynamics_diagnostics": {},
    "calibration": "tensor sample_input",
    "ablation_noise": "quantization"
  },