{
  "sigma_values": [
    0.0,
    0.01,
    0.02,
    0.03,
    0.05,
    0.07,
    0.1,
    0.12,
    0.15
  ],
  "metric_name": "quality",
  "per_trial": [
    [
      -1.333495020866394,
      -1.3446742296218872,
      -1.3088040351867676,
      -1.326558232307434,
      -1.3548864126205444,
      -1.338509440422058,
      -1.357521653175354,
      -1.35652756690979,
      -1.37455415725708,
      -1.3503835201263428,
      -1.3767964839935303,
      -1.351820707321167,
      -1.3154748678207397,
      -1.3752429485321045,
      -1.3319687843322754,
      -1.3273667097091675,
      -1.3060411214828491,
      -1.3407199382781982,
      -1.3435649871826172,
      -1.3575090169906616,
      -1.3655211925506592,
      -1.3349692821502686,
      -1.3702411651611328,
      -1.3400226831436157,
      -1.3660709857940674,
      -1.3721610307693481,
      -1.3500949144363403,
      -1.3469048738479614,
      -1.367576241493225,
      -1.3374079465866089,
      -1.3536477088928223,
      -1.3748552799224854,
      -1.3509780168533325,
      -1.3785489797592163,
      -1.3292542695999146,
      -1.328560709953308,
      -1.368650197982788,
      -1.3279563188552856,
      -1.384369134902954,
      -1.336536169052124,
      -1.3429789543151855,
      -1.3240115642547607,
      -1.3737210035324097,
      -1.3716464042663574,
      -1.3475048542022705,
      -1.3562359809875488,
      -1.3195440769195557,
      -1.364968180656433,
      -1.353295922279358,
      -1.3473331928253174
    ],
    [
      -1.3556270599365234,
      -1.3616143465042114,
      -1.3039649724960327,
      -1.3428014516830444,
      -1.3613964319229126,
      -1.3394933938980103,
      -1.3349190950393677,
      -1.371712565422058,
      -1.380959391593933,
      -1.3695706129074097,
      -1.336014986038208,
      -1.36266028881073,
      -1.3408358097076416,
      -1.3447686433792114,
      -1.3323516845703125,
      -1.3275119066238403,
      -1.3413586616516113,
      -1.3211718797683716,
      -1.3494396209716797,
      -1.3376994132995605,
      -1.3832546472549438,
      -1.3279563188552856,
      -1.3755223751068115,
      -1.3659065961837769,
      -1.3431087732315063,
      -1.3330312967300415,
      -1.3156849145889282,
      -1.3576397895812988,
      -1.3335211277008057,
      -1.341357707977295,
      -1.3372193574905396,
      -1.352299451828003,
      -1.3302100896835327,
      -1.3450249433517456,
      -1.3144400119781494,
      -1.3643641471862793,
      -1.361951231956482,
      -1.37013840675354,
      -1.3599298000335693,
      -1.3612627983093262,
      -1.3472421169281006,
      -1.3565685749053955,
      -1.3588305711746216,
      -1.3534539937973022,
      -1.3473702669143677,
      -1.3755923509597778,
      -1.3734899759292603,
      -1.3470231294631958,
      -1.3776601552963257,
      -1.3323969841003418
    ],
    [
      -1.3870317935943604,
      -1.3397780656814575,
      -1.3454467058181763,
      -1.3409154415130615,
      -1.3547801971435547,
      -1.3565384149551392,
      -1.3711425065994263,
      -1.3431017398834229,
      -1.3344075679779053,
      -1.3669178485870361,
      -1.324922800064087,
      -1.3354140520095825,
      -1.3290902376174927,
      -1.3808109760284424,
      -1.3593004941940308,
      -1.3780179023742676,
      -1.3537343740463257,
      -1.3832299709320068,
      -1.3079586029052734,
      -1.348688006401062,
      -1.355566382408142,
      -1.3448214530944824,
      -1.375638723373413,
      -1.3537325859069824,
      -1.3729162216186523,
      -1.3560503721237183,
      -1.3230669498443604,
      -1.3518764972686768,
      -1.3730825185775757,
      -1.3772600889205933,
      -1.342034935951233,
      -1.3256289958953857,
      -1.365928053855896,
      -1.3009957075119019,
      -1.3348612785339355,
      -1.3727596998214722,
      -1.339383840560913,
      -1.3475593328475952,
      -1.3567208051681519,
      -1.3497933149337769,
      -1.35986328125,
      -1.3472063541412354,
      -1.3843766450881958,
      -1.3943074941635132,
      -1.3879235982894897,
      -1.3503907918930054,
      -1.3110363483428955,
      -1.337770938873291,
      -1.3580349683761597,
      -1.3797247409820557
    ],
    [
      -1.2926712036132812,
      -1.351256251335144,
      -1.3444939851760864,
      -1.3539237976074219,
      -1.3830740451812744,
      -1.3432416915893555,
      -1.4000768661499023,
      -1.3334522247314453,
      -1.3243513107299805,
      -1.3753576278686523,
      -1.3194748163223267,
      -1.3726370334625244,
      -1.3768410682678223,
      -1.37881600856781,
      -1.3495008945465088,
      -1.3385401964187622,
      -1.3391097784042358,
      -1.3645837306976318,
      -1.365258812904358,
      -1.3403061628341675,
      -1.3466579914093018,
      -1.3623414039611816,
      -1.3800616264343262,
      -1.3658877611160278,
      -1.3632261753082275,
      -1.3277735710144043,
      -1.3318077325820923,
      -1.3818533420562744,
      -1.3268249034881592,
      -1.3419541120529175,
      -1.3509095907211304,
      -1.3118808269500732,
      -1.372857689857483,
      -1.3338552713394165,
      -1.2956371307373047,
      -1.3081700801849365,
      -1.3454952239990234,
      -1.3361740112304688,
      -1.356058955192566,
      -1.313009262084961,
      -1.357291579246521,
      -1.329722285270691,
      -1.3373744487762451,
      -1.3647547960281372,
      -1.367135763168335,
      -1.368485689163208,
      -1.3091486692428589,
      -1.366583228111267,
      -1.3743877410888672,
      -1.3590633869171143
    ],
    [
      -1.3135833740234375,
      -1.3493402004241943,
      -1.3228857517242432,
      -1.3531627655029297,
      -1.4124815464019775,
      -1.3774662017822266,
      -1.3934389352798462,
      -1.3602062463760376,
      -1.3452203273773193,
      -1.3617401123046875,
      -1.3585913181304932,
      -1.364013671875,
      -1.2980337142944336,
      -1.3343080282211304,
      -1.3162287473678589,
      -1.3416433334350586,
      -1.3524987697601318,
      -1.3355425596237183,
      -1.393504023551941,
      -1.325005054473877,
      -1.3269778490066528,
      -1.3599679470062256,
      -1.3742294311523438,
      -1.3842144012451172,
      -1.3517298698425293,
      -1.3274394273757935,
      -1.352329969406128,
      -1.3377488851547241,
      -1.4233338832855225,
      -1.319421648979187,
      -1.318481206893921,
      -1.4295721054077148,
      -1.3410357236862183,
      -1.3806538581848145,
      -1.3560867309570312,
      -1.3340579271316528,
      -1.3486989736557007,
      -1.4131429195404053,
      -1.341141939163208,
      -1.285473108291626,
      -1.3123306035995483,
      -1.3579864501953125,
      -1.3448660373687744,
      -1.3474788665771484,
      -1.380409836769104,
      -1.3784719705581665,
      -1.3430731296539307,
      -1.3924463987350464,
      -1.330102801322937,
      -1.3971248865127563
    ],
    [
      -1.350976824760437,
      -1.3187044858932495,
      -1.352865219116211,
      -1.319221019744873,
      -1.353979468345642,
      -1.3248522281646729,
      -1.3759257793426514,
      -1.3121905326843262,
      -1.3432894945144653,
      -1.3731855154037476,
      -1.4576367139816284,
      -1.2889518737792969,
      -1.3493987321853638,
      -1.4035301208496094,
      -1.3718152046203613,
      -1.39116632938385,
      -1.3773287534713745,
      -1.3783961534500122,
      -1.375751256942749,
      -1.3794344663619995,
      -1.3585387468338013,
      -1.3888660669326782,
      -1.3302950859069824,
      -1.370327115058899,
      -1.3133435249328613,
      -1.3469455242156982,
      -1.3509294986724854,
      -1.3878945112228394,
      -1.3970779180526733,
      -1.4105311632156372,
      -1.3781028985977173,
      -1.3359322547912598,
      -1.3503072261810303,
      -1.4002853631973267,
      -1.337454080581665,
      -1.4083677530288696,
      -1.425313949584961,
      -1.3910638093948364,
      -1.4022564888000488,
      -1.3765214681625366,
