{
  "sigma_values": [
    0.0,
    0.01,
    0.02,
    0.03,
    0.05,
    0.07,
    0.1,
    0.12,
    0.15
  ],
  "metric_name": "quality",
  "per_trial": [
    [
      -0.27935755252838135,
      -0.27975207567214966,
      -0.27915406227111816,
      -0.279023140668869,
      -0.2792621850967407,
      -0.2786739468574524,
      -0.2793799042701721,
      -0.27909037470817566,
      -0.2785680592060089,
      -0.2790733873844147,
      -0.27854663133621216,
      -0.2793601453304291,
      -0.2795710265636444,
      -0.2788173258304596,
      -0.27865856885910034,
      -0.2793819308280945,
      -0.2792636752128601,
      -0.2793775796890259,
      -0.27894845604896545,
      -0.2792333960533142,
      -0.27927643060684204,
      -0.2786208987236023,
      -0.2796127200126648,
      -0.2791750133037567,
      -0.2803640365600586,
      -0.2793859541416168,
      -0.2789556682109833,
      -0.27882763743400574,
      -0.2799188792705536,
      -0.27898794412612915,
      -0.27904537320137024,
      -0.2796638011932373,
      -0.2799288034439087,
      -0.2794426381587982,
      -0.27977412939071655,
      -0.2797393500804901,
      -0.27944037318229675,
      -0.2793039083480835,
      -0.2792227864265442,
      -0.2791464328765869,
      -0.2790624797344208,
      -0.2791116535663605,
      -0.27908259630203247,
      -0.27909302711486816,
      -0.28018924593925476,
      -0.2789522409439087,
      -0.2795931398868561,
      -0.2791440486907959,
      -0.2786535620689392,
      -0.2794831097126007
    ],
    [
      -0.27874982357025146,
      -0.27954280376434326,
      -0.2808153033256531,
      -0.28067412972450256,
      -0.2790670096874237,
      -0.28035229444503784,
      -0.279990553855896,
      -0.2804642915725708,
      -0.281057745218277,
      -0.27885672450065613,
      -0.27888792753219604,
      -0.2782803773880005,
      -0.2780994176864624,
      -0.28013020753860474,
      -0.28004711866378784,
      -0.2782045602798462,
      -0.28220194578170776,
      -0.2776990830898285,
      -0.28053268790245056,
      -0.27932286262512207,
      -0.2790493071079254,
      -0.28086718916893005,
      -0.27971041202545166,
      -0.2789086103439331,
      -0.2777247726917267,
      -0.2792493999004364,
      -0.2792624235153198,
      -0.27797144651412964,
      -0.27903908491134644,
      -0.2814699709415436,
      -0.2793963849544525,
      -0.27793577313423157,
      -0.2773776054382324,
      -0.277945876121521,
      -0.28014349937438965,
      -0.27775654196739197,
      -0.278682678937912,
      -0.2811152935028076,
      -0.2790093719959259,
      -0.2785555422306061,
      -0.27902552485466003,
      -0.27884212136268616,
      -0.27910223603248596,
      -0.2822814881801605,
      -0.27803248167037964,
      -0.2792564034461975,
      -0.2799092233181,
      -0.2791566848754883,
      -0.27891913056373596,
      -0.27681964635849
    ],
    [
      -0.2828895151615143,
      -0.2782824635505676,
      -0.2763773500919342,
      -0.27859532833099365,
      -0.2794884145259857,
      -0.27746835350990295,
      -0.2804486155509949,
      -0.2826787233352661,
      -0.2768649458885193,
      -0.2823570668697357,
      -0.2779000997543335,
      -0.27899086475372314,
      -0.2809447944164276,
      -0.277837336063385,
      -0.2827320992946625,
      -0.2803339958190918,
      -0.27748018503189087,
      -0.27697455883026123,
      -0.2823527157306671,
      -0.2816574275493622,
      -0.27996450662612915,
      -0.27873727679252625,
      -0.27828723192214966,
      -0.2770906686782837,
      -0.28041356801986694,
      -0.28065964579582214,
      -0.28336530923843384,
      -0.27633845806121826,
      -0.2786734998226166,
      -0.2791841924190521,
      -0.27889055013656616,
      -0.2778511345386505,
      -0.2788733243942261,
      -0.275113046169281,
      -0.2769365906715393,
      -0.27976226806640625,
      -0.27868199348449707,
      -0.2792617082595825,
      -0.2786451280117035,
      -0.28021758794784546,
      -0.28212422132492065,
      -0.2769564390182495,
      -0.27700212597846985,
      -0.27786174416542053,
      -0.276648610830307,
      -0.276144415140152,
      -0.27835342288017273,
      -0.2818596363067627,
      -0.278909832239151,
      -0.27825644612312317
    ],
    [
      -0.27856478095054626,
      -0.2817037105560303,
      -0.2799018621444702,
      -0.280187726020813,
      -0.2797767221927643,
      -0.28523775935173035,
      -0.2775214612483978,
      -0.28042641282081604,
      -0.28103452920913696,
      -0.2847229838371277,
      -0.28481459617614746,
      -0.276694655418396,
      -0.2809199094772339,
      -0.27850663661956787,
      -0.27793991565704346,
      -0.2797262370586395,
      -0.2810051143169403,
      -0.27670371532440186,
      -0.2828752398490906,
      -0.2781347334384918,
      -0.2841614782810211,
      -0.2760205566883087,
      -0.2821608781814575,
      -0.2736761271953583,
      -0.27680331468582153,
      -0.2750150263309479,
      -0.2814483642578125,
      -0.2793467938899994,
      -0.2820851802825928,
      -0.2733062207698822,
      -0.2768404483795166,
      -0.28165504336357117,
      -0.28313034772872925,
      -0.2786647379398346,
      -0.27939361333847046,
      -0.27654901146888733,
      -0.27877935767173767,
      -0.2852526903152466,
      -0.2752564549446106,
      -0.28260305523872375,
      -0.2806282341480255,
      -0.2818087339401245,
      -0.2835840880870819,
      -0.27898967266082764,
      -0.28127774596214294,
      -0.2811681628227234,
      -0.2720664441585541,
      -0.27372339367866516,
      -0.27689459919929504,
      -0.2767848074436188
    ],
    [
      -0.28188714385032654,
      -0.28119564056396484,
      -0.27641355991363525,
      -0.28234177827835083,
      -0.2843300402164459,
      -0.2794765830039978,
      -0.2896552085876465,
      -0.2797430455684662,
      -0.2718004286289215,
      -0.28289997577667236,
      -0.29017335176467896,
      -0.286720335483551,
      -0.2740532457828522,
      -0.26997241377830505,
      -0.27669793367385864,
      -0.27463945746421814,
      -0.2930735945701599,
      -0.28947684168815613,
      -0.2735254466533661,
      -0.2789474427700043,
      -0.2746676206588745,
      -0.28208282589912415,
      -0.2707485854625702,
      -0.2853890359401703,
      -0.2745461165904999,
      -0.27699944376945496,
      -0.2806788384914398,
      -0.27678290009498596,
      -0.2790302634239197,
      -0.2693344056606293,
      -0.2744407653808594,
      -0.2750597596168518,
      -0.28142163157463074,
      -0.2757840156555176,
      -0.27984941005706787,
      -0.2841264307498932,
      -0.2781844139099121,
      -0.27017343044281006,
      -0.2747792899608612,
      -0.27137666940689087,
      -0.2803492546081543,
      -0.2750612199306488,
      -0.27802982926368713,
      -0.2775450050830841,
      -0.2912289500236511,
      -0.27652665972709656,
      -0.27811291813850403,
      -0.27255386114120483,
      -0.2826538681983948,
      -0.2797929346561432
    ],
    [
      -0.2844783663749695,
      -0.2774803340435028,
      -0.28703826665878296,
      -0.2802848815917969,
      -0.2801743149757385,
      -0.2821841239929199,
      -0.26943108439445496,
      -0.2739747166633606,
      -0.27205753326416016,
      -0.2874356508255005,
      -0.2819426953792572,
      -0.285953164100647,
      -0.27961644530296326,
      -0.2701806128025055,
      -0.2752270996570587,
      -0.30015552043914795,
      -0.2959408164024353,
      -0.2590736746788025,
      -0.2739274203777313,
      -0.2730041742324829,
      -0.2716526687145233,
      -0.279963880777359,
      -0.2904113829135895,
      -0.280081570148468,
      -0.28302738070487976,
      -0.2894195318222046,
      -0.29720985889434814,
      -0.27792519330978394,
      -0.28386157751083374,
      -0.29066967964172363,
      -0.28716835379600525,
      -0.28094252943992615,
      -0.279123455286026,
      -0.2814030647277832,
