{
  "sigma_values": [
    2.0,
    4.0,
    6.0,
    8.0,
    10.0,
    12.0,
    16.0
  ],
  "metric_name": "quality_vs_adc_bits_sigma0.050",
  "per_trial": [
    [
      -3.9905717372894287,
      -3.9868714809417725,
      -3.983077049255371,
      -3.997807025909424,
      -3.9861912727355957,
      -3.9817745685577393,
      -3.9988415241241455,
      -3.9846274852752686,
      -3.9974327087402344,
      -3.99436354637146,
      -3.9855363368988037,
      -3.998682737350464,
      -3.989903450012207,
      -4.005119323730469,
      -3.9870476722717285,
      -3.9879772663116455,
      -3.9928319454193115,
      -3.985232353210449,
      -3.994041919708252,
      -3.995042085647583,
      -3.9826605319976807,
      -3.9878792762756348,
      -3.9801642894744873,
      -3.9862937927246094,
      -3.9937615394592285
    ],
    [
      -1.525891661643982,
      -1.5620076656341553,
      -1.5060923099517822,
      -1.5345137119293213,
      -1.5121960639953613,
      -1.538549780845642,
      -1.5287634134292603,
      -1.4742971658706665,
      -1.5251890420913696,
      -1.497788667678833,
      -1.5236963033676147,
      -1.578959584236145,
      -1.522389531135559,
      -1.53452730178833,
      -1.5751430988311768,
      -1.5105559825897217,
      -1.5180999040603638,
      -1.5281634330749512,
      -1.5471386909484863,
      -1.5173250436782837,
      -1.539695382118225,
      -1.538272500038147,
      -1.5437126159667969,
      -1.544519066810608,
      -1.5204598903656006
    ],
    [
      -1.482066035270691,
      -1.510368824005127,
      -1.5049656629562378,
      -1.4879205226898193,
      -1.5110808610916138,
      -1.4983657598495483,
      -1.4781943559646606,
      -1.481221318244934,
      -1.512680172920227,
      -1.4971389770507812,
      -1.4853495359420776,
      -1.4723005294799805,
      -1.4716585874557495,
      -1.4676438570022583,
      -1.4883673191070557,
      -1.4977102279663086,
      -1.5009069442749023,
      -1.4605200290679932,
      -1.4654415845870972,
      -1.4592236280441284,
      -1.4771491289138794,
      -1.5107841491699219,
      -1.43887197971344,
      -1.4431756734848022,
      -1.470892310142517
    ],
    [
      -1.487274169921875,
      -1.4807424545288086,
      -1.5037493705749512,
      -1.510168433189392,
      -1.5099902153015137,
      -1.4475680589675903,
      -1.5034862756729126,
      -1.5031219720840454,
      -1.4848873615264893,
      -1.499199390411377,
      -1.4836690425872803,
      -1.508961796760559,
      -1.5539559125900269,
      -1.4948360919952393,
      -1.502879023551941,
      -1.4879844188690186,
      -1.5108437538146973,
      -1.4872153997421265,
      -1.515754222869873,
      -1.5306881666183472,
      -1.4682098627090454,
      -1.4644466638565063,
      -1.4503211975097656,
      -1.4973888397216797,
      -1.5078966617584229
    ],
    [
      -1.5040525197982788,
      -1.496111273765564,
      -1.4937502145767212,
      -1.553189992904663,
      -1.5030345916748047,
      -1.4852052927017212,
      -1.5198643207550049,
      -1.5044420957565308,
      -1.49853515625,
      -1.4833276271820068,
      -1.48577082157135,
      -1.5280404090881348,
      -1.5001397132873535,
      -1.507192611694336,
      -1.5260881185531616,
      -1.4715286493301392,
      -1.4717352390289307,
      -1.487201452255249,
      -1.515299677848816,
      -1.5132828950881958,
      -1.4763424396514893,
      -1.4885735511779785,
      -1.5014864206314087,
      -1.4614330530166626,
      -1.5147863626480103
    ],
    [
      -1.4890632629394531,
      -1.5179204940795898,
      -1.47332763671875,
      -1.5045076608657837,
      -1.4784116744995117,
      -1.4751147031784058,
      -1.4630112648010254,
      -1.52786123752594,
      -1.53340744972229,
      -1.4713679552078247,
      -1.4988869428634644,
      -1.487058401107788,
      -1.4910569190979004,
      -1.543332815170288,
      -1.479696273803711,
      -1.5472549200057983,
      -1.4720913171768188,
      -1.480326533317566,
      -1.4905047416687012,
      -1.4953124523162842,
      -1.491241216659546,
      -1.49458646774292,
      -1.5068117380142212,
      -1.474782109260559,
      -1.5054855346679688
    ],
    [
      -1.5044890642166138,
      -1.4759680032730103,
      -1.4758599996566772,
      -1.4326950311660767,
      -1.4971669912338257,
      -1.5578441619873047,
      -1.4766937494277954,
      -1.5142066478729248,
      -1.4883325099945068,
      -1.509552240371704,
      -1.495642066001892,
      -1.500722050666809,
      -1.4976791143417358,
      -1.4618862867355347,
      -1.4889146089553833,
      -1.4886188507080078,
      -1.5080519914627075,
      -1.5037707090377808,
      -1.48394775390625,
      -1.5153056383132935,
      -1.4730709791183472,
      -1.5344581604003906,
      -1.4977169036865234,
      -1.547841191291809,
      -1.4946831464767456
    ]
  ],
  "digital_baseline": -1.4920535755157471,
  "mean": [
    -3.99014931678772,
    -1.5299179124832154,
    -1.48295991897583,
    -1.4958095502853395,
    -1.4996165800094605,
    -1.4956968688964845,
    -1.497004714012146
  ],
  "std": [
    0.006242266312962076,
    0.022245094097793676,
    0.02030134412202359,
    0.02283111146389012,
    0.02012167345942027,
    0.02257733379968939,
    0.02557202487807671
  ],
  "normalized_mean": [
    -0.6742667838911043,
    0.974622669327152,
    1.0060947252090287,
    0.9974826810302077,
    0.9949311441507057,
    0.9975582020374315,
    0.9966816617193605
  ],
  "normalized_std": [
    0.0041836743769769515,
    0.01490904513271541,
    0.013606310426893468,
    0.015301804062899186,
    0.013485892054824478,
    0.015131717902210884,
    0.017138811432583726
  ],
  "degradation_threshold_10pct": 16.0
}