{
  "sigma_values": [
    0.0,
    0.01,
    0.02,
    0.03,
    0.05,
    0.07,
    0.1,
    0.12,
    0.15
  ],
  "metric_name": "quality_mismatch_only",
  "per_trial": [
    [
      -2.0391578674316406,
      -1.8750547170639038,
      -2.0483558177948,
      -2.0252928733825684,
      -2.0461883544921875,
      -1.668083906173706,
      -2.082839012145996,
      -1.996336579322815,
      -1.9101053476333618,
      -1.844800353050232,
      -2.320540189743042,
      -1.8217010498046875,
      -2.3175244331359863,
      -1.9118101596832275,
      -2.033858060836792,
      -2.1060547828674316,
      -2.0773818492889404,
      -2.1393630504608154,
      -2.1393015384674072,
      -1.7887781858444214
    ],
    [
      -2.0603063106536865,
      -2.1390626430511475,
      -1.7994472980499268,
      -2.2232930660247803,
      -1.951120376586914,
      -1.9623241424560547,
      -1.9874379634857178,
      -1.9997085332870483,
      -1.8422422409057617,
      -2.4303698539733887,
      -2.16575026512146,
      -1.8715035915374756,
      -2.119093179702759,
      -2.1266140937805176,
      -2.16595721244812,
      -1.7720216512680054,
      -1.9835070371627808,
      -1.9160900115966797,
      -2.148380756378174,
      -2.117649793624878
    ],
    [
      -2.3072445392608643,
      -2.201022148132324,
      -2.0730032920837402,
      -2.0808322429656982,
      -2.1029908657073975,
      -2.4374606609344482,
      -2.1031782627105713,
      -2.056471109390259,
      -1.9674015045166016,
      -2.145484447479248,
      -1.9224921464920044,
      -2.100306272506714,
      -1.9705992937088013,
      -1.9735265970230103,
      -1.6638894081115723,
      -2.073007106781006,
      -2.251629114151001,
      -2.0870277881622314,
      -2.2057530879974365,
      -1.784684658050537
    ],
    [
      -2.326038360595703,
      -2.216808319091797,
      -1.9360556602478027,
      -2.319537878036499,
      -2.2442214488983154,
      -1.759998083114624,
      -2.0088038444519043,
      -2.245042324066162,
      -2.0757336616516113,
      -2.01920747756958,
      -1.9666552543640137,
      -1.9727054834365845,
      -1.910117506980896,
      -2.0514683723449707,
      -2.1188836097717285,
      -2.2307090759277344,
      -2.201033592224121,
      -2.1716439723968506,
      -1.9902715682983398,
      -1.9793070554733276
    ],
    [
      -2.1654317378997803,
      -2.082115411758423,
      -2.1942625045776367,
      -2.0897719860076904,
      -2.2469992637634277,
      -2.0387094020843506,
      -1.8430432081222534,
      -2.319236993789673,
      -2.3512158393859863,
      -2.0784225463867188,
      -2.0738728046417236,
      -2.191169023513794,
      -1.9170763492584229,
      -1.9693876504898071,
      -2.155405282974243,
      -1.9768983125686646,
      -1.9170578718185425,
      -2.2760281562805176,
      -2.0182435512542725,
      -2.0481364727020264
    ],
    [
      -2.119083881378174,
      -2.4096293449401855,
      -2.3513903617858887,
      -2.2899200916290283,
      -2.171161651611328,
      -2.228907585144043,
      -2.0459465980529785,
      -1.953847885131836,
      -1.825664758682251,
      -1.9154108762741089,
      -1.9333503246307373,
      -1.678180456161499,
      -2.0361783504486084,
      -1.9112685918807983,
      -2.071134328842163,
      -1.9079982042312622,
      -2.0610733032226562,
      -1.851064920425415,
      -2.160834550857544,
      -1.8491082191467285
    ],
    [
      -2.261641502380371,
      -2.1968882083892822,
      -2.217144012451172,
      -2.0410571098327637,
      -1.94935941696167,
      -2.0444111824035645,
      -2.2917118072509766,
      -2.2328081130981445,
      -2.4613702297210693,
      -2.1060373783111572,
      -2.1146299839019775,
      -2.228790044784546,
      -2.065354824066162,
      -2.144895076751709,
      -2.050076484680176,
      -2.242745876312256,
      -2.2312612533569336,
      -1.999918818473816,
      -2.0167219638824463,
      -2.2221999168395996
    ],
    [
      -1.8852713108062744,
      -1.5812244415283203,
      -2.017498731613159,
      -1.9559614658355713,
      -1.9668229818344116,
      -2.0397515296936035,
      -2.3598811626434326,
      -2.171203374862671,
      -2.029947280883789,
      -1.9763298034667969,
      -1.9234734773635864,
      -1.857417106628418,
      -2.1856470108032227,
      -1.767038106918335,
      -2.08913516998291,
      -2.0809919834136963,
      -2.1513431072235107,
      -2.1689324378967285,
      -2.325147867202759,
      -2.1097350120544434
    ],
    [
      -2.0946550369262695,
      -1.9932613372802734,
      -2.0956552028656006,
      -1.8342357873916626,
      -2.1089999675750732,
      -2.078395128250122,
      -1.8146216869354248,
      -2.028862476348877,
      -2.1753742694854736,
      -2.091534376144409,
      -1.8819477558135986,
      -2.0429813861846924,
      -2.0816023349761963,
      -2.0887980461120605,
      -2.1352062225341797,
      -2.1237235069274902,
      -2.2257797718048096,
      -2.252838134765625,
      -1.9446309804916382,
      -2.0624513626098633
    ]
  ],
  "digital_baseline": -1.2834010422229767,
  "ideal_analog_baseline": -1.353048998117447,
  "mean": [
    -2.009626406431198,
    -2.039094001054764,
    -2.0754002273082732,
    -2.0872121274471285,
    -2.097624218463898,
    -2.038557714223862,
    -2.1559511601924894,
    -2.032137668132782,
    -2.057777738571167
  ],
  "std": [
    0.16040168224511206,
    0.1570744843270063,
    0.16830495162920492,
    0.1485256875722387,
    0.13566075153603474,
    0.1855425171366513,
    0.1210165206964108,
    0.1777245828532943,
    0.1133605942592127
  ],
  "normalized_mean": [
    0.434139960685767,
    0.4111794100440711,
    0.382890336668672,
    0.3736867442215318,
    0.36557385458359404,
    0.41159727383976596,
    0.3201266874007128,
    0.41659964323161214,
    0.39662142161978153
  ],
  "normalized_std": [
    0.12498172976958206,
    0.12238924479517163,
    0.13113979659677089,
    0.11572819616460464,
    0.10570409955492711,
    0.14457095719298577,
    0.09429361260826023,
    0.1384793817413907,
    0.08832827037670238
  ],
  "degradation_threshold_10pct": 0.0,
  "trial_seeds": {
    "digital_baseline": [
      101040345,
      101040346,
      101040347,
      101040348,
      101040349,
      101040350,
      101040351,
      101040352,
      101040353,
      101040354,
      101040355,
      101040356,
      101040357,
      101040358,
      101040359,
      101040360,
      101040361,
      101040362,
      101040363,
      101040364
    ],
    "ideal_analog_baseline": [
      202040648,
      202040649,
      202040650,
      202040651,
      202040652,
      202040653,
      202040654,
      202040655,
      202040656,
      202040657,
      202040658,
      202040659,
      202040660,
      202040661,
      202040662,
      202040663,
      202040664,
      202040665,
      202040666,
      202040667
    ],
    "per_trial": [
      [
        505121613,
        505121614,
        505121615,
        505121616,
        505121617,
        505121618,
        505121619,
        505121620,
        505121621,
        505121622,
        505121623,
        505121624,
        505121625,
        505121626,
        505121627,
        505121628,
        505121629,
        505121630,
        505121631,
        505121632
      ]
    ]
  },
  "metadata": {
    "arch": "ebm",
    "analog_domain": "full_analog",
    "analog_substrate": "classic",
    "seed": 40042,
    "pilot_profile_path": "/workspace/NEW_ACTUAL_RUNS/5-14/945/experiments/cross_arch_tolerance/results/profiles/ebm_profile_full_analog_pcm.json",
    "dynamics_diagnostics": {},
    "calibration": "tensor sample_input",
    "ablation_noise": "mismatch"
  },