{
  "sigma_values": [
    0.0,
    0.01,
    0.02,
    0.03,
    0.05,
    0.07,
    0.1,
    0.12,
    0.15
  ],
  "metric_name": "quality_mismatch_only",
  "per_trial": [
    [
      -1.3318309783935547,
      -1.3063513040542603,
      -1.3582079410552979,
      -1.3127282857894897,
      -1.320439100265503,
      -1.3190640211105347,
      -1.27183997631073,
      -1.3232897520065308,
      -1.3195255994796753,
      -1.3319952487945557,
      -1.3157743215560913,
      -1.3117239475250244,
      -1.317484974861145,
      -1.3269917964935303,
      -1.3254934549331665,
      -1.2970445156097412,
      -1.3346401453018188,
      -1.335121989250183,
      -1.329701542854309,
      -1.3305401802062988
    ],
    [
      -1.328817367553711,
      -1.32322359085083,
      -1.319970965385437,
      -1.3229639530181885,
      -1.288944959640503,
      -1.328582525253296,
      -1.3345015048980713,
      -1.3028604984283447,
      -1.335797905921936,
      -1.2870571613311768,
      -1.3042190074920654,
      -1.304785132408142,
      -1.308429479598999,
      -1.31862211227417,
      -1.3543075323104858,
      -1.3241314888000488,
      -1.3296127319335938,
      -1.3258538246154785,
      -1.345410704612732,
      -1.3379522562026978
    ],
    [
      -1.3377423286437988,
      -1.3145177364349365,
      -1.3088375329971313,
      -1.301892638206482,
      -1.3394050598144531,
      -1.287913203239441,
      -1.341033935546875,
      -1.33504056930542,
      -1.3132555484771729,
      -1.2997773885726929,
      -1.3622602224349976,
      -1.3319581747055054,
      -1.3031762838363647,
      -1.3437446355819702,
      -1.3081413507461548,
      -1.280316948890686,
      -1.3740901947021484,
      -1.367139458656311,
      -1.3431239128112793,
      -1.3682458400726318
    ],
    [
      -1.3215396404266357,
      -1.3237298727035522,
      -1.3506017923355103,
      -1.3421523571014404,
      -1.333739995956421,
      -1.3240617513656616,
      -1.3117403984069824,
      -1.3240715265274048,
      -1.3433855772018433,
      -1.3097530603408813,
      -1.3198702335357666,
      -1.3042724132537842,
      -1.3620139360427856,
      -1.3641327619552612,
      -1.3471815586090088,
      -1.306072473526001,
      -1.2982195615768433,
      -1.3095476627349854,
      -1.3330013751983643,
      -1.302494764328003
    ],
    [
      -1.3522491455078125,
      -1.3494415283203125,
      -1.3184674978256226,
      -1.3069900274276733,
      -1.3882718086242676,
      -1.3095738887786865,
      -1.3025416135787964,
      -1.3779051303863525,
      -1.354740858078003,
      -1.2917019128799438,
      -1.3595750331878662,
      -1.2936620712280273,
      -1.3262853622436523,
      -1.331880807876587,
      -1.2925316095352173,
      -1.3010615110397339,
      -1.3102691173553467,
      -1.3261386156082153,
      -1.3476245403289795,
      -1.334883213043213
    ],
    [
      -1.3279469013214111,
      -1.3256994485855103,
      -1.3795500993728638,
      -1.354140281677246,
      -1.2983663082122803,
      -1.3192379474639893,
      -1.352304458618164,
      -1.2941712141036987,
      -1.3108959197998047,
      -1.2974258661270142,
      -1.3595287799835205,
      -1.3629859685897827,
      -1.3173916339874268,
      -1.3027079105377197,
      -1.3578258752822876,
      -1.3182182312011719,
      -1.3279517889022827,
      -1.3364330530166626,
      -1.3888942003250122,
      -1.3377530574798584
    ],
    [
      -1.3030370473861694,
      -1.330842137336731,
      -1.3384209871292114,
      -1.34601891040802,
      -1.2855416536331177,
      -1.3634982109069824,
      -1.3836044073104858,
      -1.2959976196289062,
      -1.2874047756195068,
      -1.316378116607666,
      -1.3787493705749512,
      -1.3622699975967407,
      -1.295798897743225,
      -1.3723138570785522,
      -1.3538591861724854,
      -1.4155428409576416,
      -1.2795287370681763,
      -1.391484022140503,
      -1.3303256034851074,
      -1.3405215740203857
    ],
    [
      -1.3732305765151978,
      -1.3506534099578857,
      -1.3667079210281372,
      -1.296243667602539,
      -1.3327617645263672,
      -1.2799955606460571,
      -1.27164888381958,
      -1.3611598014831543,
      -1.304188847541809,
      -1.3929028511047363,
      -1.294404149055481,
      -1.402692198753357,
      -1.3408470153808594,
      -1.2846580743789673,
      -1.3053076267242432,
      -1.301855444908142,
      -1.3304320573806763,
      -1.3687114715576172,
      -1.4042614698410034,
      -1.3037925958633423
    ],
    [
      -1.240378737449646,
      -1.4601235389709473,
      -1.2696342468261719,
      -1.3446545600891113,
      -1.3961172103881836,
      -1.4316418170928955,
      -1.3096929788589478,
      -1.3094449043273926,
      -1.3805947303771973,
      -1.2530877590179443,
      -1.2955002784729004,
      -1.3937896490097046,
      -1.366799235343933,
      -1.3134565353393555,
      -1.3696790933609009,
      -1.390097975730896,
      -1.3074592351913452,
      -1.3632901906967163,
      -1.3908898830413818,
      -1.3440314531326294
    ]
  ],
  "digital_baseline": -1.26105797290802,
  "ideal_analog_baseline": -1.3293187022209167,
  "mean": [
    -1.320989453792572,
    -1.3213022351264954,
    -1.3280806481838225,
    -1.3265791356563568,
    -1.3287897646427154,
    -1.3334714472293854,
    -1.3385568976402282,
    -1.3333227694034577,
    -1.34651820063591
  ],
  "std": [
    0.016795400346528273,
    0.017095299972964034,
    0.02694623033774063,
    0.01932862323981649,
    0.02796352763353892,
    0.026920770014616905,
    0.03835512322420459,
    0.04116757789797478,
    0.0569968499334543
  ],
  "normalized_mean": [
    0.9524752373228734,
    0.9522272064308422,
    0.9468520268570626,
    0.9480427037012075,
    0.9462897081737609,
    0.9425772043180706,
    0.9385445186524657,
    0.9426951035971852,
    0.9322313251540552
  ],
  "normalized_std": [
    0.013318499789345774,
    0.013556315681143506,
    0.021367955253954095,
    0.015327307431588076,
    0.022174656704365917,
    0.0213477656007655,
    0.030415035667041585,
    0.032645269910186354,
    0.04519764448419342
  ],
  "degradation_threshold_10pct": 0.15,
  "trial_seeds": {
    "digital_baseline": [
      101040345,
      101040346,
      101040347,
      101040348,
      101040349,
      101040350,
      101040351,
      101040352,
      101040353,
      101040354,
      101040355,
      101040356,
      101040357,
      101040358,
      101040359,
      101040360,
      101040361,
      101040362,
      101040363,
      101040364
    ],
    "ideal_analog_baseline": [
      202040648,
      202040649,
      202040650,
      202040651,
      202040652,
      202040653,
      202040654,
      202040655,
      202040656,
      202040657,
      202040658,
      202040659,
      202040660,
      202040661,
      202040662,
      202040663,
      202040664,
      202040665,
      202040666,
      202040667
    ],
    "per_trial": [
      [
        505121613,
        505121614,
        505121615,
        505121616,
        505121617,
        505121618,
        505121619,
        505121620,
        505121621,
        505121622,
        505121623,
        505121624,
        505121625,
        505121626,
        505121627,
        505121628,
        505121629,
        505121630,
        505121631,
        505121632
      ]
    ]
  },
  "metadata": {
    "arch": "ebm",
    "analog_domain": "full_analog",
    "analog_substrate": "classic",
    "seed": 40042,
    "pilot_profile_path": "/workspace/NEW_ACTUAL_RUNS/5-14/945/experiments/cross_arch_tolerance/results/profiles/ebm_profile_full_analog_capacitive.json",
    "dynamics_diagnostics": {},
    "calibration": "tensor sample_input",
    "ablation_noise": "mismatch"
  },