{
  "sigma_values": [
    0.0,
    0.01,
    0.02,
    0.03,
    0.05,
    0.07,
    0.1,
    0.12,
    0.15
  ],
  "metric_name": "quality_quantization_only",
  "per_trial": [
    [
      -0.2794816195964813,
      -0.27926042675971985,
      -0.27920421957969666,
      -0.27881062030792236,
      -0.2784632444381714,
      -0.27945026755332947,
      -0.27937424182891846,
      -0.27921855449676514,
      -0.2796190083026886,
      -0.27892425656318665
    ],
    [
      -0.2795126140117645,
      -0.27976715564727783,
      -0.28016960620880127,
      -0.2789877951145172,
      -0.278336763381958,
      -0.2789362967014313,
      -0.2804926037788391,
      -0.2792934477329254,
      -0.2784552276134491,
      -0.27927032113075256
    ],
    [
      -0.2794836163520813,
      -0.2788468301296234,
      -0.2789691388607025,
      -0.27931103110313416,
      -0.2791823744773865,
      -0.2790009677410126,
      -0.27918267250061035,
      -0.2798791527748108,
      -0.27888819575309753,
      -0.2782582640647888
    ],
    [
      -0.2785903513431549,
      -0.2793290615081787,
      -0.279545396566391,
      -0.2791441082954407,
      -0.2794133424758911,
      -0.2796414792537689,
      -0.27981165051460266,
      -0.2789228856563568,
      -0.27928590774536133,
      -0.2795409560203552
    ],
    [
      -0.2790704369544983,
      -0.27912914752960205,
      -0.2786114513874054,
      -0.2797146141529083,
      -0.28019073605537415,
      -0.2795597314834595,
      -0.2786436676979065,
      -0.2799316644668579,
      -0.2791267931461334,
      -0.2789742946624756
    ],
    [
      -0.2796463966369629,
      -0.2790321707725525,
      -0.2798060178756714,
      -0.2796671688556671,
      -0.27908146381378174,
      -0.27911844849586487,
      -0.27884429693222046,
      -0.27868980169296265,
      -0.2792202830314636,
      -0.2795656621456146
    ],
    [
      -0.2793443202972412,
      -0.2797761559486389,
      -0.2802234888076782,
      -0.2791818678379059,
      -0.2789611518383026,
      -0.2793305516242981,
      -0.279112845659256,
      -0.27933070063591003,
      -0.2793637812137604,
      -0.27963048219680786
    ],
    [
      -0.2786875367164612,
      -0.27912959456443787,
      -0.28005585074424744,
      -0.2798082232475281,
      -0.2794039249420166,
      -0.27882489562034607,
      -0.2788242995738983,
      -0.2801503539085388,
      -0.2782480716705322,
      -0.27941539883613586
    ],
    [
      -0.28004002571105957,
      -0.2794390916824341,
      -0.27948546409606934,
      -0.27934741973876953,
      -0.2799776792526245,
      -0.2783294916152954,
      -0.2795105278491974,
      -0.2787149250507355,
      -0.27860742807388306,
      -0.2783525288105011
    ]
  ],
  "digital_baseline": -0.2795074939727783,
  "mean": [
    -0.279180645942688,
    -0.2793221831321716,
    -0.2791002243757248,
    -0.27932251393795016,
    -0.2792952537536621,
    -0.2792671710252762,
    -0.2794255346059799,
    -0.2792548149824142,
    -0.2791804581880569
  ],
  "std": [
    0.00033445463603021854,
    0.0006564432838980364,
    0.00040703831576442424,
    0.000342872160141776,
    0.0005054103691140494,
    0.0003618660266385512,
    0.0003468275463667313,
    0.0005932217946886183,
    0.0006021507749078347
  ],
  "normalized_mean": [
    1.0011693712588692,
    1.0006629905981153,
    1.0014570972365169,
    1.0006618070671343,
    1.0007593364174232,
    1.0008598086015021,
    1.0002932277973426,
    1.0009040150830042,
    1.001170042992669
  ],
  "normalized_std": [
    0.0011965855772825599,
    0.002348571319386408,
    0.0014562697764520988,
    0.0012267011351587192,
    0.0018082175970683353,
    0.0012946559016903995,
    0.001240852405912628,
    0.0021223824315293426,
    0.002154327836971982
  ],
  "degradation_threshold_10pct": 0.15
}