{
  "sigma_values": [
    0.0,
    0.01,
    0.02,
    0.03,
    0.05,
    0.07,
    0.1,
    0.12,
    0.15
  ],
  "metric_name": "quality_thermal_only",
  "per_trial": [
    [
      -1.4985886812210083,
      -1.4609980583190918,
      -1.463555097579956,
      -1.475496768951416,
      -1.501488447189331,
      -1.491219162940979,
      -1.5135506391525269,
      -1.5138638019561768,
      -1.4853774309158325,
      -1.47376549243927
    ],
    [
      -1.520582675933838,
      -1.512792944908142,
      -1.505918264389038,
      -1.5005154609680176,
      -1.4733883142471313,
      -1.498748779296875,
      -1.5094709396362305,
      -1.4881114959716797,
      -1.4952921867370605,
      -1.4884394407272339
    ],
    [
      -1.5011988878250122,
      -1.474351167678833,
      -1.4816431999206543,
      -1.4858697652816772,
      -1.4956332445144653,
      -1.4790525436401367,
      -1.502568006515503,
      -1.5092968940734863,
      -1.497499942779541,
      -1.4991719722747803
    ],
    [
      -1.5071256160736084,
      -1.4906792640686035,
      -1.4758145809173584,
      -1.4999819993972778,
      -1.482592225074768,
      -1.4925740957260132,
      -1.4878579378128052,
      -1.5161397457122803,
      -1.5047533512115479,
      -1.4808733463287354
    ],
    [
      -1.4948850870132446,
      -1.4748058319091797,
      -1.479833960533142,
      -1.4847773313522339,
      -1.4888931512832642,
      -1.504096508026123,
      -1.4873980283737183,
      -1.5111688375473022,
      -1.5146321058273315,
      -1.4645620584487915
    ],
    [
      -1.480581283569336,
      -1.5024019479751587,
      -1.505562663078308,
      -1.4977407455444336,
      -1.4805480241775513,
      -1.4749194383621216,
      -1.479472041130066,
      -1.4911236763000488,
      -1.4927337169647217,
      -1.4800305366516113
    ],
    [
      -1.4849389791488647,
      -1.4984163045883179,
      -1.4990730285644531,
      -1.4920597076416016,
      -1.4846230745315552,
      -1.4985942840576172,
      -1.4898043870925903,
      -1.4750704765319824,
      -1.4941476583480835,
      -1.485762596130371
    ],
    [
      -1.4777880907058716,
      -1.4994115829467773,
      -1.4688574075698853,
      -1.4731310606002808,
      -1.49342679977417,
      -1.484741449356079,
      -1.4963552951812744,
      -1.4781625270843506,
      -1.475014328956604,
      -1.4860732555389404
    ],
    [
      -1.4907565116882324,
      -1.4883865118026733,
      -1.4975234270095825,
      -1.4844635725021362,
      -1.518953800201416,
      -1.4822351932525635,
      -1.4928256273269653,
      -1.5042037963867188,
      -1.5083385705947876,
      -1.524436116218567
    ]
  ],
  "digital_baseline": -1.4901975750923158,
  "mean": [
    -1.4877903580665588,
    -1.4993260502815247,
    -1.492628562450409,
    -1.4938392162322998,
    -1.490505290031433,
    -1.4885114073753356,
    -1.4902490496635437,
    -1.4832961797714233,
    -1.4992123126983643
  ],
  "std": [
    0.01821604038358804,
    0.013094457197904929,
    0.011001736011395966,
    0.012237449705645219,
    0.015137550545244726,
    0.010286905448115823,
    0.007370554546333249,
    0.00989832010423402,
    0.013683050201523031
  ],
  "normalized_mean": [
    1.0016153676975403,
    0.9938743188542342,
    0.9983686811744124,
    0.9975562695840795,
    0.9997935072877178,
    1.001131506147348,
    0.9999654578882101,
    1.0046311948403654,
    0.9939506426820685
  ],
  "normalized_std": [
    0.01222390955941502,
    0.008787061136570259,
    0.007382736487619383,
    0.008211964581197983,
    0.010158082926894425,
    0.006903048038766646,
    0.004946025057030879,
    0.006642287083053958,
    0.009182037623887144
  ],
  "degradation_threshold_10pct": 0.15
}