{
  "sigma_values": [
    0.0,
    0.01,
    0.02,
    0.03,
    0.05,
    0.07,
    0.1,
    0.12,
    0.15
  ],
  "metric_name": "quality_quantization_only",
  "per_trial": [
    [
      -3.983454465866089,
      -3.9885330200195312,
      -4.00411319732666,
      -3.9924235343933105,
      -3.987488031387329,
      -3.9941470623016357,
      -3.9915428161621094,
      -3.988239049911499,
      -3.9904327392578125,
      -3.989223003387451
    ],
    [
      -3.997563600540161,
      -3.998600959777832,
      -3.9916114807128906,
      -3.997258424758911,
      -3.9910597801208496,
      -3.9945762157440186,
      -3.9925618171691895,
      -3.996407985687256,
      -3.992642402648926,
      -3.9950883388519287
    ],
    [
      -3.997587203979492,
      -3.995920419692993,
      -3.984562873840332,
      -3.9821977615356445,
      -3.9849965572357178,
      -3.99639630317688,
      -3.9972753524780273,
      -3.9948995113372803,
      -3.99257230758667,
      -3.990675926208496
    ],
    [
      -4.000396728515625,
      -3.987638473510742,
      -3.9934513568878174,
      -3.9966418743133545,
      -3.984900951385498,
      -3.9966375827789307,
      -3.9985852241516113,
      -3.992429733276367,
      -3.992762327194214,
      -3.994767427444458
    ],
    [
      -3.994617462158203,
      -3.991628408432007,
      -3.994626760482788,
      -3.988701581954956,
      -3.985032320022583,
      -3.9936723709106445,
      -3.9936141967773438,
      -3.990643262863159,
      -3.991211175918579,
      -3.993710517883301
    ],
    [
      -3.9890031814575195,
      -3.989532709121704,
      -3.990338087081909,
      -3.992723226547241,
      -3.9938437938690186,
      -3.992666482925415,
      -3.9947423934936523,
      -3.9983673095703125,
      -3.991746664047241,
      -3.9939217567443848
    ],
    [
      -3.9856767654418945,
      -3.993938446044922,
      -3.9902219772338867,
      -3.9981017112731934,
      -3.98490834236145,
      -4.0023417472839355,
      -3.9826488494873047,
      -3.980142831802368,
      -3.991978168487549,
      -3.9891788959503174
    ],
    [
      -3.999194622039795,
      -3.992790460586548,
      -3.989424467086792,
      -3.998364210128784,
      -3.9927172660827637,
      -3.9881269931793213,
      -3.994145393371582,
      -4.000056266784668,
      -3.993595838546753,
      -4.000864028930664
    ],
    [
      -3.9965898990631104,
      -3.9897255897521973,
      -3.9930174350738525,
      -3.9993960857391357,
      -3.999202251434326,
      -3.9947361946105957,
      -4.001679420471191,
      -3.9933385848999023,
      -3.993644952774048,
      -3.995512008666992
    ]
  ],
  "digital_baseline": -3.993787479400635,
  "mean": [
    -3.9909596920013426,
    -3.9947371006011965,
    -3.9917084217071532,
    -3.9938211679458617,
    -3.9917458057403565,
    -3.9926885604858398,
    -3.9899137735366823,
    -3.9949279546737673,
    -3.9956842422485352
  ],
  "std": [
    0.005202135558535546,
    0.002542213552971872,
    0.00551202316407642,
    0.004513404265714666,
    0.0028889850111404043,
    0.0026320478351104693,
    0.00658671851835891,
    0.004241854289227899,
    0.003407685661627817
  ],
  "normalized_mean": [
    1.0007080465382492,
    0.9997622254049672,
    1.0005205729409001,
    0.9999915647626719,
    1.0005112123944524,
    1.0002751570834612,
    1.0009699328980153,
    0.9997144376662467,
    0.9995250716625049
  ],
  "normalized_std": [
    0.001302556930073869,
    0.0006365420208471866,
    0.0013801493425743409,
    0.0011301062685468712,
    0.0007233697401379922,
    0.0006590355267239888,
    0.0016492411156908647,
    0.0010621131722974135,
    0.0008532466184553273
  ],
  "degradation_threshold_10pct": 0.15
}