{
  "sigma_values": [
    0.0,
    0.01,
    0.02,
    0.03,
    0.05,
    0.07,
    0.1,
    0.12,
    0.15
  ],
  "metric_name": "output_mse",
  "per_trial": [
    [
      -3.524335625115782e-05,
      -3.5140441468684e-05,
      -3.5628039768198505e-05,
      -3.513119008857757e-05,
      -3.54339208570309e-05,
      -3.533419294399209e-05,
      -3.495900091365911e-05,
      -3.521278631524183e-05,
      -3.549153552739881e-05,
      -3.524227940943092e-05,
      -3.5264965845271945e-05,
      -3.522002953104675e-05,
      -3.518534140312113e-05,
      -3.4838409192161635e-05,
      -3.525092324707657e-05,
      -3.5270946682430804e-05,
      -3.5205623134970665e-05,
      -3.591446147765964e-05,
      -3.525584179442376e-05,
      -3.560761615517549e-05,
      -3.520176687743515e-05,
      -3.526794898789376e-05,
      -3.523877603583969e-05,
      -3.522660699672997e-05,
      -3.525070860632695e-05,
      -3.533344715833664e-05,
      -3.5264063626527786e-05,
      -3.5237910196883604e-05,
      -3.549917892087251e-05,
      -3.5007367841899395e-05,
      -3.501291575958021e-05,
      -3.5430097341304645e-05,
      -3.525722058839165e-05,
      -3.5261215089121833e-05,
      -3.5268829378765076e-05,
      -3.522431870806031e-05,
      -3.546913285390474e-05,
      -3.555350122042e-05,
      -3.503266998450272e-05,
      -3.5645702155306935e-05,
      -3.528185698087327e-05,
      -3.484269473119639e-05,
      -3.523401392158121e-05,
      -3.521280814311467e-05,
      -3.473299875622615e-05,
      -3.523001214489341e-05,
      -3.522952101775445e-05,
      -3.552444468368776e-05,
      -3.5212327929912135e-05,
      -3.52788956661243e-05
    ],
    [
      -3.769815157284029e-05,
      -3.7836693081771955e-05,
      -3.785183434956707e-05,
      -3.789359107031487e-05,
      -3.720564200193621e-05,
      -3.7465517380042e-05,
      -3.7060082831885666e-05,
      -3.750439645955339e-05,
      -3.814429874182679e-05,
      -3.79100747522898e-05,
      -3.830364948953502e-05,
      -3.7558205804089084e-05,
      -3.689168079290539e-05,
      -3.659779758891091e-05,
      -3.734319761861116e-05,
      -3.751578333321959e-05,
      -3.8034686440369114e-05,
      -3.726017530425452e-05,
      -3.728432420757599e-05,
      -3.750401810975745e-05,
      -3.77745927835349e-05,
      -3.734623533091508e-05,
      -3.70378875231836e-05,
      -3.8621285057161e-05,
      -3.745911817532033e-05,
      -3.696595740620978e-05,
      -3.7009485822636634e-05,
      -3.769191971514374e-05,
      -3.785912849707529e-05,
      -3.683640170493163e-05,
      -3.7196219636825845e-05,
      -3.741667387657799e-05,
      -3.7220150261418894e-05,
      -3.732176264747977e-05,
      -3.7819430872332305e-05,
      -3.6772788007510826e-05,
      -3.820315396296792e-05,
      -3.888925857609138e-05,
      -3.857638512272388e-05,
      -3.6724992241943255e-05,
      -3.6917979741701856e-05,
      -3.717253639479168e-05,
      -3.712652687681839e-05,
      -3.809824920608662e-05,
      -3.7670950405299664e-05,
      -3.755221769097261e-05,
      -3.813154762610793e-05,
      -3.68762957805302e-05,
      -3.676802953123115e-05,
      -3.708549775183201e-05
    ],
    [
      -4.3038700823672116e-05,
      -4.3358380935387686e-05,
      -4.317539060139097e-05,
      -4.268112388672307e-05,
      -4.363453626865521e-05,
      -4.636607991415076e-05,
      -4.412333873915486e-05,
      -4.599362728185952e-05,
      -4.3599993659881875e-05,
      -4.365603672340512e-05,
      -4.4311305828159675e-05,
      -4.42451419075951e-05,
      -4.3682353862095624e-05,
      -4.811992039321922e-05,
      -4.412344060256146e-05,
      -4.4739390432368964e-05,
      -4.6208398998714983e-05,
      -4.212036947137676e-05,
      -4.194850043859333e-05,
      -3.9022095734253526e-05,
      -4.810994505533017e-05,
      -4.652441566577181e-05,
      -4.2671250412240624e-05,
      -4.606437869369984e-05,
      -4.861357592744753e-05,
      -4.6055774873821065e-05,
      -4.497870395425707e-05,
      -4.5249242248246446e-05,
      -5.0544833356980234e-05,
      -4.915870158583857e-05,
      -4.3409854697529227e-05,
      -4.409210669109598e-05,
      -4.6112050767987967e-05,
      -4.346233981777914e-05,
      -4.463904770091176e-05,
      -4.593248013406992e-05,
      -4.287067349650897e-05,
      -4.2538129491731524e-05,
      -4.4909360440215096e-05,
      -4.258001717971638e-05,
      -4.631520278053358e-05,
      -4.214923319523223e-05,
      -4.7090794396353886e-05,
      -4.6599216148024425e-05,
      -4.067456393386237e-05,
      -4.5562657760456204e-05,
      -5.178857099963352e-05,
      -4.3436226405901834e-05,
      -4.409993562148884e-05,
      -4.920620267512277e-05
    ],
    [
      -5.551391950575635e-05,
      -6.019942884449847e-05,
      -5.8477606216911227e-05,
      -6.082368781790137e-05,
      -5.267525193630718e-05,
      -5.200530358706601e-05,
      -5.923135904595256e-05,
      -5.808917558169924e-05,
      -5.513327778317034e-05,
      -5.93440854572691e-05,
      -5.946408418822102e-05,
      -5.2298481023171917e-05,
      -5.605476690107025e-05,
      -7.11092070559971e-05,
      -5.2326751756481826e-05,
      -6.496873538708314e-05,
      -5.4854484915267676e-05,
      -6.617318285861984e-05,
      -5.780245191999711e-05,
      -6.487609061878175e-05,
      -6.278595537878573e-05,
      -6.064640547265299e-05,
      -5.202198735787533e-05,
      -5.942607094766572e-05,
      -5.6385237257927656e-05,
      -4.757710485137068e-05,
      -5.334783418220468e-05,
      -5.484079156303778e-05,
      -6.367147580021992e-05,
      -5.216488352743909e-05,
      -5.4886761063244194e-05,
      -7.016794552328065e-05,
      -5.804455577163026e-05,
      -5.1997692935401574e-05,
      -5.615495319943875e-05,
      -5.284930739435367e-05,
      -6.176142778713256e-05,
      -5.1939125114586204e-05,
      -5.317175600794144e-05,
      -5.129271085024811e-05,
      -5.681034963345155e-05,
      -6.0564474551938474e-05,
      -5.508718459168449e-05,
      -4.965009065927006e-05,
      -5.335091191227548e-05,
      -5.138154301675968e-05,
      -5.690423495252617e-05,
      -6.063898763386533e-05,
      -5.0020906201098114e-05,
      -6.281314563238993e-05
    ],
    [
      -0.00010234395449515432,
      -8.227333455579355e-05,
      -6.806077726650983e-05,
      -0.0001031910433084704,
      -9.051163942785934e-05,
      -0.00012405207962729037,
      -9.214735473506153e-05,
      -0.00010360145824961364,
      -8.769609121372923e-05,
      -8.223386248573661e-05,
      -0.00010474400187376887,
      -8.009819430299103e-05,
      -8.104513835860416e-05,
      -9.226278052665293e-05,
      -7.520508370362222e-05,
      -7.818207814125344e-05,
      -0.0001062454903149046,
      -8.508858445566148e-05,
      -7.999766967259347e-05,
      -0.00011981067655142397,
      -9.279013465857133e-05,
      -9.371578926220536e-05,
      -7.608491432620212e-05,
      -8.876999345375225e-05,
      -0.00010884297080338001,
      -6.782966374885291e-05,
      -0.0001020860145217739,
      -9.598620817996562e-05,
      -7.578165968880057e-05,
      -8.041019464144483e-05,
      -7.789528899593279e-05,
      -0.0001265419414266944,
      -0.00010578443470876664,
      -0.00013646294246427715,
      -0.0001089942961698398,
      -8.914067439036444e-05,
      -8.047063602134585e-05,
      -9.12278555915691e-05,
      -9.554011921864003e-05,
      -0.00012205717212054878,
      -9.979331662179902e-05,
      -0.00010286847100360319,
      -0.0001287182094529271,
      -7.767062197672203e-05,
      -8.930997864808887e-05,
      -0.00011012827599188313,
      -9.191633580485359e-05,
      -8.870750025380403e-05,
      -0.00012991789844818413,
      -8.141586295096204e-05
    ],
    [
      -0.00014341072528623044,
      -0.00014052152982912958,
      -0.00027033776859752834,
      -0.00016186975699383765,
      -0.0001196992743643932,
      -0.0001715657999739051,
      -0.0001556330535095185,
