{
  "sigma_values": [
    0.0,
    0.01,
    0.02,
    0.03,
    0.05,
    0.07,
    0.1,
    0.12,
    0.15
  ],
  "metric_name": "quality_mismatch_only",
  "per_trial": [
    [
      -0.10279764235019684,
      -0.10043368488550186,
      -0.10215666890144348,
      -0.1015091985464096,
      -0.10257727652788162,
      -0.10141470283269882,
      -0.10047785937786102,
      -0.10124047100543976,
      -0.10053744912147522,
      -0.10007017105817795
    ],
    [
      -0.10185124725103378,
      -0.10023121535778046,
      -0.10072159022092819,
      -0.10201681405305862,
      -0.10226479917764664,
      -0.09910751134157181,
      -0.10557001084089279,
      -0.09963482618331909,
      -0.10270697623491287,
      -0.10207948833703995
    ],
    [
      -0.10057351738214493,
      -0.09670186787843704,
      -0.11120077967643738,
      -0.0992947444319725,
      -0.09707170724868774,
      -0.10406211763620377,
      -0.10487780719995499,
      -0.10676412284374237,
      -0.09647901356220245,
      -0.0987028107047081
    ],
    [
      -0.1072002425789833,
      -0.09222542494535446,
      -0.10226532071828842,
      -0.10201496630907059,
      -0.10722625255584717,
      -0.09622536599636078,
      -0.09116724133491516,
      -0.09934607893228531,
      -0.09850265085697174,
      -0.10128474235534668
    ],
    [
      -0.09552162140607834,
      -0.0995863527059555,
      -0.10818066447973251,
      -0.07827098667621613,
      -0.095100536942482,
      -0.10237088799476624,
      -0.10900810360908508,
      -0.09930625557899475,
      -0.08470547944307327,
      -0.1152944564819336
    ],
    [
      -0.11813244968652725,
      -0.10099751502275467,
      -0.09718409925699234,
      -0.08250831067562103,
      -0.08337674289941788,
      -0.10050099343061447,
      -0.09359747171401978,
      -0.10718490928411484,
      -0.102633036673069,
      -0.09405840188264847
    ],
    [
      -0.11073769629001617,
      -0.07485609501600266,
      -0.13625432550907135,
      -0.13109077513217926,
      -0.14188352227210999,
      -0.0745052918791771,
      -0.08589507639408112,
      -0.07812262326478958,
      -0.07722452282905579,
      -0.10919936001300812
    ],
    [
      -0.07478754222393036,
      -0.09460201859474182,
      -0.1393919736146927,
      -0.1570642739534378,
      -0.09333263337612152,
      -0.075014628469944,
      -0.14577996730804443,
      -0.09582258015871048,
      -0.10226353257894516,
      -0.15397870540618896
    ],
    [
      -0.12668180465698242,
      -0.104632668197155,
      -0.09803065657615662,
      -0.1039409413933754,
      -0.0850025936961174,
      -0.09185703098773956,
      -0.16391851007938385,
      -0.08460594713687897,
      -0.1532161682844162,
      -0.08556408435106277
    ]
  ],
  "digital_baseline": -0.10152945145964623,
  "mean": [
    -0.10132151246070861,
    -0.10161844789981841,
    -0.10157284885644913,
    -0.09974582865834236,
    -0.09873453453183174,
    -0.09801739305257798,
    -0.1019769288599491,
    -0.11320378556847573,
    -0.10974504053592682
  ],
  "std": [
    0.0009046804024807243,
    0.001749608194374777,
    0.004702393197285726,
    0.005192664928408298,
    0.01059425344227544,
    0.010078672474208187,
    0.02583519434137454,
    0.03070874252160875,
    0.027308003695793205
  ],
  "normalized_mean": [
    1.002048065816846,
    0.9991234421254845,
    0.9995725634662751,
    1.0175675410007783,
    1.0275281397430316,
    1.0345915235094534,
    0.9955926345127479,
    0.8850152941733408,
    0.9190817151263154
  ],
  "normalized_std": [
    0.008910521917281287,
    0.017232518931417393,
    0.04631555799505854,
    0.0511444202027642,
    0.10434660376832842,
    0.09926846180405144,
    0.2544600997045962,
    0.3024614245435395,
    0.2689663275354837
  ],
  "degradation_threshold_10pct": 0.15
}