{
  "sigma_values": [
    0.0,
    0.01,
    0.02,
    0.03,
    0.05,
    0.07,
    0.1,
    0.12,
    0.15
  ],
  "metric_name": "quality",
  "per_trial": [
    [
      -0.0999152660369873,
      -0.10141165554523468,
      -0.10070271790027618,
      -0.09995534271001816,
      -0.1004314199090004,
      -0.10274390876293182,
      -0.10025238990783691,
      -0.09977065771818161,
      -0.10148635506629944,
      -0.1009741947054863,
      -0.10027531534433365,
      -0.10074159502983093,
      -0.10051116347312927,
      -0.10078764706850052,
      -0.10093030333518982,
      -0.1009240597486496,
      -0.09979146718978882,
      -0.09971877932548523,
      -0.10101179033517838,
      -0.1008543074131012,
      -0.10096777230501175,
      -0.10012609511613846,
      -0.10049903392791748,
      -0.1012703999876976,
      -0.09947264194488525,
      -0.10144329071044922,
      -0.10015328973531723,
      -0.10190826654434204,
      -0.10075461864471436,
      -0.10217547416687012,
      -0.10021305084228516,
      -0.10111983120441437,
      -0.10126280039548874,
      -0.09977246075868607,
      -0.10010141134262085,
      -0.10081382095813751,
      -0.1013810858130455,
      -0.1019454374909401,
      -0.1002817377448082,
      -0.10255749523639679,
      -0.09943880140781403,
      -0.09989981353282928,
      -0.09953895211219788,
      -0.10146258026361465,
      -0.09997890889644623,
      -0.10285291075706482,
      -0.10032118856906891,
      -0.10220621526241302,
      -0.1018909141421318,
      -0.09881389141082764
    ],
    [
      -0.10123373568058014,
      -0.1003718301653862,
      -0.10529016703367233,
      -0.09828289598226547,
      -0.09994861483573914,
      -0.10262586176395416,
      -0.10350220650434494,
      -0.10113915801048279,
      -0.10348464548587799,
      -0.10031444579362869,
      -0.0998258963227272,
      -0.102877177298069,
      -0.09997931867837906,
      -0.10476221144199371,
      -0.09499969333410263,
      -0.095340795814991,
      -0.09979694336652756,
      -0.09992014616727829,
      -0.10467017441987991,
      -0.10642366111278534,
      -0.09982986748218536,
      -0.0987652838230133,
      -0.09752747416496277,
      -0.10137773305177689,
      -0.097810298204422,
      -0.100062794983387,
      -0.09902974218130112,
      -0.10896483063697815,
      -0.0972636491060257,
      -0.09909775853157043,
      -0.09991694986820221,
      -0.10365031659603119,
      -0.09934298694133759,
      -0.10077802836894989,
      -0.10250850021839142,
      -0.1002301350235939,
      -0.0995093435049057,
      -0.10101815313100815,
      -0.10208716988563538,
      -0.10116679966449738,
      -0.09837345778942108,
      -0.10122033208608627,
      -0.0966237261891365,
      -0.10080581903457642,
      -0.102694071829319,
      -0.1020781397819519,
      -0.1025223508477211,
      -0.0987660214304924,
      -0.09852776676416397,
      -0.09551487863063812
    ],
    [
      -0.09605376422405243,
      -0.0970713421702385,
      -0.09061305969953537,
      -0.09570353478193283,
      -0.08901379257440567,
      -0.09926807880401611,
      -0.10362636297941208,
      -0.10053414851427078,
      -0.0950695350766182,
      -0.09916865825653076,
      -0.09234602749347687,
      -0.10127934068441391,
      -0.10055280476808548,
      -0.09656476229429245,
      -0.11194112151861191,
      -0.10404200851917267,
      -0.10547824949026108,
      -0.10552766174077988,
      -0.0989535003900528,
      -0.1074230819940567,
      -0.0961899533867836,
      -0.09691738337278366,
      -0.0960616022348404,
      -0.10217539221048355,
      -0.09691172093153,
      -0.10388755798339844,
      -0.10746774077415466,
      -0.09669379889965057,
      -0.10189049690961838,
      -0.10382810235023499,
      -0.09404173493385315,
      -0.09698520600795746,
      -0.10150160640478134,
      -0.10795063525438309,
      -0.09086189419031143,
      -0.10281430184841156,
      -0.10187241435050964,
      -0.10195472091436386,
      -0.09897976368665695,
      -0.10144199430942535,
      -0.10035979747772217,
      -0.10065702348947525,
      -0.10367299616336823,
      -0.09447818249464035,
      -0.09690451622009277,
      -0.09501045942306519,
      -0.09308123588562012,
      -0.09692984819412231,
      -0.10559720546007156,
      -0.10083722323179245
    ],
    [
      -0.08654759079217911,
      -0.10680492222309113,
      -0.11256656795740128,
      -0.0952126756310463,
      -0.09898366779088974,
      -0.10360419005155563,
      -0.10467494279146194,
      -0.10384227335453033,
      -0.11087047308683395,
      -0.11381254345178604,
      -0.0922834500670433,
      -0.1034625917673111,
      -0.10826985538005829,
      -0.09969686716794968,
      -0.10728105157613754,
      -0.08648788183927536,
      -0.09176123142242432,
      -0.1140945553779602,
      -0.08840248733758926,
      -0.095045305788517,
      -0.09769894182682037,
      -0.1041179746389389,
      -0.09284266084432602,
      -0.10691362619400024,
      -0.10489382594823837,
      -0.09229950606822968,
      -0.09303659200668335,
      -0.11069178581237793,
      -0.1074773296713829,
      -0.10224393755197525,
      -0.1060093343257904,
      -0.09636536240577698,
      -0.09866032004356384,
      -0.10195649415254593,
      -0.09404295682907104,
      -0.10789654403924942,
      -0.08812553435564041,
      -0.10603317618370056,
      -0.10342691838741302,
      -0.11192766577005386,
      -0.10816305875778198,
      -0.110149085521698,
      -0.09353990852832794,
      -0.11488819122314453,
      -0.09401415288448334,
      -0.09971798956394196,
      -0.10580074042081833,
      -0.09648250043392181,
      -0.09305000305175781,
      -0.10544322431087494
    ],
    [
      -0.0909116193652153,
      -0.11689525842666626,
      -0.1105741336941719,
      -0.0937768742442131,
      -0.12276038527488708,
      -0.10776544362306595,
      -0.08416067063808441,
      -0.11329784244298935,
      -0.10890515893697739,
      -0.09831639379262924,
      -0.12101207673549652,
      -0.09968790411949158,
      -0.10269136726856232,
      -0.09223658591508865,
      -0.10265957564115524,
      -0.1201356053352356,
      -0.09500487148761749,
      -0.1102258488535881,
      -0.10713648796081543,
      -0.08374962955713272,
      -0.10752686858177185,
      -0.10347845405340195,
      -0.09649123251438141,
      -0.0962408185005188,
      -0.12392937391996384,
      -0.10176593065261841,
      -0.11553087085485458,
      -0.09396713227033615,
      -0.11737163364887238,
      -0.12166163325309753,
      -0.11838789284229279,
      -0.10895972698926926,
      -0.10457959026098251,
      -0.10619353502988815,
      -0.08930225670337677,
      -0.1042511984705925,
      -0.09866496175527573,
      -0.10233601927757263,
      -0.12357167154550552,
      -0.09421849250793457,
      -0.09976702183485031,
      -0.12647736072540283,
      -0.10744497179985046,
      -0.09527769684791565,
      -0.12190691381692886,
      -0.08787085860967636,
      -0.08656028658151627,
      -0.08745794743299484,
      -0.0916762724518776,
      -0.08463232964277267
    ],
    [
      -0.08899889141321182,
      -0.10600822418928146,
      -0.08845784515142441,
      -0.10334508121013641,
      -0.0773807168006897,
      -0.10135146975517273,
      -0.11491163820028305,
      -0.08623232692480087,
      -0.08591119945049286,
      -0.09924726188182831,
      -0.09929095953702927,
      -0.11525921523571014,
      -0.09408719092607498,
      -0.11702942103147507,
      -0.12255050241947174,
      -0.08263971656560898,
      -0.08341223001480103,
      -0.09205728024244308,
      -0.11287548393011093,
      -0.08328894525766373,
      -0.0803314670920372,
      -0.08358866721391678,
      -0.12070509046316147,
      -0.08446553349494934,
      -0.0936158299446106,
      -0.0790736973285675,
      -0.10471685230731964,
      -0.0971226915717125,
      -0.09369338303804398,
