{
  "sigma_values": [
    2.0,
    4.0,
    6.0,
    8.0,
    10.0,
    12.0,
    16.0
  ],
  "metric_name": "quality_vs_adc_bits_sigma0.050",
  "per_trial": [
    [
      -3.9857683181762695,
      -3.9863317012786865,
      -3.984875202178955,
      -3.985071897506714,
      -3.984950542449951,
      -3.9902870655059814,
      -3.9851009845733643,
      -3.9854648113250732,
      -3.997044086456299,
      -3.9899702072143555,
      -3.993502616882324,
      -3.9853482246398926,
      -3.9968650341033936,
      -3.993802309036255,
      -3.9897875785827637,
      -3.9897067546844482,
      -3.9939937591552734,
      -3.9896950721740723,
      -3.9852917194366455,
      -3.991034746170044,
      -3.9873242378234863,
      -3.9926109313964844,
      -3.98818039894104,
      -3.9949474334716797,
      -3.9878880977630615
    ],
    [
      -1.5187135934829712,
      -1.5361616611480713,
      -1.5178132057189941,
      -1.563165545463562,
      -1.535774827003479,
      -1.5350900888442993,
      -1.5253980159759521,
      -1.531476378440857,
      -1.5581152439117432,
      -1.5430872440338135,
      -1.525961995124817,
      -1.534312129020691,
      -1.5551620721817017,
      -1.5290954113006592,
      -1.5260260105133057,
      -1.545221209526062,
      -1.5352964401245117,
      -1.5649471282958984,
      -1.542048454284668,
      -1.541212558746338,
      -1.5298947095870972,
      -1.5510144233703613,
      -1.5068013668060303,
      -1.527384877204895,
      -1.5181469917297363
    ],
    [
      -1.48379385471344,
      -1.4879019260406494,
      -1.474438190460205,
      -1.4830687046051025,
      -1.4817434549331665,
      -1.506815791130066,
      -1.5213443040847778,
      -1.481026291847229,
      -1.4659521579742432,
      -1.5335493087768555,
      -1.4992709159851074,
      -1.5061352252960205,
      -1.500057339668274,
      -1.4795620441436768,
      -1.489646553993225,
      -1.487375259399414,
      -1.4940340518951416,
      -1.5158566236495972,
      -1.4733319282531738,
      -1.4794485569000244,
      -1.4734984636306763,
      -1.5106234550476074,
      -1.4664819240570068,
      -1.469688892364502,
      -1.49347984790802
    ],
    [
      -1.4919406175613403,
      -1.5424001216888428,
      -1.496207356452942,
      -1.511914610862732,
      -1.4787887334823608,
      -1.4987457990646362,
      -1.5031461715698242,
      -1.5146594047546387,
      -1.4949407577514648,
      -1.5022975206375122,
      -1.4862170219421387,
      -1.4748084545135498,
      -1.5428134202957153,
      -1.5174729824066162,
      -1.4998520612716675,
      -1.477307915687561,
      -1.4723339080810547,
      -1.4914714097976685,
      -1.5145986080169678,
      -1.514306902885437,
      -1.4912035465240479,
      -1.5455212593078613,
      -1.5178850889205933,
      -1.514525294303894,
      -1.4744527339935303
    ],
    [
      -1.5242723226547241,
      -1.5062403678894043,
      -1.5053188800811768,
      -1.5033096075057983,
      -1.510632872581482,
      -1.4711867570877075,
      -1.5153448581695557,
      -1.500777244567871,
      -1.5057305097579956,
      -1.5381009578704834,
      -1.5142056941986084,
      -1.492836833000183,
      -1.5056419372558594,
      -1.4915729761123657,
      -1.5232970714569092,
      -1.5190043449401855,
      -1.5069525241851807,
      -1.4913305044174194,
      -1.511343002319336,
      -1.5115363597869873,
      -1.5028082132339478,
      -1.5272420644760132,
      -1.5410665273666382,
      -1.5153776407241821,
      -1.4955978393554688
    ],
    [
      -1.5420244932174683,
      -1.497450828552246,
      -1.4999501705169678,
      -1.4951648712158203,
      -1.5122511386871338,
      -1.4928855895996094,
      -1.518636703491211,
      -1.4845720529556274,
      -1.5242061614990234,
      -1.4964455366134644,
      -1.4818416833877563,
      -1.5213171243667603,
      -1.51751708984375,
      -1.4989070892333984,
      -1.464551329612732,
      -1.491243839263916,
      -1.4974942207336426,
      -1.5167797803878784,
      -1.500765323638916,
      -1.545053482055664,
      -1.4995291233062744,
      -1.512791395187378,
      -1.52792489528656,
      -1.4906591176986694,
      -1.5492204427719116
    ],
    [
      -1.487172245979309,
      -1.515721082687378,
      -1.494285225868225,
      -1.4968109130859375,
      -1.508226752281189,
      -1.5045748949050903,
      -1.5300146341323853,
      -1.4432955980300903,
      -1.5522160530090332,
      -1.5158981084823608,
      -1.4820126295089722,
      -1.513517141342163,
      -1.5040103197097778,
      -1.5303350687026978,
      -1.4850726127624512,
      -1.527580976486206,
      -1.5127724409103394,
      -1.525934100151062,
      -1.5150023698806763,
      -1.473950743675232,
      -1.4972219467163086,
      -1.5358483791351318,
      -1.533272385597229,
      -1.4848928451538086,
      -1.4941281080245972
    ]
  ],
  "digital_baseline": -1.5004795980453491,
  "mean": [
    -3.9893937492370606,
    -1.5358928632736206,
    -1.4903250026702881,
    -1.5027924680709839,
    -1.5092291164398193,
    -1.5071673393249512,
    -1.506550703048706
  ],
  "std": [
    0.0038658701252417657,
    0.014357891151104566,
    0.017357476881409786,
    0.020589467672392954,
    0.014885189682971279,
    0.020093329652561966,
    0.02314640855447939
  ],
  "normalized_mean": [
    -0.6587457466492581,
    0.9763987026052179,
    1.0067675664422824,
    0.9984585794910856,
    0.9941688521417632,
    0.9955429308813568,
    0.9959538903352865
  ],
  "normalized_std": [
    0.0025764229852093777,
    0.009568867960489674,
    0.011567952609299782,
    0.013721924442834495,
    0.009920287954839225,
    0.013391271483289228,
    0.015426006847831752
  ],
  "degradation_threshold_10pct": 16.0
}