{
  "sigma_values": [
    0.0,
    0.01,
    0.02,
    0.03,
    0.05,
    0.07,
    0.1,
    0.12,
    0.15
  ],
  "metric_name": "quality",
  "per_trial": [
    [
      -1.4920344352722168,
      -1.5189039707183838,
      -1.5052244663238525,
      -1.486924409866333,
      -1.5074876546859741,
      -1.4900360107421875,
      -1.4915838241577148,
      -1.499830722808838,
      -1.499584674835205,
      -1.5082452297210693,
      -1.491241693496704,
      -1.4863156080245972,
      -1.4987432956695557,
      -1.4939898252487183,
      -1.497696042060852,
      -1.4899858236312866,
      -1.528361439704895,
      -1.5044785737991333,
      -1.509376049041748,
      -1.4819936752319336,
      -1.500996708869934,
      -1.4959065914154053,
      -1.5233014822006226,
      -1.5279895067214966,
      -1.4795620441436768,
      -1.4973092079162598,
      -1.5010018348693848,
      -1.532012939453125,
      -1.5071958303451538,
      -1.5070834159851074,
      -1.4943598508834839,
      -1.4984785318374634,
      -1.493972897529602,
      -1.5020915269851685,
      -1.4958981275558472,
      -1.5131661891937256,
      -1.5040795803070068,
      -1.519621729850769,
      -1.5388891696929932,
      -1.5202343463897705,
      -1.4960964918136597,
      -1.4742302894592285,
      -1.4901049137115479,
      -1.511506199836731,
      -1.5132921934127808,
      -1.5010170936584473,
      -1.4880034923553467,
      -1.492584228515625,
      -1.5117629766464233,
      -1.4869961738586426
    ],
    [
      -1.506048560142517,
      -1.5157190561294556,
      -1.5316808223724365,
      -1.4955836534500122,
      -1.490232229232788,
      -1.536401629447937,
      -1.487878441810608,
      -1.484954595565796,
      -1.4852021932601929,
      -1.5051116943359375,
      -1.5185405015945435,
      -1.5092508792877197,
      -1.492966890335083,
      -1.4973359107971191,
      -1.4784241914749146,
      -1.47905695438385,
      -1.5153554677963257,
      -1.5004833936691284,
      -1.5024410486221313,
      -1.5202257633209229,
      -1.5073176622390747,
      -1.5010027885437012,
      -1.5058143138885498,
      -1.509029507637024,
      -1.4942376613616943,
      -1.5148510932922363,
      -1.5093694925308228,
      -1.5098326206207275,
      -1.4899706840515137,
      -1.5360047817230225,
      -1.4957822561264038,
      -1.4823898077011108,
      -1.5204311609268188,
      -1.486096739768982,
      -1.5186439752578735,
      -1.5188461542129517,
      -1.4940508604049683,
      -1.5159146785736084,
      -1.5200027227401733,
      -1.4967591762542725,
      -1.49874746799469,
      -1.4781880378723145,
      -1.5013281106948853,
      -1.49395751953125,
      -1.5349360704421997,
      -1.499024510383606,
      -1.5139122009277344,
      -1.501747965812683,
      -1.479807734489441,
      -1.4868563413619995
    ],
    [
      -1.5398309230804443,
      -1.4994863271713257,
      -1.5998437404632568,
      -1.5325050354003906,
      -1.5346554517745972,
      -1.488882064819336,
      -1.4726459980010986,
      -1.5291024446487427,
      -1.546152114868164,
      -1.5918673276901245,
      -1.5025726556777954,
      -1.4757168292999268,
      -1.4996918439865112,
      -1.5379327535629272,
      -1.4856585264205933,
      -1.4862923622131348,
      -1.5146042108535767,
      -1.458427906036377,
      -1.644551396369934,
      -1.5811388492584229,
      -1.5509557723999023,
      -1.500555396080017,
      -1.5001882314682007,
      -1.5359606742858887,
      -1.4858492612838745,
      -1.5192925930023193,
      -1.4176921844482422,
      -1.5420387983322144,
      -1.5351829528808594,
      -1.557456374168396,
      -1.5395207405090332,
      -1.4419206380844116,
      -1.5019150972366333,
      -1.564260482788086,
      -1.459985375404358,
      -1.496367335319519,
      -1.5542765855789185,
      -1.5446447134017944,
      -1.4725396633148193,
      -1.53301203250885,
      -1.5862231254577637,
      -1.4983677864074707,
      -1.5444440841674805,
      -1.5493030548095703,
      -1.4915379285812378,
      -1.5558685064315796,
      -1.5063400268554688,
      -1.5566483736038208,
      -1.52328360080719,
      -1.533046841621399
    ],
    [
      -1.5580636262893677,
      -1.6256103515625,
      -1.463559865951538,
      -1.4359631538391113,
      -1.4416396617889404,
      -1.4844201803207397,
      -1.5069618225097656,
      -1.5550174713134766,
      -1.5126253366470337,
      -1.4621703624725342,
      -1.567609429359436,
      -1.4685359001159668,
      -1.524188756942749,
      -1.582131266593933,
      -1.4658551216125488,
      -1.6069971323013306,
      -1.5452927350997925,
      -1.6047738790512085,
      -1.6420764923095703,
      -1.4284517765045166,
      -1.4515868425369263,
      -1.4915869235992432,
      -1.6406861543655396,
      -1.489137887954712,
      -1.4237306118011475,
      -1.534592866897583,
      -1.6476168632507324,
      -1.4799386262893677,
      -1.539103627204895,
      -1.489985466003418,
      -1.4651180505752563,
      -1.442657232284546,
      -1.5010836124420166,
      -1.6125158071517944,
      -1.5583962202072144,
      -1.5113637447357178,
      -1.5130959749221802,
      -1.5898728370666504,
      -1.4422727823257446,
      -1.5003196001052856,
      -1.527506947517395,
      -1.5555928945541382,
      -1.5641028881072998,
      -1.5486630201339722,
      -1.4663141965866089,
      -1.4715272188186646,
      -1.461092233657837,
      -1.5846593379974365,
      -1.5255120992660522,
      -1.4592037200927734
    ],
    [
      -1.6610312461853027,
      -1.5386077165603638,
      -1.6432561874389648,
      -1.4926820993423462,
      -1.513608694076538,
      -1.472490668296814,
      -1.4617449045181274,
      -1.5034115314483643,
      -1.4715020656585693,
      -1.4581670761108398,
      -1.4782785177230835,
      -1.5722787380218506,
      -1.4427740573883057,
      -1.5673280954360962,
      -1.5276767015457153,
      -1.7526928186416626,
      -1.4886239767074585,
      -1.487642765045166,
      -1.4877376556396484,
      -1.472038745880127,
      -1.6569887399673462,
      -1.5566904544830322,
      -1.473807692527771,
      -2.416585922241211,
      -1.4374216794967651,
      -1.4782274961471558,
      -1.418986201286316,
      -1.5417637825012207,
      -1.5039424896240234,
      -1.5443520545959473,
      -1.493103265762329,
      -1.5218746662139893,
      -1.9675748348236084,
      -1.5413693189620972,
      -1.4605315923690796,
      -1.5023767948150635,
      -1.602109670639038,
      -1.5421884059906006,
      -1.5433955192565918,
      -1.4509081840515137,
      -1.4950809478759766,
      -1.486356496810913,
      -1.4435921907424927,
      -1.920342206954956,
      -1.4877285957336426,
      -1.4625883102416992,
      -1.4402331113815308,
      -1.560957431793213,
      -1.6717649698257446,
      -1.4910041093826294
    ],
    [
      -1.5128976106643677,
      -1.897860050201416,
      -1.6069107055664062,
      -1.5663048028945923,
      -1.486566185951233,
      -2.047332525253296,
      -1.4392348527908325,
      -2.4754467010498047,
      -1.3774731159210205,
      -1.5802980661392212,
      -1.7204604148864746,
      -2.2015058994293213,
      -1.5140243768692017,
      -1.4093014001846313,
      -1.4602254629135132,
      -1.4290745258331299,
      -1.38958740234375,
      -1.4306787252426147,
      -2.003864049911499,
      -1.7111554145812988,
      -1.3404396772384644,
      -2.222029685974121,
      -1.3829606771469116,
      -1.5467733144760132,
      -1.419055461883545,
      -1.4935978651046753,
      -1.5529037714004517,
      -1.553526520729065,
      -1.4426019191741943,
      -1.7197779417037964,
      -1.8106836080551147,
      -1.4489775896072388,
      -1.7802813053131104,
      -1.4106379747390747,
      -1.5929183959960938,
      -1.4517697095870972,
      -2.0091023445129395,
      -1.5831767320632935,
      -1.448660969734192,
      -1.3771214485168457,
