{
  "sigma_values": [
    0.0,
    0.01,
    0.02,
    0.03,
    0.05,
    0.07,
    0.1,
    0.12,
    0.15
  ],
  "metric_name": "quality_thermal_only",
  "per_trial": [
    [
      -0.27988606691360474,
      -0.279416561126709,
      -0.27844518423080444,
      -0.2793176770210266,
      -0.2792122960090637,
      -0.2790781259536743,
      -0.2791602611541748,
      -0.2790248394012451,
      -0.2794114351272583,
      -0.27919697761535645
    ],
    [
      -0.2794439494609833,
      -0.27944669127464294,
      -0.27959325909614563,
      -0.27905964851379395,
      -0.2800692617893219,
      -0.27892035245895386,
      -0.2784370481967926,
      -0.279365599155426,
      -0.2790728509426117,
      -0.27868980169296265
    ],
    [
      -0.279018759727478,
      -0.2784402668476105,
      -0.2796314060688019,
      -0.2789934575557709,
      -0.27934807538986206,
      -0.278931200504303,
      -0.2798466086387634,
      -0.2788392901420593,
      -0.2792454957962036,
      -0.27967479825019836
    ],
    [
      -0.2787979543209076,
      -0.2792244255542755,
      -0.27867943048477173,
      -0.27876201272010803,
      -0.2790397107601166,
      -0.2791935205459595,
      -0.27912279963493347,
      -0.2789912521839142,
      -0.27919629216194153,
      -0.2787765562534332
    ],
    [
      -0.28006815910339355,
      -0.27833905816078186,
      -0.28003135323524475,
      -0.2783311605453491,
      -0.27918583154678345,
      -0.2792321741580963,
      -0.27851662039756775,
      -0.2789011001586914,
      -0.278495192527771,
      -0.27937525510787964
    ],
    [
      -0.2790584862232208,
      -0.27927467226982117,
      -0.2794604003429413,
      -0.27968013286590576,
      -0.2793073058128357,
      -0.2789232134819031,
      -0.2787313163280487,
      -0.2797253429889679,
      -0.27918481826782227,
      -0.27906519174575806
    ],
    [
      -0.27968019247055054,
      -0.2786160111427307,
      -0.2798950672149658,
      -0.2793271541595459,
      -0.2791035771369934,
      -0.2796211242675781,
      -0.2792232632637024,
      -0.2796536087989807,
      -0.2790328562259674,
      -0.2789100706577301
    ],
    [
      -0.27966564893722534,
      -0.27938419580459595,
      -0.27895936369895935,
      -0.2795355021953583,
      -0.2794828414916992,
      -0.2792762815952301,
      -0.2793563902378082,
      -0.2795247435569763,
      -0.2797001898288727,
      -0.279471755027771
    ],
    [
      -0.2790864109992981,
      -0.27976906299591064,
      -0.27922186255455017,
      -0.27982568740844727,
      -0.2794572114944458,
      -0.2788776159286499,
      -0.2791510224342346,
      -0.27949681878089905,
      -0.2790956497192383,
      -0.27942925691604614
    ]
  ],
  "digital_baseline": -0.27933345437049867,
  "mean": [
    -0.27921494245529177,
    -0.2792098462581635,
    -0.2791969358921051,
    -0.2789783954620361,
    -0.2790475904941559,
    -0.27924108803272246,
    -0.2793062925338745,
    -0.27943569123744966,
    -0.279341059923172
  ],
  "std": [
    0.0003450981487381752,
    0.00044872666825856436,
    0.0004133541651285689,
    0.00019712068035915387,
    0.0006159315991027859,
    0.0003015351463725306,
    0.0003824754350458295,
    0.0002013693425118292,
    0.00029219103120241676
  ],
  "normalized_mean": [
    1.0004242668157095,
    1.0004425109502681,
    1.0004887294244837,
    1.0012710933936027,
    1.001023378588816,
    1.000330666937064,
    1.0000972380364728,
    0.9996339970549486,
    0.9999727724962609
  ],
  "normalized_std": [
    0.0012354343646946364,
    0.0016064193573584213,
    0.0014797875394484958,
    0.0007056823208068,
    0.002205004769267037,
    0.0010794809631809598,
    0.0013692432075770155,
    0.0007208923219226708,
    0.0010460294913865356
  ],
  "degradation_threshold_10pct": 0.15
}