{
  "sigma_values": [
    0.0,
    0.01,
    0.02,
    0.03,
    0.05,
    0.07,
    0.1,
    0.12,
    0.15
  ],
  "metric_name": "quality_thermal_only",
  "per_trial": [
    [
      -1.3303289413452148,
      -1.360417127609253,
      -1.344102144241333,
      -1.3264427185058594,
      -1.3449968099594116,
      -1.3340802192687988,
      -1.405975103378296,
      -1.3437477350234985,
      -1.3949525356292725,
      -1.342692255973816
    ],
    [
      -1.3524119853973389,
      -1.343446969985962,
      -1.31776762008667,
      -1.3554197549819946,
      -1.3549166917800903,
      -1.3485244512557983,
      -1.3489550352096558,
      -1.3154597282409668,
      -1.3294520378112793,
      -1.3438329696655273
    ],
    [
      -1.3560274839401245,
      -1.3443464040756226,
      -1.3752293586730957,
      -1.3480867147445679,
      -1.3663510084152222,
      -1.3586137294769287,
      -1.355055809020996,
      -1.3493016958236694,
      -1.3486003875732422,
      -1.3502833843231201
    ],
    [
      -1.3493162393569946,
      -1.3989895582199097,
      -1.3461480140686035,
      -1.3806241750717163,
      -1.3591434955596924,
      -1.3251806497573853,
      -1.3407937288284302,
      -1.3434116840362549,
      -1.343282699584961,
      -1.3464024066925049
    ],
    [
      -1.3475245237350464,
      -1.33861243724823,
      -1.3077553510665894,
      -1.3241262435913086,
      -1.3370682001113892,
      -1.3806889057159424,
      -1.3703609704971313,
      -1.3225244283676147,
      -1.3500808477401733,
      -1.3611931800842285
    ],
    [
      -1.359346628189087,
      -1.3696539402008057,
      -1.3489947319030762,
      -1.3551076650619507,
      -1.341094970703125,
      -1.3466368913650513,
      -1.3641552925109863,
      -1.363208532333374,
      -1.344618797302246,
      -1.3258061408996582
    ],
    [
      -1.381419062614441,
      -1.3285168409347534,
      -1.3275179862976074,
      -1.361226201057434,
      -1.3344324827194214,
      -1.3155887126922607,
      -1.3517168760299683,
      -1.330818772315979,
      -1.3835444450378418,
      -1.3098363876342773
    ],
    [
      -1.3562562465667725,
      -1.3182220458984375,
      -1.3476423025131226,
      -1.3745771646499634,
      -1.3489799499511719,
      -1.3401374816894531,
      -1.346899390220642,
      -1.3340721130371094,
      -1.3593966960906982,
      -1.3644731044769287
    ],
    [
      -1.3340765237808228,
      -1.3331778049468994,
      -1.337532877922058,
      -1.3253045082092285,
      -1.3533624410629272,
      -1.3491636514663696,
      -1.330352544784546,
      -1.3523178100585938,
      -1.3519103527069092,
      -1.3250930309295654
    ]
  ],
  "digital_baseline": -1.3556140542030335,
  "mean": [
    -1.3527735590934753,
    -1.3410187244415284,
    -1.355189597606659,
    -1.3533292651176452,
    -1.3439935088157653,
    -1.351862359046936,
    -1.3424617767333984,
    -1.34906564950943,
    -1.339229154586792
  ],
  "std": [
    0.025560083991712522,
    0.014110815951975287,
    0.008993306081492645,
    0.020317755711476312,
    0.02152416594010533,
    0.012433019173314845,
    0.024591870704572798,
    0.015196165383146871,
    0.010812656770064103
  ],
  "normalized_mean": [
    1.0020953567873918,
    1.01076658191633,
    1.0003131102064473,
    1.001685427410777,
    1.0085721635529221,
    1.0027675245358112,
    1.0097020810818957,
    1.0048305818852352,
    1.0120866994300042
  ],
  "normalized_std": [
    0.01885498598400067,
    0.010409169120241268,
    0.006634119831975198,
    0.014987861514478866,
    0.015877797868331635,
    0.009171503596297714,
    0.018140761102562023,
    0.01120980218228905,
    0.007976205865186955
  ],
  "degradation_threshold_10pct": 0.15
}