{
  "sigma_values": [
    0.0,
    0.01,
    0.02,
    0.03,
    0.05,
    0.07,
    0.1,
    0.12,
    0.15
  ],
  "metric_name": "quality_quantization_only",
  "per_trial": [
    [
      -1.3580572605133057,
      -1.2995539903640747,
      -1.3309601545333862,
      -1.3254797458648682,
      -1.3550201654434204,
      -1.3657809495925903,
      -1.345813274383545,
      -1.342713713645935,
      -1.3833016157150269,
      -1.3484452962875366,
      -1.3616416454315186,
      -1.3319023847579956,
      -1.3321726322174072,
      -1.3530999422073364,
      -1.3573108911514282,
      -1.3179481029510498,
      -1.3161814212799072,
      -1.3318250179290771,
      -1.3634995222091675,
      -1.3079873323440552
    ],
    [
      -1.331932783126831,
      -1.3652883768081665,
      -1.365761637687683,
      -1.3374639749526978,
      -1.3396780490875244,
      -1.3673248291015625,
      -1.3699238300323486,
      -1.3820539712905884,
      -1.3235520124435425,
      -1.3926752805709839,
      -1.3630812168121338,
      -1.3700549602508545,
      -1.3712947368621826,
      -1.338371753692627,
      -1.3541414737701416,
      -1.3460087776184082,
      -1.3339914083480835,
      -1.3399076461791992,
      -1.3256179094314575,
      -1.35260009765625
    ],
    [
      -1.3752317428588867,
      -1.3338466882705688,
      -1.3873318433761597,
      -1.3619965314865112,
      -1.334094524383545,
      -1.3475759029388428,
      -1.3513532876968384,
      -1.3565396070480347,
      -1.339750051498413,
      -1.3351446390151978,
      -1.3971726894378662,
      -1.3189424276351929,
      -1.3509293794631958,
      -1.3419770002365112,
      -1.3469079732894897,
      -1.3644018173217773,
      -1.365912914276123,
      -1.3211846351623535,
      -1.3590209484100342,
      -1.385949730873108
    ],
    [
      -1.3654613494873047,
      -1.3581998348236084,
      -1.3115487098693848,
      -1.3578689098358154,
      -1.3616405725479126,
      -1.3434526920318604,
      -1.3448264598846436,
      -1.342562198638916,
      -1.3267245292663574,
      -1.3265478610992432,
      -1.3545544147491455,
      -1.39766526222229,
      -1.3514728546142578,
      -1.3504289388656616,
      -1.356923222541809,
      -1.347358226776123,
      -1.3500765562057495,
      -1.3372175693511963,
      -1.3050378561019897,
      -1.3425960540771484
    ],
    [
      -1.3686246871948242,
      -1.3782992362976074,
      -1.3053606748580933,
      -1.34916353225708,
      -1.369274377822876,
      -1.3377020359039307,
      -1.3631924390792847,
      -1.3619680404663086,
      -1.352014183998108,
      -1.370396375656128,
      -1.3284968137741089,
      -1.350512981414795,
      -1.353412389755249,
      -1.3949511051177979,
      -1.3801944255828857,
      -1.3295201063156128,
      -1.3548455238342285,
      -1.3498492240905762,
      -1.364157795906067,
      -1.3605483770370483
    ],
    [
      -1.3503676652908325,
      -1.3458843231201172,
      -1.3577021360397339,
      -1.3553963899612427,
      -1.3509844541549683,
      -1.3590595722198486,
      -1.3224904537200928,
      -1.3661458492279053,
      -1.3524365425109863,
      -1.3311971426010132,
      -1.331954002380371,
      -1.3435415029525757,
      -1.3090263605117798,
      -1.3545589447021484,
      -1.3657293319702148,
      -1.3563687801361084,
      -1.3471910953521729,
      -1.3659571409225464,
      -1.3272132873535156,
      -1.3564430475234985
    ],
    [
      -1.3773744106292725,
      -1.3250538110733032,
      -1.333907127380371,
      -1.3419731855392456,
      -1.3322100639343262,
      -1.3831161260604858,
      -1.3289425373077393,
      -1.364856481552124,
      -1.3623942136764526,
      -1.3369462490081787,
      -1.3021795749664307,
      -1.367445945739746,
      -1.3273541927337646,
      -1.367048978805542,
      -1.3509843349456787,
      -1.3560011386871338,
      -1.367910385131836,
      -1.3668770790100098,
      -1.3642959594726562,
      -1.351322889328003
    ],
    [
      -1.3264793157577515,
      -1.3571490049362183,
      -1.3473467826843262,
      -1.3437224626541138,
      -1.3447703123092651,
      -1.3678094148635864,
      -1.3310253620147705,
      -1.3553898334503174,
      -1.327001929283142,
      -1.3578596115112305,
      -1.3835936784744263,
      -1.3406082391738892,
      -1.3601138591766357,
      -1.345288872718811,
      -1.3350417613983154,
      -1.3461768627166748,
      -1.3524701595306396,
      -1.340010643005371,
      -1.3409574031829834,
      -1.3567123413085938
    ],
    [
      -1.365858554840088,
      -1.378015160560608,
      -1.342504858970642,
      -1.32989501953125,
      -1.35711669921875,
      -1.3409453630447388,
      -1.3362632989883423,
      -1.3496885299682617,
      -1.3886600732803345,
      -1.354962706565857,
      -1.356080412864685,
      -1.354447603225708,
      -1.312288761138916,
      -1.3303879499435425,
      -1.3515064716339111,
      -1.3239693641662598,
      -1.3436003923416138,
      -1.3306636810302734,
      -1.3599086999893188,
      -1.3628239631652832
    ]
  ],
  "digital_baseline": -1.2834010422229767,
  "ideal_analog_baseline": -1.353048998117447,
  "mean": [
    -1.3414347529411317,
    -1.3535362362861634,
    -1.3537632167339324,
    -1.3466082036495208,
    -1.3561242163181304,
    -1.3474824011325837,
    -1.350409734249115,
    -1.3479763925075532,
    -1.3484793782234192
  ],
  "std": [
    0.021041696272890157,
    0.019002480604258683,
    0.020869195587043594,
    0.01944045489878196,
    0.019763980403025815,
    0.015193713470207405,
    0.020416183307444862,
    0.013611536577907642,
    0.018044407405838788
  ],
  "normalized_mean": [
    0.9547813124589373,
    0.9453520826648967,
    0.9451752241146061,
    0.9507502648454584,
    0.9433355812387451,
    0.9500691079394701,
    0.9477881894890215,
    0.9496841999031529,
    0.949292283659268
  ],
  "normalized_std": [
    0.016395261949019357,
    0.014806346558161211,
    0.01626085292162152,
    0.015147607224246276,
    0.015399691719739185,
    0.011838632641197175,
    0.015907874963294426,
    0.010605832573060034,
    0.014059835399996327
  ],
  "degradation_threshold_10pct": 0.15,
  "trial_seeds": {
    "digital_baseline": [
      101040345,
      101040346,
      101040347,
      101040348,
      101040349,
      101040350,
      101040351,
      101040352,
      101040353,
      101040354,
      101040355,
      101040356,
      101040357,
      101040358,
      101040359,
      101040360,
      101040361,
      101040362,
      101040363,
      101040364
    ],
    "ideal_analog_baseline": [
      202040648,
      202040649,
      202040650,
      202040651,
      202040652,
      202040653,
      202040654,
      202040655,
      202040656,
      202040657,
      202040658,
      202040659,
      202040660,
      202040661,
      202040662,
      202040663,
      202040664,
      202040665,
      202040666,
      202040667
    ],
    "per_trial": [
      [
        707122219,
        707122220,
        707122221,
        707122222,
        707122223,
        707122224,
        707122225,
        707122226,
        707122227,
        707122228,
        707122229,
        707122230,
        707122231,
        707122232,
        707122233,
        707122234,
        707122235,
        707122236,
        707122237,
        707122238
      ]
    ]
  },
  "metadata": {
    "arch": "ebm",
    "analog_domain": "conservative",
    "analog_substrate": "classic",
    "seed": 40042,
    "pilot_profile_path": "/workspace/NEW_ACTUAL_RUNS/5-14/945/experiments/cross_arch_tolerance/results/profiles/ebm_profile_pcm.json",
    "dynamics_diagnostics": {},
    "calibration": "tensor sample_input",
    "ablation_noise": "quantization"
  },