{
  "sigma_values": [
    0.0,
    0.01,
    0.02,
    0.03,
    0.05,
    0.07,
    0.1,
    0.12,
    0.15
  ],
  "metric_name": "quality_quantization_only",
  "per_trial": [
    [
      -0.1017204076051712,
      -0.09984338283538818,
      -0.10027599334716797,
      -0.10171321034431458,
      -0.09993242472410202,
      -0.10187812149524689,
      -0.09891971945762634,
      -0.09945584833621979,
      -0.10176490992307663,
      -0.09967295825481415
    ],
    [
      -0.10029914975166321,
      -0.10146402567625046,
      -0.1018090546131134,
      -0.09990189969539642,
      -0.10105227679014206,
      -0.10052331537008286,
      -0.09827610850334167,
      -0.09991265088319778,
      -0.10079645365476608,
      -0.10053732991218567
    ],
    [
      -0.09874320775270462,
      -0.10054269433021545,
      -0.10064501315355301,
      -0.1015913113951683,
      -0.09950815886259079,
      -0.10107995569705963,
      -0.10015366971492767,
      -0.09997756034135818,
      -0.10061799734830856,
      -0.100829117000103
    ],
    [
      -0.1004110723733902,
      -0.10024776309728622,
      -0.09972880780696869,
      -0.1001853495836258,
      -0.10096852481365204,
      -0.10060296207666397,
      -0.10012077540159225,
      -0.1009562760591507,
      -0.09994443506002426,
      -0.1011100560426712
    ],
    [
      -0.09982175379991531,
      -0.10306616872549057,
      -0.10085907578468323,
      -0.1000967025756836,
      -0.0995565801858902,
      -0.1002674400806427,
      -0.10084643214941025,
      -0.1001240536570549,
      -0.09911053627729416,
      -0.1010536476969719
    ],
    [
      -0.09997708350419998,
      -0.10191227495670319,
      -0.10173674672842026,
      -0.10157201439142227,
      -0.09964615851640701,
      -0.10130314528942108,
      -0.10119310766458511,
      -0.09962259232997894,
      -0.0995812714099884,
      -0.10146024078130722
    ],
    [
      -0.10184966027736664,
      -0.10076051205396652,
      -0.1034572497010231,
      -0.0996178537607193,
      -0.0990840494632721,
      -0.09958548843860626,
      -0.10167739540338516,
      -0.09932691603899002,
      -0.10150376707315445,
      -0.1016196757555008
    ],
    [
      -0.10013388097286224,
      -0.09995618462562561,
      -0.09981121122837067,
      -0.10052641481161118,
      -0.10308830440044403,
      -0.09980004280805588,
      -0.10067443549633026,
      -0.1012103334069252,
      -0.09957850724458694,
      -0.10025331377983093
    ],
    [
      -0.09967745095491409,
      -0.1007641851902008,
      -0.1008007675409317,
      -0.10050705820322037,
      -0.09980299323797226,
      -0.09958063811063766,
      -0.1004188135266304,
      -0.10152442008256912,
      -0.10011930763721466,
      -0.10231383144855499
    ]
  ],
  "digital_baseline": -0.10121899843215942,
  "mean": [
    -0.10051769763231277,
    -0.10045722648501396,
    -0.10036886855959892,
    -0.10042760223150253,
    -0.10048023909330368,
    -0.10080046355724334,
    -0.10084825679659844,
    -0.10050326287746429,
    -0.1005509465932846
  ],
  "std": [
    0.0010738883593103348,
    0.0009331796435018334,
    0.0007722307508092698,
    0.00044449927989907955,
    0.0010380525174879078,
    0.0009183893900521893,
    0.0013440604369205677,
    0.0009766812978001633,
    0.0008144273928555258
  ],
  "normalized_mean": [
    1.0069285490936435,
    1.007525977918622,
    1.0083989160703886,
    1.0078186527521047,
    1.0072986232851422,
    1.0041349438484772,
    1.0036627672798943,
    1.0070711582388838,
    1.0066000637155343
  ],
  "normalized_std": [
    0.01060955330466042,
    0.009219411947918884,
    0.007629306382900503,
    0.004391460958754683,
    0.01025551066071502,
    0.009073290629996962,
    0.013278736776094507,
    0.009649189509168774,
    0.008046190986580291
  ],
  "degradation_threshold_10pct": 0.15
}