{
  "sigma_values": [
    0.0,
    0.01,
    0.02,
    0.03,
    0.05,
    0.07,
    0.1,
    0.12,
    0.15
  ],
  "metric_name": "output_mse",
  "per_trial": [
    [
      -2.172352196794236e-06,
      -2.5175506834784755e-06,
      -2.020363353949506e-06,
      -1.9966062154708197e-06,
      -2.089281679218402e-06,
      -2.4192618184315506e-06,
      -2.04750517696084e-06,
      -2.404664883215446e-06,
      -2.020814463321585e-06,
      -1.7978455844058772e-06,
      -1.9933438579755602e-06,
      -2.1405896859505447e-06,
      -1.8240226609123056e-06,
      -2.020219199039275e-06,
      -1.6981538237814675e-06,
      -2.021371983573772e-06,
      -2.642914978423505e-06,
      -2.01524062504177e-06,
      -2.1521032067539636e-06,
      -1.6029948710638564e-06,
      -2.181915306209703e-06,
      -1.5626493450326961e-06,
      -2.450594365654979e-06,
      -1.8456386214893428e-06,
      -2.4712630875001196e-06,
      -2.27732994062535e-06,
      -2.0002682958875084e-06,
      -2.264164095322485e-06,
      -2.1976366042508744e-06,
      -1.7980423763219733e-06,
      -2.2296994757198263e-06,
      -1.5757024129925412e-06,
      -2.5941426429199055e-06,
      -2.550823410274461e-06,
      -2.5521117095195223e-06,
      -2.746514383034082e-06,
      -1.7474571905040648e-06,
      -2.325015429960331e-06,
      -2.017427050304832e-06,
      -2.20468291445286e-06,
      -2.4831742848618887e-06,
      -2.2064702989155194e-06,
      -1.9911437902919715e-06,
      -2.016302687479765e-06,
      -1.9274730220786296e-06,
      -2.1953958366793813e-06,
      -2.184058530474431e-06,
      -1.6302915355481673e-06,
      -2.6994134714186657e-06,
      -1.997558001676225e-06
    ],
    [
      -4.654013082472375e-06,
      -3.6824167182203382e-06,
      -1.0112776180903893e-05,
      -4.151910616201349e-06,
      -5.820910246256972e-06,
      -4.147797881159931e-06,
      -7.447602001775522e-06,
      -4.426090072229272e-06,
      -6.210147603269434e-06,
      -2.977222493427689e-06,
      -3.709658358275192e-06,
      -3.5397024475969374e-06,
      -6.310744993243134e-06,
      -3.8878802115505096e-06,
      -9.75501552602509e-06,
      -8.095590601442382e-06,
      -8.493309906043578e-06,
      -3.7980355500621954e-06,
      -8.503476237819996e-06,
      -4.577053459797753e-06,
      -5.379952654038789e-06,
      -3.172370043103001e-06,
      -3.912946340278722e-06,
      -1.1820315194199793e-05,
      -2.5512608772260137e-06,
      -4.2689061956480145e-06,
      -6.308107003860641e-06,
      -5.056036570749711e-06,
      -7.4990512075601146e-06,
      -3.3676990369713167e-06,
      -7.2309676397708245e-06,
      -7.317652944038855e-06,
      -3.853113412333187e-06,
      -4.811779945157468e-06,
      -4.868998075835407e-06,
      -5.896020866202889e-06,
      -4.024560439574998e-06,
      -6.122957529441919e-06,
      -6.786851372453384e-06,
      -3.3537801300553838e-06,
      -4.176183665549615e-06,
      -5.663581760018133e-06,
      -6.341520474961726e-06,
      -4.41789688920835e-06,
      -6.508426395157585e-06,
      -9.869965651887469e-06,
      -4.701854777522385e-06,
      -4.75628030471853e-06,
      -1.5872255971771665e-05,
      -1.4928422388038598e-05
    ],
    [
      -2.3620150386705063e-05,
      -1.7458602087572217e-05,
      -8.118926416500472e-06,
      -1.233087732543936e-05,
      -1.095320658350829e-05,
      -1.1178346539963968e-05,
      -5.916085228818702e-06,
      -7.56941562940483e-06,
      -7.394743079203181e-06,
      -6.279995886870893e-06,
      -2.6162750145886093e-05,
      -9.994852916861419e-06,
      -8.742646969039924e-06,
      -1.291938497161027e-05,
      -8.811227417027112e-06,
      -8.559588422940578e-06,
      -2.3168713596533053e-05,
      -8.7763382907724e-06,
      -1.8242084479425102e-05,
      -1.0306210242561065e-05,
      -1.5722289390396327e-05,
      -8.40506618260406e-06,
      -1.2729746231343597e-05,
      -1.1590179383347277e-05,
      -1.0622990885167383e-05,
      -7.558655852335505e-06,
      -1.473884822189575e-05,
      -1.587139195180498e-05,
      -2.1519528672797605e-05,
      -2.521361420804169e-05,
      -1.962944406841416e-05,
      -1.7438218492316082e-05,
      -5.900700489291921e-05,
      -1.3882916391594335e-05,
      -1.7287708033109084e-05,
      -6.342015694826841e-05,
      -1.4384042515303008e-05,
      -1.1789622476499062e-05,
      -1.3474576007865835e-05,
      -1.4388538147613872e-05,
      -2.5422479666303843e-05,
      -1.9724164303625003e-05,
      -4.275288665667176e-05,
      -2.7869396944879554e-05,
      -1.0377869330113754e-05,
      -6.543237304867944e-06,
      -3.6243520298739895e-05,
      -2.1100144294905476e-05,
      -1.2300078196858522e-05,
      -1.52479133248562e-05
    ],
    [
      -2.2459520550910383e-05,
      -2.962016333185602e-05,
      -1.3757736269326415e-05,
      -6.233288149815053e-05,
      -2.839244007191155e-05,
      -2.993050657096319e-05,
      -1.5801326298969798e-05,
      -1.555771814309992e-05,
      -4.0258299122797325e-05,
      -1.8077927961712703e-05,
      -5.948206307948567e-05,
      -2.848426447599195e-05,
      -4.2960244172718376e-05,
      -1.682384572632145e-05,
      -1.4525190636049956e-05,
      -1.590310967003461e-05,
      -3.4875349228968844e-05,
      -1.0455859410285484e-05,
      -4.777350477525033e-05,
      -2.6633340894477442e-05,
      -1.807570515666157e-05,
      -4.4324478949420154e-05,
      -5.104962838231586e-05,
      -3.824635496130213e-05,
      -6.452372326748446e-05,
      -3.236570046283305e-05,
      -1.2103811059205327e-05,
      -1.8578197341412306e-05,
      -7.601117249578238e-05,
      -2.2024361896910705e-05,
      -5.9202393458690494e-05,
      -2.986999425047543e-05,
      -6.163578655105084e-05,
      -8.874967898009345e-05,
      -1.9639548554550856e-05,
      -1.3356007912079804e-05,
      -1.7131887943833135e-05,
      -4.782350151799619e-05,
      -2.5745337552507408e-05,
      -6.88165018800646e-05,
      -2.8471642508520745e-05,
      -4.6751363697694615e-05,
      -6.159784970805049e-05,
      -2.7793053959612735e-05,
      -1.861971031758003e-05,
      -2.2092081053415313e-05,
      -1.8816675947164185e-05,
      -4.874534351984039e-05,
      -1.632304338272661e-05,
      -2.459252209519036e-05
    ],
    [
      -8.36549952509813e-05,
      -0.00016064364172052592,
      -3.563127393135801e-05,
      -8.48624185891822e-05,
      -0.00016834390407893807,
      -9.275661432184279e-05,
      -6.730575114488602e-05,
      -7.82818315201439e-05,
      -4.619695755536668e-05,
      -0.0002650387759786099,
      -0.0001450183626729995,
      -0.00016309862257912755,
      -0.00017589618801139295,
      -9.057038550963625e-05,
      -0.0001620090624783188,
      -0.00014949370233807713,
      -0.00013837357982993126,
      -8.851182064972818e-05,
      -0.0001122613248298876,
      -3.3465421438449994e-05,
      -0.00014619508874602616,
      -4.2316220060456544e-05,
      -5.0342550821369514e-05,
      -0.00014783311053179204,
      -5.575536852120422e-05,
      -3.8022113585611805e-05,
      -6.184836092870682e-05,
      -0.00019054632866755128,
      -0.00011878895747940987,
      -4.3048745283158496e-05,
      -0.00012146054359618574,
      -5.628334474749863e-05,
      -7.254469528561458e-05,
      -7.104306860128418e-05,
      -0.00011378191265976056,
      -0.0001364967756671831,
      -8.731653360882774e-05,
      -0.00022878445452079177,
      -0.0001232030481332913,
      -0.0002131064684363082,
      -5.437375875771977e-05,
      -5.103011062601581e-05,
      -0.00010584246047073975,
      -3.722040491993539e-05,
      -6.56762276776135e-05,
      -0.00014970643678680062,
      -8.905572030926123e-05,
      -7.822579937055707e-05,
      -5.0899048801511526e-05,
      -4.380440805107355e-05
    ],
    [
      -7.708917109994218e-05,
      -0.00045335505274124444,
      -0.0001299690775340423,
      -0.0001418024330632761,
      -0.00024230443523265421,
