{
  "sigma_values": [
    2.0,
    4.0,
    6.0,
    8.0,
    10.0,
    12.0,
    16.0
  ],
  "metric_name": "quality_vs_adc_bits_sigma0.050",
  "per_trial": [
    [
      -3.9999797344207764,
      -3.995518445968628,
      -3.9958271980285645,
      -3.9811296463012695,
      -3.990204334259033,
      -3.9905941486358643,
      -3.988652229309082,
      -3.991178512573242,
      -3.988509178161621,
      -3.982618570327759,
      -3.9842565059661865,
      -3.994117259979248,
      -3.991262674331665,
      -3.9986464977264404,
      -3.9975712299346924,
      -3.9921908378601074,
      -3.9977922439575195,
      -3.988152027130127,
      -3.9849369525909424,
      -3.9871740341186523,
      -3.9975178241729736,
      -3.9886748790740967,
      -3.991018295288086,
      -3.9950451850891113,
      -3.988562822341919
    ],
    [
      -1.4254803657531738,
      -1.417785882949829,
      -1.3999531269073486,
      -1.4359031915664673,
      -1.4271034002304077,
      -1.4449334144592285,
      -1.429671287536621,
      -1.4428930282592773,
      -1.444810152053833,
      -1.4260129928588867,
      -1.4017269611358643,
      -1.4188295602798462,
      -1.445549726486206,
      -1.4195730686187744,
      -1.4031622409820557,
      -1.4170571565628052,
      -1.4008501768112183,
      -1.4080888032913208,
      -1.4220560789108276,
      -1.4407163858413696,
      -1.4113222360610962,
      -1.4031755924224854,
      -1.4098559617996216,
      -1.3966829776763916,
      -1.4278244972229004
    ],
    [
      -1.4828603267669678,
      -1.5234543085098267,
      -1.5282232761383057,
      -1.5082179307937622,
      -1.5153143405914307,
      -1.5392436981201172,
      -1.5202745199203491,
      -1.5008702278137207,
      -1.4861482381820679,
      -1.5233237743377686,
      -1.5045629739761353,
      -1.4830251932144165,
      -1.495534062385559,
      -1.4963613748550415,
      -1.5321884155273438,
      -1.4962393045425415,
      -1.5047520399093628,
      -1.5153372287750244,
      -1.4763232469558716,
      -1.4871450662612915,
      -1.5006393194198608,
      -1.5285508632659912,
      -1.500797986984253,
      -1.520941138267517,
      -1.5060113668441772
    ],
    [
      -1.4939608573913574,
      -1.5123977661132812,
      -1.5394140481948853,
      -1.5225317478179932,
      -1.4917757511138916,
      -1.5339274406433105,
      -1.5131182670593262,
      -1.5425548553466797,
      -1.5196375846862793,
      -1.538710594177246,
      -1.5114960670471191,
      -1.5178494453430176,
      -1.518462061882019,
      -1.5159194469451904,
      -1.5045117139816284,
      -1.523765206336975,
      -1.4970204830169678,
      -1.5253335237503052,
      -1.4830694198608398,
      -1.5141080617904663,
      -1.4857177734375,
      -1.5014476776123047,
      -1.4807745218276978,
      -1.5222036838531494,
      -1.4769527912139893
    ],
    [
      -1.5053259134292603,
      -1.5159412622451782,
      -1.4743008613586426,
      -1.4984594583511353,
      -1.5168304443359375,
      -1.5111515522003174,
      -1.4826488494873047,
      -1.5210703611373901,
      -1.511877417564392,
      -1.553100824356079,
      -1.4918477535247803,
      -1.5429630279541016,
      -1.4766221046447754,
      -1.5234448909759521,
      -1.540651798248291,
      -1.5141955614089966,
      -1.5318197011947632,
      -1.5331798791885376,
      -1.5071924924850464,
      -1.4931309223175049,
      -1.5041675567626953,
      -1.4970061779022217,
      -1.5306237936019897,
      -1.5300952196121216,
      -1.4991289377212524
    ],
    [
      -1.5049984455108643,
      -1.5063695907592773,
      -1.507483959197998,
      -1.5007402896881104,
      -1.5094889402389526,
      -1.5199759006500244,
      -1.5189529657363892,
      -1.5046992301940918,
      -1.5211641788482666,
      -1.4954534769058228,
      -1.525992751121521,
      -1.4791637659072876,
      -1.4866663217544556,
      -1.4666593074798584,
      -1.510144829750061,
      -1.5025722980499268,
      -1.5133286714553833,
      -1.493783950805664,
      -1.5069445371627808,
      -1.485345482826233,
      -1.5437664985656738,
      -1.5111254453659058,
      -1.509291648864746,
      -1.5242186784744263,
      -1.4800668954849243
    ],
    [
      -1.5333044528961182,
      -1.5252785682678223,
      -1.4979979991912842,
      -1.5038321018218994,
      -1.488629698753357,
      -1.4886960983276367,
      -1.5148998498916626,
      -1.5179617404937744,
      -1.4610875844955444,
      -1.4839091300964355,
      -1.548664927482605,
      -1.4991466999053955,
      -1.5627909898757935,
      -1.4694842100143433,
      -1.4790494441986084,
      -1.5191097259521484,
      -1.498473882675171,
      -1.51384699344635,
      -1.461751937866211,
      -1.4744529724121094,
      -1.5372288227081299,
      -1.5328627824783325,
      -1.48543381690979,
      -1.500416874885559,
      -1.5180912017822266
    ]
  ],
  "digital_baseline": -1.5018137502670288,
  "mean": [
    -3.9912452507019043,
    -1.4208407306671142,
    -1.5070536088943483,
    -1.5114664316177369,
    -1.5122710704803466,
    -1.5051359224319458,
    -1.5046561002731322
  ],
  "std": [
    0.0050486963135016275,
    0.015365009614456747,
    0.016796794045452403,
    0.018348412230990038,
    0.020238318771304813,
    0.016612161425134796,
    0.026200717613809342
  ],
  "normalized_mean": [
    -0.657616665177186,
    1.0539168186371428,
    0.99651097972276,
    0.993572650837035,
    0.9930368727736988,
    0.9977878933627247,
    0.998107388479032
  ],
  "normalized_std": [
    0.003361732646677358,
    0.010230968794715578,
    0.011184338965111926,
    0.012217501822531332,
    0.013475917881099675,
    0.011061399206247168,
    0.017446049890774234
  ],
  "degradation_threshold_10pct": 16.0
}