{
  "sigma_values": [
    0.0,
    0.01,
    0.02,
    0.03,
    0.05,
    0.07,
    0.1,
    0.12,
    0.15
  ],
  "metric_name": "quality_mismatch_only",
  "per_trial": [
    [
      -0.22285379093903085,
      -0.22285379093903085,
      -0.22285379093903085,
      -0.22285379093903085,
      -0.22285379093903085,
      -0.22285379093903085,
      -0.22285379093903085,
      -0.22285379093903085,
      -0.22285379093903085,
      -0.22285379093903085
    ],
    [
      -0.23568500374273926,
      -0.2287465282474322,
      -0.2178319528492429,
      -0.2136919276233375,
      -0.22009167826788406,
      -0.21557492755513297,
      -0.22426593281402876,
      -0.21427512024736245,
      -0.21528898869260263,
      -0.21743232439850124
    ],
    [
      -0.2254924078741398,
      -0.2306213136922307,
      -0.23119409644310487,
      -0.2203239552099911,
      -0.222328877910666,
      -0.20456927645342224,
      -0.22811578206172783,
      -0.21055204217915363,
      -0.22126864432236917,
      -0.23474045504429156
    ],
    [
      -0.22552674211112161,
      -0.1954573920052385,
      -0.23349657387410372,
      -0.24032876758240349,
      -0.2425692460518124,
      -0.21815590084407982,
      -0.22321636118772237,
      -0.19743558450549067,
      -0.22500465173721163,
      -0.2323563589881592
    ],
    [
      -0.23056793277317159,
      -0.228257521873847,
      -0.22025603252877624,
      -0.26806340420337155,
      -0.27925802805967803,
      -0.25015414764106836,
      -0.2229860705494702,
      -0.2163321056896026,
      -0.2733073541019538,
      -0.21387498691040158
    ],
    [
      -0.2714803235266265,
      -0.24768125869145996,
      -0.23823347248098112,
      -0.3055869872039678,
      -0.16407398380341345,
      -0.24955295725886906,
      -0.21505863012502363,
      -0.17927401138530258,
      -0.245992913770816,
      -0.24311158817439896
    ],
    [
      -0.2195133751978843,
      -0.2094549587977676,
      -0.31219701652651066,
      -0.26502512974565257,
      -0.24259111409135972,
      -0.3689896749846369,
      -0.23281686271790064,
      -0.2640203909306578,
      -0.2577110879702872,
      -0.2138987801883059
    ],
    [
      -0.3122386249183092,
      -0.25124378543550907,
      -0.2703722762365055,
      -0.3206714356779461,
      -0.2539264874648002,
      -0.23244897228742523,
      -0.29910713986784687,
      -0.23983657765053037,
      -0.2271601477025319,
      -0.339690437563419
    ],
    [
      -0.2682404374813683,
      -0.283258877403435,
      -0.24339574126840127,
      -0.14432037791223554,
      -0.26207810199389653,
      -0.40240972508969297,
      -0.22201062392619575,
      -0.33949255336609807,
      -0.3422196176380056,
      -0.42960362275665986
    ]
  ],
  "digital_baseline": -0.22285379093903085,
  "mean": [
    -0.22285379093903085,
    -0.2202884384438264,
    -0.22292068511910973,
    -0.22335475788873432,
    -0.24030575843313412,
    -0.2360046126420859,
    -0.2586218391150963,
    -0.27466958848048234,
    -0.2937029678835989
  ],
  "std": [
    0.0,
    0.0068229760700684785,
    0.008947842061589592,
    0.01525041743620001,
    0.023851902132950055,
    0.039251099808509354,
    0.046895865287849066,
    0.03821398251494752,
    0.08153527919900583
  ],
  "normalized_mean": [
    1.0,
    1.0115113702324512,
    0.9996998292925734,
    0.9977520375687011,
    0.9216887115962149,
    0.9409890150504423,
    0.8394999339012771,
    0.767489719052491,
    0.6820822448384949
  ],
  "normalized_std": [
    0.0,
    0.030616378753615787,
    0.04015117725341982,
    0.06843238955882189,
    0.10702937577344397,
    0.17612937901176567,
    0.21043332980895535,
    0.17147557757005913,
    0.3658689352128299
  ],
  "degradation_threshold_10pct": 0.07
}