{
  "sigma_values": [
    0.0,
    0.01,
    0.02,
    0.03,
    0.05,
    0.07,
    0.1,
    0.12,
    0.15
  ],
  "metric_name": "output_mse",
  "per_trial": [
    [
      -0.026967709884047508,
      -0.032547727227211,
      -0.03248456120491028,
      -0.02634148858487606,
      -0.02682875655591488,
      -0.02809310518205166,
      -0.028509171679615974,
      -0.0306470338255167,
      -0.028459785506129265,
      -0.02771575376391411,
      -0.03830089792609215,
      -0.030718496069312096,
      -0.029859034344553947,
      -0.02853095345199108,
      -0.030909456312656403,
      -0.028020229190587997,
      -0.03038180060684681,
      -0.03176218643784523,
      -0.029886214062571526,
      -0.03252672031521797,
      -0.025490079075098038,
      -0.026238789781928062,
      -0.030695751309394836,
      -0.030377978459000587,
      -0.028511609882116318,
      -0.024099716916680336,
      -0.030326511710882187,
      -0.029763640835881233,
      -0.029897278174757957,
      -0.03298352658748627,
      -0.024984154850244522,
      -0.030901608988642693,
      -0.03347586840391159,
      -0.029465269297361374,
      -0.03002958372235298,
      -0.027951277792453766,
      -0.027561772614717484,
      -0.029614059254527092,
      -0.03021634742617607,
      -0.028527703136205673,
      -0.029961997643113136,
      -0.030635841190814972,
      -0.031546808779239655,
      -0.028922466561198235,
      -0.029035083949565887,
      -0.031824301928281784,
      -0.024648234248161316,
      -0.0304135512560606,
      -0.028484903275966644,
      -0.023736514151096344
    ],
    [
      -0.026525666937232018,
      -0.028020860627293587,
      -0.031031427904963493,
      -0.03473937138915062,
      -0.02980443648993969,
      -0.02545510046184063,
      -0.03291889652609825,
      -0.025717224925756454,
      -0.02789676934480667,
      -0.03142961114645004,
      -0.03695330396294594,
      -0.019720422104001045,
      -0.02394162118434906,
      -0.02548820897936821,
      -0.03452648967504501,
      -0.03575217351317406,
      -0.03646877408027649,
      -0.0298906397074461,
      -0.026875853538513184,
      -0.025019899010658264,
      -0.03343357890844345,
      -0.023760711774230003,
      -0.0286309402436018,
      -0.030533498153090477,
      -0.029820723459124565,
      -0.023546382784843445,
      -0.028647927567362785,
      -0.03287869319319725,
      -0.03228644281625748,
      -0.030988698825240135,
      -0.033282991498708725,
      -0.029149124398827553,
      -0.03296630084514618,
      -0.028649065643548965,
      -0.029433174058794975,
      -0.024369342252612114,
      -0.032037507742643356,
      -0.026942260563373566,
      -0.028764760121703148,
      -0.035258688032627106,
      -0.032110121101140976,
      -0.028551435098052025,
      -0.030902260914444923,
      -0.02307017520070076,
      -0.028458788990974426,
      -0.028154725208878517,
      -0.032197777181863785,
      -0.025112057104706764,
      -0.030016763135790825,
      -0.038598526269197464
    ],
    [
      -0.023528771474957466,
      -0.03616977110505104,
      -0.03143446147441864,
      -0.03651800751686096,
      -0.034082043915987015,
      -0.03461828827857971,
      -0.033219173550605774,
      -0.03517847880721092,
      -0.03189122676849365,
      -0.030955664813518524,
      -0.017508169636130333,
      -0.02957558073103428,
      -0.03032687120139599,
      -0.044553741812705994,
      -0.03664001449942589,
      -0.019047562032938004,
      -0.033416956663131714,
      -0.030216818675398827,
      -0.026364559307694435,
      -0.03132573515176773,
      -0.038255725055933,
      -0.03444550186395645,
      -0.023930268362164497,
      -0.029348185285925865,
      -0.0250376146286726,
      -0.03831159695982933,
      -0.023623909801244736,
      -0.031983911991119385,
      -0.04423096776008606,
      -0.0328260213136673,
      -0.03527083992958069,
      -0.027216946706175804,
      -0.03746171295642853,
      -0.02632451057434082,
      -0.02093244343996048,
      -0.038117915391922,
      -0.0329500213265419,
      -0.029129495844244957,
      -0.0240213293582201,
      -0.024884317070245743,
      -0.02507561631500721,
      -0.0313994325697422,
      -0.033251434564590454,
      -0.024677013978362083,
      -0.028947308659553528,
      -0.025700988247990608,
      -0.03917853534221649,
      -0.04094913974404335,
      -0.029996046796441078,
      -0.03334369510412216
    ],
    [
      -0.047352854162454605,
      -0.027184827253222466,
      -0.03509872779250145,
      -0.038770485669374466,
      -0.041404031217098236,
      -0.021722381934523582,
      -0.029649343341588974,
      -0.05433390662074089,
      -0.028768114745616913,
      -0.03034118190407753,
      -0.02941395528614521,
      -0.036494117230176926,
      -0.03998414799571037,
      -0.03537481650710106,
      -0.029038378968834877,
      -0.026053043082356453,
      -0.020242223516106606,
      -0.03663317859172821,
      -0.03886563330888748,
      -0.02048938348889351,
      -0.034407440572977066,
      -0.03234342485666275,
      -0.0327267162501812,
      -0.02717292495071888,
      -0.03592551872134209,
      -0.03374941274523735,
      -0.020952265709638596,
      -0.028383253142237663,
      -0.026686837896704674,
      -0.02527027763426304,
      -0.03167342767119408,
      -0.02658879943192005,
      -0.04424957185983658,
      -0.025637779384851456,
      -0.03397630527615547,
      -0.030275914818048477,
      -0.027438387274742126,
      -0.04486135393381119,
      -0.02654515951871872,
      -0.04533211141824722,
      -0.037976641207933426,
      -0.034206703305244446,
      -0.0420401468873024,
      -0.025222409516572952,
      -0.04008215293288231,
      -0.028673894703388214,
      -0.02729138545691967,
      -0.040242522954940796,
      -0.023535875603556633,
      -0.03510615974664688
    ],
    [
      -0.03671436011791229,
      -0.07232017815113068,
      -0.07697626203298569,
      -0.04361094906926155,
      -0.030646193772554398,
      -0.029377179220318794,
      -0.03783797472715378,
      -0.023461733013391495,
      -0.029047898948192596,
      -0.053040761500597,
      -0.07762830704450607,
      -0.08295799046754837,
      -0.02038039267063141,
      -0.03689451143145561,
      -0.04418438300490379,
      -0.013821253553032875,
      -0.01980307139456272,
      -0.03641027584671974,
      -0.07689113914966583,
      -0.06792127341032028,
      -0.04618223011493683,
      -0.06953335553407669,
      -0.0732622966170311,
      -0.03244790434837341,
      -0.019632181152701378,
      -0.037544772028923035,
      -0.043093983083963394,
      -0.021462982520461082,
      -0.026221787557005882,
      -0.01810477487742901,
      -0.01737286150455475,
      -0.029869455844163895,
      -0.047755077481269836,
      -0.019764157012104988,
      -0.041542209684848785,
      -0.04123934730887413,
      -0.02275647409260273,
      -0.04128368943929672,
      -0.05510510504245758,
      -0.02495257928967476,
      -0.05258587747812271,
      -0.050254154950380325,
      -0.022630929946899414,
      -0.02765960991382599,
      -0.03140384331345558,
      -0.046580538153648376,
      -0.024175982922315598,
      -0.029642635956406593,
      -0.021428491920232773,
      -0.024553963914513588
    ],
    [
      -0.033424604684114456,
      -0.022611157968640327,
      -0.04240535572171211,
      -0.04985923320055008,
      -0.024641091004014015,
      -0.093490369617939,
      -0.02526162564754486,
      -0.05582014471292496,
      -0.0221155546605587,
      -0.04326627776026726,
      -0.05359985679388046,
      -0.06474948674440384,
      -0.036733973771333694,
      -0.028973929584026337,
      -0.07604235410690308,
      -0.05806221067905426,
      -0.07813941687345505,
      -0.048263825476169586,
      -0.02766590192914009,
      -0.022152798250317574,
      -0.08385434001684189,
      -0.045196034014225006,
      -0.08184909075498581,
