{
  "sigma_values": [
    2.0,
    4.0,
    6.0,
    8.0,
    10.0,
    12.0,
    16.0
  ],
  "metric_name": "quality_vs_adc_bits_sigma0.050",
  "per_trial": [
    [
      -0.23033901373350332,
      -0.23033901373350332,
      -0.23033901373350332,
      -0.23033901373350332,
      -0.23033901373350332,
      -0.23033901373350332,
      -0.23033901373350332,
      -0.23033901373350332,
      -0.23033901373350332,
      -0.23033901373350332,
      -0.23033901373350332,
      -0.23033901373350332,
      -0.23033901373350332,
      -0.23033901373350332,
      -0.23033901373350332,
      -0.23033901373350332,
      -0.23033901373350332,
      -0.23033901373350332,
      -0.23033901373350332,
      -0.23033901373350332,
      -0.23033901373350332,
      -0.23033901373350332,
      -0.23033901373350332,
      -0.23033901373350332,
      -0.23033901373350332
    ],
    [
      -0.17221560772635416,
      -0.2034992010824837,
      -0.2066194297434366,
      -0.19642116618330918,
      -0.1902749653913306,
      -0.18098879730193523,
      -0.1986538252930836,
      -0.19882837166772846,
      -0.2102164989653912,
      -0.17761328400359142,
      -0.2208554910952457,
      -0.19888337371163753,
      -0.19808952884051123,
      -0.19315575392667778,
      -0.23084408439190585,
      -0.20164430096992178,
      -0.1880278748845913,
      -0.17814516276113637,
      -0.18449804719271692,
      -0.2132176060709026,
      -0.16456544939946535,
      -0.22150699132218057,
      -0.19775718105312998,
      -0.17579693402860935,
      -0.2006215180670028
    ],
    [
      -0.20654748369061054,
      -0.2394592509883036,
      -0.19016256454237027,
      -0.20358365760103989,
      -0.22287294088840565,
      -0.21438577388743543,
      -0.23387480930340576,
      -0.2204905538049067,
      -0.21192601448017429,
      -0.2175339884012178,
      -0.2240304040707441,
      -0.2234810405249186,
      -0.21733838916055348,
      -0.23611952993696264,
      -0.2204157078983506,
      -0.21557171760456,
      -0.2153085059861105,
      -0.20486466108121032,
      -0.2083192884976194,
      -0.23881195653156453,
      -0.20454570637303754,
      -0.18970387081018686,
      -0.23161393137974176,
      -0.2528398984062354,
      -0.24925602754592624
    ],
    [
      -0.20438072346121644,
      -0.2051732660451287,
      -0.1998967394913618,
      -0.22459607999010944,
      -0.2626453048340282,
      -0.16495667336871933,
      -0.21015361422085582,
      -0.22135951113042968,
      -0.18541498079727828,
      -0.21029111659383368,
      -0.21928986538535725,
      -0.21522351026324318,
      -0.237476172738958,
      -0.2236653966884551,
      -0.24110957939758954,
      -0.19838946771274316,
      -0.22056599357192685,
      -0.1979489182269673,
      -0.21314619598627849,
      -0.23305441734384405,
      -0.23297759678140345,
      -0.2247622591879438,
      -0.18579686606957208,
      -0.19238391718355402,
      -0.21457455243885729
    ],
    [
      -0.22107932472357295,
      -0.21231493001123997,
      -0.23540803551473286,
      -0.21513044816940696,
      -0.2051862191461899,
      -0.22576747193259364,
      -0.22204686598939766,
      -0.24286281954871353,
      -0.1852089590776669,
      -0.208529549891745,
      -0.18438333252026642,
      -0.20857870429694458,
      -0.2232168148281464,
      -0.21965379663448448,
      -0.2069028793799145,
      -0.2062839706675628,
      -0.19791173909501197,
      -0.19950305046248087,
      -0.22345634750724158,
      -0.20585482443475148,
      -0.22744259648420645,
      -0.201910153050746,
      -0.2443272427776648,
      -0.19774822379172008,
      -0.19797654630457187
    ],
    [
      -0.22058753726243027,
      -0.22256561496925834,
      -0.19346204974536105,
      -0.21811065133777965,
      -0.202003083913245,
      -0.20639547825603027,
      -0.21000159244882408,
      -0.2334280012784837,
      -0.2049447124777827,
      -0.20188122234459688,
      -0.18636725224216621,
      -0.20559336089023564,
      -0.20127717134695786,
      -0.19425601239437312,
      -0.23838628308377754,
      -0.22652758701013945,
      -0.23004400387680632,
      -0.20920465185448633,
      -0.1914771478935411,
      -0.20852337317984365,
      -0.17888433423176803,
      -0.21645255597311217,
      -0.18139985669029834,
      -0.18330576431726528,
      -0.2371886671324296
    ],
    [
      -0.21538363183659728,
      -0.2215053833262038,
      -0.20675196031770593,
      -0.20705721242137462,
      -0.21458338380937486,
      -0.23347556724591698,
      -0.2217522253648223,
      -0.22311385802762387,
      -0.21346311686792444,
      -0.2510188708693667,
      -0.2125769053213699,
      -0.20452714980832834,
      -0.21159436048518632,
      -0.24917623274975534,
      -0.18995574457751768,
      -0.19677690333414824,
      -0.21511374755476606,
      -0.21574355426847722,
      -0.19457874475143014,
      -0.21777507503406432,
      -0.21912277004703312,
      -0.22217909488866155,
      -0.19889558582809425,
      -0.20984902543872974,
      -0.2204675348218077
    ]
  ],
  "digital_baseline": -0.22285379093903082,
  "mean": [
    -0.23033901373350332,
    -0.19611761780297116,
    -0.21972230693582365,
    -0.21356930875638622,
    -0.21274739384963895,
    -0.20809071864603973,
    -0.21545750555985121
  ],
  "std": [
    0.0,
    0.015893201009336864,
    0.015879170727448575,
    0.020203552026454706,
    0.015455397283148842,
    0.017021776426067,
    0.014121036662250425
  ],
  "normalized_mean": [
    0.966411956633395,
    1.1199718121168254,
    1.0140517421310724,
    1.0416617646194077,
    1.0453498998011517,
    1.066245551537555,
    1.0331889592185717
  ],
  "normalized_std": [
    0.0,
    0.07131671820509881,
    0.0712537608650905,
    0.09065832778219182,
    0.06935218475766108,
    0.07638091483363584,
    0.06336457909353542
  ],
  "degradation_threshold_10pct": 16.0
}