{
  "sigma_values": [
    2.0,
    4.0,
    6.0,
    8.0,
    10.0,
    12.0,
    16.0
  ],
  "metric_name": "quality_vs_adc_bits_sigma0.050",
  "per_trial": [
    [
      -0.23033901373350332,
      -0.23033901373350332,
      -0.23033901373350332,
      -0.23033901373350332,
      -0.23033901373350332,
      -0.23033901373350332,
      -0.23033901373350332,
      -0.23033901373350332,
      -0.23033901373350332,
      -0.23033901373350332,
      -0.23033901373350332,
      -0.23033901373350332,
      -0.23033901373350332,
      -0.23033901373350332,
      -0.23033901373350332,
      -0.23033901373350332,
      -0.23033901373350332,
      -0.23033901373350332,
      -0.23033901373350332,
      -0.23033901373350332,
      -0.23033901373350332,
      -0.23033901373350332,
      -0.23033901373350332,
      -0.23033901373350332,
      -0.23033901373350332
    ],
    [
      -0.1623487528698842,
      -0.19818972496892726,
      -0.14084280811625235,
      -0.16653023674067377,
      -0.15855519747438754,
      -0.15527251260183586,
      -0.14275759713449962,
      -0.16977832274577676,
      -0.1590120426565513,
      -0.15073835268255548,
      -0.14728710778799395,
      -0.1502789573334084,
      -0.15786038077905842,
      -0.15674036290524282,
      -0.15955383107860865,
      -0.12295875872500715,
      -0.15226056711517974,
      -0.13331819936057132,
      -0.17745488715487834,
      -0.15533909873279858,
      -0.13620891243163005,
      -0.17410790428018091,
      -0.15576834312677498,
      -0.17770307078159353,
      -0.17490036417083318
    ],
    [
      -0.14980137091910237,
      -0.15960593397526382,
      -0.13356424506759634,
      -0.14735645126466546,
      -0.16843437440857809,
      -0.18619762395213577,
      -0.15095927512028204,
      -0.13552741682634412,
      -0.20950726019631274,
      -0.13645882228693998,
      -0.1675203956075148,
      -0.18234142351136082,
      -0.1407874550003004,
      -0.15492205020724417,
      -0.20361190388751108,
      -0.13775663011448272,
      -0.15167391656886053,
      -0.17243045914990485,
      -0.1456987469486251,
      -0.1560126430180001,
      -0.15441402691540623,
      -0.16433081224832438,
      -0.15506113667868304,
      -0.14186905139140726,
      -0.1439428339225746
    ],
    [
      -0.16834347993876617,
      -0.16250992578598403,
      -0.13987606488925444,
      -0.14238433001227013,
      -0.17237309856468283,
      -0.14698940231182903,
      -0.1575164472840743,
      -0.166522422501799,
      -0.16089825530577578,
      -0.17329984082476288,
      -0.1375265200840761,
      -0.16705234529358226,
      -0.1564458273599559,
      -0.14707887239565365,
      -0.1496262747681997,
      -0.15214215613776041,
      -0.1666463328691542,
      -0.1378810193430719,
      -0.1438628274575649,
      -0.15096635136861586,
      -0.15139473091220368,
      -0.1945742919146839,
      -0.16890901281281057,
      -0.15677170432055493,
      -0.18946613214779898
    ],
    [
      -0.12564675238793513,
      -0.13459294780882466,
      -0.17328043715192856,
      -0.17689735627635522,
      -0.15408688100616114,
      -0.17320116013922596,
      -0.13569142240787657,
      -0.1360650056108874,
      -0.1683884288798856,
      -0.14520989530899348,
      -0.14369058177094368,
      -0.17305334519656448,
      -0.1719200981852399,
      -0.1412280035843525,
      -0.12555606106624326,
      -0.17624141826872464,
      -0.1465256370846432,
      -0.1398523257214624,
      -0.15075169672108854,
      -0.12508127465132182,
      -0.1633846533081516,
      -0.14847262339604914,
      -0.14235789007803462,
      -0.18139710556754504,
      -0.1285125886261396
    ],
    [
      -0.1459514914138057,
      -0.15232163467505488,
      -0.16819253952287894,
      -0.16741106792861843,
      -0.16945006670250198,
      -0.13993248868363728,
      -0.16319446808660426,
      -0.16620010208674546,
      -0.14368573483777458,
      -0.15482707889192893,
      -0.15731477388986,
      -0.15812038821449328,
      -0.15100397140528407,
      -0.17857788353894763,
      -0.17659657012335891,
      -0.12713077104487747,
      -0.1618811765352554,
      -0.19165064149663824,
      -0.14708105163811266,
      -0.15879044497575523,
      -0.1645758441475789,
      -0.16844512085614075,
      -0.19566416908552886,
      -0.1428949128074092,
      -0.13725160004515197
    ],
    [
      -0.1395233570262842,
      -0.17917411528946248,
      -0.15065530298903373,
      -0.13411312974287165,
      -0.14436269147481268,
      -0.16770062512386313,
      -0.16933971656813276,
      -0.16098027800813117,
      -0.1455476819789555,
      -0.16338751432499202,
      -0.13422117511885973,
      -0.15276553124629766,
      -0.16756945069684037,
      -0.14248311290791552,
      -0.17086657072396347,
      -0.17057540408830363,
      -0.15941439254702794,
      -0.13149382569020865,
      -0.14311466407310658,
      -0.13160444060829407,
      -0.18543783802101352,
      -0.1909673782672881,
      -0.16556809825909788,
      -0.15100138439311978,
      -0.15672987525999243
    ]
  ],
  "digital_baseline": -0.22285379093903082,
  "mean": [
    -0.23033901373350332,
    -0.15743065175020415,
    -0.15799145036749684,
    -0.15844230666419543,
    -0.15124342360818313,
    -0.15952583970535772,
    -0.15634390217711475
  ],
  "std": [
    0.0,
    0.015840257063846,
    0.019756335547014107,
    0.014540929734864124,
    0.01812290778496158,
    0.01593346054792297,
    0.016451898965543953
  ],
  "normalized_mean": [
    0.966411956633395,
    1.2935697836377635,
    1.2910533417368666,
    1.2890302381818461,
    1.3213334044222704,
    1.2841681578169726,
    1.2984462973758077
  ],
  "normalized_std": [
    0.0,
    0.0710791456456742,
    0.08865155698616373,
    0.0652487430148419,
    0.08132196319657722,
    0.07149737269796819,
    0.07382373392088684
  ],
  "degradation_threshold_10pct": 16.0
}