{
  "sigma_values": [
    0.0,
    0.01,
    0.02,
    0.03,
    0.05,
    0.07,
    0.1,
    0.12,
    0.15
  ],
  "metric_name": "quality_quantization_only",
  "per_trial": [
    [
      -0.14072025551665446,
      -0.14072858330762128,
      -0.14072242309860467,
      -0.14070047976568406,
      -0.14073465098115462,
      -0.14070884215806717,
      -0.14073448553655926,
      -0.14070300815289424,
      -0.1407233290280607,
      -0.14072947586052334
    ],
    [
      -0.14072898568538958,
      -0.14068846173548857,
      -0.14072648387282982,
      -0.1407162623428302,
      -0.14068377072747848,
      -0.14074796602986978,
      -0.14072054955393745,
      -0.14074265192665875,
      -0.14072257494698903,
      -0.1407323910956823
    ],
    [
      -0.14072027520566355,
      -0.1407293566450518,
      -0.14073655054926532,
      -0.1406937502273181,
      -0.14075611314940978,
      -0.14068377536039123,
      -0.1407291795612167,
      -0.1407197554499778,
      -0.14072519012072224,
      -0.14072112957457353
    ],
    [
      -0.14073840336360985,
      -0.14071052973304338,
      -0.14072749331362946,
      -0.1406935939518642,
      -0.14067884367890893,
      -0.14073197421743253,
      -0.14069579742759997,
      -0.1407319418458131,
      -0.14068951009890113,
      -0.14076387432153697
    ],
    [
      -0.14068507668986635,
      -0.14074694851979003,
      -0.14074043475755954,
      -0.14074605275063104,
      -0.14071449126089897,
      -0.14068707510963901,
      -0.14071698842200916,
      -0.1407137680651384,
      -0.14075105306352514,
      -0.14067664148271214
    ],
    [
      -0.1407505449892493,
      -0.14073374797745253,
      -0.14071626504338114,
      -0.14072164203644943,
      -0.14072584658081946,
      -0.1407216209392276,
      -0.14075515191070326,
      -0.14073034623678013,
      -0.1406946359658847,
      -0.14074183794228112
    ],
    [
      -0.14074577444329203,
      -0.14071856896278517,
      -0.14073109946348386,
      -0.14071651539039226,
      -0.14068913129064373,
      -0.1407555404901551,
      -0.14068546317937988,
      -0.14070783071990373,
      -0.1407321345856918,
      -0.14069904419103654
    ],
    [
      -0.1406987104754276,
      -0.14072556800875025,
      -0.14076759578369186,
      -0.14073047409762904,
      -0.14072138542632495,
      -0.14072675791643807,
      -0.1407450422279088,
      -0.14068764560050373,
      -0.14069723696059688,
      -0.14071893054944667
    ],
    [
      -0.14069970670674048,
      -0.14073406848840536,
      -0.1407122439617182,
      -0.14071301994033406,
      -0.14072488822954005,
      -0.140731740446306,
      -0.14074034730249355,
      -0.14074414572864197,
      -0.14075191068054338,
      -0.14069116416517205
    ]
  ],
  "digital_baseline": -0.22285382093892867,
  "mean": [
    -0.14072055334058237,
    -0.1407210097917154,
    -0.140721507584359,
    -0.14071619619523396,
    -0.14071785301217696,
    -0.14072916396222285,
    -0.1407181102716764,
    -0.14072193470467179,
    -0.14072432356498948
  ],
  "std": [
    1.181593939740324e-05,
    1.9721711321343976e-05,
    1.9382433287320924e-05,
    2.541121124450447e-05,
    2.646251098437451e-05,
    1.6729042839428713e-05,
    2.2156896828124648e-05,
    2.2500422165186504e-05,
    1.881553623682991e-05
  ],
  "normalized_mean": [
    1.368552207237471,
    1.3685501590287794,
    1.3685479253105441,
    1.3685717588221378,
    1.3685643242763175,
    1.3685135692567345,
    1.3685631698895615,
    1.3685460087164691,
    1.36853528931167
  ],
  "normalized_std": [
    5.302103121956929e-05,
    8.849617762106289e-05,
    8.697375349302414e-05,
    0.00011402636552266346,
    0.00011874380646866428,
    7.50673368262022e-05,
    9.942345495703469e-05,
    0.00010096493778023472,
    8.442994675862506e-05
  ],
  "degradation_threshold_10pct": 0.15
}