{
  "sigma_values": [
    0.0,
    0.01,
    0.02,
    0.03,
    0.05,
    0.07,
    0.1,
    0.12,
    0.15
  ],
  "metric_name": "quality",
  "per_trial": [
    [
      -0.23399337629506678,
      -0.23404643856392832,
      -0.23398901164618524,
      -0.2339984632840958,
      -0.23402547075988234,
      -0.23400885767505974,
      -0.23403145089023955,
      -0.2340280738982913,
      -0.23402475655363478,
      -0.23398894666209225,
      -0.2340274994901899,
      -0.23403331581667067,
      -0.23400702821244812,
      -0.23398934036052033,
      -0.23401892371669622,
      -0.2340097341735363,
      -0.23399035686112005,
      -0.23401547312296805,
      -0.23397288100823285,
      -0.2339942536935107,
      -0.23402786753221616,
      -0.2339664178597925,
      -0.23397329517464402,
      -0.23396371606970268,
      -0.2340217724364882,
      -0.23397621828266424,
      -0.23396375947186385,
      -0.23400694712767336,
      -0.23396859861826363,
      -0.2339954385751412,
      -0.23401450525272277,
      -0.23398240869985468,
      -0.2339630542923303,
      -0.23403332732468962,
      -0.23403379292810844,
      -0.23402127349740973,
      -0.23402690340713175,
      -0.23398092809029555,
      -0.23402008648418043,
      -0.23403369814962452,
      -0.2340308603068694,
      -0.234024094257726,
      -0.2340138885136582,
      -0.2340256210587452,
      -0.23402458255905104,
      -0.23398230983084128,
      -0.23399578642880672,
      -0.23393664613854448,
      -0.23396770794159727,
      -0.2340577915851686
    ],
    [
      -0.2382197017791263,
      -0.23859662629333786,
      -0.23367937849083514,
      -0.23669355663771466,
      -0.22862319880760842,
      -0.23735395717232133,
      -0.23224633547382975,
      -0.23829254485152454,
      -0.2342149576806178,
      -0.22875328289190933,
      -0.229771034048453,
      -0.2402440096097958,
      -0.23994120196878196,
      -0.2314552476953132,
      -0.23155422167901776,
      -0.22789495604752588,
      -0.24116837392567356,
      -0.23169044409866818,
      -0.23375541369962197,
      -0.238442863006383,
      -0.2286119301726785,
      -0.2309534012397687,
      -0.23005505920968747,
      -0.23152932291584638,
      -0.23223493224810732,
      -0.24258492578876759,
      -0.23308401889432015,
      -0.22987558149571835,
      -0.22967682045504648,
      -0.23155648446456822,
      -0.2323569904795296,
      -0.24224573518471143,
      -0.23519691247327473,
      -0.24126710345594404,
      -0.241379948281091,
      -0.23991391139536095,
      -0.2432575011041017,
      -0.2166664585833378,
      -0.22816073147402455,
      -0.2295673396855833,
      -0.2358645746685081,
      -0.23079281509793442,
      -0.228012273735837,
      -0.23469775077646712,
      -0.23665933074853465,
      -0.2396118274200564,
      -0.23083976670654355,
      -0.23760630249725115,
      -0.23763988252978674,
      -0.2348120208304017
    ],
    [
      -0.2336943495121902,
      -0.2388658688535406,
      -0.21872302058039753,
      -0.22821837220767233,
      -0.23446655721371823,
      -0.22990871650248326,
      -0.2241840939353898,
      -0.23849521621715794,
      -0.23257007120441586,
      -0.22703448448889085,
      -0.22914052725141582,
      -0.24460324053738497,
      -0.2271825705787394,
      -0.2363944111754668,
      -0.2354218035249445,
      -0.22381633082247712,
      -0.21788918890594022,
      -0.23051112141000396,
      -0.24346705750781006,
      -0.2320085030126769,
      -0.24631107255705306,
      -0.2306178769803959,
      -0.23505881034565337,
      -0.22171626475644335,
      -0.2432653700216411,
      -0.2219262802316351,
      -0.24661364129857183,
      -0.25337879226708027,
      -0.2300957746454005,
      -0.22526822372261385,
      -0.22777465876540728,
      -0.2306083358207268,
      -0.2244125186447554,
      -0.22939024790482762,
      -0.23790785263652603,
      -0.24396474802745588,
      -0.24914241255692612,
      -0.23071264722537826,
      -0.25492104171508706,
      -0.22384757019382334,
      -0.23585792582893725,
      -0.23065474228329247,
      -0.22555783266958046,
      -0.228698661171405,
      -0.23538693289696713,
      -0.24804721492117873,
      -0.2333467346666284,
      -0.22791306744737302,
      -0.2453458061964235,
      -0.23581912248329404
    ],
    [
      -0.2230072085504565,
      -0.22771635707934085,
      -0.23957444945564255,
      -0.2564523043573976,
      -0.23377417068720188,
      -0.23360212434563976,
      -0.21903950970584846,
      -0.23918193585618652,
      -0.2686450311709574,
      -0.24235256404362393,
      -0.24786376299837815,
      -0.2540660730589203,
      -0.2148368561581751,
      -0.22937737255988305,
      -0.24447262702954528,
      -0.23825490775855374,
      -0.22512102640732642,
      -0.25449061945504947,
      -0.24263632268300678,
      -0.2248991897197164,
      -0.21823165708550524,
      -0.23328313703844689,
      -0.2095583739972683,
      -0.2300389666743005,
      -0.24243447130816023,
      -0.24245407178152537,
      -0.22709486595898654,
      -0.23945643790297438,
      -0.23126222957511763,
      -0.23775755992968178,
      -0.24470129869199705,
      -0.23607863899284764,
      -0.24321476961543595,
      -0.26783867930793315,
      -0.2429113216329835,
      -0.2537685484977772,
      -0.24653243085846377,
      -0.21482554078021887,
      -0.21502623386649738,
      -0.23222615566053156,
      -0.2379060504853251,
      -0.24086596891847548,
      -0.2524358776358132,
      -0.21995432714655547,
      -0.24375088447522,
      -0.218821652061891,
      -0.23069496383386973,
      -0.20775826228332492,
      -0.22406734870486805,
      -0.2447002881846155
    ],
    [
      -0.2813905306912185,
      -0.21093983819709655,
      -0.2660849220719279,
      -0.24487933255562877,
      -0.20542870796364318,
      -0.20427455001513092,
      -0.22568074470917526,
      -0.26517767213724514,
      -0.25700640514258594,
      -0.23838963196862864,
      -0.24585942253907242,
      -0.24918414971192537,
      -0.2355133227182101,
      -0.2313938546904163,
      -0.2512462345162914,
      -0.21963813762229673,
      -0.24901446280198558,
      -0.21072254076028213,
      -0.23379041748894697,
      -0.27050777964476486,
      -0.2598480266477109,
      -0.2393233153044554,
      -0.21111608317859976,
      -0.20413781268741293,
      -0.231878617152892,
      -0.252127939984515,
      -0.2349946760883778,
      -0.23714462296018224,
      -0.24475496762329965,
      -0.22577779828185066,
      -0.2554931781867996,
      -0.24660307047307695,
      -0.268551400343117,
      -0.2179701110284499,
      -0.22663545793762271,
      -0.2317337577325427,
      -0.24454819352123938,
      -0.2634464396455364,
      -0.222722211466811,
      -0.23840854275751777,
      -0.24631325702753606,
      -0.20995714463132004,
      -0.22223071399847766,
      -0.18198596953516066,
      -0.18442361017047496,
      -0.21721763770145006,
      -0.25205855450642495,
      -0.2865767909685227,
      -0.23269116375794277,
      -0.2511958318042659
    ],
    [
      -0.20674897551161167,
      -0.2903629908835626,
      -0.32263131462361594,
      -0.18606923091466065,
      -0.19299847868211334,
      -0.21908810034239576,
      -0.28360672625761363,
      -0.22164010695047015,
      -0.20408480887539185,
      -0.20684784655671645,
      -0.2170158123724849,
      -0.20740715252905464,
      -0.20978507078596237,
      -0.20477075707515766,
      -0.19328717573667853,
      -0.259186672452518,
      -0.19824855338435463,
      -0.2339559126604886,
      -0.2417867215609036,
      -0.22384626039638847,
      -0.2523597763144592,
      -0.2835021850740109,
      -0.2728005631080927,
      -0.2677652539838652,
      -0.24899935114563948,
      -0.2495446671599884,
      -0.22080254378411757,
      -0.2569080641743783,
      -0.21736361682906302,
      -0.288047973164137,
      -0.25571735047334276,
