{
  "sigma_values": [
    0.0,
    0.01,
    0.02,
    0.03,
    0.05,
    0.07,
    0.1,
    0.12,
    0.15
  ],
  "metric_name": "quality_quantization_only",
  "per_trial": [
    [
      -0.18035172550748657,
      -0.18035172550748657,
      -0.18035172550748657,
      -0.18035172550748657,
      -0.18035172550748657,
      -0.18035172550748657,
      -0.18035172550748657,
      -0.18035172550748657,
      -0.18035172550748657,
      -0.18035172550748657,
      -0.18035172550748657,
      -0.18035172550748657,
      -0.18035172550748657,
      -0.18035172550748657,
      -0.18035172550748657,
      -0.18035172550748657,
      -0.18035172550748657,
      -0.18035172550748657,
      -0.18035172550748657,
      -0.18035172550748657
    ],
    [
      -0.18035172550748657,
      -0.18035172550748657,
      -0.18035172550748657,
      -0.18035172550748657,
      -0.18035172550748657,
      -0.18035172550748657,
      -0.18035172550748657,
      -0.18035172550748657,
      -0.18035172550748657,
      -0.18035172550748657,
      -0.18035172550748657,
      -0.18035172550748657,
      -0.18035172550748657,
      -0.18035172550748657,
      -0.18035172550748657,
      -0.18035172550748657,
      -0.18035172550748657,
      -0.18035172550748657,
      -0.18035172550748657,
      -0.18035172550748657
    ],
    [
      -0.18035172550748657,
      -0.18035172550748657,
      -0.18035172550748657,
      -0.18035172550748657,
      -0.18035172550748657,
      -0.18035172550748657,
      -0.18035172550748657,
      -0.18035172550748657,
      -0.18035172550748657,
      -0.18035172550748657,
      -0.18035172550748657,
      -0.18035172550748657,
      -0.18035172550748657,
      -0.18035172550748657,
      -0.18035172550748657,
      -0.18035172550748657,
      -0.18035172550748657,
      -0.18035172550748657,
      -0.18035172550748657,
      -0.18035172550748657
    ],
    [
      -0.18035172550748657,
      -0.18035172550748657,
      -0.18035172550748657,
      -0.18035172550748657,
      -0.18035172550748657,
      -0.18035172550748657,
      -0.18035172550748657,
      -0.18035172550748657,
      -0.18035172550748657,
      -0.18035172550748657,
      -0.18035172550748657,
      -0.18035172550748657,
      -0.18035172550748657,
      -0.18035172550748657,
      -0.18035172550748657,
      -0.18035172550748657,
      -0.18035172550748657,
      -0.18035172550748657,
      -0.18035172550748657,
      -0.18035172550748657
    ],
    [
      -0.18035172550748657,
      -0.18035172550748657,
      -0.18035172550748657,
      -0.18035172550748657,
      -0.18035172550748657,
      -0.18035172550748657,
      -0.18035172550748657,
      -0.18035172550748657,
      -0.18035172550748657,
      -0.18035172550748657,
      -0.18035172550748657,
      -0.18035172550748657,
      -0.18035172550748657,
      -0.18035172550748657,
      -0.18035172550748657,
      -0.18035172550748657,
      -0.18035172550748657,
      -0.18035172550748657,
      -0.18035172550748657,
      -0.18035172550748657
    ],
    [
      -0.18035172550748657,
      -0.18035172550748657,
      -0.18035172550748657,
      -0.18035172550748657,
      -0.18035172550748657,
      -0.18035172550748657,
      -0.18035172550748657,
      -0.18035172550748657,
      -0.18035172550748657,
      -0.18035172550748657,
      -0.18035172550748657,
      -0.18035172550748657,
      -0.18035172550748657,
      -0.18035172550748657,
      -0.18035172550748657,
      -0.18035172550748657,
      -0.18035172550748657,
      -0.18035172550748657,
      -0.18035172550748657,
      -0.18035172550748657
    ],
    [
      -0.18035172550748657,
      -0.18035172550748657,
      -0.18035172550748657,
      -0.18035172550748657,
      -0.18035172550748657,
      -0.18035172550748657,
      -0.18035172550748657,
      -0.18035172550748657,
      -0.18035172550748657,
      -0.18035172550748657,
      -0.18035172550748657,
      -0.18035172550748657,
      -0.18035172550748657,
      -0.18035172550748657,
      -0.18035172550748657,
      -0.18035172550748657,
      -0.18035172550748657,
      -0.18035172550748657,
      -0.18035172550748657,
      -0.18035172550748657
    ],
    [
      -0.18035172550748657,
      -0.18035172550748657,
      -0.18035172550748657,
      -0.18035172550748657,
      -0.18035172550748657,
      -0.18035172550748657,
      -0.18035172550748657,
      -0.18035172550748657,
      -0.18035172550748657,
      -0.18035172550748657,
      -0.18035172550748657,
      -0.18035172550748657,
      -0.18035172550748657,
      -0.18035172550748657,
      -0.18035172550748657,
      -0.18035172550748657,
      -0.18035172550748657,
      -0.18035172550748657,
      -0.18035172550748657,
      -0.18035172550748657
    ],
    [
      -0.18035172550748657,
      -0.18035172550748657,
      -0.18035172550748657,
      -0.18035172550748657,
      -0.18035172550748657,
      -0.18035172550748657,
      -0.18035172550748657,
      -0.18035172550748657,
      -0.18035172550748657,
      -0.18035172550748657,
      -0.18035172550748657,
      -0.18035172550748657,
      -0.18035172550748657,
      -0.18035172550748657,
      -0.18035172550748657,
      -0.18035172550748657,
      -0.18035172550748657,
      -0.18035172550748657,
      -0.18035172550748657,
      -0.18035172550748657
    ]
  ],
  "digital_baseline": -0.18044509748726142,
  "ideal_analog_baseline": -0.18034807881537163,
  "mean": [
    -0.18035172550748654,
    -0.18035172550748654,
    -0.18035172550748654,
    -0.18035172550748654,
    -0.18035172550748654,
    -0.18035172550748654,
    -0.18035172550748654,
    -0.18035172550748654,
    -0.18035172550748654
  ],
  "std": [
    2.7755575615628914e-17,
    2.7755575615628914e-17,
    2.7755575615628914e-17,
    2.7755575615628914e-17,
    2.7755575615628914e-17,
    2.7755575615628914e-17,
    2.7755575615628914e-17,
    2.7755575615628914e-17,
    2.7755575615628914e-17
  ],
  "normalized_mean": [
    1.0005174536802335,
    1.0005174536802335,
    1.0005174536802335,
    1.0005174536802335,
    1.0005174536802335,
    1.0005174536802335,
    1.0005174536802335,
    1.0005174536802335,
    1.0005174536802335
  ],
  "normalized_std": [
    1.5381728848348637e-16,
    1.5381728848348637e-16,
    1.5381728848348637e-16,
    1.5381728848348637e-16,
    1.5381728848348637e-16,
    1.5381728848348637e-16,
    1.5381728848348637e-16,
    1.5381728848348637e-16,
    1.5381728848348637e-16
  ],
  "degradation_threshold_10pct": 0.15,
  "trial_seeds": {
    "digital_baseline": [
      101030345,
      101030346,
      101030347,
      101030348,
      101030349,
      101030350,
      101030351,
      101030352,
      101030353,
      101030354,
      101030355,
      101030356,
      101030357,
      101030358,
      101030359,
      101030360,
      101030361,
      101030362,
      101030363,
      101030364
    ],
    "ideal_analog_baseline": [
      202030648,
      202030649,
      202030650,
      202030651,
      202030652,
      202030653,
      202030654,
      202030655,
      202030656,
      202030657,
      202030658,
      202030659,
      202030660,
      202030661,
      202030662,
      202030663,
      202030664,
      202030665,
      202030666,
      202030667
    ],
    "per_trial": [
      [
        707112219,
        707112220,
        707112221,
        707112222,
        707112223,
        707112224,
        707112225,
        707112226,
        707112227,
        707112228,
        707112229,
        707112230,
        707112231,
        707112232,
        707112233,
        707112234,
        707112235,
        707112236,
        707112237,
        707112238
      ]
    ]
  },
  "metadata": {
    "arch": "flow",
    "analog_domain": "full_analog",
    "analog_substrate": "classic",
    "seed": 30042,
    "pilot_profile_path": "/workspace/NEW_ACTUAL_RUNS/5-14/945/experiments/cross_arch_tolerance/results/profiles/flow_profile_full_analog_classic_capacitive.json",