{
  "sigma_values": [
    0.0,
    0.01,
    0.02,
    0.03,
    0.05,
    0.07,
    0.1,
    0.12,
    0.15
  ],
  "metric_name": "quality_thermal_only",
  "per_trial": [
    [
      -0.1804576339105094,
      -0.18045705794847003,
      -0.18045849640991216,
      -0.18045729451614356,
      -0.18045480804150427,
      -0.18045637243022752,
      -0.18045421094981828,
      -0.18045813066628835,
      -0.1804544738290727,
      -0.1804551989055134
    ],
    [
      -0.18045603636374652,
      -0.18045566464515356,
      -0.18045912819262533,
      -0.18045494636093246,
      -0.18045687247308934,
      -0.18045633158710114,
      -0.18045360284765485,
      -0.18045655901401228,
      -0.18045677271290228,
      -0.18045646309260813
    ],
    [
      -0.18045394592577815,
      -0.18045279783704973,
      -0.18045670105619444,
      -0.18045585558562982,
      -0.18045400138995954,
      -0.18045525269703436,
      -0.1804535107724278,
      -0.18045836339598637,
      -0.18045198012520217,
      -0.1804545282379891
    ],
    [
      -0.18045576302783503,
      -0.18045302450338524,
      -0.18045820876370616,
      -0.18045780335858158,
      -0.18045503253719478,
      -0.1804552669038549,
      -0.1804535431918376,
      -0.1804568287000357,
      -0.18045806911854828,
      -0.18045748018110616
    ],
    [
      -0.18045406876176678,
      -0.18045931998810238,
      -0.1804548223769666,
      -0.18045449635487834,
      -0.18045786184319573,
      -0.1804574986957851,
      -0.1804546824460104,
      -0.1804611182371697,
      -0.18045757938036325,
      -0.1804536849750015
    ],
    [
      -0.18045251394486314,
      -0.18045647541294144,
      -0.18045480658556257,
      -0.18045448352253263,
      -0.18045464738410513,
      -0.18045798836941981,
      -0.18045126579425066,
      -0.1804557360018227,
      -0.18045543174759257,
      -0.18045537439585033
    ],
    [
      -0.18045495258712754,
      -0.18045742945154555,
      -0.18045704341601435,
      -0.18045311500624536,
      -0.18045555190833334,
      -0.18045257841494672,
      -0.18045442757589344,
      -0.18045622604676975,
      -0.18045477539319926,
      -0.18045364705952596
    ],
    [
      -0.18045706414992846,
      -0.18045765719112558,
      -0.18045497636460361,
      -0.18045678929675069,
      -0.1804576225759326,
      -0.18045613609935227,
      -0.18045714847742045,
      -0.18045227032689298,
      -0.180456903907972,
      -0.1804565379643149
    ],
    [
      -0.1804558113944323,
      -0.18045601343398257,
      -0.18045555120571108,
      -0.18045611248967489,
      -0.18045719248906614,
      -0.1804560778495944,
      -0.1804535244673073,
      -0.18045969996639655,
      -0.18045438175009212,
      -0.18045650976273359
    ]
  ],
  "digital_baseline": -0.18045521804157233,
  "mean": [
    -0.18045636776074597,
    -0.18045623772898262,
    -0.18045469370232514,
    -0.1804561020286085,
    -0.180456513305924,
    -0.1804548723158941,
    -0.1804549746859601,
    -0.18045631063542933,
    -0.18045608748089909
  ],
  "std": [
    1.5038328411561782e-06,
    1.3485516012138705e-06,
    1.8050358093835571e-06,
    1.7777690747840137e-06,
    2.3929803491928897e-06,
    1.7990469298369678e-06,
    1.5332076965803319e-06,
    1.5353099156126958e-06,
    1.5587812125179128e-06
  ],
  "normalized_mean": [
    0.9999936287839934,
    0.999994349360349,
    1.0000029056474669,
    0.9999951013495438,
    0.9999928222394137,
    1.0000019158530409,
    1.000001348565117,
    0.9999939453462812,
    0.9999951819662729
  ],
  "normalized_std": [
    8.333551434404811e-06,
    7.473054067647954e-06,
    1.0002680049782337e-05,
    9.851580320467434e-06,
    1.3260798857263343e-05,
    9.969492427880433e-06,
    8.496333401825595e-06,
    8.507982934907425e-06,
    8.638050090404197e-06
  ],
  "degradation_threshold_10pct": 0.15
}