{
  "sigma_values": [
    0.0,
    0.01,
    0.02,
    0.03,
    0.05,
    0.07,
    0.1,
    0.12,
    0.15
  ],
  "metric_name": "quality_thermal_only",
  "per_trial": [
    [
      -0.1804561399311662,
      -0.18045725639608606,
      -0.18045606196740605,
      -0.18045484052815858,
      -0.18045878579112354,
      -0.18045686036010328,
      -0.1804583012538799,
      -0.18045453619037588,
      -0.1804570934540241,
      -0.18045752657141242
    ],
    [
      -0.180456402074819,
      -0.18045601558853122,
      -0.1804554398738412,
      -0.1804584447602893,
      -0.18045775702442288,
      -0.1804573596671196,
      -0.18045759392861968,
      -0.18045292606455013,
      -0.1804547177221573,
      -0.18045722679748155
    ],
    [
      -0.18045523996499926,
      -0.1804546543782836,
      -0.18045570152643178,
      -0.18045493874805743,
      -0.1804543900011627,
      -0.18045668069752008,
      -0.18045570673789238,
      -0.1804536912131357,
      -0.1804557071525897,
      -0.18045749881717918
    ],
    [
      -0.18045637260143155,
      -0.18045305304656245,
      -0.1804532102034813,
      -0.1804568938434809,
      -0.18045531417363733,
      -0.1804537804386802,
      -0.18045598335457527,
      -0.1804597306979861,
      -0.18045372839454846,
      -0.1804552422945121
    ],
    [
      -0.18045816376959894,
      -0.18045514128976292,
      -0.18045607879418682,
      -0.18045676570393457,
      -0.18045378158410738,
      -0.18045584243798732,
      -0.18045438352556734,
      -0.1804565809315879,
      -0.18045224326756212,
      -0.1804540839302047
    ],
    [
      -0.18045435376083277,
      -0.1804592807519192,
      -0.18045625272563715,
      -0.18045455925898096,
      -0.18045419733366633,
      -0.18045863123646938,
      -0.18045704515322028,
      -0.1804537901172588,
      -0.18045280593902097,
      -0.18045583929807976
    ],
    [
      -0.18045189198322817,
      -0.18045831235153054,
      -0.18045414853828057,
      -0.18045582870451998,
      -0.1804552675205515,
      -0.18045447265688208,
      -0.18045660899925725,
      -0.1804573116388768,
      -0.18045813724462928,
      -0.18045443815962542
    ],
    [
      -0.18045743494449215,
      -0.18045624320251716,
      -0.1804562218617908,
      -0.18045446881005567,
      -0.18045547842323154,
      -0.18045631684352237,
      -0.18045585158510477,
      -0.18046060400063055,
      -0.1804560847413997,
      -0.18045497550000963
    ],
    [
      -0.18045749369838457,
      -0.18045235695457815,
      -0.18045602294857396,
      -0.18045520667282136,
      -0.18045528475071076,
      -0.18045739131374602,
      -0.18045383390980585,
      -0.18045411307707337,
      -0.1804549761073221,
      -0.18045421570271747
    ]
  ],
  "digital_baseline": -0.18045599022679953,
  "mean": [
    -0.1804567402443736,
    -0.18045638835018318,
    -0.18045542092372518,
    -0.18045533090488958,
    -0.18045530652345002,
    -0.18045567555750855,
    -0.18045564177973816,
    -0.1804563679912754,
    -0.1804550895135734
  ],
  "std": [
    1.3012352265114078e-06,
    1.5817436050274745e-06,
    1.0514065437666314e-06,
    1.948792144522309e-06,
    1.6396256879501571e-06,
    2.0232943700104777e-06,
    1.9069490349854215e-06,
    1.606420397565671e-06,
    1.5091317862398069e-06
  ],
  "normalized_mean": [
    0.9999958437646036,
    0.9999977937923638,
    1.0000031548028616,
    1.0000036536438006,
    1.0000037887539708,
    1.0000017437453341,
    1.0000019309254347,
    0.9999979066116044,
    1.0000049913179663
  ],
  "normalized_std": [
    7.2108175787126695e-06,
    8.765259623908953e-06,
    5.826387599797654e-06,
    1.0799265472279643e-05,
    9.086014190437532e-06,
    1.1212120847124962e-05,
    1.0567391154977688e-05,
    8.902006497798715e-06,
    8.362879970585125e-06
  ],
  "degradation_threshold_10pct": 0.15
}