{
  "sigma_values": [
    0.0,
    0.01,
    0.02,
    0.03,
    0.05,
    0.07,
    0.1,
    0.12,
    0.15
  ],
  "metric_name": "quality",
  "per_trial": [
    [
      -0.14068235605495447,
      -0.14088350642536404,
      -0.1406014233118423,
      -0.14080686454370647,
      -0.14077660297301717,
      -0.14076459550315054,
      -0.14058721734311155,
      -0.14070855495848653,
      -0.14073611149561588,
      -0.14069259184766936,
      -0.14062079561760904,
      -0.1407360166425895,
      -0.1408284740060799,
      -0.14075306625317258,
      -0.14079153727326746,
      -0.14072908734108294,
      -0.14075295691466702,
      -0.1406346128007164,
      -0.14094468348346903,
      -0.14054196388455198,
      -0.1408351149046666,
      -0.14065986919898976,
      -0.14074565248065674,
      -0.1406712035670924,
      -0.14053801939559674,
      -0.14054929945069006,
      -0.14061928693058817,
      -0.14064278660254226,
      -0.14050717073736904,
      -0.140761437813906,
      -0.14073639992769876,
      -0.14086309468821206,
      -0.14071698225898507,
      -0.14072575146263236,
      -0.14082378583436797,
      -0.1406955398714112,
      -0.14070520063510336,
      -0.14056074830443918,
      -0.14074694590976344,
      -0.14097096950248308,
      -0.14082246497015982,
      -0.1406610680588105,
      -0.1406485720384555,
      -0.1408196174491711,
      -0.1407454643706316,
      -0.14067126817767991,
      -0.14057755195843266,
      -0.14071192190128193,
      -0.1406776788776196,
      -0.14081814244470509
    ],
    [
      -0.1456823184030901,
      -0.1426854868893202,
      -0.1498369639308922,
      -0.1413279239968164,
      -0.1423086464025424,
      -0.1470646055638972,
      -0.1425667952924588,
      -0.14217047103535693,
      -0.14857608374931305,
      -0.14479119736873208,
      -0.14588815551157186,
      -0.14180710119837103,
      -0.14391772827066915,
      -0.14314630890080232,
      -0.15002349437825097,
      -0.1398465403401557,
      -0.15472387057558862,
      -0.1409123037048845,
      -0.14980951244081855,
      -0.14521083537414314,
      -0.14023412911932265,
      -0.14527231026036017,
      -0.14490069374484527,
      -0.14677976404533757,
      -0.13951773996293276,
      -0.1478010655128178,
      -0.14250941111019455,
      -0.1455757538815996,
      -0.1469143577663774,
      -0.1409996515579798,
      -0.1423776087270023,
      -0.14253496874710364,
      -0.13596794208365393,
      -0.1441929708421164,
      -0.14227190757393088,
      -0.13788605905907317,
      -0.1510492915755874,
      -0.14347331692252988,
      -0.13928309319364493,
      -0.1499982851143095,
      -0.14175484260860213,
      -0.15385561616646637,
      -0.14567044193104517,
      -0.14387363843517703,
      -0.14559951419078765,
      -0.14541488447755402,
      -0.14632378302631344,
      -0.145490302031548,
      -0.1519633548178061,
      -0.14547783446223517
    ],
    [
      -0.13970250823711897,
      -0.14204945451945095,
      -0.14248807936413257,
      -0.12951771250044214,
      -0.15985767792683098,
      -0.13836876809416604,
      -0.13301525461375627,
      -0.15463663040491293,
      -0.14860413406974232,
      -0.14671401372581194,
      -0.14691560879711812,
      -0.14495242170089118,
      -0.15025230434746958,
      -0.15012229061354543,
      -0.14769395461726428,
      -0.14916039967409078,
      -0.14283573533569205,
      -0.1446501768445646,
      -0.14854012977944137,
      -0.1539937928635144,
      -0.15344333504897723,
      -0.16208579166670745,
      -0.14077561278249007,
      -0.14313766320699808,
      -0.13539003212199985,
      -0.1426305946628533,
      -0.14091478101472632,
      -0.13816089028959294,
      -0.1393756515924669,
      -0.13573671309448715,
      -0.14682432869778805,
      -0.14405256154757415,
      -0.13558400148631272,
      -0.14486392874299173,
      -0.14293969981689358,
      -0.15951978383608598,
      -0.14701801213717317,
      -0.1508266574162623,
      -0.14158806311770955,
      -0.14024901769129364,
      -0.13852545640064431,
      -0.1490722571566229,
      -0.16346963054403915,
      -0.14660904672494404,
      -0.15831499394315754,
      -0.14696345403044964,
      -0.1465606464415545,
      -0.1331579439513717,
      -0.14437019598401946,
      -0.13964924937620343
    ],
    [
      -0.15382345451703322,
      -0.1527194288886261,
      -0.14704835681791015,
      -0.1553376256019383,
      -0.14525472363443015,
      -0.1341548353831416,
      -0.1678596418794049,
      -0.12644409527904765,
      -0.1417087547986773,
      -0.16650245629374474,
      -0.13454126765651758,
      -0.14779180334315986,
      -0.14492027635612628,
      -0.13861461833227046,
      -0.1558920204357655,
      -0.15497466946116506,
      -0.1564194290700851,
      -0.14950054593801482,
      -0.155462731969641,
      -0.13493786288704698,
      -0.13979732039668227,
      -0.13962559236499955,
      -0.15592177598388143,
      -0.15143561633503358,
      -0.1544318593321201,
      -0.16214682907932676,
      -0.14292967768001744,
      -0.14591006087773678,
      -0.13490479316839682,
      -0.1375161729469059,
      -0.13483494763911283,
      -0.1406651067736887,
      -0.1540599417773748,
      -0.14828627723337312,
      -0.15910404457630548,
      -0.15218940177182186,
      -0.14867238616868797,
      -0.1506537817224991,
      -0.1364219061945205,
      -0.1540875419263139,
      -0.15910202925431977,
      -0.15105091603049123,
      -0.14340847861431189,
      -0.14401951957738737,
      -0.13317949399205362,
      -0.1424700316804053,
      -0.14934146696609324,
      -0.14489031027280855,
      -0.13689935627891597,
      -0.1577794498077149
    ],
    [
      -0.14047680747823948,
      -0.14106485325895712,
      -0.14363361737237854,
      -0.14696556171163327,
      -0.15500149786344622,
      -0.16381692486097488,
      -0.161894021559725,
      -0.14142166965999528,
      -0.17013075799853591,
      -0.16712229213236854,
      -0.12906564415947255,
      -0.13831485401291788,
      -0.16624165878302288,
      -0.18008129402670586,
      -0.1566342301813059,
      -0.1478807995303536,
      -0.1307275724384062,
      -0.17943439556292845,
      -0.19562389136890135,
      -0.1683819757532519,
      -0.16624236579495477,
      -0.16381704635625005,
      -0.19791582729935653,
      -0.14630489979545896,
      -0.14772015161793017,
      -0.14855480864786114,
      -0.13575777594660468,
      -0.1556891302891403,
      -0.17942928534930197,
      -0.1483508607582717,
      -0.14635700251375905,
      -0.1757418579994652,
      -0.1984089837131935,
      -0.17044256152332335,
      -0.17272441399138688,
      -0.17473647134348294,
      -0.14224808977588407,
      -0.16203267141231767,
      -0.13545559230911902,
      -0.17207228395565927,
      -0.1440541562225624,
      -0.14918182952591272,
      -0.13863468382323313,
      -0.1631346488455728,
      -0.13156155019708826,
      -0.15944772269080043,
      -0.13455265381744158,
      -0.15215843303597676,
      -0.15695693502182947,
      -0.16007817645087383
    ],
    [
      -0.16472630452379333,
      -0.16663579805917447,
      -0.13880863218769124,
      -0.12469261358331651,
      -0.13591054094732677,
      -0.1851524635376317,
      -0.19241805665060188,
      -0.17834653157389757,
      -0.13320236611381311,
      -0.18208176453248248,
      -0.1335835418148341,
      -0.21778921028613266,
      -0.15554544270099696,
      -0.1683195560128957,
      -0.12414619523858207,
      -0.15645225630041165,
      -0.15925783389889844,
      -0.20614636014557966,
      -0.1568402519455225,
      -0.18769513337719462,
      -0.14408203134835484,
      -0.19533457352999073,
      -0.20545969777054476,
      -0.13111606737505732,
      -0.1810986469041849,
      -0.1596266327960637,
      -0.16358613429667826,
      -0.16134037346243887,
      -0.1439371596026043,
      -0.23995986554939577,
