{
  "sigma_values": [
    2.0,
    4.0,
    6.0,
    8.0,
    10.0,
    12.0,
    16.0
  ],
  "metric_name": "quality_vs_adc_bits_sigma0.050",
  "per_trial": [
    [
      -0.25001237234595464,
      -0.2464823603139375,
      -0.23129627361992605,
      -0.2471391544356593,
      -0.2580674570286937,
      -0.2550261762725422,
      -0.23865650336077668,
      -0.24968673460517316,
      -0.24550879676762272,
      -0.20753921008302134,
      -0.23994120441755518,
      -0.22008861644234276,
      -0.23169164545723467,
      -0.2730575041445553,
      -0.2224317128172261,
      -0.2320400789967389,
      -0.28834861246222865,
      -0.25699072502524356,
      -0.27567949621175647,
      -0.23163232366956077,
      -0.2846358323118184,
      -0.25148897465394116,
      -0.19805228144425202,
      -0.2391149114734144,
      -0.2684427993831341
    ],
    [
      -0.2016680176294758,
      -0.20937659184826773,
      -0.17133883779501774,
      -0.17804545646539188,
      -0.192273416758806,
      -0.2936224906214629,
      -0.2194463170245872,
      -0.20991827089531584,
      -0.2104635836352245,
      -0.22020414696453372,
      -0.23202087265072624,
      -0.1730083197542117,
      -0.22135463776247344,
      -0.17361375306668925,
      -0.3330412908103899,
      -0.18922514063614654,
      -0.2634418574823648,
      -0.19656148311967264,
      -0.24586192725045838,
      -0.2811370551754371,
      -0.19122435427462914,
      -0.17818834999453975,
      -0.2522593033481972,
      -0.18722718640608949,
      -0.19995823838684007
    ],
    [
      -0.24321965029841522,
      -0.13303345089935464,
      -0.22722819051152326,
      -0.20961891191737964,
      -0.204516486700566,
      -0.26008969356055606,
      -0.24429053618951005,
      -0.16948127149167702,
      -0.1526427909182967,
      -0.21009365756536133,
      -0.1526494741216884,
      -0.13786623301630607,
      -0.2158163187075988,
      -0.2657500359546976,
      -0.22327767487236996,
      -0.1319507328607724,
      -0.14847009960474677,
      -0.18124726580182327,
      -0.15951432978367666,
      -0.19257477945863502,
      -0.1370333198988228,
      -0.16376016957411774,
      -0.2452681809198693,
      -0.17364220248785567,
      -0.160068594551587
    ],
    [
      -0.23026347204303604,
      -0.1786455663529341,
      -0.19717135505849728,
      -0.16620381473499585,
      -0.33456624862091844,
      -0.17376219359698009,
      -0.22618462947389348,
      -0.27506306613219206,
      -0.20102978828508639,
      -0.22498987456742905,
      -0.22646532173530426,
      -0.22546662746270885,
      -0.2818793024684419,
      -0.2240510899478686,
      -0.16037694227875912,
      -0.23476245561410902,
      -0.24090513660578286,
      -0.2632145294267102,
      -0.2159866366100614,
      -0.26236930221022337,
      -0.1992503041283344,
      -0.14429706650000299,
      -0.16519891075539636,
      -0.18335688504140124,
      -0.15871129340451445
    ],
    [
      -0.19436145515792302,
      -0.19179280430084328,
      -0.20454384215810573,
      -0.18089683484105623,
      -0.15223402128432645,
      -0.22574070318468148,
      -0.22568824682483685,
      -0.18172391843731747,
      -0.2500031494186842,
      -0.19735692443541486,
      -0.2079464616869227,
      -0.1781748216113192,
      -0.26354205031791933,
      -0.21220666458265625,
      -0.1868327994598658,
      -0.215256767346582,
      -0.21699319771683073,
      -0.1912015816609492,
      -0.265170449012483,
      -0.2188527713553631,
      -0.22573120629746696,
      -0.15659966261620864,
      -0.22571949045435757,
      -0.1567468585457536,
      -0.17562643932300853
    ],
    [
      -0.20088373186351965,
      -0.24080465738318163,
      -0.14922688632056816,
      -0.22305174552189413,
      -0.17119679810811061,
      -0.1866787198894308,
      -0.21055717766477022,
      -0.13758902421063976,
      -0.1299715278900112,
      -0.2421115941850585,
      -0.15403286211594241,
      -0.21816961590672146,
      -0.21026415027148324,
      -0.15774578223185381,
      -0.23710440293356072,
      -0.23525981836329452,
      -0.20777129064436306,
      -0.17658277679799356,
      -0.1587757393201464,
      -0.14725350777833957,
      -0.17202413066854932,
      -0.2820696312422515,
      -0.1631685237880447,
      -0.2664688871114631,
      -0.172940358443826
    ],
    [
      -0.21027117117209132,
      -0.21190852622996317,
      -0.1874120032042847,
      -0.2682706465962692,
      -0.17689820772159148,
      -0.27433775976725155,
      -0.2195957985893474,
      -0.1437447852579062,
      -0.17965923743700843,
      -0.16716851954261075,
      -0.16390406729554527,
      -0.17234603508870353,
      -0.18855447903025196,
      -0.17095486258837633,
      -0.188180440267839,
      -0.22089143492496804,
      -0.27747607352683556,
      -0.18429906685842432,
      -0.1539008997014607,
      -0.2054473826108151,
      -0.2497838822584017,
      -0.15430807349301176,
      -0.19238829807011643,
      -0.22809971655713157,
      -0.24629579392686718
    ]
  ],
  "digital_baseline": -0.2728477801941452,
  "mean": [
    -0.2457220703097724,
    -0.2169792359902779,
    -0.18972416206668832,
    -0.21576687252222324,
    -0.20403772488123503,
    -0.19406813362620073,
    -0.2014438864686829
  ],
  "std": [
    0.021703182449060797,
    0.04044665540444499,
    0.04175241043858398,
    0.044528855382363106,
    0.029863437663788947,
    0.04081945173334026,
    0.03778567733863955
  ],
  "normalized_mean": [
    1.0994170077728742,
    1.2047608529712572,
    1.3046519860572445,
    1.2092042223371067,
    1.2521921023654592,
    1.28873112514197,
    1.2616986426448284
  ],
  "normalized_std": [
    0.07954318863660122,
    0.14823890220277813,
    0.15302455606886373,
    0.16320035790900897,
    0.10945090937716107,
    0.14960521835396692,
    0.13848629192347875
  ],
  "degradation_threshold_10pct": 16.0
}