{
  "sigma_values": [
    0.0,
    0.01,
    0.02,
    0.03,
    0.05,
    0.07,
    0.1,
    0.12,
    0.15
  ],
  "metric_name": "quality_quantization_only",
  "per_trial": [
    [
      -0.18700868405314397,
      -0.18291246668907118,
      -0.16536006067722336,
      -0.17943545547785467,
      -0.19366516648355173,
      -0.1719728165295092,
      -0.15866945116926218,
      -0.2006628861092613,
      -0.1656817404286121,
      -0.15613581977790453
    ],
    [
      -0.1713509015152813,
      -0.18643673763662807,
      -0.16089573560463033,
      -0.18633625045727242,
      -0.16435828003758796,
      -0.15482048194139497,
      -0.14672187417658278,
      -0.15825501363287914,
      -0.1766407270972268,
      -0.1595190246720449
    ],
    [
      -0.18394802385597725,
      -0.19048872725485128,
      -0.18378847101290013,
      -0.17407318779669004,
      -0.18211520254280184,
      -0.16105392964190104,
      -0.16765590349939885,
      -0.14135182613536018,
      -0.1818761464183335,
      -0.18982909103209383
    ],
    [
      -0.16449790066952116,
      -0.178379181831202,
      -0.17363233561749802,
      -0.15434445439541017,
      -0.18346841360843974,
      -0.19462779962673088,
      -0.1844580799167161,
      -0.16759672322223196,
      -0.18314817294554087,
      -0.19228449622384503
    ],
    [
      -0.18031838499946753,
      -0.17553423699206908,
      -0.1873095604852424,
      -0.17287030518526444,
      -0.1675016902774223,
      -0.14495169371023076,
      -0.1694351857000147,
      -0.18461496511654696,
      -0.17225075399951312,
      -0.1650577890019049
    ],
    [
      -0.17080986058054257,
      -0.18419042396318402,
      -0.1813580225213082,
      -0.1834974102017586,
      -0.18544257065100828,
      -0.18790477512154027,
      -0.1488666832848103,
      -0.1693265417805524,
      -0.16758815674652575,
      -0.16579908554075518
    ],
    [
      -0.18087596815457804,
      -0.14430247079144465,
      -0.18054781380417986,
      -0.17030487440951403,
      -0.17397237364115425,
      -0.2006241841293522,
      -0.14289420482894638,
      -0.1493993862681673,
      -0.19229934682144087,
      -0.19105774918367385
    ],
    [
      -0.1687405751741608,
      -0.1813576653462951,
      -0.16429218279971974,
      -0.1848022128698067,
      -0.1946399041407858,
      -0.19194807090150423,
      -0.16594283363787687,
      -0.18276237015711377,
      -0.17888658487336945,
      -0.17020455332408893
    ],
    [
      -0.18181940769992072,
      -0.18025307102623628,
      -0.17169895282626388,
      -0.18475404606113444,
      -0.19223769280134,
      -0.19060348083643475,
      -0.1943293870522757,
      -0.19019201107654948,
      -0.17276007881277472,
      -0.18412935707840372
    ]
  ],
  "digital_baseline": -0.2735708628176828,
  "mean": [
    -0.17615045473953944,
    -0.16653350267715286,
    -0.17561805091903077,
    -0.1776437558057136,
    -0.1719844565467676,
    -0.1744783530391986,
    -0.17262783720324515,
    -0.17835769532247214,
    -0.18427774852713336
  ],
  "std": [
    0.014253743161863341,
    0.012639614989291961,
    0.01446610455865625,
    0.01202794847316894,
    0.011325380653177812,
    0.011585514907514057,
    0.01968340220787986,
    0.01015357720740936,
    0.00743480131238322
  ],
  "normalized_mean": [
    1.3561066667507924,
    1.3912600890244051,
    1.3580527944013219,
    1.3506481137060944,
    1.3713348900705697,
    1.3622188004887161,
    1.3689831021284953,
    1.3480384077256942,
    1.3263984818078287
  ],
  "normalized_std": [
    0.052102563171585035,
    0.04620234355043667,
    0.05287882053541999,
    0.04396648220971101,
    0.04139834387525927,
    0.04234922823354566,
    0.07194992187818469,
    0.03711498038508604,
    0.027176875621209826
  ],
  "degradation_threshold_10pct": 0.15
}