{
  "sigma_values": [
    0.0,
    0.01,
    0.02,
    0.03,
    0.05,
    0.07,
    0.1,
    0.12,
    0.15
  ],
  "metric_name": "quality_mismatch_only",
  "per_trial": [
    [
      -0.2718631245124753,
      -0.2718631245124753,
      -0.2718631245124753,
      -0.2718631245124753,
      -0.2718631245124753,
      -0.2718631245124753,
      -0.2718631245124753,
      -0.2718631245124753,
      -0.2718631245124753,
      -0.2718631245124753
    ],
    [
      -0.27873711648210386,
      -0.2559142758312549,
      -0.26854940022180485,
      -0.2617961195236989,
      -0.28028743533105693,
      -0.2860370466106016,
      -0.2682911297566006,
      -0.26881600768554104,
      -0.27758382192127656,
      -0.2784618900818874
    ],
    [
      -0.3008633009346751,
      -0.2976394331568213,
      -0.26990323214425915,
      -0.2808926589305468,
      -0.26101454546723124,
      -0.2578001369014713,
      -0.2630983482597283,
      -0.2649913109716387,
      -0.26138232218016383,
      -0.27694858948370615
    ],
    [
      -0.2878090774350366,
      -0.25438637241351747,
      -0.29476496637160865,
      -0.2626652316751952,
      -0.30538052406841987,
      -0.28328437964312586,
      -0.2682351208932645,
      -0.2540001694808372,
      -0.25841711678076,
      -0.309348476721012
    ],
    [
      -0.2530162265671298,
      -0.26354028207969393,
      -0.24546588534258804,
      -0.2898135913305514,
      -0.29917831242579696,
      -0.3109098700525757,
      -0.333089044386879,
      -0.2150396406144523,
      -0.2938760526095172,
      -0.2748113668161605
    ],
    [
      -0.3282117523256457,
      -0.3063584237881902,
      -0.25257651860645586,
      -0.22796706001644906,
      -0.28238351847929427,
      -0.3656813459162846,
      -0.2921502596199234,
      -0.27179211059769115,
      -0.23420140723810157,
      -0.2732677706468128
    ],
    [
      -0.32638728488363666,
      -0.3681290824729478,
      -0.29573648631062016,
      -0.34952358517433924,
      -0.32425830936757394,
      -0.37650032432104674,
      -0.3305450483601246,
      -0.3595306307773273,
      -0.5182658192305292,
      -0.32125856921379514
    ],
    [
      -0.22969793146273154,
      -0.2975661053994861,
      -0.294476576829622,
      -0.4880683207170909,
      -0.3367810636820394,
      -0.27364158176734765,
      -0.32358185657763244,
      -0.4193346405264322,
      -0.3086351328087338,
      -0.4269859416073149
    ],
    [
      -0.5116431743506005,
      -0.26534225826172547,
      -0.2949866478718636,
      -0.2950945727336838,
      -0.3974883561691683,
      -0.4801097336064928,
      -0.28884079736249235,
      -0.591441161347634,
      -0.37970578792763326,
      -0.342483836341328
    ]
  ],
  "digital_baseline": -0.2718631245124753,
  "mean": [
    -0.2718631245124753,
    -0.2724474243445827,
    -0.2734533878430242,
    -0.2778291435482777,
    -0.2778740272225345,
    -0.28345901672348484,
    -0.3570135140111941,
    -0.3398769151378431,
    -0.3847136325972622
  ],
  "std": [
    0.0,
    0.008835791242574343,
    0.014631213888792861,
    0.019962283208499,
    0.03289946777697212,
    0.04007963602843843,
    0.058577104490276824,
    0.07582301145849772,
    0.10461503562516947
  ],
  "normalized_mean": [
    1.0,
    0.9978507573134268,
    0.9941505000599081,
    0.978055063383454,
    0.9778899667954659,
    0.9573465793428066,
    0.6867894840412188,
    0.7498234056298179,
    0.5848995398432257
  ],
  "normalized_std": [
    0.0,
    0.03250088167867314,
    0.0538183099124996,
    0.07342769728074308,
    0.12101482257282901,
    0.14742579046096135,
    0.21546542803597046,
    0.27890141994972306,
    0.3848077440174086
  ],
  "degradation_threshold_10pct": 0.07
}