{
  "sigma_values": [
    0.0,
    0.01,
    0.02,
    0.03,
    0.05,
    0.07,
    0.1,
    0.12,
    0.15
  ],
  "metric_name": "quality_mismatch_only",
  "per_trial": [
    [
      -0.27186326738540884,
      -0.2718652715042014,
      -0.2718622242869364,
      -0.2718626916395902,
      -0.27185947965203977,
      -0.27186260722322997,
      -0.27186314807213857,
      -0.2718641326554972,
      -0.2718648494509656,
      -0.2718632131527115
    ],
    [
      -0.27630540261068165,
      -0.2604695815043806,
      -0.2683866198000814,
      -0.27810247592841475,
      -0.2659671421380148,
      -0.28543299307289133,
      -0.2704873775177727,
      -0.2834916218792029,
      -0.28271683991997654,
      -0.2695080235110195
    ],
    [
      -0.26395851874772275,
      -0.2589614230737282,
      -0.28794044915912415,
      -0.2731220910020216,
      -0.28503276535572636,
      -0.25746331058538485,
      -0.2742083107375107,
      -0.2539121966076229,
      -0.2690907041732125,
      -0.27680801826210555
    ],
    [
      -0.2593686052172395,
      -0.2819444213230793,
      -0.24674768165342045,
      -0.2689193629217524,
      -0.29847697089163594,
      -0.27816018303936607,
      -0.27896661366602515,
      -0.29709331476998035,
      -0.26751756917997893,
      -0.3185908166997121
    ],
    [
      -0.3433430123314433,
      -0.2792312298584901,
      -0.21005868358299012,
      -0.3438723532424095,
      -0.24244843485741938,
      -0.30632487372148237,
      -0.26431633332186916,
      -0.24160885308358462,
      -0.260257543773514,
      -0.2719151065026957
    ],
    [
      -0.24253372166813733,
      -0.3752211934989148,
      -0.30356657396122877,
      -0.26484376025010836,
      -0.3197724061249745,
      -0.2860857173812779,
      -0.22544669029120132,
      -0.293339199657906,
      -0.2712991450449638,
      -0.3827147763487617
    ],
    [
      -0.3479057646449585,
      -0.30951564362549194,
      -0.32933618060171854,
      -0.344846367512473,
      -0.2973344845605327,
      -0.37992474555062117,
      -0.2336616724435941,
      -0.2992136717700131,
      -0.33434083414101295,
      -0.39049168473923684
    ],
    [
      -0.31635396619096195,
      -0.37273742766884055,
      -0.3387416425856999,
      -0.3302963015981763,
      -0.23613614809612887,
      -0.42832394226929293,
      -0.22294369718681206,
      -0.3613954717812264,
      -0.3871487561521983,
      -0.2671514113403988
    ],
    [
      -0.756180890625378,
      -0.6363989696626431,
      -0.452262911373159,
      -0.3455002541560566,
      -0.30922584235869577,
      -0.5029739082626908,
      -0.2550331977056018,
      -0.35883505307726843,
      -0.41140954729153106,
      -0.2591296419134124
    ]
  ],
  "digital_baseline": -0.2718623103923071,
  "mean": [
    -0.2718630885022719,
    -0.27408680778824357,
    -0.27004977877041597,
    -0.279578553936219,
    -0.2763376424275898,
    -0.29648231842274747,
    -0.32665710495896527,
    -0.3261228764869736,
    -0.4286950216426438
  ],
  "std": [
    1.522089905697214e-06,
    0.007940294613923978,
    0.010939780207147094,
    0.019847546801170086,
    0.04138643679225457,
    0.048926611122346544,
    0.04279696872286037,
    0.06330841853110564,
    0.15548151880323874
  ],
  "normalized_mean": [
    0.9999971378527474,
    0.9918175587019532,
    1.006667094159818,
    0.9716170897952826,
    0.9835382402627838,
    0.909439421761285,
    0.7984465206391159,
    0.8004115906454025,
    0.4231171249003902
  ],
  "normalized_std": [
    5.598752925702659e-06,
    0.029207044560409446,
    0.04024015021192381,
    0.0730058784997794,
    0.15223307979886014,
    0.1799683488738975,
    0.15742148538759493,
    0.23286941996391225,
    0.5719127398677415
  ],
  "degradation_threshold_10pct": 0.07
}