{
  "sigma_values": [
    0.0,
    0.01,
    0.02,
    0.03,
    0.05,
    0.07,
    0.1,
    0.12,
    0.15
  ],
  "metric_name": "quality_quantization_only",
  "per_trial": [
    [
      -0.16755442976880486,
      -0.167602639336922,
      -0.16755372464363943,
      -0.16759958598134375,
      -0.16756472708664535,
      -0.16755557751340738,
      -0.16757538049852755,
      -0.167575824106211,
      -0.1675610809826176,
      -0.16755311388221297
    ],
    [
      -0.1675578466419018,
      -0.16756838458452017,
      -0.1675663528727885,
      -0.167594577775253,
      -0.16754567902126172,
      -0.16759433367754903,
      -0.16756702437458335,
      -0.16755973749959371,
      -0.1675419583173665,
      -0.16756903511252563
    ],
    [
      -0.16756375906222704,
      -0.1675499143633109,
      -0.16757789338523377,
      -0.1675566229302804,
      -0.16757268410331805,
      -0.16758200191468461,
      -0.16758487218432877,
      -0.16754845844466157,
      -0.16757053560112392,
      -0.16755704344456326
    ],
    [
      -0.16755627964979897,
      -0.1675637378285288,
      -0.1675763627934272,
      -0.16755005736597464,
      -0.1675954079768901,
      -0.16755987099151473,
      -0.1676001294968522,
      -0.16757274615707388,
      -0.16759774052518264,
      -0.16753834055079492
    ],
    [
      -0.167576228569275,
      -0.1675722016346156,
      -0.1675659528127992,
      -0.16755797907931838,
      -0.16756934734434384,
      -0.16756699949339685,
      -0.1675738512719668,
      -0.1675625325271762,
      -0.1675725872650312,
      -0.16757204268858827
    ],
    [
      -0.16757528446810677,
      -0.16755340699661564,
      -0.1675471400804698,
      -0.16756937116737283,
      -0.16756879918806988,
      -0.16762455531037213,
      -0.16757826974785606,
      -0.1675930399133648,
      -0.1675638534199346,
      -0.16756610213409487
    ],
    [
      -0.16756662187176147,
      -0.16757546318974773,
      -0.16757535758666242,
      -0.1675605153477833,
      -0.1675874731919049,
      -0.16755066757584974,
      -0.1675779933644041,
      -0.16759084811386238,
      -0.16757889666713893,
      -0.1675715375076598
    ],
    [
      -0.1675565369429858,
      -0.16756842883521145,
      -0.1675865016858482,
      -0.16757093256207228,
      -0.16761565461284259,
      -0.1675643931252581,
      -0.16758737444644153,
      -0.16756323065711076,
      -0.16754983494247255,
      -0.16756436004159372
    ],
    [
      -0.16757746896533804,
      -0.16757114396755643,
      -0.16758570113770127,
      -0.16753604550830425,
      -0.16757042818772028,
      -0.16756488951583667,
      -0.1675846174497579,
      -0.16757665629650126,
      -0.16757653820590387,
      -0.16758496930370245
    ]
  ],
  "digital_baseline": -0.27186441991986976,
  "mean": [
    -0.1675696083800332,
    -0.16756649298773435,
    -0.16756637854337322,
    -0.1675710673336038,
    -0.16756897226865114,
    -0.16757398224262574,
    -0.1675735374416775,
    -0.16757272478518373,
    -0.16757284585383223
  ],
  "std": [
    1.763466423336731e-05,
    1.6522012610506303e-05,
    1.2478438149078684e-05,
    2.0222789387679603e-05,
    5.337163793997114e-06,
    2.0730571951221305e-05,
    1.1374941845514875e-05,
    1.8123377207982588e-05,
    1.3880357342298673e-05
  ],
  "normalized_mean": [
    1.3836280288924043,
    1.383639488252551,
    1.3836399092137093,
    1.3836226624175598,
    1.3836303687034848,
    1.3836119404958653,
    1.3836135766089999,
    1.3836165658066815,
    1.3836161204793802
  ],
  "normalized_std": [
    6.486565707482064e-05,
    6.0772986091287916e-05,
    4.5899489726373985e-05,
    7.43855683418968e-05,
    1.96317112609668e-05,
    7.625334700778977e-05,
    4.184049479099753e-05,
    6.666329199431222e-05,
    5.1056174788851795e-05
  ],
  "degradation_threshold_10pct": 0.15
}