{
  "sigma_values": [
    0.0,
    0.01,
    0.02,
    0.03,
    0.05,
    0.07,
    0.1,
    0.12,
    0.15
  ],
  "metric_name": "quality_mismatch_only",
  "per_trial": [
    [
      -0.28027492279282273,
      -0.28027188290620275,
      -0.2802765725940462,
      -0.28027565148502914,
      -0.2802731559775935,
      -0.28027608935733617,
      -0.28027787717495056,
      -0.28027176603597925,
      -0.28027612205335134,
      -0.28027427313092734
    ],
    [
      -0.2821513532321973,
      -0.2882043963765071,
      -0.2840782823725309,
      -0.2789936849312115,
      -0.2899834536206055,
      -0.2794096145465461,
      -0.2779634242632187,
      -0.2727068469474893,
      -0.29088231965115474,
      -0.27823017563411545
    ],
    [
      -0.2748245269213504,
      -0.2689095704294537,
      -0.28205855817748393,
      -0.27247144273527246,
      -0.27165209790642353,
      -0.30255618854893745,
      -0.2770586082209944,
      -0.27482580250082267,
      -0.28101404885435594,
      -0.28530154743071745
    ],
    [
      -0.30760921883482245,
      -0.2637606762941139,
      -0.2782555680795523,
      -0.264063341414706,
      -0.2878629665495541,
      -0.27304248996372404,
      -0.2900546449954498,
      -0.27851829066522427,
      -0.2796874380969804,
      -0.2813470932010685
    ],
    [
      -0.2917760727284293,
      -0.2828907467764016,
      -0.2980281374686833,
      -0.30953171739114616,
      -0.29003422546331764,
      -0.2902045413420901,
      -0.2660532536010994,
      -0.314716701832387,
      -0.25493549527972725,
      -0.2726240541162655
    ],
    [
      -0.2587245095520136,
      -0.2845501283837868,
      -0.2433613516337887,
      -0.3301726485131863,
      -0.3293207189778618,
      -0.2754076204697157,
      -0.2477777547519517,
      -0.2915515714868035,
      -0.30273900434462225,
      -0.3739105175422827
    ],
    [
      -0.23974977906619388,
      -0.2864420887697608,
      -0.2838083342925656,
      -0.20907640361577887,
      -0.33547151902531364,
      -0.29827808334604033,
      -0.22229483804738856,
      -0.2422429753704094,
      -0.3317944226328201,
      -0.2760905877049745
    ],
    [
      -0.30858188173314227,
      -0.373113949293482,
      -0.31321968592324023,
      -0.37540514174589945,
      -0.31615554002309076,
      -0.3185636230749375,
      -0.3252288394049861,
      -0.2068294766432664,
      -0.2701904475650686,
      -0.2842724131194387
    ],
    [
      -0.3494189354738154,
      -0.3106892429260165,
      -0.2775062773372979,
      -0.25910289952491816,
      -0.3482629805602629,
      -0.3359396426658017,
      -0.3169553654340714,
      -0.33006455245673927,
      -0.39653306024280566,
      -0.2610235600901317
    ]
  ],
  "digital_baseline": -0.2802749403582141,
  "mean": [
    -0.2802748313508239,
    -0.28226035515755765,
    -0.27906723917258114,
    -0.2804201728095196,
    -0.28707949459995474,
    -0.2937515825656013,
    -0.2725249031871246,
    -0.3091560998526552,
    -0.31854965167118604
  ],
  "std": [
    1.935107578860104e-06,
    0.005633881663744199,
    0.009192537599108258,
    0.01223387170613429,
    0.017692341227266956,
    0.039247366702728034,
    0.04124569323271432,
    0.04636859806888135,
    0.04116341244332173
  ],
  "normalized_mean": [
    1.0000003889302056,
    0.9929161886652941,
    1.0043089873967663,
    0.9994818214888571,
    0.9757218599956033,
    0.9519163497451362,
    1.0276515522978413,
    0.8969541855667559,
    0.8634386960744554
  ],
  "normalized_std": [
    6.904318939063477e-06,
    0.02010126790694752,
    0.03279828580949638,
    0.04364953816598234,
    0.06312494868308494,
    0.14003166552302793,
    0.14716154494582706,
    0.16543968579430798,
    0.14686797325052162
  ],
  "degradation_threshold_10pct": 0.1
}