{
  "sigma_values": [
    0.0,
    0.01,
    0.02,
    0.03,
    0.05,
    0.07,
    0.1,
    0.12,
    0.15
  ],
  "metric_name": "quality_thermal_only",
  "per_trial": [
    [
      -0.18045800281735652,
      -0.18045628116766987,
      -0.18045568292506015,
      -0.18045477998336806,
      -0.18045565632259677,
      -0.18045622776742573,
      -0.18045500175827434,
      -0.18045460592268742,
      -0.1804569032372854,
      -0.1804560492895349
    ],
    [
      -0.18045661719531222,
      -0.18045705513777308,
      -0.18045552690749328,
      -0.18045443651314372,
      -0.18045651803321747,
      -0.1804564126330191,
      -0.18045662150392364,
      -0.18045577494172807,
      -0.18045669744928552,
      -0.1804556239246256
    ],
    [
      -0.18045532918143314,
      -0.1804571661678097,
      -0.18045685521214633,
      -0.18045695831213496,
      -0.18045507530568583,
      -0.1804569677328598,
      -0.18045610856073713,
      -0.18045664034597947,
      -0.18045749823999405,
      -0.18045589504798837
    ],
    [
      -0.18045656882407146,
      -0.18045579752844876,
      -0.18045672328215157,
      -0.18045675355581,
      -0.18045723299360916,
      -0.18045520972885323,
      -0.1804567957448607,
      -0.18045487449472553,
      -0.1804572868964403,
      -0.18045600390362093
    ],
    [
      -0.18045579296348851,
      -0.18045678937485563,
      -0.18045554591549112,
      -0.18045537736442874,
      -0.18045607569181119,
      -0.1804564814268961,
      -0.18045741409334223,
      -0.18045607952998494,
      -0.1804550993144282,
      -0.18045471022763404
    ],
    [
      -0.1804564902140288,
      -0.18045463611043902,
      -0.18045563414346216,
      -0.18045544931509855,
      -0.18045554090829044,
      -0.18045539819182022,
      -0.18045562423403946,
      -0.18045444270806021,
      -0.18045537325409178,
      -0.18045491821142576
    ],
    [
      -0.18045580494676727,
      -0.18045674080397778,
      -0.18045678139718618,
      -0.18045583749348315,
      -0.18045619673481014,
      -0.18045546738099422,
      -0.1804551829330951,
      -0.18045642449197602,
      -0.18045594169532853,
      -0.18045593075608185
    ],
    [
      -0.18045555651351708,
      -0.1804560864370881,
      -0.18045876784418535,
      -0.18045600183252997,
      -0.18045603010251215,
      -0.18045600080522078,
      -0.18045424858611547,
      -0.1804563912822483,
      -0.18045404282221242,
      -0.18045565498370142
    ],
    [
      -0.18045571775032962,
      -0.18045604314623204,
      -0.18045603473051564,
      -0.1804550758679349,
      -0.18045584607801074,
      -0.1804557356925103,
      -0.18045624458403545,
      -0.18045596200747482,
      -0.18045445797739404,
      -0.1804566610314599
    ]
  ],
  "digital_baseline": -0.18045598059856688,
  "mean": [
    -0.1804559191191259,
    -0.18045612842395214,
    -0.1804564494106769,
    -0.18045632469525916,
    -0.18045593659023607,
    -0.18045535072907565,
    -0.18045603086337003,
    -0.1804558781209331,
    -0.18045577788658976
  ],
  "std": [
    9.768362129815303e-07,
    7.41689779974319e-07,
    7.687085392087096e-07,
    7.81163253605835e-07,
    7.705757558353098e-07,
    5.499505015936715e-07,
    4.89149697142848e-07,
    1.2201480112952106e-06,
    5.842106302182996e-07
  ],
  "normalized_mean": [
    1.0000003406894067,
    0.9999991808230196,
    0.9999974020694218,
    0.9999980931821093,
    1.0000002438729416,
    1.0000034904328976,
    0.9999997214567066,
    1.0000005678816153,
    1.0000011233319974
  ],
  "normalized_std": [
    5.41315510708703e-06,
    4.110087000243256e-06,
    4.259811931191902e-06,
    4.328829950743338e-06,
    4.2701591450686975e-06,
    3.04756040652963e-06,
    2.7106316760483843e-06,
    6.7614717298258425e-06,
    3.2374135137028496e-06
  ],
  "degradation_threshold_10pct": 0.15
}