{
  "sigma_values": [
    0.0,
    0.01,
    0.02,
    0.03,
    0.05,
    0.07,
    0.1,
    0.12,
    0.15
  ],
  "metric_name": "output_mse",
  "per_trial": [
    [
      -0.032273903489112854,
      -0.02636655420064926,
      -0.02694384753704071,
      -0.028869977220892906,
      -0.023458579555153847,
      -0.027235450223088264,
      -0.02550722099840641,
      -0.02692730352282524,
      -0.02802792564034462,
      -0.02990078553557396,
      -0.025439897552132607,
      -0.02790595218539238,
      -0.025326162576675415,
      -0.027117712423205376,
      -0.026918821036815643,
      -0.024206452071666718,
      -0.026932749897241592,
      -0.02514391392469406,
      -0.024971919134259224,
      -0.028140095993876457,
      -0.025268763303756714,
      -0.025541706010699272,
      -0.028428183868527412,
      -0.024244308471679688,
      -0.029609298333525658,
      -0.02199653536081314,
      -0.026540236547589302,
      -0.026605049148201942,
      -0.021653426811099052,
      -0.02639969252049923,
      -0.02742907404899597,
      -0.02243400551378727,
      -0.028637763112783432,
      -0.02897627279162407,
      -0.027000445872545242,
      -0.02758842147886753,
      -0.027396410703659058,
      -0.02339666709303856,
      -0.030899589881300926,
      -0.02510015107691288,
      -0.02635139226913452,
      -0.024124184623360634,
      -0.026359494775533676,
      -0.02556200884282589,
      -0.0317239835858345,
      -0.028893865644931793,
      -0.02337239682674408,
      -0.02622014656662941,
      -0.02658070996403694,
      -0.02485671453177929
    ],
    [
      -0.027904896065592766,
      -0.027356037870049477,
      -0.02363862469792366,
      -0.026700345799326897,
      -0.023789051920175552,
      -0.02446695975959301,
      -0.026378048583865166,
      -0.02594502456486225,
      -0.02038649283349514,
      -0.026121029630303383,
      -0.02891089767217636,
      -0.02024810016155243,
      -0.031223051249980927,
      -0.02850971929728985,
      -0.025157105177640915,
      -0.030021389946341515,
      -0.030276812613010406,
      -0.0224582739174366,
      -0.030952872708439827,
      -0.028870468959212303,
      -0.023153237998485565,
      -0.0280777495354414,
      -0.019335227087140083,
      -0.02406030334532261,
      -0.022199520841240883,
      -0.020725052803754807,
      -0.024829082190990448,
      -0.024570375680923462,
      -0.02120305225253105,
      -0.02314935065805912,
      -0.023160474374890327,
      -0.026541337370872498,
      -0.030218753963708878,
      -0.029151830822229385,
      -0.02652777172625065,
      -0.021805290132761,
      -0.02180861495435238,
      -0.02378964051604271,
      -0.023594912141561508,
      -0.022914158180356026,
      -0.023648854345083237,
      -0.01994018256664276,
      -0.02453361637890339,
      -0.023602930828928947,
      -0.02344866469502449,
      -0.030892202630639076,
      -0.023224715143442154,
      -0.02083428017795086,
      -0.03075367771089077,
      -0.027743319049477577
    ],
    [
      -0.02515958808362484,
      -0.02065962180495262,
      -0.023735210299491882,
      -0.025818713009357452,
      -0.02574450895190239,
      -0.026828579604625702,
      -0.019695769995450974,
      -0.03494289144873619,
      -0.02749575302004814,
      -0.021417194977402687,
      -0.019726675003767014,
      -0.02500898391008377,
      -0.01589241623878479,
      -0.02144080400466919,
      -0.02831694856286049,
      -0.022519107908010483,
      -0.027858862653374672,
      -0.018577231094241142,
      -0.026397595182061195,
      -0.02195115014910698,
      -0.025463156402111053,
      -0.024097705259919167,
      -0.02663026750087738,
      -0.02488136664032936,
      -0.028127631172537804,
      -0.029187971726059914,
      -0.02305050566792488,
      -0.032233648002147675,
      -0.028234396129846573,
      -0.029484359547495842,
      -0.021077623590826988,
      -0.030295543372631073,
      -0.021697793155908585,
      -0.022864479571580887,
      -0.02437838539481163,
      -0.01809443160891533,
      -0.023206474259495735,
      -0.025609111413359642,
      -0.01620391011238098,
      -0.024314338341355324,
      -0.02528293989598751,
      -0.029010500758886337,
      -0.02116396650671959,
      -0.02442399598658085,
      -0.027930645272135735,
      -0.028634104877710342,
      -0.021256951615214348,
      -0.018576303496956825,
      -0.023517627269029617,
      -0.02293689362704754
    ],
    [
      -0.038372598588466644,
      -0.024708393961191177,
      -0.024845927953720093,
      -0.026930563151836395,
      -0.024500498548150063,
      -0.037895482033491135,
      -0.027843985706567764,
      -0.0248914435505867,
      -0.03742724657058716,
      -0.030880417674779892,
      -0.021480118855834007,
      -0.032463718205690384,
      -0.03290783241391182,
      -0.02827896550297737,
      -0.027117017656564713,
      -0.02612195909023285,
      -0.034463007003068924,
      -0.031048404052853584,
      -0.03327131271362305,
      -0.02529400959610939,
      -0.021420644596219063,
      -0.021891474723815918,
      -0.026873545721173286,
      -0.028846383094787598,
      -0.024664511904120445,
      -0.029497846961021423,
      -0.02178945206105709,
      -0.024107230827212334,
      -0.024529973044991493,
      -0.03068338893353939,
      -0.01957094296813011,
      -0.020559655502438545,
      -0.02311933971941471,
      -0.024126095697283745,
      -0.029319211840629578,
      -0.021413160488009453,
      -0.02282821573317051,
      -0.022815722972154617,
      -0.03585662692785263,
      -0.02588709443807602,
      -0.023417320102453232,
      -0.030693871900439262,
      -0.028729518875479698,
      -0.018346771597862244,
      -0.020970704033970833,
      -0.018484489992260933,
      -0.022166483104228973,
      -0.031742796301841736,
      -0.030587242916226387,
      -0.02062676101922989
    ],
    [
      -0.03444415330886841,
      -0.022253278642892838,
      -0.034991152584552765,
      -0.027289390563964844,
      -0.021818432956933975,
      -0.03438928350806236,
      -0.021229373291134834,
      -0.04280312359333038,
      -0.025513801723718643,
      -0.055797066539525986,
      -0.022185243666172028,
      -0.03939994424581528,
      -0.03977832943201065,
      -0.03463411331176758,
      -0.029304925352334976,
      -0.03745555505156517,
      -0.015530114062130451,
      -0.024321960285305977,
      -0.030933545902371407,
      -0.01460498571395874,
      -0.03378390148282051,
      -0.048803217709064484,
      -0.02844865806400776,
      -0.024685904383659363,
      -0.026328768581151962,
      -0.04829763248562813,
      -0.03045864962041378,
      -0.028022954240441322,
      -0.012787044048309326,
      -0.03649681434035301,
      -0.02327381633222103,
      -0.03675020858645439,
      -0.02811543457210064,
      -0.027234263718128204,
      -0.025277432054281235,
      -0.03926656022667885,
      -0.039044030010700226,
      -0.0359128899872303,
      -0.023221783339977264,
      -0.02872297540307045,
      -0.018463751301169395,
      -0.048462480306625366,
      -0.0397016778588295,
      -0.024385599419474602,
      -0.026579679921269417,
      -0.01988811604678631,
      -0.023799575865268707,
      -0.018261471763253212,
      -0.03864274546504021,
      -0.024997586384415627
    ],
    [
      -0.035141635686159134,
      -0.023511018604040146,
      -0.027302894741296768,
      -0.03276083990931511,
      -0.019808251410722733,
      -0.0350436232984066,
      -0.02435271628201008,
      -0.017116650938987732,
      -0.031079482287168503,
      -0.029051408171653748,
      -0.031104668974876404,
      -0.02859288640320301,
      -0.031366508454084396,
      -0.02233935333788395,
      -0.0311875119805336,
      -0.014785070903599262,
      -0.029802246019244194,
      -0.044556014239788055,
      -0.05354459583759308,
      -0.019963281229138374,
      -0.02312898263335228,
      -0.05124947428703308,
