{
  "sigma_values": [
    2.0,
    4.0,
    6.0,
    8.0,
    10.0,
    12.0,
    16.0
  ],
  "metric_name": "quality_vs_adc_bits_sigma0.050",
  "per_trial": [
    [
      -0.23033901373350332,
      -0.23033901373350332,
      -0.23033901373350332,
      -0.23033901373350332,
      -0.23033901373350332,
      -0.23033901373350332,
      -0.23033901373350332,
      -0.23033901373350332,
      -0.23033901373350332,
      -0.23033901373350332,
      -0.23033901373350332,
      -0.23033901373350332,
      -0.23033901373350332,
      -0.23033901373350332,
      -0.23033901373350332,
      -0.23033901373350332,
      -0.23033901373350332,
      -0.23033901373350332,
      -0.23033901373350332,
      -0.23033901373350332,
      -0.23033901373350332,
      -0.23033901373350332,
      -0.23033901373350332,
      -0.23033901373350332,
      -0.23033901373350332,
      -0.23033901373350332,
      -0.23033901373350332,
      -0.23033901373350332,
      -0.23033901373350332,
      -0.23033901373350332,
      -0.23033901373350332,
      -0.23033901373350332,
      -0.23033901373350332,
      -0.23033901373350332,
      -0.23033901373350332,
      -0.23033901373350332,
      -0.23033901373350332,
      -0.23033901373350332,
      -0.23033901373350332,
      -0.23033901373350332,
      -0.23033901373350332,
      -0.23033901373350332,
      -0.23033901373350332,
      -0.23033901373350332,
      -0.23033901373350332,
      -0.23033901373350332,
      -0.23033901373350332,
      -0.23033901373350332,
      -0.23033901373350332,
      -0.23033901373350332
    ],
    [
      -0.17743390531333664,
      -0.19858853565313805,
      -0.1874486082541025,
      -0.18493786727294484,
      -0.1779904888962972,
      -0.16408962863715626,
      -0.17950109973428294,
      -0.17737290493693333,
      -0.18799314871846154,
      -0.1706620963810814,
      -0.184359622418893,
      -0.18611615705978038,
      -0.18091553496725138,
      -0.17408454936760812,
      -0.18854869170381988,
      -0.19178019931233412,
      -0.1840836630048278,
      -0.16800900425249618,
      -0.1704125205274485,
      -0.17467498846988772,
      -0.18083002855050634,
      -0.17719744180545294,
      -0.18510290366123042,
      -0.16394537503742554,
      -0.18361980047787338,
      -0.1797901035582137,
      -0.17902503980931944,
      -0.1771535182845295,
      -0.1779161581268597,
      -0.18068817255766384,
      -0.17019288121559847,
      -0.18361470435034757,
      -0.18355673944708673,
      -0.17756672638702095,
      -0.16991547100585383,
      -0.19172575824465268,
      -0.17264149164172587,
      -0.18294917383677728,
      -0.18243175438227058,
      -0.2029459026119568,
      -0.1729510425068005,
      -0.1841530040344356,
      -0.18101220021381245,
      -0.17303297252348962,
      -0.18324839858228564,
      -0.17050835154911723,
      -0.16793315331610453,
      -0.1852340729999971,
      -0.18924363684690412,
      -0.1935460991822646
    ],
    [
      -0.17481456129915285,
      -0.17063064749091678,
      -0.15785654830503396,
      -0.17001459958242113,
      -0.1746918130448708,
      -0.16707442368253406,
      -0.17112943900209776,
      -0.17222730803064829,
      -0.16387651951581117,
      -0.1671919171175923,
      -0.1722840757903314,
      -0.1624202424075401,
      -0.16559716160231613,
      -0.1733159321627577,
      -0.1654549032996813,
      -0.16049774295713526,
      -0.16096642684271475,
      -0.16530784641572818,
      -0.17158727445334993,
      -0.16733445723901905,
      -0.16020152517744493,
      -0.17153294792604115,
      -0.16766780137118217,
      -0.1732603967983243,
      -0.17766691616044994,
      -0.17108352541998462,
      -0.15698120176720143,
      -0.16409929857174022,
      -0.16471911431068617,
      -0.17081272496695055,
      -0.1662701154012118,
      -0.18124343278480332,
      -0.1699307971816102,
      -0.169112437780607,
      -0.18848465576810333,
      -0.1687203687601491,
      -0.17797156934065278,
      -0.18180809130146078,
      -0.1624893252779971,
      -0.17138567912794642,
      -0.17268892099896138,
      -0.1704261374893726,
      -0.17071399426957332,
      -0.17249692071487938,
      -0.16856500599571414,
      -0.16989248379460445,
      -0.16210430128237108,
      -0.1613397629637892,
      -0.16502533447023984,
      -0.15838711102755354
    ],
    [
      -0.16761813999724132,
      -0.16148281584465457,
      -0.17766394626305768,
      -0.17442640438093016,
      -0.17084955426596252,
      -0.17065079671081373,
      -0.17397851036949813,
      -0.16398836106863837,
      -0.16574197033323174,
      -0.16489634727482527,
      -0.1630028572413385,
      -0.15936373077453747,
      -0.1633700717208563,
      -0.168660050872094,
      -0.1685467017132482,
      -0.16478387526174948,
      -0.16859082619224489,
      -0.16994992841513498,
      -0.17189758676094022,
      -0.1751598456291142,
      -0.16723736556888583,
      -0.1648413497610037,
      -0.16359628145627805,
      -0.1679426061974679,
      -0.1714324689975292,
      -0.1744695780936336,
      -0.17067554905046403,
      -0.1736344550887915,
      -0.1712772477540324,
      -0.176327979492391,
      -0.16765470724859552,
      -0.16980588407376057,
      -0.17684620695620412,
      -0.1674038790258917,
      -0.16627956182446224,
      -0.17786394256927554,
      -0.17108766844746878,
      -0.16910759873593093,
      -0.17344186410773865,
      -0.16706239856039884,
      -0.16331640183589805,
      -0.16804522251383408,
      -0.16876174269090558,
      -0.17097166745677042,
      -0.1653457719940427,
      -0.1683367313177552,
      -0.1785888443171654,
      -0.17549474086585154,
      -0.16390931173059772,
      -0.16925064861737632
    ],
    [
      -0.1623271546397387,
      -0.17031443657961826,
      -0.1631839981877002,
      -0.17030425568950724,
      -0.17267937775456094,
      -0.17109853966428562,
      -0.16455300852546326,
      -0.16949845132563587,
      -0.16871229757166817,
      -0.16599540392818313,
      -0.1723904813530743,
      -0.17460138692507235,
      -0.17056581185046646,
      -0.16572893815823078,
      -0.16049198935827025,
      -0.16917254090163733,
      -0.15678729897997587,
      -0.16692463333772448,
      -0.16175478680701205,
      -0.1795621564478709,
      -0.16881441003344666,
      -0.16645989534723207,
      -0.1662096526055089,
      -0.17371738290219574,
      -0.17091121856849956,
      -0.1571676892169003,
      -0.16719350285736342,
      -0.17145636314456766,
      -0.16318507546885716,
      -0.1685643618844939,
      -0.16466630958299777,
      -0.1621069759250146,
      -0.16716867603989183,
      -0.1633564324602671,
      -0.16643099707979928,
      -0.17836505039780967,
      -0.15826244816941257,
      -0.16192756603006042,
      -0.16150217669247044,
      -0.17102278317917602,
      -0.16170682994798394,
      -0.17893073791708222,
      -0.17535365163012237,
      -0.16457704202149415,
      -0.16942047684437522,
      -0.18055443005589566,
      -0.16926810375340154,
      -0.16858493430800148,
      -0.1691136133243494,
      -0.16278385866612993
    ],
    [
      -0.17196262030732418,
      -0.169082515704018,
      -0.16550237307016388,
      -0.16432109556622287,
      -0.16255473987285785,
      -0.1724525585334825,
      -0.1716213635100892,
      -0.16244343270459452,
      -0.16855157328180986,
      -0.16998305438211697,
      -0.17277521144887445,
      -0.16130053020629273,
      -0.15975525787090172,
      -0.1671015784972795,
      -0.16032591179778624,
      -0.16828657017628945,
      -0.18995388359853047,
      -0.17066100047283947,
      -0.17025811737682348,
      -0.17514496533489549,
      -0.16580159767240474,
      -0.16551071651785484,
      -0.16827347589589986,
      -0.166979176624399,
      -0.1666810944737504,
      -0.17403661112731403,
      -0.17291673676819944,
      -0.1634129929787895,
      -0.16753378729378834,
      -0.17909292119917397,
