{
  "sigma_values": [
    2.0,
    4.0,
    6.0,
    8.0,
    10.0,
    12.0,
    16.0
  ],
  "metric_name": "quality_vs_adc_bits_sigma0.050",
  "per_trial": [
    [
      -0.23033901373350332,
      -0.23033901373350332,
      -0.23033901373350332,
      -0.23033901373350332,
      -0.23033901373350332,
      -0.23033901373350332,
      -0.23033901373350332,
      -0.23033901373350332,
      -0.23033901373350332,
      -0.23033901373350332,
      -0.23033901373350332,
      -0.23033901373350332,
      -0.23033901373350332,
      -0.23033901373350332,
      -0.23033901373350332,
      -0.23033901373350332,
      -0.23033901373350332,
      -0.23033901373350332,
      -0.23033901373350332,
      -0.23033901373350332,
      -0.23033901373350332,
      -0.23033901373350332,
      -0.23033901373350332,
      -0.23033901373350332,
      -0.23033901373350332
    ],
    [
      -0.187360321293635,
      -0.1973826816043834,
      -0.18227223339468424,
      -0.2012937103464775,
      -0.18217670905145636,
      -0.20198703676136984,
      -0.1970988161937603,
      -0.173396588416309,
      -0.18854942455020304,
      -0.17642428099974122,
      -0.18323172957596373,
      -0.1870283870133035,
      -0.18186772726581182,
      -0.16849670649077403,
      -0.17977752349078915,
      -0.1867039972553931,
      -0.17926080751690116,
      -0.19101759413649855,
      -0.18601248833221987,
      -0.19160572124167297,
      -0.17471293443174563,
      -0.18637459983447258,
      -0.17081548667657345,
      -0.18787840765768252,
      -0.19523365628478523
    ],
    [
      -0.1662280369639359,
      -0.17556892535723922,
      -0.17168298224714515,
      -0.16491753008909066,
      -0.1630938394236546,
      -0.17027544968451092,
      -0.16508839262333455,
      -0.15974854921330522,
      -0.16549182594826206,
      -0.17361700219551193,
      -0.1693339340060001,
      -0.1632513644613414,
      -0.16475613868704755,
      -0.16498398683842674,
      -0.16327464852652399,
      -0.16984447503548647,
      -0.1662556144025794,
      -0.17245599595469052,
      -0.15930394774176504,
      -0.1631176972082581,
      -0.16339057191660353,
      -0.16652597233924818,
      -0.1906868039287767,
      -0.1690984982632394,
      -0.17047512403695922
    ],
    [
      -0.16927378500487003,
      -0.16140460287723518,
      -0.1714826414488677,
      -0.16607336508433693,
      -0.15696301947047156,
      -0.17160037320098634,
      -0.16877316098442685,
      -0.16440164155099468,
      -0.170151968332694,
      -0.17188801331359665,
      -0.16253286481316612,
      -0.16346813803433663,
      -0.16489683331784036,
      -0.17713299315010653,
      -0.1678678634909502,
      -0.17450169678283392,
      -0.1674169874251155,
      -0.17953259213874223,
      -0.1741237473335238,
      -0.1601049793355861,
      -0.1661545698272066,
      -0.16749082939990154,
      -0.16022571116641143,
      -0.1749890473054304,
      -0.16815893121529013
    ],
    [
      -0.1654532638980006,
      -0.17280386809987333,
      -0.17569340776212308,
      -0.15763754398305074,
      -0.16468487105491875,
      -0.16598242856405013,
      -0.16103651240850525,
      -0.1670743734846663,
      -0.17186635189006272,
      -0.16210084113545334,
      -0.15906053123193525,
      -0.18817298566215676,
      -0.1611178068465188,
      -0.16477254640219668,
      -0.1809166613516352,
      -0.17228880570178912,
      -0.16544107130199273,
      -0.1704910123813855,
      -0.17139717885661937,
      -0.17248104074681675,
      -0.16696718290398593,
      -0.1639213888875598,
      -0.16339514941721536,
      -0.16725327007105278,
      -0.17361794549523377
    ],
    [
      -0.17328999050877678,
      -0.1670625707191353,
      -0.16250547335254786,
      -0.17178085135620547,
      -0.17001266886723812,
      -0.16391615049168806,
      -0.1853554384311367,
      -0.1668763030601412,
      -0.17304001782195957,
      -0.16453406891826,
      -0.17113524309278572,
      -0.1695154494806498,
      -0.17126308463096143,
      -0.17419611332951732,
      -0.16534142935889362,
      -0.17690500885908733,
      -0.177583259769443,
      -0.16425401111614935,
      -0.16601548299702568,
      -0.1686041963860737,
      -0.17159586836711427,
      -0.1725487899910419,
      -0.17339251260808478,
      -0.17183518675495307,
      -0.178716359279257
    ],
    [
      -0.165610936699875,
      -0.1583610951275297,
      -0.16584191463909911,
      -0.17384478475445436,
      -0.1692014172236828,
      -0.16877614112537148,
      -0.16880164421653215,
      -0.1651250547472887,
      -0.1630786322498286,
      -0.18316823220962386,
      -0.1690211235885122,
      -0.18072505517173632,
      -0.16445491570764748,
      -0.16475592330527097,
      -0.15711126122148322,
      -0.16177239581311487,
      -0.17842297373152685,
      -0.16788050876127056,
      -0.17500536722439292,
      -0.16656022339386203,
      -0.1669821839657718,
      -0.16110936006803311,
      -0.16920331707361794,
      -0.16794015057634457,
      -0.16892688868464273
    ]
  ],
  "digital_baseline": -0.1804559805985669,
  "mean": [
    -0.23033901373350332,
    -0.1855183827926643,
    -0.16769869228371748,
    -0.16802441424019685,
    -0.1682251215815519,
    -0.17085102118192505,
    -0.16806726005122055
  ],
  "std": [
    0.0,
    0.008818452886749841,
    0.0062043789139863866,
    0.005516975868802012,
    0.006794995364409711,
    0.005218099781559182,
    0.00618581642364696
  ],
  "normalized_mean": [
    0.7235722918715359,
    0.9719466089330729,
    1.0706947382543592,
    1.068889744286307,
    1.0677775210134108,
    1.0532260520531518,
    1.0686523134686552
  ],
  "normalized_std": [
    0.0,
    0.04886761224260513,
    0.034381675206366966,
    0.030572419104661276,
    0.037654586685744194,
    0.028916191994584534,
    0.03427881083868098
  ],
  "degradation_threshold_10pct": 16.0
}