{
  "sigma_values": [
    2.0,
    4.0,
    6.0,
    8.0,
    10.0,
    12.0,
    16.0
  ],
  "metric_name": "quality_vs_adc_bits_sigma0.050",
  "per_trial": [
    [
      -0.23033901373350332,
      -0.23033901373350332,
      -0.23033901373350332,
      -0.23033901373350332,
      -0.23033901373350332,
      -0.23033901373350332,
      -0.23033901373350332,
      -0.23033901373350332,
      -0.23033901373350332,
      -0.23033901373350332,
      -0.23033901373350332,
      -0.23033901373350332,
      -0.23033901373350332,
      -0.23033901373350332,
      -0.23033901373350332,
      -0.23033901373350332,
      -0.23033901373350332,
      -0.23033901373350332,
      -0.23033901373350332,
      -0.23033901373350332,
      -0.23033901373350332,
      -0.23033901373350332,
      -0.23033901373350332,
      -0.23033901373350332,
      -0.23033901373350332
    ],
    [
      -0.17462406412801115,
      -0.18305565977893712,
      -0.1646520921114107,
      -0.17319799539962935,
      -0.16514364443652585,
      -0.17862471830005028,
      -0.17592689376119636,
      -0.17539902057637125,
      -0.1763802017294136,
      -0.16228188263715768,
      -0.17226185905143576,
      -0.1699341496273869,
      -0.1641107367962828,
      -0.1644356842865955,
      -0.1785323626855826,
      -0.17771678026172963,
      -0.1707354260320422,
      -0.171265285593328,
      -0.17495849625587068,
      -0.166913183534073,
      -0.17414913252049133,
      -0.1718476174611898,
      -0.1737718362062316,
      -0.18032591122548994,
      -0.1722276955922398
    ],
    [
      -0.19364444007874812,
      -0.1790844049998623,
      -0.1877076971930587,
      -0.1871740129226772,
      -0.17435785542309445,
      -0.18158656815192145,
      -0.18026169854813337,
      -0.18039723466694788,
      -0.17434187651721195,
      -0.17420593753071625,
      -0.18441610728629612,
      -0.17273922180351586,
      -0.1852040022022502,
      -0.17430963786300688,
      -0.18077370046724195,
      -0.18811010548069312,
      -0.18333027245085576,
      -0.18263908736037007,
      -0.17810819687987822,
      -0.17615355452067122,
      -0.1841761270812101,
      -0.179576435291999,
      -0.17631439919720393,
      -0.1886191891125486,
      -0.1862208921648233
    ],
    [
      -0.18608898418216144,
      -0.1832723707282896,
      -0.1856565303891685,
      -0.18264020955199867,
      -0.1883413954678415,
      -0.17740672373263414,
      -0.18141259220694955,
      -0.18391454585406639,
      -0.18415750310343404,
      -0.18688522579976652,
      -0.1848570088719647,
      -0.17783708993559216,
      -0.1847125836074056,
      -0.18948774183315314,
      -0.17607569775386073,
      -0.18355243837262822,
      -0.17944415868097557,
      -0.17822261775833137,
      -0.1819294154286167,
      -0.18676281152497728,
      -0.1760921183576181,
      -0.17951406089233388,
      -0.17889214350976393,
      -0.18678384829177166,
      -0.18077310318400527
    ],
    [
      -0.18511295658940954,
      -0.1795541287200233,
      -0.1828421932866181,
      -0.1859562888491729,
      -0.18217911780501855,
      -0.17879939213253213,
      -0.18500556958713552,
      -0.19205611750173174,
      -0.18771334346133123,
      -0.1917872329898924,
      -0.1898850976493761,
      -0.17498209416142838,
      -0.1797567232709049,
      -0.18495359153492122,
      -0.1863998881532909,
      -0.18453877930926715,
      -0.1877249114362749,
      -0.18454276877957454,
      -0.18747389701533582,
      -0.1836021910982948,
      -0.17858231771319205,
      -0.19489161671662086,
      -0.18070397414317374,
      -0.18231491754125909,
      -0.17184859564210547
    ],
    [
      -0.1789047493936703,
      -0.18934009966406276,
      -0.18542845473308628,
      -0.19205617239436598,
      -0.18450336149806,
      -0.18838817933067087,
      -0.1906398019809311,
      -0.17994312042969685,
      -0.19297415412514432,
      -0.17748805623109742,
      -0.184665513974387,
      -0.1774297900368175,
      -0.18323027684010762,
      -0.184944422053023,
      -0.18112212316618964,
      -0.18150877630739962,
      -0.1804043647533852,
      -0.18100492928646353,
      -0.18113362923125917,
      -0.19491123482041486,
      -0.1799346930578609,
      -0.1839563354621547,
      -0.19160550470229445,
      -0.1865313287200806,
      -0.182182829506078
    ],
    [
      -0.17548146612681376,
      -0.17450781113360048,
      -0.18557395476302282,
      -0.185468757796388,
      -0.19072848567094614,
      -0.18261819881504682,
      -0.17453854914384556,
      -0.1793651457063678,
      -0.17720931773030998,
      -0.18890688206741316,
      -0.18740123930333893,
      -0.19175949650973717,
      -0.1874593955607613,
      -0.17868589530063503,
      -0.17955203614603873,
      -0.1818654801573976,
      -0.17565977654115408,
      -0.1778931569695307,
      -0.1769670732414485,
      -0.18079991421734662,
      -0.17974718679607374,
      -0.17705927057794044,
      -0.18345120411568402,
      -0.18721366925357139,
      -0.18054607321773047
    ]
  ],
  "digital_baseline": -0.1804559805985669,
  "mean": [
    -0.23033901373350332,
    -0.17249889319954692,
    -0.18133810620779744,
    -0.18258851676077234,
    -0.18412830820351542,
    -0.18456927606794807,
    -0.18161837747448573
  ],
  "std": [
    0.0,
    0.005377310127556175,
    0.005410957295933996,
    0.00380709289512489,
    0.005188912300751766,
    0.004936192545896554,
    0.005081622383919022
  ],
  "normalized_mean": [
    0.7235722918715359,
    1.0440943401965763,
    0.9951116853744356,
    0.9881825132360154,
    0.9796497317918336,
    0.9772061005917483,
    0.9935585572056788
  ],
  "normalized_std": [
    0.0,
    0.029798458935635184,
    0.029984915312787186,
    0.021097072441139834,
    0.028754449054779477,
    0.027353998074895365,
    0.028159900087896435
  ],
  "degradation_threshold_10pct": 16.0
}