{
  "sigma_values": [
    0.0,
    0.01,
    0.02,
    0.03,
    0.05,
    0.07,
    0.1,
    0.12,
    0.15
  ],
  "metric_name": "quality_thermal_only",
  "per_trial": [
    [
      -0.22285908527202494,
      -0.22284066007446715,
      -0.22286121720667545,
      -0.22286376114620216,
      -0.22287497696783587,
      -0.22285204801743508,
      -0.22284546549911194,
      -0.2228437441893492,
      -0.22286045024052253,
      -0.2228625446717622
    ],
    [
      -0.2228476089866923,
      -0.22286364835115605,
      -0.222869366348152,
      -0.22286596599314407,
      -0.22287335551156878,
      -0.2228394109415991,
      -0.22285964397212277,
      -0.22283606228775754,
      -0.2228493523382828,
      -0.22285589830746408
    ],
    [
      -0.22285853391110128,
      -0.22283387403843502,
      -0.22284331947140448,
      -0.22285749212215486,
      -0.2228608302705404,
      -0.22283652292138784,
      -0.22285465356682738,
      -0.22285395673967215,
      -0.2228640925028148,
      -0.22284451302274239
    ],
    [
      -0.22287754611977462,
      -0.22285259834818089,
      -0.22286185760109206,
      -0.2228635863403795,
      -0.22284841425549015,
      -0.22286008171274688,
      -0.22285882045873087,
      -0.22285693456900277,
      -0.22282060534191644,
      -0.2228495738005108
    ],
    [
      -0.22285445432414877,
      -0.22284382019858587,
      -0.22285044033517756,
      -0.22284113347890164,
      -0.22285230166284267,
      -0.22283376272107533,
      -0.22285366448825034,
      -0.2228537318940763,
      -0.22284930292348257,
      -0.2228547761508295
    ],
    [
      -0.22285791286813436,
      -0.22284518658721816,
      -0.22284958149523895,
      -0.2228536970088575,
      -0.22285046075335654,
      -0.22284059382775742,
      -0.22287483389618803,
      -0.22284526137256883,
      -0.2228347184562702,
      -0.2228317151090636
    ],
    [
      -0.22285403638368467,
      -0.2228531555912227,
      -0.22285238143812663,
      -0.22284947675565384,
      -0.22286008353472053,
      -0.22284489615518482,
      -0.22285828438068278,
      -0.22283783139310842,
      -0.2228636114812528,
      -0.22285295052510304
    ],
    [
      -0.22285428006048089,
      -0.22283111615139867,
      -0.222861988825004,
      -0.22285855453267178,
      -0.22285265692236897,
      -0.22284462846327904,
      -0.22285091224454806,
      -0.22286035316013866,
      -0.22284047262928613,
      -0.222857506694654
    ],
    [
      -0.22283261531179746,
      -0.22284682183882595,
      -0.2228524894892388,
      -0.22284300903884435,
      -0.2228267169152215,
      -0.22285291114307174,
      -0.22287416598133958,
      -0.22284891283606267,
      -0.22286662828062392,
      -0.22286591119244029
    ]
  ],
  "digital_baseline": -0.22285372667706702,
  "mean": [
    -0.22285639532853865,
    -0.22285603130379394,
    -0.22285077885670806,
    -0.2228550018547825,
    -0.22284873881773706,
    -0.22284839613746538,
    -0.22285267076387405,
    -0.22285124696838304,
    -0.2228510182027466
  ],
  "std": [
    1.0150297805685458e-05,
    1.1992831830491208e-05,
    9.962494115527991e-06,
    1.3909772790067056e-05,
    6.637274683654766e-06,
    1.1703118687730262e-05,
    7.06594838871067e-06,
    9.31308393596924e-06,
    1.422129020259374e-05
  ],
  "normalized_mean": [
    0.9999880250982947,
    0.9999896585677014,
    1.0000132276018125,
    0.9999942779609994,
    1.0000223817631606,
    1.0000239194546177,
    1.0000047381446509,
    1.000011127068508,
    1.0000121535967148
  ],
  "normalized_std": [
    4.554690629156073e-05,
    5.381481391096406e-05,
    4.4704184507376206e-05,
    6.241660391985922e-05,
    2.9783099356793398e-05,
    5.251479911165687e-05,
    3.170666469917193e-05,
    4.1790119801158405e-05,
    6.381445989100077e-05
  ],
  "degradation_threshold_10pct": 0.15
}