{
  "sigma_values": [
    0.0,
    0.01,
    0.02,
    0.03,
    0.05,
    0.07,
    0.1,
    0.12,
    0.15
  ],
  "metric_name": "quality_mismatch_only",
  "per_trial": [
    [
      -0.1805930511980123,
      -0.1804614917424533,
      -0.18000078691199062,
      -0.1802393368973807,
      -0.1808475797032861,
      -0.18089223084756512,
      -0.18050219097983133,
      -0.1808643914428411,
      -0.18043039225073357,
      -0.18082630343232786,
      -0.1803891666526955,
      -0.18015077078048833,
      -0.18054770245895838,
      -0.18014890845457085,
      -0.18087509432261087,
      -0.1802581620127234,
      -0.17977052040494418,
      -0.18058962552065025,
      -0.18070402702463123,
      -0.18040900341355773
    ],
    [
      -0.18004646936573507,
      -0.18012767773558808,
      -0.1806584068841569,
      -0.1806141202533717,
      -0.1801904003450398,
      -0.17999955952078517,
      -0.18066833130657137,
      -0.17933108125132002,
      -0.18056388385652636,
      -0.18186658705816744,
      -0.18050435111194332,
      -0.18008630226903324,
      -0.17996380920101313,
      -0.18211220849349424,
      -0.1813877971600385,
      -0.1786042831259764,
      -0.1797039766654856,
      -0.18169323439814433,
      -0.18009790706235712,
      -0.1795469649166554
    ],
    [
      -0.18117064940663205,
      -0.17865355863820034,
      -0.18099562249238219,
      -0.18077070129788453,
      -0.1792376849898005,
      -0.1827403759936589,
      -0.18023166921171596,
      -0.178233911732577,
      -0.18150521967335473,
      -0.1793142581692842,
      -0.18068726909255736,
      -0.18351536720632874,
      -0.17959352387710198,
      -0.17826582527204518,
      -0.17889523314309724,
      -0.17784718416421047,
      -0.18080493628332192,
      -0.18206325712540303,
      -0.18050556477626667,
      -0.18211323008760627
    ],
    [
      -0.17910125243838113,
      -0.1851302100433797,
      -0.1850937472588389,
      -0.18105601058265794,
      -0.18122805671322148,
      -0.18103982489227669,
      -0.17872279874861957,
      -0.18060839496180026,
      -0.17836056570406555,
      -0.1837357662852948,
      -0.183273630390287,
      -0.180290048750804,
      -0.18018436560830875,
      -0.17923147973019762,
      -0.17970861035645644,
      -0.1833501570959384,
      -0.18146767586285734,
      -0.17811226549351297,
      -0.17958275676986876,
      -0.17985189975628157
    ],
    [
      -0.19591816803175188,
      -0.179303072910316,
      -0.1790519130760752,
      -0.1794079732674097,
      -0.18089861259040824,
      -0.18017782636512272,
      -0.18309715306748817,
      -0.1759773751987126,
      -0.18063203814438494,
      -0.18058025038455575,
      -0.17404123778313094,
      -0.18050101062136878,
      -0.17643988312048228,
      -0.18745503624698412,
      -0.17564343593943677,
      -0.1876102065249259,
      -0.17988922518898737,
      -0.17570705874548845,
      -0.17291624738764927,
      -0.18393252173479294
    ],
    [
      -0.183498234583124,
      -0.17999051795843218,
      -0.18094871721633957,
      -0.1802485050324768,
      -0.17283409899990645,
      -0.192433047393083,
      -0.1795257049395764,
      -0.18377238868765616,
      -0.18169825617809832,
      -0.18277758193334676,
      -0.18889045192971654,
      -0.1768611171776881,
      -0.18129668760000409,
      -0.18012705120620665,
      -0.17850424556084946,
      -0.17826158020007538,
      -0.18561868193852998,
      -0.18223005873774017,
      -0.18184276036237063,
      -0.1782110003351034
    ],
    [
      -0.17783897424445702,
      -0.17740048447142992,
      -0.2014727185586816,
      -0.1705376571060993,
      -0.18764189142114296,
      -0.18592811495445768,
      -0.18247592679565802,
      -0.1960445377700487,
      -0.18340348062550874,
      -0.19064351122682524,
      -0.17869746139147274,
      -0.17941318672804518,
      -0.178642010452719,
      -0.18813683919115146,
      -0.17775810161497316,
      -0.18188893733530562,
      -0.1774857103631867,
      -0.17714272743190704,
      -0.17882411013161356,
      -0.18828752080966424
    ],
    [
      -0.16778661603104228,
      -0.1787354976004816,
      -0.19213454396876797,
      -0.17703961789612194,
      -0.16959136921917073,
      -0.18813359275941133,
      -0.19416769969371706,
      -0.1734343342822186,
      -0.17367033282878505,
      -0.1829762245645493,
      -0.20645767232188802,
      -0.17050121951206734,
      -0.18614809254290482,
      -0.19565783705682763,
      -0.19283355123287704,
      -0.18465319097287602,
      -0.17897771441329624,
      -0.17653984681517815,
      -0.1855509179479244,
      -0.1941942625418081
    ],
    [
      -0.20369153441092255,
      -0.18672845082770612,
      -0.23284236403864525,
      -0.1698196704437976,
      -0.1946011467731684,
      -0.18662368229546294,
      -0.16965653867435118,
      -0.1848843990826879,
      -0.18852762361958159,
      -0.1730065229171528,
      -0.19732260886945976,
      -0.18542086179239767,
      -0.18338612643356442,
      -0.20422270060112013,
      -0.1723443143325895,
      -0.20365168806956294,
      -0.18513500413278078,
      -0.18395490349866012,
      -0.190778849949498,
      -0.17660909572511
    ]
  ],
  "digital_baseline": -0.18044509748726142,
  "ideal_analog_baseline": -0.18034807881537163,
  "mean": [
    -0.18047503682261265,
    -0.18038836759907018,
    -0.18035725213167147,
    -0.18095647587215247,
    -0.1804590123164736,
    -0.1814785343985162,
    -0.18298319513121739,
    -0.1834592067100957,
    -0.188660404324411
  ],
  "std": [
    0.00030680994168273603,
    0.0008459627216933187,
    0.0015443377895781618,
    0.002070908488730279,
    0.005211761219970134,
    0.00411978559981206,
    0.0071737622888744575,
    0.010098429600061031,
    0.014538518601013486
  ],
  "normalized_mean": [
    0.9998340806385536,
    1.0003143886366614,
    1.0004868259476882,
    0.9971660167440839,
    0.9999228860777825,
    0.9942728457262314,
    0.9859342388388516,
    0.9832962531827885,
    0.9544719864848114
  ],
  "normalized_std": [
    0.001700295247447193,
    0.004688200086749598,
    0.008558491259022345,
    0.011476668070056465,
    0.028882808635674127,
    0.02283124150880795,
    0.03975592791807985,
    0.05596400091043722,
    0.08057031642015011
  ],
  "degradation_threshold_10pct": 0.15,
  "trial_seeds": {
    "digital_baseline": [
      101030345,
      101030346,
      101030347,
      101030348,
      101030349,
      101030350,
      101030351,
      101030352,
      101030353,
      101030354,
      101030355,
      101030356,
      101030357,
      101030358,
      101030359,
      101030360,
      101030361,
      101030362,
      101030363,
      101030364
    ],
    "ideal_analog_baseline": [
      202030648,
      202030649,
      202030650,
      202030651,
      202030652,
      202030653,
      202030654,
      202030655,
      202030656,
      202030657,
      202030658,
      202030659,
      202030660,
      202030661,
      202030662,
      202030663,
      202030664,
      202030665,
      202030666,
      202030667
    ],
    "per_trial": [
      [
        505111613,
        505111614,
        505111615,
        505111616,
        505111617,
        505111618,
        505111619,
        505111620,
        505111621,
        505111622,
        505111623,
        505111624,
        505111625,
        505111626,
        505111627,
        505111628,
        505111629,
        505111630,
        505111631,
        505111632
      ]
    ]
  },
  "metadata": {
    "arch": "flow",
    "analog_domain": "conservative",
    "analog_substrate": "classic",
    "seed": 30042,
    "pilot_profile_path": "/workspace/NEW_ACTUAL_RUNS/5-14/945/experiments/cross_arch_tolerance/results/profiles/flow_profile_classic_capacitive.json",
    "dynamics_diagnostics": {
      "lipschitz_proxy": 9.160911560058594,
      "straightness_proxy": 1.0283536680389915
    },