{
  "sigma_values": [
    0.0,
    0.05,
    0.1,
    0.15,
    0.2,
    0.25,
    0.3
  ],
  "metric_name": "quality_mismatch_only",
  "per_trial": [
    [
      -0.18045598059856688,
      -0.18045598059856688,
      -0.18045598059856688,
      -0.18045598059856688,
      -0.18045598059856688,
      -0.18045598059856688,
      -0.18045598059856688,
      -0.18045598059856688,
      -0.18045598059856688,
      -0.18045598059856688,
      -0.18045598059856688,
      -0.18045598059856688,
      -0.18045598059856688,
      -0.18045598059856688,
      -0.18045598059856688,
      -0.18045598059856688,
      -0.18045598059856688,
      -0.18045598059856688,
      -0.18045598059856688,
      -0.18045598059856688
    ],
    [
      -0.18648590481272742,
      -0.17678302029860848,
      -0.18634600234527746,
      -0.18314461963870676,
      -0.18507423300736014,
      -0.1839478072127514,
      -0.1803321043941185,
      -0.1861753579073524,
      -0.18450832414722929,
      -0.1832642632756666,
      -0.18240378481034902,
      -0.18773226102591029,
      -0.17425567073178422,
      -0.1886315510134169,
      -0.1811747946606545,
      -0.17803936307052312,
      -0.1833498049548293,
      -0.17997454988101083,
      -0.17971537655365474,
      -0.1933561285007123
    ],
    [
      -0.1827340851890499,
      -0.17983316358792678,
      -0.21344296556252826,
      -0.17929766718456905,
      -0.18704619562620517,
      -0.18886718102018737,
      -0.17948708904453434,
      -0.17651623613235257,
      -0.17454125358926129,
      -0.19067351652045864,
      -0.1724477139321048,
      -0.1930570654867444,
      -0.17870617126104504,
      -0.19070240715200662,
      -0.19848356958256858,
      -0.20361641264742605,
      -0.1879022235332157,
      -0.182965884946867,
      -0.18650741881095964,
      -0.18776716951759148
    ],
    [
      -0.20689235483063328,
      -0.20954319817776873,
      -0.24702996904642624,
      -0.1678867272557975,
      -0.17383678936502853,
      -0.1997636576402156,
      -0.18154710584125613,
      -0.2101935516239459,
      -0.20071407252365475,
      -0.21505566983600455,
      -0.20780724311989968,
      -0.21021182367857144,
      -0.1920747738527999,
      -0.1812186629760464,
      -0.18791297378585878,
      -0.19521819161393636,
      -0.1956832995473855,
      -0.17917823565308896,
      -0.20426717629269142,
      -0.18690654330497114
    ],
    [
      -0.21462265607777925,
      -0.19693039295152168,
      -0.2571727761819588,
      -0.1928908772604531,
      -0.19780051128653892,
      -0.16766479872528098,
      -0.16163602539217511,
      -0.19080266018875938,
      -0.16034244657267138,
      -0.2881713268580065,
      -0.19515534636868484,
      -0.20149086166445862,
      -0.1852007312816533,
      -0.21846931719949203,
      -0.2827170871507839,
      -0.23832009353408715,
      -0.19201593711337814,
      -0.2577687690456262,
      -0.20421561348660813,
      -0.17459942182863453
    ],
    [
      -0.18921524767885195,
      -0.20897309833961464,
      -0.2096820222522525,
      -0.1915268756831385,
      -0.2088375564773377,
      -0.20940866890643836,
      -0.24367294842701961,
      -0.23673158995975158,
      -0.249518391804731,
      -0.27711406929929666,
      -0.28913642004579493,
      -0.20673466507247024,
      -0.21328588149308486,
      -0.2902279368453877,
      -0.1988429439902709,
      -0.2072928179592032,
      -0.23034290549005088,
      -0.3126358981186379,
      -0.18428780281657578,
      -0.23658878669078137
    ],
    [
      -0.32853316021724366,
      -0.19332871574254654,
      -0.20593634978690847,
      -0.24866328925204165,
      -0.2714911994346594,
      -0.3759982023945676,
      -0.1745860864966982,
      -0.2789703365860677,
      -0.14600489465315805,
      -0.24208443353224213,
      -0.2766954679059453,
      -0.19170043612016743,
      -0.20441921122330084,
      -0.2199314783619966,
      -0.2715809839323872,
      -0.2100842782575995,
      -0.2424283305112879,
      -0.2656943031292743,
      -0.20302151423925888,
      -0.20518074942358944
    ]
  ],
  "digital_baseline": -0.1804559805985669,
  "mean": [
    -0.1804559805985669,
    -0.1832347461121322,
    -0.18672976951638012,
    -0.19764710099829902,
    -0.2088993825084276,
    -0.22970282636753453,
    -0.23781667106004703
  ],
  "std": [
    2.7755575615628914e-17,
    0.004311865637458692,
    0.009803222594300028,
    0.017347444212341717,
    0.036655513578324035,
    0.03612128422637596,
    0.052804833622505286
  ],
  "normalized_mean": [
    1.0,
    0.9846014218850037,
    0.9652336880329305,
    0.9047351030278425,
    0.8423803865324119,
    0.7270977353833474,
    0.6821347218794496
  ],
  "normalized_std": [
    1.5380801192381946e-16,
    0.023894279497727742,
    0.05432473094980306,
    0.09613116813751908,
    0.2031271751522938,
    0.20016673377386984,
    0.2926189170752517
  ],
  "degradation_threshold_10pct": 0.15
}