{
  "sigma_values": [
    0.0,
    0.01,
    0.02,
    0.03,
    0.05,
    0.07,
    0.1,
    0.12,
    0.15
  ],
  "metric_name": "output_mse",
  "per_trial": [
    [
      -0.05517600104212761,
      -0.054959986358881,
      -0.0716417133808136,
      -0.05409897863864899,
      -0.057256344705820084,
      -0.061235927045345306,
      -0.056882068514823914,
      -0.0480540469288826,
      -0.05256684124469757,
      -0.06298710405826569,
      -0.031329259276390076,
      -0.05107245221734047,
      -0.044634342193603516,
      -0.05606360360980034,
      -0.05685434117913246,
      -0.04738110303878784,
      -0.04733874648809433,
      -0.06225046142935753,
      -0.0616307258605957,
      -0.05737652629613876,
      -0.07416994869709015,
      -0.053062696009874344,
      -0.07306773215532303,
      -0.06883683800697327,
      -0.049151305109262466,
      -0.06422604620456696,
      -0.0831117033958435,
      -0.046476203948259354,
      -0.043861761689186096,
      -0.05969693139195442,
      -0.0569821298122406,
      -0.03409877046942711,
      -0.052493881434202194,
      -0.04791782423853874,
      -0.051302194595336914,
      -0.07192036509513855,
      -0.052262239158153534,
      -0.07777552306652069,
      -0.05775360018014908,
      -0.05649680644273758,
      -0.05554887279868126,
      -0.057327937334775925,
      -0.07558684796094894,
      -0.05580085515975952,
      -0.03713278844952583,
      -0.0544435977935791,
      -0.05453179404139519,
      -0.051485564559698105,
      -0.05454419553279877,
      -0.062063347548246384
    ],
    [
      -0.04991517961025238,
      -0.05453813448548317,
      -0.07124172896146774,
      -0.04828214645385742,
      -0.05937107279896736,
      -0.059467922896146774,
      -0.0515594519674778,
      -0.04986219480633736,
      -0.04928940534591675,
      -0.061350468546152115,
      -0.07074328511953354,
      -0.06090337783098221,
      -0.06108752265572548,
      -0.04721326753497124,
      -0.05178758502006531,
      -0.05833035334944725,
      -0.07765151560306549,
      -0.06442230939865112,
      -0.031752362847328186,
      -0.05333992838859558,
      -0.057831477373838425,
      -0.07058048993349075,
      -0.05529990419745445,
      -0.05346821993589401,
      -0.06584044545888901,
      -0.04484723508358002,
      -0.04850615933537483,
      -0.060713622719049454,
      -0.055237777531147,
      -0.06424552202224731,
      -0.049947015941143036,
      -0.05527672544121742,
      -0.04526789113879204,
      -0.039639294147491455,
      -0.06555353850126266,
      -0.06348615884780884,
      -0.05701147019863129,
      -0.05584947019815445,
      -0.061052605509757996,
      -0.06881009042263031,
      -0.051872722804546356,
      -0.05653589963912964,
      -0.06909609586000443,
      -0.044358719140291214,
      -0.0531378835439682,
      -0.07171101868152618,
      -0.055028777569532394,
      -0.0563509501516819,
      -0.057014912366867065,
      -0.0666709616780281
    ],
    [
      -0.06695045530796051,
      -0.06394633650779724,
      -0.04713723063468933,
      -0.06495478749275208,
      -0.046546678990125656,
      -0.058821551501750946,
      -0.05285651981830597,
      -0.05276881158351898,
      -0.049350738525390625,
      -0.06136983633041382,
      -0.0682799220085144,
      -0.04930683970451355,
      -0.07133330404758453,
      -0.04534001648426056,
      -0.0560043528676033,
      -0.06060496345162392,
      -0.04706684872508049,
      -0.06561381369829178,
      -0.049178142100572586,
      -0.07286297529935837,
      -0.042486853897571564,
      -0.061707429587841034,
      -0.0675792470574379,
      -0.06087494641542435,
      -0.03549082577228546,
      -0.058052681386470795,
      -0.051837533712387085,
      -0.05422841012477875,
      -0.0695861428976059,
      -0.06142456829547882,
      -0.06409912556409836,
      -0.06089859828352928,
      -0.04942493513226509,
      -0.0750465989112854,
      -0.06432900577783585,
      -0.06298381090164185,
      -0.0545320026576519,
      -0.07793393731117249,
      -0.05433860793709755,
      -0.047501664608716965,
      -0.05700468271970749,
      -0.048285942524671555,
      -0.07838352769613266,
      -0.04970884323120117,
      -0.06041719391942024,
      -0.046069830656051636,
      -0.09041688591241837,
      -0.04082544147968292,
      -0.04173837602138519,
      -0.05934957414865494
    ],
    [
      -0.060229431837797165,
      -0.04381785914301872,
      -0.06616408377885818,
      -0.06452079862356186,
      -0.06002730131149292,
      -0.05358714982867241,
      -0.04808759689331055,
      -0.04797234758734703,
      -0.07692403346300125,
      -0.04270625114440918,
      -0.07754667848348618,
      -0.04485005885362625,
      -0.057283494621515274,
      -0.04196058213710785,
      -0.07161583006381989,
      -0.0660056322813034,
      -0.08266828209161758,
      -0.040091514587402344,
      -0.05488806590437889,
      -0.06362788379192352,
      -0.057492006570100784,
      -0.0663943886756897,
      -0.05505372956395149,
      -0.044896822422742844,
      -0.06475089490413666,
      -0.04967356473207474,
      -0.07880327850580215,
      -0.04587297514081001,
      -0.05938531830906868,
      -0.07599245011806488,
      -0.04911917448043823,
      -0.06451015919446945,
      -0.0766114667057991,
      -0.045278385281562805,
      -0.058041106909513474,
      -0.06331291049718857,
      -0.039803631603717804,
      -0.08065803349018097,
      -0.04877591133117676,
      -0.0656910389661789,
      -0.05176465958356857,
      -0.04687280207872391,
      -0.04317332059144974,
      -0.06464812904596329,
      -0.06193815916776657,
      -0.056007325649261475,
      -0.05921896919608116,
      -0.06095847114920616,
      -0.06985796988010406,
      -0.06966929137706757
    ],
    [
      -0.05203491076827049,
      -0.06051604449748993,
      -0.09415771067142487,
      -0.10366798937320709,
      -0.05619184300303459,
      -0.062208522111177444,
      -0.0882391557097435,
      -0.06912296265363693,
      -0.06023257225751877,
      -0.05155521258711815,
      -0.10678325593471527,
      -0.08066379278898239,
      -0.07860351353883743,
      -0.0631558746099472,
      -0.079781673848629,
      -0.08130066096782684,
      -0.059740107506513596,
      -0.04221564158797264,
      -0.07200638949871063,
      -0.03931153193116188,
      -0.06477057933807373,
      -0.046608079224824905,
      -0.06807859987020493,
      -0.044997673481702805,
      -0.05926511809229851,
      -0.043969687074422836,
      -0.04957827553153038,
      -0.05795356631278992,
      -0.06699798256158829,
      -0.046773482114076614,
      -0.060408033430576324,
      -0.05578998476266861,
      -0.06265515089035034,
      -0.036151282489299774,
      -0.04952218011021614,
      -0.06215400621294975,
      -0.05269566550850868,
      -0.06304154545068741,
      -0.04559224843978882,
      -0.05437342822551727,
      -0.05056839808821678,
      -0.0857933908700943,
      -0.03835616633296013,
      -0.05357849597930908,
      -0.07386265695095062,
      -0.05125003680586815,
      -0.04661267250776291,
      -0.05481419339776039,
      -0.061650075018405914,
      -0.034578628838062286
    ],
    [
      -0.06220121681690216,
      -0.0820000022649765,
      -0.06354483217000961,
      -0.08371829986572266,
      -0.08972935378551483,
      -0.05666077882051468,
      -0.07930926233530045,
      -0.07036469131708145,
      -0.07140317559242249,
      -0.07371836155653,
      -0.09769657254219055,
      -0.06376370042562485,
      -0.06554271280765533,
      -0.05357562378048897,
      -0.05994538962841034,
      -0.07936777919530869,
      -0.05577977001667023,
      -0.032945066690444946,
      -0.07164885848760605,
      -0.048405248671770096,
      -0.10415209829807281,
      -0.07784135639667511,
      -0.1197052150964737,
      -0.05460473895072937,
      -0.059842728078365326,
      -0.05939207598567009,
