{
  "sigma_values": [
    0.0,
    0.01,
    0.02,
    0.03,
    0.05,
    0.07,
    0.1,
    0.12,
    0.15
  ],
  "metric_name": "quality_thermal_only",
  "per_trial": [
    [
      -0.18034499538816356,
      -0.18034977860259382,
      -0.18034735892668402,
      -0.18034562682186736,
      -0.18035045711083197,
      -0.1803668931331991,
      -0.18033483354798238,
      -0.18033959408575687,
      -0.18033635064688108,
      -0.18035866674042805,
      -0.18035779364499938,
      -0.18036466347439273,
      -0.18034531734236287,
      -0.180391120598662,
      -0.18036050254292063,
      -0.18039639863352153,
      -0.1803446765653662,
      -0.18036466945103705,
      -0.18033727213017173,
      -0.18032313023463092
    ],
    [
      -0.18033888196690243,
      -0.18034311965485622,
      -0.18040406443847418,
      -0.1803259316053618,
      -0.1803707259393169,
      -0.1803691026483705,
      -0.18035178216190995,
      -0.1803074093650627,
      -0.180321375661218,
      -0.1803727316820445,
      -0.18037642431688589,
      -0.1803347480459415,
      -0.18034400323939245,
      -0.18036152040812478,
      -0.18032582525654628,
      -0.1803120076870497,
      -0.18033896648175246,
      -0.18038125018508872,
      -0.18033841769158218,
      -0.18035331058800466
    ],
    [
      -0.18031935571646596,
      -0.1803578301283993,
      -0.1803323715160926,
      -0.1803598475231959,
      -0.1803254723950191,
      -0.1803405765569899,
      -0.18037549317497,
      -0.18035618605890125,
      -0.1803355130997174,
      -0.18036280484157666,
      -0.1803430239142095,
      -0.18035298866188076,
      -0.18033204004415404,
      -0.18037418123917845,
      -0.18034338166989614,
      -0.1803489474032822,
      -0.1803239938157919,
      -0.18036217144517774,
      -0.1803616589954613,
      -0.18033889605320888
    ],
    [
      -0.18034879447701774,
      -0.18035466693980148,
      -0.18038812714382974,
      -0.18037016542522472,
      -0.18032671928472216,
      -0.1803291479859789,
      -0.18036354132440835,
      -0.18034379760883099,
      -0.18036878616402394,
      -0.18035868062948157,
      -0.18035504770111097,
      -0.1803395788310242,
      -0.18036787388892608,
      -0.18036209458642993,
      -0.18032946514709738,
      -0.1803663949268199,
      -0.18037084976730033,
      -0.18035635983752332,
      -0.18032588109098796,
      -0.18031215220267613
    ],
    [
      -0.18032502702353564,
      -0.18033611375521164,
      -0.18033240646120693,
      -0.1803581600936481,
      -0.18037127337413228,
      -0.18031973840066665,
      -0.18035866873001855,
      -0.18032421807828844,
      -0.1803566987241679,
      -0.18031698735719015,
      -0.18036213630977113,
      -0.1803452531962096,
      -0.18036356750383895,
      -0.18033621148132603,
      -0.1803654559886785,
      -0.18034236272748616,
      -0.1803751422610418,
      -0.18034939944051434,
      -0.18035622462458867,
      -0.1803255580308809
    ],
    [
      -0.1803138318829976,
      -0.18037377873010677,
      -0.18034650433617763,
      -0.18036892203657356,
      -0.18032690815301777,
      -0.18035317685000973,
      -0.18035690551847583,
      -0.18033942643934178,
      -0.18036443292085902,
      -0.18037105841079812,
      -0.18031715712054663,
      -0.18032001602081585,
      -0.18037105989605592,
      -0.18033629155307243,
      -0.18034083097077228,
      -0.18035410924172723,
      -0.18033860500478066,
      -0.18034314575930413,
      -0.18032707059080066,
      -0.1803467846889349
    ],
    [
      -0.18034894732294873,
      -0.1803410951480348,
      -0.18035328022647368,
      -0.18034214211722388,
      -0.18034518426072385,
      -0.18034992805433045,
      -0.18033237476233566,
      -0.18034147676052267,
      -0.18035165145808077,
      -0.18034400552370208,
      -0.1803612510432364,
      -0.18032936194048738,
      -0.18034596961019067,
      -0.18030724235376072,
      -0.18037141600432147,
      -0.18034222122074176,
      -0.18036491214113365,
      -0.18033872679886664,
      -0.18032737407302238,
      -0.18035645702467815
    ],
    [
      -0.18034757664673123,
      -0.18036149415781097,
      -0.18035540073375575,
      -0.18033608389576603,
      -0.18034646774484475,
      -0.1803470993200342,
      -0.18034910742261048,
      -0.18037057914414267,
      -0.18035281531595046,
      -0.18037453067939718,
      -0.1803451602099966,
      -0.18034095172002382,
      -0.180333330762266,
      -0.18034631381005867,
      -0.1803342338317062,
      -0.18030724651761343,
      -0.1803346555873743,
      -0.18037787903771105,
      -0.18033673175779733,
      -0.18036688581013738
    ],
    [
      -0.1803407409430321,
      -0.1803270355759912,
      -0.1803162834717329,
      -0.18035098446622888,
      -0.18032269088160377,
      -0.1803216576225495,
      -0.18034952689832598,
      -0.1803672561540727,
      -0.18035560666889477,
      -0.18035605853351722,
      -0.18037495631253225,
      -0.18037200817167132,
      -0.1803460182729565,
      -0.1803212994516615,
      -0.1803588031999719,
      -0.18033585139163943,
      -0.18034982997415688,
      -0.18035715510405537,
      -0.1803477023084314,
      -0.18033517192589923
    ]
  ],
  "digital_baseline": -0.18044509748726142,
  "ideal_analog_baseline": -0.18034807881537163,
  "mean": [
    -0.1803530049811227,
    -0.1803485799511943,
    -0.18034733671267844,
    -0.1803519062481608,
    -0.18034603017812012,
    -0.1803455008062584,
    -0.1803447508922408,
    -0.18034822720528645,
    -0.18034533186644625
  ],
  "std": [
    1.7514488203965717e-05,
    2.444521467517052e-05,
    1.5987749050483245e-05,
    1.8996626929632054e-05,
    1.7649614615304312e-05,
    1.81886791145182e-05,
    1.3903620943372603e-05,
    1.627862763976207e-05,
    1.6927882783581365e-05
  ],
  "normalized_mean": [
    1.000510363026877,
    1.0005348858872374,
    1.000541775730925,
    1.0005164520421908,
    1.0005490163519033,
    1.0005519500523423,
    1.0005561059647392,
    1.0005368407528046,
    1.0005528862917554
  ],
  "normalized_std": [
    9.706269911379641e-05,
    0.00013547175853251563,
    8.860173688903853e-05,
    0.0001052764923744915,
    9.781154966845409e-05,
    0.00010079896526865871,
    7.705180765220918e-05,
    9.021374294145767e-05,
    9.381181877094995e-05
  ],
  "degradation_threshold_10pct": 0.15,
  "trial_seeds": {
    "digital_baseline": [
      101030345,
      101030346,
      101030347,
      101030348,
      101030349,
      101030350,
      101030351,
      101030352,
      101030353,
      101030354,
      101030355,
      101030356,
      101030357,
      101030358,
      101030359,
      101030360,
      101030361,
      101030362,
      101030363,
      101030364
    ],
    "ideal_analog_baseline": [
      202030648,
      202030649,
      202030650,
      202030651,
      202030652,
      202030653,
      202030654,
      202030655,
      202030656,
      202030657,
      202030658,
      202030659,
      202030660,
      202030661,
      202030662,
      202030663,
      202030664,
      202030665,
      202030666,
      202030667
    ],
    "per_trial": [
      [
        606111916,
        606111917,
        606111918,
        606111919,
        606111920,
        606111921,
        606111922,
        606111923,
        606111924,
        606111925,
        606111926,
        606111927,
        606111928,
        606111929,
        606111930,
        606111931,
        606111932,
        606111933,
        606111934,
        606111935
      ]
    ]
  },
  "metadata": {
    "arch": "flow",
    "analog_domain": "full_analog",
    "analog_substrate": "classic",
    "seed": 30042,
    "pilot_profile_path": "/workspace/NEW_ACTUAL_RUNS/5-14/945/experiments/cross_arch_tolerance/results/profiles/flow_profile_full_analog_classic_reram.json",
    "dynamics_diagnostics": {
      "lipschitz_proxy": 9.160911560058594,