{
  "sigma_values": [
    0.0,
    0.01,
    0.02,
    0.03,
    0.05,
    0.07,
    0.1,
    0.12,
    0.15
  ],
  "metric_name": "quality_mismatch_only",
  "per_trial": [
    [
      -0.2542114316716167,
      -0.2542114316716167,
      -0.2542114316716167,
      -0.2542114316716167,
      -0.2542114316716167,
      -0.2542114316716167,
      -0.2542114316716167,
      -0.2542114316716167,
      -0.2542114316716167,
      -0.2542114316716167
    ],
    [
      -0.2561931612402811,
      -0.2603896642716432,
      -0.2551038941821038,
      -0.25385291792308423,
      -0.2590962726034643,
      -0.2551567725446178,
      -0.25544033877944694,
      -0.2463218585782159,
      -0.2543247224259499,
      -0.2620672610060373
    ],
    [
      -0.26806719165010395,
      -0.2575324074521735,
      -0.25115866110801105,
      -0.24747250251788755,
      -0.2807478141577449,
      -0.24540606089773415,
      -0.2362503444823343,
      -0.2755719626862358,
      -0.26719699917825396,
      -0.24900588811720825
    ],
    [
      -0.2269994015165625,
      -0.24149571231243702,
      -0.25014285013590604,
      -0.2643990151484105,
      -0.27893986741786986,
      -0.25268643691783266,
      -0.2535982191034535,
      -0.23117468541917396,
      -0.24555349397254303,
      -0.277922663954273
    ],
    [
      -0.2674825201394385,
      -0.20578779167418376,
      -0.23258245229237148,
      -0.27564123782139066,
      -0.2261978636946354,
      -0.26694251764275395,
      -0.263380330520811,
      -0.2528670267060081,
      -0.24865050360449367,
      -0.25321224270655884
    ],
    [
      -0.2174178950802875,
      -0.24461904057738465,
      -0.22293290653248365,
      -0.24979777394537928,
      -0.21237187509693597,
      -0.267365718691674,
      -0.27307388459712145,
      -0.29924664478417556,
      -0.27505940164343534,
      -0.24331003331678236
    ],
    [
      -0.284844956593308,
      -0.31592237291688635,
      -0.24749104154617746,
      -0.26679652578873114,
      -0.34875408241472855,
      -0.3349504054201173,
      -0.28496868499279865,
      -0.30743733592740535,
      -0.30909974321186234,
      -0.3211024411043057
    ],
    [
      -0.3093220824771947,
      -0.39329862854154407,
      -0.29389008885673173,
      -0.3416270473087311,
      -0.35597193509082475,
      -0.3655708623753876,
      -0.2947520444292563,
      -0.3967003031976386,
      -0.28372042150868326,
      -0.2903397390416959
    ],
    [
      -0.2773107551827794,
      -0.24243355602319683,
      -0.3378503763080882,
      -0.27450453252516455,
      -0.29198453950045805,
      -0.4060587568730851,
      -0.3171948029721058,
      -0.38840505059688296,
      -0.3256105005736007,
      -0.2822690085664831
    ]
  ],
  "digital_baseline": -0.25421143167161675,
  "mean": [
    -0.25421143167161675,
    -0.2557946863554844,
    -0.2578409832247688,
    -0.2522912345898462,
    -0.24927444868026455,
    -0.2505195174265659,
    -0.30213675899163206,
    -0.3325193152827688,
    -0.3143621879121844
  ],
  "std": [
    5.551115123125783e-17,
    0.004101142323084375,
    0.013719755207470102,
    0.016636478055868424,
    0.020661367333593385,
    0.026773731815245557,
    0.029504347921012575,
    0.04141962002596612,
    0.04923692747146415
  ],
  "normalized_mean": [
    1.0,
    0.9937718981658037,
    0.9857223118201837,
    1.0075535433994605,
    1.019420774899414,
    1.0145230063839927,
    0.8114745391075728,
    0.691957662579439,
    0.7633829610059837
  ],
  "normalized_std": [
    2.1836606979565572e-16,
    0.016132800543691192,
    0.05396985933029518,
    0.06544346942414046,
    0.08127631081627817,
    0.10532072314446944,
    0.11606223892844234,
    0.1629337428045755,
    0.19368494621857543
  ],
  "degradation_threshold_10pct": 0.07
}