{
  "sigma_values": [
    0.0,
    0.01,
    0.02,
    0.03,
    0.05,
    0.07,
    0.1,
    0.12,
    0.15
  ],
  "metric_name": "quality_mismatch_only",
  "per_trial": [
    [
      -0.2228560959500193,
      -0.22285459168276756,
      -0.22285346075287585,
      -0.22285519094964973,
      -0.22285646246191987,
      -0.22285314811479048,
      -0.2228549731322601,
      -0.22285176101840995,
      -0.22285548145758236,
      -0.22285493063132997
    ],
    [
      -0.2252410048715754,
      -0.2230856844034304,
      -0.22170852651506734,
      -0.22399487152435202,
      -0.2231054611356404,
      -0.2307870274318125,
      -0.21485179074629612,
      -0.22823703776529278,
      -0.21825437273674958,
      -0.21738448048762912
    ],
    [
      -0.22111586587657275,
      -0.22636559153743616,
      -0.21222251165489045,
      -0.21015019449951425,
      -0.22415070565662873,
      -0.21417771681232245,
      -0.2178235749520966,
      -0.23690519289383552,
      -0.22212435763277977,
      -0.222725403931717
    ],
    [
      -0.23794479505065225,
      -0.2104291020287234,
      -0.2476458884285763,
      -0.25042185271545636,
      -0.2076321790195478,
      -0.23127796089230035,
      -0.2172886533068182,
      -0.22800387406698697,
      -0.25569491236578945,
      -0.21951727072574698
    ],
    [
      -0.22567067406997868,
      -0.24279460204615122,
      -0.2635050268121805,
      -0.20215705951804036,
      -0.19265123148284208,
      -0.27024213323850693,
      -0.22998109681426512,
      -0.23841456738859595,
      -0.23249474390626276,
      -0.21814114346620436
    ],
    [
      -0.24173234901836024,
      -0.23957361284789322,
      -0.214097086562926,
      -0.20797525131869177,
      -0.20695438119827136,
      -0.21702743170460526,
      -0.22579046574925843,
      -0.28853074138739665,
      -0.16218953002812422,
      -0.24080492219462812
    ],
    [
      -0.44368239587011565,
      -0.25624663120468555,
      -0.2621592740912261,
      -0.2164064530120569,
      -0.25905260417414955,
      -0.23034189681980488,
      -0.25715935829995545,
      -0.3144470442254417,
      -0.19451577717426724,
      -0.24465506586004615
    ],
    [
      -0.3586587989843726,
      -0.2463970819515196,
      -0.2753102770669696,
      -0.1979109558041831,
      -0.3394967209373631,
      -0.2643173242851772,
      -0.3764409700584615,
      -0.21821618330645692,
      -0.36573102611412317,
      -0.3650189496267482
    ],
    [
      -0.3028733268825703,
      -0.2807990967207406,
      -0.308213951165765,
      -0.21533129535403062,
      -0.4127350562368267,
      -0.23210073066070935,
      -0.2780596308031558,
      -0.2678455655303005,
      -0.24878222711828776,
      -0.31210692836518633
    ]
  ],
  "digital_baseline": -0.22285402788947084,
  "mean": [
    -0.22285460961516054,
    -0.22266502576178454,
    -0.22077611154477936,
    -0.2305856488600598,
    -0.23160522787430277,
    -0.22446757720101554,
    -0.2678666500731749,
    -0.3007498288135375,
    -0.2858847808837573
  ],
  "std": [
    1.361843617470398e-06,
    0.004637767509790561,
    0.007394868815656389,
    0.016151690326913302,
    0.022992422273564076,
    0.030853167403012232,
    0.06589099275003803,
    0.064228771547046,
    0.05217798792478546
  ],
  "normalized_mean": [
    0.9999973896559321,
    1.0008480983246129,
    1.0093241139250222,
    0.9653063440503592,
    0.9607312460640277,
    0.9927596134257669,
    0.7980174618785485,
    0.6504626743264397,
    0.7171657448096569
  ],
  "normalized_std": [
    6.110922159979236e-06,
    0.020810786117317834,
    0.03318256746664696,
    0.07247654655326254,
    0.10317256767271737,
    0.13844563499796608,
    0.29566884374518937,
    0.2882100546053474,
    0.23413526970517326
  ],
  "degradation_threshold_10pct": 0.07
}