{
  "sigma_values": [
    0.0,
    0.01,
    0.02,
    0.03,
    0.05,
    0.07,
    0.1,
    0.12,
    0.15
  ],
  "metric_name": "quality_mismatch_only",
  "per_trial": [
    [
      -0.25534548731340334,
      -0.28185011172300434,
      -0.281045204067661,
      -0.2723395663705305,
      -0.269592822969018,
      -0.2615345335379825,
      -0.25642710242985045,
      -0.28230665717466036,
      -0.2827064535786048,
      -0.2670400635526166
    ],
    [
      -0.2637751284484402,
      -0.26449913592083607,
      -0.24791689653141655,
      -0.3047793273293064,
      -0.25322648130549347,
      -0.26293022019724593,
      -0.26113805603614304,
      -0.2811853783187107,
      -0.2616859892719076,
      -0.2829221765287802
    ],
    [
      -0.31013396960130196,
      -0.276965074548556,
      -0.2653799340949044,
      -0.27014742197474695,
      -0.2622196012561326,
      -0.29146528065978783,
      -0.2410112642564927,
      -0.26511763491114837,
      -0.2394440626372234,
      -0.26617138499586135
    ],
    [
      -0.26064291756978497,
      -0.29397964635310925,
      -0.26057418106502156,
      -0.27241068478493247,
      -0.23994469295820453,
      -0.2287262642233982,
      -0.28795657755999127,
      -0.28580647056299496,
      -0.29699542819714403,
      -0.2522805193851818
    ],
    [
      -0.2553055775520043,
      -0.3027382045668201,
      -0.2842825783044681,
      -0.27020547326473754,
      -0.3021117902410333,
      -0.24622746124112743,
      -0.3457223146688775,
      -0.3273559295610175,
      -0.20910893642163136,
      -0.29978246023872634
    ],
    [
      -0.31030430387641533,
      -0.3297923360870335,
      -0.2300539523121552,
      -0.35312864570698005,
      -0.3265738289077417,
      -0.23246731768856987,
      -0.20690352550341048,
      -0.36997923759004325,
      -0.2132640514652594,
      -0.28552173392294206
    ],
    [
      -0.22998710002499861,
      -0.27627156597195424,
      -0.27112762150977504,
      -0.30070248598413307,
      -0.2630966426618979,
      -0.2003206410172279,
      -0.2652027482650592,
      -0.18136954463395522,
      -0.1734872630040045,
      -0.3730118313375278
    ],
    [
      -0.41464197619265186,
      -0.28911940037581374,
      -0.29345359223341805,
      -0.38096479578997244,
      -0.3070281284358935,
      -0.34344795075739964,
      -0.2551215442593093,
      -0.38268586460995724,
      -0.3828370908697252,
      -0.3359310946799232
    ],
    [
      -0.35594819077785356,
      -0.23016208519606152,
      -0.28758062650886135,
      -0.418705896557367,
      -0.2602384655867354,
      -0.24813980828778584,
      -0.4043322192039922,
      -0.5345822090599103,
      -0.4293977181221708,
      -0.32943086560565277
    ]
  ],
  "digital_baseline": -0.2757956016832613,
  "mean": [
    -0.2710188002717332,
    -0.268405878988828,
    -0.26880556289361557,
    -0.2679317382659763,
    -0.2842840726060444,
    -0.28579889330605507,
    -0.25345774444105335,
    -0.33852314382040644,
    -0.3498518084906391
  ],
  "std": [
    0.010246916193797738,
    0.015849120660733403,
    0.020000371221236796,
    0.022217825953533988,
    0.03829620330685642,
    0.05766781946074592,
    0.057057167070936936,
    0.048949128558504904,
    0.09230128178595862
  ],
  "normalized_mean": [
    1.0173200782839678,
    1.0267942006664779,
    1.025344997334923,
    1.0285133750113835,
    0.9692218771040021,
    0.9637293286704328,
    1.0809942475727439,
    0.772557858956776,
    0.7314815524417679
  ],
  "normalized_std": [
    0.03715402323770869,
    0.05746690869615607,
    0.07251881864383869,
    0.0805590292881108,
    0.13885719378091416,
    0.2090962260049919,
    0.20688207760638802,
    0.17748335455588865,
    0.33467278383925225
  ],
  "degradation_threshold_10pct": 0.1
}