{
  "sigma_values": [
    0.0,
    0.01,
    0.02,
    0.03,
    0.05,
    0.07,
    0.1,
    0.12,
    0.15
  ],
  "metric_name": "quality",
  "per_trial": [
    [
      -0.1805482087364074,
      -0.18054986729191633,
      -0.18055537455497211,
      -0.18055777041941684,
      -0.18056135644805277,
      -0.18055834745084912,
      -0.1805538530092688,
      -0.18055547729951638,
      -0.180555075753079,
      -0.18055701027313983,
      -0.18054179027793502,
      -0.18055990221943893,
      -0.18056711147676996,
      -0.18055241149016454,
      -0.18055381739934398,
      -0.18055147597473994,
      -0.18056058526493016,
      -0.1805515891545061,
      -0.180543191489523,
      -0.18055913194516404,
      -0.18055261684244,
      -0.18055046911542694,
      -0.1805610419003191,
      -0.1805726688370061,
      -0.18055677814714194,
      -0.180548910654697,
      -0.18055334867246206,
      -0.18055646313119522,
      -0.18055328059423834,
      -0.1805585611244943,
      -0.18055424810248177,
      -0.1805473919382327,
      -0.18056782487491246,
      -0.18056016425351057,
      -0.18056479306981843,
      -0.180560079559197,
      -0.1805595199481607,
      -0.18055039996230945,
      -0.18055200102337143,
      -0.1805540101877026,
      -0.18056550486225195,
      -0.1805538134366883,
      -0.1805534285011027,
      -0.18055224286167276,
      -0.18055065189553537,
      -0.1805556043720461,
      -0.18055051535971284,
      -0.18055460418909294,
      -0.18054531124341996,
      -0.180554209627104
    ],
    [
      -0.18085227456617772,
      -0.18183558491619156,
      -0.1808353123539722,
      -0.1799968568508815,
      -0.1810984022335461,
      -0.18223911499930773,
      -0.17881619509518493,
      -0.17958320713761086,
      -0.18140507154539892,
      -0.1820649447325046,
      -0.18228404946584398,
      -0.18266008496534603,
      -0.17994219696096855,
      -0.18001894720978873,
      -0.18161712037446914,
      -0.18130653037237635,
      -0.1796730619486257,
      -0.18046590515600555,
      -0.1787448450003402,
      -0.18038142198317075,
      -0.1814671911611962,
      -0.18221262015987405,
      -0.18130840549417018,
      -0.1818624761640825,
      -0.18024015598996213,
      -0.1807970207486957,
      -0.18001878312561734,
      -0.1801180116061116,
      -0.1797816159172881,
      -0.18119368371921227,
      -0.18059727338389434,
      -0.1815795234423138,
      -0.17989722695241817,
      -0.18151057355080422,
      -0.1790509949850904,
      -0.18188402651506982,
      -0.18145756154626344,
      -0.17988446588121373,
      -0.1799971262694848,
      -0.18102431846165917,
      -0.17941885022883444,
      -0.18198945743536044,
      -0.1794741704375836,
      -0.17896289376294766,
      -0.18123684583448058,
      -0.18018397349981863,
      -0.1811210918740242,
      -0.18243354273595813,
      -0.18057127753132599,
      -0.18036940784249103
    ],
    [
      -0.18459052882143387,
      -0.1746138955843597,
      -0.17890083408367505,
      -0.1830937500101227,
      -0.1826436977334178,
      -0.18233576563286547,
      -0.18157473383909914,
      -0.18431389956544242,
      -0.1800403963816368,
      -0.1849927846254855,
      -0.1782911084066372,
      -0.18289909888803446,
      -0.1816677307522213,
      -0.17956538202281183,
      -0.1812722016932934,
      -0.1814111125773231,
      -0.18386845576206706,
      -0.1830710720170033,
      -0.18230886797969637,
      -0.18365220706308588,
      -0.18148442465336445,
      -0.18262759429017877,
      -0.18333581259834372,
      -0.18127581192625006,
      -0.18300159217416023,
      -0.17879390204978518,
      -0.18188007250697702,
      -0.1822437645131808,
      -0.17942892133582602,
      -0.18237310492298964,
      -0.1824381198590913,
      -0.17884159421152648,
      -0.18079571854944892,
      -0.17771207261256244,
      -0.18113546816222212,
      -0.1803443805701892,
      -0.17744945090001696,
      -0.18305135724222954,
      -0.1794825423606745,
      -0.18231788877987223,
      -0.1789962294973183,
      -0.1806929425018174,
      -0.18345390184054874,
      -0.1785517261346908,
      -0.18207014526489967,
      -0.1748790456579831,
      -0.18028377816650362,
      -0.18171231440516794,
      -0.18319197233199447,
      -0.1775334273915221
    ],
    [
      -0.18222063168842628,
      -0.17991259798116319,
      -0.18060348096978557,
      -0.1778280681450231,
      -0.17436374340369717,
      -0.18805394702282793,
      -0.1807646955530863,
      -0.18388924959251668,
      -0.18445747320611403,
      -0.1825375991597571,
      -0.17436337168391058,
      -0.18597352030354078,
      -0.18467206734959357,
      -0.1812593784096244,
      -0.17965439767347227,
      -0.18344091270671395,
      -0.1791569230556621,
      -0.17744570831564932,
      -0.18146451776014072,
      -0.1842039793310709,
      -0.17899640655820992,
      -0.1725518864490335,
      -0.18256734670986552,
      -0.17799641935194963,
      -0.1782977569494429,
      -0.1802812711879762,
      -0.17797585510649921,
      -0.1820594552190072,
      -0.17863126595404544,
      -0.17805880367601845,
      -0.18190627529538417,
      -0.1822532136632412,
      -0.1830713315690195,
      -0.18510961170852064,
      -0.18011079641595654,
      -0.17804656243403044,
      -0.1793169774914176,
      -0.17838904260189556,
      -0.177330955028624,
      -0.1825287839233569,
      -0.1906033573286023,
      -0.1814617690575541,
      -0.182354490133171,
      -0.1767955382848438,
      -0.179258900949345,
      -0.18063779613106462,
      -0.18061392158450926,
      -0.18696188118401136,
      -0.17890640392627472,
      -0.18453908562225727
    ],
    [
      -0.18220993256186907,
      -0.18280966998493745,
      -0.18167922434046113,
      -0.19063564756267548,
      -0.1895415619880773,
      -0.18151802988083982,
      -0.18299044516639795,
      -0.18046467390817408,
      -0.17899036474721747,
      -0.17613568530512427,
      -0.1884707448837374,
      -0.1703765282048325,
      -0.17812776406248026,
      -0.17806682443576258,
      -0.18534615011690841,
      -0.18816960304177668,
      -0.18363819080513724,
      -0.1821158234860625,
      -0.179413247995461,
      -0.1790598920496099,
      -0.19325521909756144,
      -0.18576496633595918,
      -0.18262966653216672,
      -0.18288613706730922,
      -0.17790998504150415,
      -0.17744894876319584,
      -0.1923744591761912,
      -0.18157519977374736,
      -0.18367233153562648,
      -0.1796408697073865,
      -0.17441422975909895,
      -0.1848727745456205,
      -0.18346203870988512,
      -0.18242248090632093,
      -0.1907159062206995,
      -0.18175881605952252,
      -0.17589141639602462,
      -0.171360096394024,
      -0.17993447208576124,
      -0.17528128111979643,
      -0.18287402624513482,
      -0.18518832085489456,
      -0.17258765042297855,
      -0.18392740873321375,
      -0.18080021710366245,
      -0.18206321186009583,
      -0.17974944004892052,
      -0.1859009351670461,
      -0.18698042829067657,
      -0.18068690460237227
    ],
    [
      -0.18829778129396854,
      -0.1771962836644137,
      -0.17177786279400944,
      -0.18739157015258662,
      -0.17823633435582426,
      -0.18873367692877582,
      -0.18506254370492464,
      -0.19261381357587626,
      -0.18688707487715295,
      -0.18342471910303204,
      -0.1764730458096413,
      -0.19561862373555758,
      -0.18385011042800906,
      -0.18064965771144087,
      -0.1783147390073539,
      -0.17149240423060533,
      -0.18579171678040557,
      -0.16859568544319933,
      -0.17918213150344342,
      -0.177339990814528,
      -0.1825517932411207,
      -0.1819827163326332,
      -0.17334988223613645,
      -0.17424192718363532,
      -0.1876846521439962,
      -0.18375025616042845,
      -0.1871461798411838,
      -0.18038298381979234,
      -0.17829567220044612,
      -0.1874249633443037,
      -0.18068356599643784,
