{
  "sigma_values": [
    0.0,
    0.01,
    0.02,
    0.03,
    0.05,
    0.07,
    0.1,
    0.12,
    0.15
  ],
  "metric_name": "quality",
  "per_trial": [
    [
      -0.20587009722166053,
      -0.20578259653152148,
      -0.2058897460213035,
      -0.20583243663035966,
      -0.20597502308112495,
      -0.2058837213946458,
      -0.20593872245673686,
      -0.20597260176878876,
      -0.20589477304385442,
      -0.20603729615361085,
      -0.20599185035231332,
      -0.20595196655634176,
      -0.20593212697501573,
      -0.20580697884558638,
      -0.20581545525322015,
      -0.20587542166197742,
      -0.20594097727447533,
      -0.20593757299613336,
      -0.20596890495166684,
      -0.2059718304877124,
      -0.20596410517289257,
      -0.2059197378497767,
      -0.20594734244531068,
      -0.20591978872594294,
      -0.2059110669016069,
      -0.20596651325615567,
      -0.20584714014728392,
      -0.20592821623664395,
      -0.2058401355869088,
      -0.20591709426357327,
      -0.20584824667956447,
      -0.20593239241773642,
      -0.2059301828032287,
      -0.20595839742532016,
      -0.2060296600488855,
      -0.20599787814685794,
      -0.20594993874335707,
      -0.20599335299366436,
      -0.20594935552206475,
      -0.2059081744773948,
      -0.205803357347698,
      -0.2059671046955084,
      -0.2059856650733645,
      -0.2058998356425742,
      -0.20585571946392975,
      -0.20600778845354742,
      -0.20585611813426535,
      -0.20588691007863627,
      -0.2058671975992648,
      -0.20582691970331624
    ],
    [
      -0.20167849348036695,
      -0.20301721267893694,
      -0.21016164010757932,
      -0.20666401773947032,
      -0.20236577005730091,
      -0.20405777826247498,
      -0.20286334005259396,
      -0.20552062230528992,
      -0.20319796188222894,
      -0.21079180922218504,
      -0.20642835617623237,
      -0.20253958943987055,
      -0.2035863678629492,
      -0.19808459742503629,
      -0.20339646756826418,
      -0.2105817557582878,
      -0.20819821033844121,
      -0.2018509687538468,
      -0.2071642637525413,
      -0.20369373064043447,
      -0.20236976293199066,
      -0.20847767579013193,
      -0.20515831803326803,
      -0.20265676841224717,
      -0.2075409041775746,
      -0.20426013001967147,
      -0.20241729541517567,
      -0.2074793565965804,
      -0.21188269649071503,
      -0.2087421929462025,
      -0.20428579028916485,
      -0.20274304245481822,
      -0.20797035041847908,
      -0.20628055508100154,
      -0.20542436071819062,
      -0.2066627683817126,
      -0.20946559172899287,
      -0.20807485288996103,
      -0.20460785230430573,
      -0.2006234463027853,
      -0.2068770621330312,
      -0.20774410710452965,
      -0.20394510127872728,
      -0.20662876784393722,
      -0.20241686966343264,
      -0.20545465794784398,
      -0.2122629242083926,
      -0.19988685233974043,
      -0.20510678428979084,
      -0.20467363180535986
    ],
    [
      -0.2133486503891195,
      -0.2065273729658738,
      -0.2069502265768891,
      -0.2064901111258934,
      -0.2160473871489207,
      -0.2011257906764373,
      -0.21036879793033822,
      -0.2084683522357622,
      -0.19479814997839412,
      -0.21033158691770837,
      -0.21388779582244027,
      -0.21547285213322961,
      -0.20628954018787174,
      -0.20708155358943603,
      -0.21162561552469306,
      -0.19310227008164943,
      -0.21358049470177265,
      -0.20745389965499883,
      -0.21264821680081547,
      -0.2002757946050808,
      -0.21453542130984948,
      -0.20513369808324164,
      -0.20332085893413532,
      -0.21167038775692582,
      -0.2082368950628092,
      -0.20400397602204584,
      -0.2129887750967,
      -0.20063531391319173,
      -0.20944268225404078,
      -0.20332199417195762,
      -0.1927504312279938,
      -0.20249340047135278,
      -0.22018432818843373,
      -0.19215517827901835,
      -0.221966279038441,
      -0.20102922273579055,
      -0.2107835298869798,
      -0.213086669850216,
      -0.20141174627203762,
      -0.21142411570707847,
      -0.20901953430671083,
      -0.21086239451885547,
      -0.20378503358922756,
      -0.20308847327081647,
      -0.2013642149554581,
      -0.20951270763813848,
      -0.19502622537901382,
      -0.20257459134155975,
      -0.21020872155937767,
      -0.21673273848880478
    ],
    [
      -0.20174855831457988,
      -0.20998029462145903,
      -0.21323608924687604,
      -0.19238621504870262,
      -0.2215352427554809,
      -0.20732078746178753,
      -0.18906810251677997,
      -0.22367827131383636,
      -0.21243611610426366,
      -0.2056476229355681,
      -0.20689130953991977,
      -0.20306526840716754,
      -0.20998678260324202,
      -0.19873167785157062,
      -0.20375944247983205,
      -0.21222053755867779,
      -0.20885735571798286,
      -0.2073704033614198,
      -0.20849027252996272,
      -0.2128422379604137,
      -0.20393413629187598,
      -0.22271882474065752,
      -0.20866653359702717,
      -0.21270614750613148,
      -0.20500304786138798,
      -0.20640258908667164,
      -0.213413171758317,
      -0.20953727126839777,
      -0.20082324472306104,
      -0.22629837713322756,
      -0.23727860892669206,
      -0.21338200507735164,
      -0.20354395935794434,
      -0.2267311083635243,
      -0.20967401778059075,
      -0.20667994031991696,
      -0.2082352192785561,
      -0.21905961112183225,
      -0.20462885352593968,
      -0.1935282918335186,
      -0.21315125061425796,
      -0.21323215991497207,
      -0.20005151185207018,
      -0.20759753119686308,
      -0.2362917582782927,
      -0.22004285451635233,
      -0.2087837628362351,
      -0.2406771912457301,
      -0.19573435891873894,
      -0.23668619087468465
    ],
    [
      -0.23194265799936253,
      -0.22361190991535695,
      -0.23531668630150634,
      -0.24114340474907855,
      -0.20853859228761376,
      -0.22546589695958955,
      -0.1856109708736315,
      -0.20136683525236213,
      -0.23253225094581623,
      -0.18836270251339746,
      -0.2595940829597753,
      -0.2653499270222922,
      -0.20742842136368447,
      -0.22687261774697753,
      -0.21343041801088702,
      -0.25350559630333713,
      -0.1875701082730883,
      -0.21887616647721803,
      -0.21049353997782455,
      -0.21220590049544888,
      -0.1899006751575872,
      -0.20646413283235387,
      -0.22439498671607017,
      -0.23163325685687502,
      -0.21533587247995725,
      -0.22145000320576355,
      -0.22680237116681665,
      -0.19970839839608967,
      -0.18645814958338697,
      -0.223121684544763,
      -0.23650346214154325,
      -0.1880073681583052,
      -0.23287513447579322,
      -0.20788186564418215,
      -0.1906803801147586,
      -0.2122925811229861,
      -0.2148414057591622,
      -0.21985069090547804,
      -0.20579081253268705,
      -0.20189382765459774,
      -0.1820030343999943,
      -0.20100526414234518,
      -0.20411919377341767,
      -0.22046262349026602,
      -0.19374775795059063,
      -0.19529368809300532,
      -0.22368086769460646,
      -0.18460542537974892,
      -0.21330704472535067,
      -0.187902801437694
    ],
    [
      -0.2393934313054944,
      -0.2228503551856585,
      -0.21382343560271797,
      -0.2385449471767339,
      -0.19686329612295178,
      -0.1849925185967319,
      -0.2462745027610575,
      -0.2120617966691852,
      -0.21392389352711266,
      -0.20888512864940353,
      -0.21526056161023302,
      -0.24713066019771796,
      -0.3244381241621334,
      -0.21301909004016611,
      -0.25943272389931504,
      -0.2462125384611866,
      -0.27948517121898353,
      -0.2753042457794606,
      -0.24281551125458375,
      -0.19390848629591273,
      -0.2186675083674716,
      -0.25884995117854037,
      -0.2307599301772644,
      -0.1901364467836677,
      -0.27682894653209195,
      -0.2179500819613365,
      -0.2169920753271583,
      -0.22398396615261215,
      -0.2205233807552502,
      -0.1937096998201509,
