{
  "sigma_values": [
    0.0,
    0.01,
    0.02,
    0.03,
    0.05,
    0.07,
    0.1,
    0.12,
    0.15
  ],
  "metric_name": "quality_thermal_only",
  "per_trial": [
    [
      -0.27187363032448797,
      -0.2718585797446755,
      -0.2718536309373632,
      -0.2718858835540095,
      -0.271857919131943,
      -0.2718693248837656,
      -0.2718748223094053,
      -0.2718884934491539,
      -0.27187069957106813,
      -0.27186236497651495
    ],
    [
      -0.2718426788028049,
      -0.2718833743986575,
      -0.27188605128590987,
      -0.27186629829292197,
      -0.27187976506010414,
      -0.2718714107168605,
      -0.2718694054807427,
      -0.2718676960028892,
      -0.271863778128111,
      -0.2718620179307504
    ],
    [
      -0.2718712931210156,
      -0.27186398400096556,
      -0.2718980196708016,
      -0.2718513331903809,
      -0.27184649190110716,
      -0.27187159665827,
      -0.27185245747401315,
      -0.27186455888376654,
      -0.2718674277719562,
      -0.2718805155178125
    ],
    [
      -0.271867632148119,
      -0.2718636125730367,
      -0.27184970777928036,
      -0.2718601552964359,
      -0.2718793541076897,
      -0.2718853416600357,
      -0.27184360808123753,
      -0.2718636710471008,
      -0.2718442107495811,
      -0.2718468992684376
    ],
    [
      -0.27186977069691454,
      -0.27186868108566853,
      -0.27185875897049505,
      -0.27185177199501537,
      -0.27185307922148805,
      -0.2718752712717215,
      -0.27186385599829926,
      -0.27186820660884425,
      -0.2718731194118248,
      -0.27186694014543816
    ],
    [
      -0.2718411116103799,
      -0.27187197919877676,
      -0.2718594511869681,
      -0.27185107978638123,
      -0.2718539652239435,
      -0.2718705989093946,
      -0.2718506498011554,
      -0.27185666935618685,
      -0.27186683176025195,
      -0.2718446591651096
    ],
    [
      -0.27186900050206386,
      -0.2718507102373522,
      -0.2718781667289838,
      -0.271863372514759,
      -0.27184375723857385,
      -0.27187854097177877,
      -0.27184732687490976,
      -0.271852603815127,
      -0.2718596307280425,
      -0.2718624325066948
    ],
    [
      -0.27188290599249504,
      -0.2718610513654003,
      -0.2718964536432722,
      -0.2718614856128145,
      -0.27184426162200354,
      -0.27186969052439464,
      -0.2718309624354595,
      -0.2718422829380512,
      -0.2718613498898465,
      -0.27185347860089865
    ],
    [
      -0.27185400688312844,
      -0.27185915252400833,
      -0.2718470356961036,
      -0.2718577157518802,
      -0.2718553681322145,
      -0.2718568324195575,
      -0.2718874917274799,
      -0.27187838991279917,
      -0.27186310359139315,
      -0.2718653657524673
    ]
  ],
  "digital_baseline": -0.2718631245124753,
  "mean": [
    -0.2718695348882387,
    -0.2718692476099752,
    -0.2718667678190089,
    -0.27186041927109544,
    -0.27186494554057095,
    -0.27185669959985476,
    -0.27186055421182853,
    -0.2718603922624636,
    -0.2718624462391032
  ],
  "std": [
    1.1100090835147472e-05,
    1.1817111994150118e-05,
    1.4410637275867083e-05,
    1.3767275737372766e-05,
    7.609828668187044e-06,
    1.0002531847799662e-05,
    1.155249389435522e-05,
    1.843462613837331e-05,
    1.1462901419758376e-05
  ],
  "normalized_mean": [
    0.9999764205764394,
    0.9999774772782778,
    0.999986598746924,
    1.0000099507477695,
    0.9999933016730426,
    1.000023632894796,
    1.0000094543923579,
    1.000010050094203,
    1.0000024949075874
  ],
  "normalized_std": [
    4.0829703752772507e-05,
    4.346713816131343e-05,
    5.3006958195265666e-05,
    5.0640467559038195e-05,
    2.7991397074662264e-05,
    3.6792528835004484e-05,
    4.249378769214101e-05,
    6.78084832999386e-05,
    4.216423775866802e-05
  ],
  "degradation_threshold_10pct": 0.15
}