{
  "sigma_values": [
    0.0,
    0.01,
    0.02,
    0.03,
    0.05,
    0.07,
    0.1,
    0.12,
    0.15
  ],
  "metric_name": "quality_quantization_only",
  "per_trial": [
    [
      -0.20596811796684086,
      -0.20596811796684086,
      -0.20596811796684086,
      -0.20596811796684086,
      -0.20596811796684086,
      -0.20596811796684086,
      -0.20596811796684086,
      -0.20596811796684086,
      -0.20596811796684086,
      -0.20596811796684086
    ],
    [
      -0.20596811796684086,
      -0.20596811796684086,
      -0.20596811796684086,
      -0.20596811796684086,
      -0.20596811796684086,
      -0.20596811796684086,
      -0.20596811796684086,
      -0.20596811796684086,
      -0.20596811796684086,
      -0.20596811796684086
    ],
    [
      -0.20596811796684086,
      -0.20596811796684086,
      -0.20596811796684086,
      -0.20596811796684086,
      -0.20596811796684086,
      -0.20596811796684086,
      -0.20596811796684086,
      -0.20596811796684086,
      -0.20596811796684086,
      -0.20596811796684086
    ],
    [
      -0.20596811796684086,
      -0.20596811796684086,
      -0.20596811796684086,
      -0.20596811796684086,
      -0.20596811796684086,
      -0.20596811796684086,
      -0.20596811796684086,
      -0.20596811796684086,
      -0.20596811796684086,
      -0.20596811796684086
    ],
    [
      -0.20596811796684086,
      -0.20596811796684086,
      -0.20596811796684086,
      -0.20596811796684086,
      -0.20596811796684086,
      -0.20596811796684086,
      -0.20596811796684086,
      -0.20596811796684086,
      -0.20596811796684086,
      -0.20596811796684086
    ],
    [
      -0.20596811796684086,
      -0.20596811796684086,
      -0.20596811796684086,
      -0.20596811796684086,
      -0.20596811796684086,
      -0.20596811796684086,
      -0.20596811796684086,
      -0.20596811796684086,
      -0.20596811796684086,
      -0.20596811796684086
    ],
    [
      -0.20596811796684086,
      -0.20596811796684086,
      -0.20596811796684086,
      -0.20596811796684086,
      -0.20596811796684086,
      -0.20596811796684086,
      -0.20596811796684086,
      -0.20596811796684086,
      -0.20596811796684086,
      -0.20596811796684086
    ],
    [
      -0.20596811796684086,
      -0.20596811796684086,
      -0.20596811796684086,
      -0.20596811796684086,
      -0.20596811796684086,
      -0.20596811796684086,
      -0.20596811796684086,
      -0.20596811796684086,
      -0.20596811796684086,
      -0.20596811796684086
    ],
    [
      -0.20596811796684086,
      -0.20596811796684086,
      -0.20596811796684086,
      -0.20596811796684086,
      -0.20596811796684086,
      -0.20596811796684086,
      -0.20596811796684086,
      -0.20596811796684086,
      -0.20596811796684086,
      -0.20596811796684086
    ]
  ],
  "digital_baseline": -0.22285379093903085,
  "mean": [
    -0.20596811796684084,
    -0.20596811796684084,
    -0.20596811796684084,
    -0.20596811796684084,
    -0.20596811796684084,
    -0.20596811796684084,
    -0.20596811796684084,
    -0.20596811796684084,
    -0.20596811796684084
  ],
  "std": [
    2.7755575615628914e-17,
    2.7755575615628914e-17,
    2.7755575615628914e-17,
    2.7755575615628914e-17,
    2.7755575615628914e-17,
    2.7755575615628914e-17,
    2.7755575615628914e-17,
    2.7755575615628914e-17,
    2.7755575615628914e-17
  ],
  "normalized_mean": [
    1.0757701850214865,
    1.0757701850214865,
    1.0757701850214865,
    1.0757701850214865,
    1.0757701850214865,
    1.0757701850214865,
    1.0757701850214865,
    1.0757701850214865,
    1.0757701850214865
  ],
  "normalized_std": [
    1.2454612281297197e-16,
    1.2454612281297197e-16,
    1.2454612281297197e-16,
    1.2454612281297197e-16,
    1.2454612281297197e-16,
    1.2454612281297197e-16,
    1.2454612281297197e-16,
    1.2454612281297197e-16,
    1.2454612281297197e-16
  ],
  "degradation_threshold_10pct": 0.15
}