{
  "sigma_values": [
    0.0,
    0.01,
    0.02,
    0.03,
    0.05,
    0.07,
    0.1,
    0.12,
    0.15
  ],
  "metric_name": "quality_thermal_only",
  "per_trial": [
    [
      -0.2513305716056493,
      -0.2754971428365097,
      -0.267425125190115,
      -0.2625190666905255,
      -0.27516907141549746,
      -0.2787765394207672,
      -0.2767453121410799,
      -0.26440826610784274,
      -0.2692116146097541,
      -0.26703803905198586
    ],
    [
      -0.27021991810720647,
      -0.2638753596358583,
      -0.2635023840880603,
      -0.27761416157433993,
      -0.2756147272778326,
      -0.21959790356300068,
      -0.2953198533449904,
      -0.2553040297888801,
      -0.2968926828904659,
      -0.26713299416011427
    ],
    [
      -0.23945317572011848,
      -0.26935503072763095,
      -0.27513980822224404,
      -0.25688859079341636,
      -0.24203476836351911,
      -0.2801676536580199,
      -0.29352619809965835,
      -0.26981334022298686,
      -0.25210179969953606,
      -0.28603310792293635
    ],
    [
      -0.2681736806806293,
      -0.2811157417814829,
      -0.2641270364560769,
      -0.2572370288069942,
      -0.2769119186159805,
      -0.26767659080872547,
      -0.2612635717914091,
      -0.2971546420092346,
      -0.2650395172183052,
      -0.25802700964553515
    ],
    [
      -0.2785788514270098,
      -0.2565709381988854,
      -0.2764956699053873,
      -0.2934827671410167,
      -0.26635946985014014,
      -0.27285469017928704,
      -0.26546481467393457,
      -0.2408241882110596,
      -0.28057480185112216,
      -0.27790554170130055
    ],
    [
      -0.25717461851617557,
      -0.268571442960354,
      -0.26856395700044233,
      -0.2889244515980244,
      -0.2373945320880157,
      -0.25280346471728987,
      -0.2820579579133192,
      -0.23006431553891157,
      -0.2785056937032495,
      -0.2742920816075638
    ],
    [
      -0.26485925126221266,
      -0.29829548500111563,
      -0.2659300231985398,
      -0.29624094578629584,
      -0.2799995250930661,
      -0.22965166751254584,
      -0.2556475153389038,
      -0.2609043701086775,
      -0.27456307659490264,
      -0.26742532002535885
    ],
    [
      -0.2690457360456348,
      -0.256743853636377,
      -0.29235941928782266,
      -0.2596752074976102,
      -0.28826105260482293,
      -0.26890323305159103,
      -0.2764037458180101,
      -0.2729422225731541,
      -0.2565855607502744,
      -0.2790214836169616
    ],
    [
      -0.2635823349995189,
      -0.2749589081914746,
      -0.2790905017192126,
      -0.2684054579523508,
      -0.2896767759451758,
      -0.30222476309171176,
      -0.25584543269273124,
      -0.2654947225780342,
      -0.27158365123282413,
      -0.27530556314258137
    ]
  ],
  "digital_baseline": -0.26613629377508763,
  "mean": [
    -0.2688120749069727,
    -0.26850740144307494,
    -0.2664513473430067,
    -0.2696726737814374,
    -0.27091117331391434,
    -0.2638352515643346,
    -0.26935171799216184,
    -0.2719941514882259,
    -0.27461681115456155
  ],
  "std": [
    0.007855935657978182,
    0.020678188182483265,
    0.017384706227154326,
    0.011653498893938503,
    0.0138086593982277,
    0.018266215908766436,
    0.01890017037223472,
    0.011785934527296087,
    0.012707181621804979
  ],
  "normalized_mean": [
    0.9899458240214829,
    0.9910906264066669,
    0.9988161946518076,
    0.9867121467869453,
    0.9820585179454631,
    1.0086461045132673,
    0.9879181295738958,
    0.9779892564443361,
    0.9681346829506808
  ],
  "normalized_std": [
    0.029518467949423127,
    0.07769773858787726,
    0.06532256829970805,
    0.04378771015646179,
    0.05188566806261091,
    0.06863481733236751,
    0.07101688425933854,
    0.044285333503803904,
    0.04774689480174337
  ],
  "degradation_threshold_10pct": 0.15
}