{
  "sigma_values": [
    0.0,
    0.01,
    0.02,
    0.03,
    0.05,
    0.07,
    0.1,
    0.12,
    0.15
  ],
  "metric_name": "quality_mismatch_only",
  "per_trial": [
    [
      -0.22285379093903085,
      -0.22285379093903085,
      -0.22285379093903085,
      -0.22285379093903085,
      -0.22285379093903085,
      -0.22285379093903085,
      -0.22285379093903085,
      -0.22285379093903085,
      -0.22285379093903085,
      -0.22285379093903085
    ],
    [
      -0.22761707189624608,
      -0.22332107933786755,
      -0.2180792399329121,
      -0.22033611652130364,
      -0.22391148460814855,
      -0.22048349586873928,
      -0.22150576704673974,
      -0.22821482986313943,
      -0.21824775250611878,
      -0.23080193096569426
    ],
    [
      -0.20498741825577493,
      -0.2347806094266069,
      -0.21865647329090873,
      -0.22827288785283148,
      -0.21507000563069384,
      -0.23520815764173977,
      -0.22189333000504008,
      -0.21955238022541906,
      -0.2293432586270152,
      -0.23184507865061768
    ],
    [
      -0.24201674669016238,
      -0.2198200417056276,
      -0.2204871803187855,
      -0.22163488610020404,
      -0.21790681127241787,
      -0.23089350432763506,
      -0.23310011813910944,
      -0.24845178859239814,
      -0.23393334836046834,
      -0.24339159757247195
    ],
    [
      -0.20261334428835748,
      -0.2080898918926889,
      -0.23891575362920936,
      -0.24905879338807263,
      -0.22528305579221136,
      -0.21023219773870147,
      -0.2340668214012284,
      -0.20404414327521983,
      -0.2715105898862877,
      -0.26153745743182977
    ],
    [
      -0.24291123194347833,
      -0.2390441128518276,
      -0.2902698656204825,
      -0.23455167270216942,
      -0.27024423693857796,
      -0.18296147892235554,
      -0.30255135349762274,
      -0.2436777773168762,
      -0.2268038641576604,
      -0.24846145559837896
    ],
    [
      -0.2079219458655467,
      -0.2733499418105891,
      -0.28533157020219607,
      -0.23480955934133246,
      -0.2800624181432594,
      -0.3431061144692304,
      -0.21283313163942782,
      -0.30993568587404735,
      -0.24050959042863965,
      -0.35952763968870016
    ],
    [
      -0.2599278870456468,
      -0.2151275398030287,
      -0.3287565939914462,
      -0.16485628275889788,
      -0.38792575346626107,
      -0.29469394323788045,
      -0.2777919294169183,
      -0.25440491481821437,
      -0.2195007569282399,
      -0.21642412574832726
    ],
    [
      -0.41737657157807034,
      -0.2619775971508712,
      -0.20562667114333372,
      -0.22365083892216334,
      -0.35768367303998694,
      -0.3974180099828407,
      -0.2550281654030259,
      -0.27022279822066836,
      -0.20820720476377721,
      -0.3234372670742525
    ]
  ],
  "digital_baseline": -0.22285379093903085,
  "mean": [
    -0.22285379093903085,
    -0.22325187685469094,
    -0.2239609599606648,
    -0.23116360230792804,
    -0.2305352048723807,
    -0.24814770495494298,
    -0.2747387597462969,
    -0.2619409727214861,
    -0.292062879727899
  ],
  "std": [
    0.0,
    0.004148987142100375,
    0.009187916305186972,
    0.010425410450488956,
    0.02343276972846774,
    0.032003625651319645,
    0.04930245555296325,
    0.06100101361056701,
    0.07350547509600754
  ],
  "normalized_mean": [
    1.0,
    0.9982136901778395,
    0.9950318591531752,
    0.9627118240444443,
    0.965531598538293,
    0.8864999607620221,
    0.7671793304989775,
    0.8246061616553391,
    0.6894417254593499
  ],
  "normalized_std": [
    0.0,
    0.01861753001650966,
    0.04122844967757643,
    0.046781391541780765,
    0.10514862515791155,
    0.14360817249940933,
    0.2212322947041614,
    0.273726613998933,
    0.3298372210150889
  ],
  "degradation_threshold_10pct": 0.05
}