{
  "sigma_values": [
    0.0,
    0.01,
    0.02,
    0.03,
    0.05,
    0.07,
    0.1,
    0.12,
    0.15
  ],
  "metric_name": "quality_quantization_only",
  "per_trial": [
    [
      -0.23397985813931477,
      -0.23397985813931477,
      -0.23397985813931477,
      -0.23397985813931477,
      -0.23397985813931477,
      -0.23397985813931477,
      -0.23397985813931477,
      -0.23397985813931477,
      -0.23397985813931477,
      -0.23397985813931477
    ],
    [
      -0.23397985813931477,
      -0.23397985813931477,
      -0.23397985813931477,
      -0.23397985813931477,
      -0.23397985813931477,
      -0.23397985813931477,
      -0.23397985813931477,
      -0.23397985813931477,
      -0.23397985813931477,
      -0.23397985813931477
    ],
    [
      -0.23397985813931477,
      -0.23397985813931477,
      -0.23397985813931477,
      -0.23397985813931477,
      -0.23397985813931477,
      -0.23397985813931477,
      -0.23397985813931477,
      -0.23397985813931477,
      -0.23397985813931477,
      -0.23397985813931477
    ],
    [
      -0.23397985813931477,
      -0.23397985813931477,
      -0.23397985813931477,
      -0.23397985813931477,
      -0.23397985813931477,
      -0.23397985813931477,
      -0.23397985813931477,
      -0.23397985813931477,
      -0.23397985813931477,
      -0.23397985813931477
    ],
    [
      -0.23397985813931477,
      -0.23397985813931477,
      -0.23397985813931477,
      -0.23397985813931477,
      -0.23397985813931477,
      -0.23397985813931477,
      -0.23397985813931477,
      -0.23397985813931477,
      -0.23397985813931477,
      -0.23397985813931477
    ],
    [
      -0.23397985813931477,
      -0.23397985813931477,
      -0.23397985813931477,
      -0.23397985813931477,
      -0.23397985813931477,
      -0.23397985813931477,
      -0.23397985813931477,
      -0.23397985813931477,
      -0.23397985813931477,
      -0.23397985813931477
    ],
    [
      -0.23397985813931477,
      -0.23397985813931477,
      -0.23397985813931477,
      -0.23397985813931477,
      -0.23397985813931477,
      -0.23397985813931477,
      -0.23397985813931477,
      -0.23397985813931477,
      -0.23397985813931477,
      -0.23397985813931477
    ],
    [
      -0.23397985813931477,
      -0.23397985813931477,
      -0.23397985813931477,
      -0.23397985813931477,
      -0.23397985813931477,
      -0.23397985813931477,
      -0.23397985813931477,
      -0.23397985813931477,
      -0.23397985813931477,
      -0.23397985813931477
    ],
    [
      -0.23397985813931477,
      -0.23397985813931477,
      -0.23397985813931477,
      -0.23397985813931477,
      -0.23397985813931477,
      -0.23397985813931477,
      -0.23397985813931477,
      -0.23397985813931477,
      -0.23397985813931477,
      -0.23397985813931477
    ]
  ],
  "digital_baseline": -0.28027496769531657,
  "mean": [
    -0.2339798581393148,
    -0.2339798581393148,
    -0.2339798581393148,
    -0.2339798581393148,
    -0.2339798581393148,
    -0.2339798581393148,
    -0.2339798581393148,
    -0.2339798581393148,
    -0.2339798581393148
  ],
  "std": [
    2.7755575615628914e-17,
    2.7755575615628914e-17,
    2.7755575615628914e-17,
    2.7755575615628914e-17,
    2.7755575615628914e-17,
    2.7755575615628914e-17,
    2.7755575615628914e-17,
    2.7755575615628914e-17,
    2.7755575615628914e-17
  ],
  "normalized_mean": [
    1.165177468172358,
    1.165177468172358,
    1.165177468172358,
    1.165177468172358,
    1.165177468172358,
    1.165177468172358,
    1.165177468172358,
    1.165177468172358,
    1.165177468172358
  ],
  "normalized_std": [
    9.90298057791649e-17,
    9.90298057791649e-17,
    9.90298057791649e-17,
    9.90298057791649e-17,
    9.90298057791649e-17,
    9.90298057791649e-17,
    9.90298057791649e-17,
    9.90298057791649e-17,
    9.90298057791649e-17
  ],
  "degradation_threshold_10pct": 0.15
}