{
  "sigma_values": [
    2.0,
    4.0,
    6.0,
    8.0,
    10.0,
    12.0,
    16.0
  ],
  "metric_name": "quality_vs_adc_bits_sigma0.050",
  "per_trial": [
    [
      -0.23034033675759083,
      -0.23033792882778426,
      -0.23033863581253805,
      -0.23033969246961292,
      -0.23033841686960188,
      -0.23033852618821796,
      -0.23033685751779834,
      -0.23033956977848002,
      -0.23033703733308172,
      -0.23033683734913427,
      -0.23033846560072224,
      -0.23034013165558942,
      -0.23033965664961703,
      -0.23033867168741942,
      -0.230340021454323,
      -0.23033885383576055,
      -0.23033676811274265,
      -0.2303398505095059,
      -0.2303394284712265,
      -0.23033953310645572,
      -0.23033840960017715,
      -0.2303398629013847,
      -0.2303364512698392,
      -0.23033813640770034,
      -0.230338679717894
    ],
    [
      -0.19942616263646135,
      -0.17854706000999251,
      -0.15220338575946987,
      -0.12434866975974852,
      -0.14791141920809525,
      -0.14390189787637042,
      -0.1616806654834139,
      -0.21249357084642426,
      -0.16997800176616384,
      -0.16828982174183438,
      -0.201364657192993,
      -0.18015339323083335,
      -0.13851023630801237,
      -0.16679281510339605,
      -0.17984278242126034,
      -0.15843007431142156,
      -0.1645392203408858,
      -0.1832867141294609,
      -0.17054375687236964,
      -0.16980671622063037,
      -0.1267802417404685,
      -0.15594676456579734,
      -0.20009124825726635,
      -0.1568013844999056,
      -0.1915427896861042
    ],
    [
      -0.1987904034645885,
      -0.1599998595645392,
      -0.197772571335707,
      -0.18748998676663065,
      -0.2027023197485778,
      -0.13817024294291763,
      -0.15026480561760255,
      -0.1452597138760987,
      -0.162885827737183,
      -0.17586035956912702,
      -0.13926586910868383,
      -0.16163387397748738,
      -0.19247346802709878,
      -0.1263313918271376,
      -0.15596095159825535,
      -0.1583681261648077,
      -0.14733524996178107,
      -0.13447833712415508,
      -0.16484484981012615,
      -0.18636153823270077,
      -0.18616381960378947,
      -0.1527838223589598,
      -0.16465938035770156,
      -0.2118141614573491,
      -0.14947407255925277
    ],
    [
      -0.1719843118242278,
      -0.15227333206931046,
      -0.14143518742488254,
      -0.17269866716649915,
      -0.13563659184804225,
      -0.1760190260249593,
      -0.14511194625579882,
      -0.1433123524289558,
      -0.15590267475423236,
      -0.1663496118365434,
      -0.16782009630772368,
      -0.222818501130267,
      -0.14883100895602897,
      -0.15759417738200285,
      -0.14143566036236183,
      -0.14717052587962534,
      -0.17693392331699695,
      -0.13341297863893037,
      -0.1422083165691529,
      -0.15381042992008437,
      -0.21055367244116666,
      -0.19953578123268031,
      -0.16933216795601136,
      -0.19458745182282594,
      -0.13724081999671164
    ],
    [
      -0.15398215631357265,
      -0.1641201133526884,
      -0.13434597865755774,
      -0.1934943962987301,
      -0.1670184108812368,
      -0.16248100742742788,
      -0.1602477573411577,
      -0.14511513143963112,
      -0.14752680397039974,
      -0.15572157207261353,
      -0.16000792773258232,
      -0.1751125610171322,
      -0.14049703396798746,
      -0.1667170238167525,
      -0.12959092158166097,
      -0.17616887891378166,
      -0.1383763744651207,
      -0.16618259717382677,
      -0.16061807252497895,
      -0.1457829960943668,
      -0.14047105657985173,
      -0.13984450977454166,
      -0.15178607567558225,
      -0.13328044260429597,
      -0.13511281509348166
    ],
    [
      -0.14541461071440653,
      -0.14500201625434478,
      -0.1703146931596771,
      -0.16443262732666175,
      -0.17695034648446709,
      -0.17865704550415615,
      -0.14471730320911785,
      -0.17294331415931358,
      -0.17460281630114116,
      -0.12365899137716845,
      -0.14458156151769638,
      -0.16100973409376468,
      -0.1439503490866322,
      -0.1743877363507621,
      -0.201433215491633,
      -0.1585308710441503,
      -0.15171352039056266,
      -0.16248387193328032,
      -0.19774898874613428,
      -0.18114017629205506,
      -0.13012178772963162,
      -0.13246036188673063,
      -0.15803549404431966,
      -0.1520829138819394,
      -0.14662455092131832
    ],
    [
      -0.17338017362835526,
      -0.22216663609289314,
      -0.1482009744575402,
      -0.1461351844628582,
      -0.1320537102472698,
      -0.1729005122291825,
      -0.1448707333041635,
      -0.17621682549516465,
      -0.11974074627050844,
      -0.14227739582696577,
      -0.15974242270302108,
      -0.1590189892085033,
      -0.15246522706385623,
      -0.15049017222437291,
      -0.15166363110779266,
      -0.1735829290976377,
      -0.1758348020004998,
      -0.15287545794459093,
      -0.18963738578853837,
      -0.13829656035888213,
      -0.15621659911604646,
      -0.15977842148089344,
      -0.14063772831618615,
      -0.1383416641246686,
      -0.16244147225330452
    ]
  ],
  "digital_baseline": -0.22285373419623755,
  "mean": [
    -0.2303386703953679,
    -0.1681285379987512,
    -0.16604580011169034,
    -0.1625603685418409,
    -0.15374410459083837,
    -0.1597199559160426,
    -0.15755865419214782
  ],
  "std": [
    1.1422612123024543e-06,
    0.02230191839584668,
    0.023124845746332126,
    0.023552873731302045,
    0.015546620444782791,
    0.01938832662409617,
    0.020511275607851334
  ],
  "normalized_mean": [
    0.9664132341056517,
    1.2455655338011846,
    1.2549112954711543,
    1.270551291733368,
    1.310112055580561,
    1.2832969279509647,
    1.2929952250501358
  ],
  "normalized_std": [
    5.125609478442112e-06,
    0.10007424141346609,
    0.103766920620541,
    0.10568758839177526,
    0.06976154337666586,
    0.08700023221070848,
    0.09203918292789202
  ],
  "degradation_threshold_10pct": 16.0
}