{
  "sigma_values": [
    0.0,
    0.01,
    0.02,
    0.03,
    0.05,
    0.07,
    0.1,
    0.12,
    0.15
  ],
  "metric_name": "quality_mismatch_only",
  "per_trial": [
    [
      -0.2802749676953165,
      -0.2802749676953165,
      -0.2802749676953165,
      -0.2802749676953165,
      -0.2802749676953165,
      -0.2802749676953165,
      -0.2802749676953165,
      -0.2802749676953165,
      -0.2802749676953165,
      -0.2802749676953165
    ],
    [
      -0.2738753676733722,
      -0.2744141724957094,
      -0.2838988742252606,
      -0.28142611595977757,
      -0.2792147097926288,
      -0.27584219225602136,
      -0.276297733810908,
      -0.26620331904975847,
      -0.2765678011651864,
      -0.28524338965507884
    ],
    [
      -0.28467827456441186,
      -0.2895769726065681,
      -0.2713494385497893,
      -0.2817726418516108,
      -0.279741624462788,
      -0.2844628342231495,
      -0.2725052235890297,
      -0.2686128794428524,
      -0.2795271260567819,
      -0.27508733145661973
    ],
    [
      -0.2994383418155851,
      -0.2737594548961597,
      -0.2799042721340898,
      -0.2552536433425025,
      -0.27153509032317397,
      -0.3023513415319518,
      -0.26785908842944406,
      -0.30151730024319695,
      -0.27999954866789417,
      -0.27683083037316886
    ],
    [
      -0.2812557667069136,
      -0.29912092918167354,
      -0.2954976273130564,
      -0.29549905440030283,
      -0.24193248695301534,
      -0.278423660213287,
      -0.2975313338115944,
      -0.3225379585113754,
      -0.2947966387176284,
      -0.24010385746158433
    ],
    [
      -0.2621282891550459,
      -0.2734185187728954,
      -0.28813505245190396,
      -0.2982975098211046,
      -0.26694747580193084,
      -0.2898499910068414,
      -0.3164745852914449,
      -0.24807856315471655,
      -0.2747869880501527,
      -0.2653627735550768
    ],
    [
      -0.2717650624827304,
      -0.3908721715421639,
      -0.32355716140577817,
      -0.326102531066188,
      -0.29134503978159343,
      -0.2947653543016695,
      -0.20100862254645005,
      -0.3115621020275126,
      -0.34690977264217665,
      -0.3047171895288209
    ],
    [
      -0.3510759620796538,
      -0.3280408320307688,
      -0.24362042703832157,
      -0.34264882628250065,
      -0.2502113551015222,
      -0.33160018273134506,
      -0.2067512150572207,
      -0.41549794280066193,
      -0.31454453118545883,
      -0.28607906837694963
    ],
    [
      -0.31515880411774316,
      -0.28095581249557944,
      -0.2595488868210975,
      -0.2732212812842528,
      -0.24979390357862047,
      -0.28581750055118543,
      -0.36789879678204956,
      -0.3981085167558937,
      -0.344228249139066,
      -0.33404217737568614
    ]
  ],
  "digital_baseline": -0.28027496769531657,
  "mean": [
    -0.28027496769531657,
    -0.2772983676083701,
    -0.2787314346803601,
    -0.2808448911757167,
    -0.2846699313270431,
    -0.27834797470611133,
    -0.3062605007325083,
    -0.3070070342684403,
    -0.31087739289011745
  ],
  "std": [
    5.551115123125783e-17,
    0.005236332602539479,
    0.006369193883697446,
    0.014878585955496515,
    0.024512425664258295,
    0.018959399032712255,
    0.0470716157111066,
    0.05815458934615085,
    0.0467279540831378
  ],
  "normalized_mean": [
    1.0,
    1.010620285184306,
    1.0055072096792976,
    0.9979665558965662,
    0.9843191003896422,
    1.0068753660202008,
    0.9072855729825994,
    0.9046219974871826,
    0.8908128490872992
  ],
  "normalized_std": [
    1.980596115583298e-16,
    0.01868284080307818,
    0.02272480463050599,
    0.05308567539171333,
    0.08745849073080779,
    0.06764570945673172,
    0.16794798371818054,
    0.20749119988970968,
    0.16672182488282428
  ],
  "degradation_threshold_10pct": 0.12
}