{
  "sigma_values": [
    0.0,
    0.01,
    0.02,
    0.03,
    0.05,
    0.07,
    0.1,
    0.12,
    0.15
  ],
  "metric_name": "quality_quantization_only",
  "per_trial": [
    [
      -0.2059870207951819,
      -0.2059701986463734,
      -0.2059683581202037,
      -0.2059784012893174,
      -0.20595133741719882,
      -0.20595523181796177,
      -0.20596733158240355,
      -0.20597084165082283,
      -0.2059507101356065,
      -0.20595912682592585
    ],
    [
      -0.20597478601557756,
      -0.2059584124539654,
      -0.20598567561917275,
      -0.20597391913889496,
      -0.20598643599253572,
      -0.20596728943888326,
      -0.20595824461970713,
      -0.2059614016813905,
      -0.20596328071613546,
      -0.20596121592857342
    ],
    [
      -0.20597585758293707,
      -0.20597264154400388,
      -0.20597699857142182,
      -0.20597611270014884,
      -0.20595502199647048,
      -0.20597957097721498,
      -0.20597118194883804,
      -0.2059457937491068,
      -0.20596631988804795,
      -0.20596623970551178
    ],
    [
      -0.20597901151340936,
      -0.20599710729509618,
      -0.20597878250476181,
      -0.2059784766377248,
      -0.20598442769532938,
      -0.205952160776332,
      -0.2059602629554027,
      -0.20596943779102564,
      -0.2059807676003023,
      -0.20596521934193238
    ],
    [
      -0.20598799609815843,
      -0.20598771568129975,
      -0.205965963556384,
      -0.20598344389371082,
      -0.20597643551425954,
      -0.20594360865696767,
      -0.20597890802860688,
      -0.20597542278352893,
      -0.20599363805640392,
      -0.20596633307686926
    ],
    [
      -0.20596598212116568,
      -0.20596054775845132,
      -0.20598612526054869,
      -0.20593772484825265,
      -0.20596604640743305,
      -0.2059923507574291,
      -0.20597790993286863,
      -0.20595291007156477,
      -0.20597848470953253,
      -0.20598882558335455
    ],
    [
      -0.20597654561775375,
      -0.20593937463188067,
      -0.2059734634339475,
      -0.20598229859900002,
      -0.20597638421498718,
      -0.20596579238703477,
      -0.20595954845464648,
      -0.2059819770060536,
      -0.20598764106098333,
      -0.20596304617131367
    ],
    [
      -0.205946254450178,
      -0.20599227109721802,
      -0.20597704701372518,
      -0.20596939377712822,
      -0.20596467891040987,
      -0.20597938889616216,
      -0.20596498923656711,
      -0.2059715352212659,
      -0.20595609053513933,
      -0.2059682663932036
    ],
    [
      -0.20598223665768006,
      -0.2059680133971357,
      -0.20595485640070924,
      -0.2059568919898072,
      -0.20595725480328866,
      -0.20596597434452055,
      -0.20598077044888716,
      -0.20596085696146915,
      -0.20595928907527203,
      -0.20597574816810663
    ]
  ],
  "digital_baseline": -0.2228537355420348,
  "mean": [
    -0.20596585582809954,
    -0.2059690661604836,
    -0.20596857386637019,
    -0.20597456541113165,
    -0.20597594653461893,
    -0.20597069074506008,
    -0.2059706071577601,
    -0.20596899155309972,
    -0.20596618922468765
  ],
  "std": [
    1.1206371232169006e-05,
    1.0106725579226585e-05,
    1.0189516106773689e-05,
    1.2316197173647195e-05,
    1.378406960869619e-05,
    1.6427535449838484e-05,
    1.3457456070920362e-05,
    1.2000499114913733e-05,
    9.672744373586677e-06
  ],
  "normalized_mean": [
    1.0757801060541337,
    1.0757657004962629,
    1.075767909542085,
    1.0757410239942753,
    1.0757348265505398,
    1.0757584105822189,
    1.0757587856591715,
    1.075766035278104,
    1.0757786100209292
  ],
  "normalized_std": [
    5.028576794960322e-05,
    4.535138508961744e-05,
    4.5722886726535196e-05,
    5.5265832289915135e-05,
    6.185254007598284e-05,
    7.371442713258855e-05,
    6.038694410119954e-05,
    5.384921677765725e-05,
    4.3404003751878765e-05
  ],
  "degradation_threshold_10pct": 0.15
}