{
  "sigma_values": [
    0.0,
    0.05,
    0.1,
    0.15,
    0.2,
    0.25,
    0.3
  ],
  "metric_name": "quality_thermal_only",
  "per_trial": [
    [
      -0.1804550058266367,
      -0.1804559990629793,
      -0.18045788377237912,
      -0.18045666144229777,
      -0.1804562041840165,
      -0.18045562697412706,
      -0.18045570544278872,
      -0.1804567459688019,
      -0.1804552197411934,
      -0.18045667470156418,
      -0.1804545739852196,
      -0.18045530831273865,
      -0.1804557157696911,
      -0.18045550316528863,
      -0.1804570546635059,
      -0.18045616199328843,
      -0.1804558270366304,
      -0.18045697397382157,
      -0.1804582707872893,
      -0.18045631327050082
    ],
    [
      -0.18045605892404593,
      -0.18045609452744915,
      -0.18045681192810598,
      -0.18045592324038068,
      -0.18045433469776204,
      -0.1804569363482945,
      -0.1804573161187528,
      -0.18045393795360795,
      -0.1804547248878257,
      -0.1804568982708605,
      -0.18045487799196128,
      -0.18045546627012496,
      -0.18045657169634946,
      -0.1804563141705183,
      -0.18045578459117675,
      -0.18045486988901038,
      -0.18045568606760143,
      -0.18045597902090388,
      -0.1804567567792609,
      -0.1804550629942609
    ],
    [
      -0.18045553577391718,
      -0.18045602948282158,
      -0.18045636708232368,
      -0.18045602543205944,
      -0.1804562431265666,
      -0.18045516058178865,
      -0.18045632354775507,
      -0.180454567305791,
      -0.18045447373944082,
      -0.18045602569388794,
      -0.18045728540299366,
      -0.1804566462878348,
      -0.18045589989422742,
      -0.1804560476717492,
      -0.18045715448450872,
      -0.1804561796223952,
      -0.18045557613264343,
      -0.18045531069039922,
      -0.18045800623654318,
      -0.18045677598352164
    ],
    [
      -0.18045476595439547,
      -0.1804565830253283,
      -0.18045693387526962,
      -0.18045593142745914,
      -0.180456140289321,
      -0.18045713132518532,
      -0.18045596006335773,
      -0.18045560626606594,
      -0.1804562253975633,
      -0.18045629423905418,
      -0.18045652707412352,
      -0.1804557605375862,
      -0.18045542528912514,
      -0.1804560701790673,
      -0.18045575671324676,
      -0.18045546264040374,
      -0.18045529417633915,
      -0.1804574697711305,
      -0.18045728579499987,
      -0.18045572860961484
    ],
    [
      -0.18045647984775912,
      -0.18045490467785671,
      -0.18045593862000345,
      -0.18045535240901156,
      -0.1804578419593427,
      -0.18045763367241782,
      -0.18045668943038762,
      -0.1804546839726446,
      -0.18045743137854933,
      -0.18045680059360925,
      -0.1804559681786074,
      -0.1804554988902486,
      -0.18045707942616754,
      -0.18045781964968124,
      -0.1804552650033844,
      -0.18045626803388642,
      -0.1804558362610447,
      -0.1804571255304526,
      -0.18045622522054622,
      -0.18045672366878315
    ],
    [
      -0.18045608144187625,
      -0.1804576775742119,
      -0.18045548703532494,
      -0.18045626326905073,
      -0.18045546459332537,
      -0.18045627453764632,
      -0.18045677059606519,
      -0.18045648623855112,
      -0.18045716185210403,
      -0.18045634234362457,
      -0.1804551016157179,
      -0.18045724967797153,
      -0.1804570642393766,
      -0.1804558827651085,
      -0.18045629326011292,
      -0.18045685754123433,
      -0.18045603426268214,
      -0.18045525448780073,
      -0.1804556814949747,
      -0.1804556089806365
    ],
    [
      -0.18045544224008722,
      -0.1804556776815326,
      -0.1804560538660705,
      -0.18045602905785693,
      -0.18045660039859457,
      -0.18045606883519041,
      -0.1804556352865324,
      -0.1804560709738632,
      -0.18045633762628913,
      -0.1804576069800236,
      -0.1804548109054756,
      -0.18045659091653782,
      -0.18045491487929696,
      -0.18045624750251968,
      -0.18045681414095432,
      -0.180456769323194,
      -0.18045582169407104,
      -0.18045639556896423,
      -0.18045540257417503,
      -0.18045515252223954
    ]
  ],
  "digital_baseline": -0.1804559805985669,
  "mean": [
    -0.18045617150373797,
    -0.18045582031841265,
    -0.18045608170865846,
    -0.18045611763243183,
    -0.18045637832121925,
    -0.18045625189036982,
    -0.18045602214867346
  ],
  "std": [
    9.078988554499714e-07,
    9.203627549395125e-07,
    8.425762285545234e-07,
    6.877532590427051e-07,
    9.262247439133876e-07,
    6.961161672584304e-07,
    6.755933114474538e-07
  ],
  "normalized_mean": [
    0.9999989420956267,
    1.0000008881953024,
    0.999999439696644,
    0.99999924062442,
    0.9999977960129056,
    0.9999984966316882,
    0.9999997697493516
  ],
  "normalized_std": [
    5.031137524167938e-06,
    5.100206443071034e-06,
    4.669151034838104e-06,
    3.811196817979924e-06,
    5.132690758384005e-06,
    3.857540021391558e-06,
    3.7438122538612e-06
  ],
  "degradation_threshold_10pct": 0.3
}