{
  "sigma_values": [
    0.0,
    0.01,
    0.02,
    0.03,
    0.05,
    0.07,
    0.1,
    0.12,
    0.15
  ],
  "metric_name": "quality",
  "per_trial": [
    [
      -0.16496714767004594,
      -0.19621183786849727,
      -0.17430786323809294,
      -0.17671797512850024,
      -0.18077504734211836,
      -0.16357117677672067,
      -0.17581000645953465,
      -0.1911198672725004,
      -0.18183177052933025,
      -0.1864237579256878,
      -0.20721150551253237,
      -0.15378699585568395,
      -0.17089667566964636,
      -0.19407064677641028,
      -0.187395612169581,
      -0.18795244208635994,
      -0.18514711560989963,
      -0.1638190028751851,
      -0.1648368841331103,
      -0.17285335640661653,
      -0.19763382249424466,
      -0.16954171625158052,
      -0.18895414871914545,
      -0.19881922620540715,
      -0.1691250765461591,
      -0.17265343909553485,
      -0.18858748319657753,
      -0.17687000845844159,
      -0.1799409541134373,
      -0.1725852937626769,
      -0.1704912863348727,
      -0.17974427493900297,
      -0.17599022733449238,
      -0.16428885040810565,
      -0.18703926849091662,
      -0.18833203480049265,
      -0.1771683708050405,
      -0.16091602181462805,
      -0.1825266210334958,
      -0.19272218341153347,
      -0.1775366589583573,
      -0.18147428900661183,
      -0.17859584676037776,
      -0.16867023843462817,
      -0.1942459618980647,
      -0.16855114523443626,
      -0.18792590726917843,
      -0.19304659906664162,
      -0.1874683443841641,
      -0.1567997746517067
    ],
    [
      -0.20446688471763627,
      -0.18704631467192667,
      -0.1784378374836524,
      -0.15118228966259628,
      -0.13864428712433438,
      -0.17969790029880828,
      -0.16344763659924502,
      -0.16755032535834471,
      -0.1976500878676889,
      -0.16850263687135883,
      -0.17827384820679434,
      -0.18893553106515903,
      -0.17269710222730644,
      -0.15701567205257017,
      -0.1496072484194883,
      -0.17631432891992152,
      -0.17363428787846352,
      -0.1582807530894061,
      -0.19919513426005142,
      -0.1797843040591688,
      -0.18367961725062926,
      -0.17035490051825766,
      -0.15106718869885666,
      -0.18445175476191797,
      -0.19934143311815566,
      -0.17559342374518744,
      -0.18189476512238617,
      -0.17073305821634133,
      -0.17642042879579822,
      -0.20781185548595385,
      -0.201567978163308,
      -0.18758986702753466,
      -0.19562478273297895,
      -0.15504970948334085,
      -0.18163343372946836,
      -0.18704166431637714,
      -0.1840574296003324,
      -0.15411424809758317,
      -0.18786834453890333,
      -0.16449614971497795,
      -0.18076694893842796,
      -0.17622070997866107,
      -0.14592774944129633,
      -0.1473487064267392,
      -0.1703467261195765,
      -0.19176574233552673,
      -0.17254336029017575,
      -0.18609476275771158,
      -0.16672807690972696,
      -0.16902935299259841
    ],
    [
      -0.1707983373152674,
      -0.1642564178407774,
      -0.20259598008875035,
      -0.17733087722497293,
      -0.188834889398946,
      -0.22700728183524918,
      -0.18957123740325918,
      -0.17211420813697625,
      -0.16616577571729435,
      -0.15429826067393881,
      -0.21122468853328605,
      -0.18431974085356342,
      -0.17342978254338964,
      -0.19460997645376482,
      -0.18040434921305862,
      -0.14774560610210755,
      -0.16374672448431377,
      -0.1869016352550243,
      -0.1595459695163299,
      -0.1770977953952388,
      -0.19818155109562213,
      -0.1864242274866556,
      -0.1846048652395257,
      -0.1639284915032913,
      -0.15720668623159872,
      -0.1773774441569694,
      -0.15121164757903902,
      -0.19004316615063,
      -0.16646702179970452,
      -0.1788165702531696,
      -0.17893774312717142,
      -0.1788469412304112,
      -0.17115260691015283,
      -0.18573832892958309,
      -0.19157296079519437,
      -0.18677673854498428,
      -0.17726256237743657,
      -0.17443377065641105,
      -0.18663753019674914,
      -0.17975042666780064,
      -0.15723647160368273,
      -0.17615686884807658,
      -0.18044205417385092,
      -0.21489821184548777,
      -0.1883815112012089,
      -0.22930463042861088,
      -0.21395172453281708,
      -0.19736062615230915,
      -0.14232364897086516,
      -0.17330546742427394
    ],
    [
      -0.22403366808366265,
      -0.21096550361445404,
      -0.17982692211685933,
      -0.16234511458530324,
      -0.13954247834085254,
      -0.21052186816517493,
      -0.20890382655203577,
      -0.1759366222010576,
      -0.20557129587518283,
      -0.19749327414721485,
      -0.17504984509601493,
      -0.15303372705663787,
      -0.20943902330246056,
      -0.22302009618195007,
      -0.1957347980196937,
      -0.18575974444177698,
      -0.23236329290020513,
      -0.15368626423768,
      -0.19890192640695026,
      -0.19662398910924095,
      -0.17228522939974208,
      -0.14511798096360873,
      -0.1967908586471458,
      -0.177310599354154,
      -0.16765501355385642,
      -0.18568698923761257,
      -0.15443113929993707,
      -0.20886547940439776,
      -0.1886888778876164,
      -0.1866081635018927,
      -0.17021875015931437,
      -0.20009667571034517,
      -0.19729098494077335,
      -0.20391008621681248,
      -0.19114398057205834,
      -0.18247169085900533,
      -0.19638313163263954,
      -0.18859437104529936,
      -0.17644046939938562,
      -0.22213380584638795,
      -0.14281564555951626,
      -0.19138128592824796,
      -0.1531121525578783,
      -0.17437199473002696,
      -0.14912902629474412,
      -0.23484636441437753,
      -0.18568851140415066,
      -0.18226440494559942,
      -0.16318969756743174,
      -0.1843115750444704
    ],
    [
      -0.17301051698002265,
      -0.14800444312178299,
      -0.22416028428688878,
      -0.16879887781414435,
      -0.19767170254705707,
      -0.17603811730683083,
      -0.16502564233419253,
      -0.16548879872291583,
      -0.13042053813213716,
      -0.18565010539611104,
      -0.1739486528663547,
      -0.2452344415442203,
      -0.15878811526071512,
      -0.18418672978685935,
      -0.13331343798496526,
      -0.24249069531873108,
      -0.20403344440372898,
      -0.17755426432151583,
      -0.21854453112889316,
      -0.23144417276425522,
      -0.1705219546901644,
      -0.17254106729658092,
      -0.29301764040306444,
      -0.24866584076132864,
      -0.2250632345986669,
      -0.25168000095762544,
      -0.18469063208374428,
      -0.18628172084252587,
      -0.2479894742139731,
      -0.17503499104169895,
      -0.24643298984604195,
      -0.22225101443118184,
      -0.18592095719842472,
      -0.2078468080782914,
      -0.2313785183877335,
      -0.16477361259498863,
      -0.2005316580166691,
      -0.18899952174915233,
      -0.21038193503028013,
      -0.2263676967885695,
      -0.21610170399030904,
      -0.15315416284726235,
      -0.22502858324389668,
      -0.17864395436394265,
      -0.20803464479680406,
      -0.14958309212600585,
      -0.19332338849204822,
      -0.15783456189109712,
      -0.15834136583091457,
      -0.22303069623286137
    ],
    [
      -0.15305243701772997,
      -0.16161066901526647,
      -0.2294569286646438,
      -0.2103790788706974,
      -0.1950348144955351,
      -0.21248415008309524,
      -0.20989686004241231,
      -0.24296423804870576,
      -0.22345757499506003,
      -0.23818728230980923,
      -0.17861977286980257,
      -0.254540162262565,
      -0.2309093100336031,
      -0.28216293497296285,
      -0.23167626364942412,
      -0.16502333922247636,
      -0.3260452358257607,
      -0.25101522320631187,
      -0.22754557265603215,
      -0.1642969592095469,
      -0.17726630634377946,
      -0.1854683006220148,
      -0.12283582141803345,
      -0.23964117815467761,
      -0.20342832186358284,
      -0.16145074842678148,
      -0.19658637233258924,
      -0.25039613661362087,
      -0.2063498481282149,
      -0.2204900978881051,
