{
  "sigma_values": [
    0.0,
    0.01,
    0.02,
    0.03,
    0.05,
    0.07,
    0.1,
    0.12,
    0.15
  ],
  "metric_name": "quality",
  "per_trial": [
    [
      -0.17532381827643764,
      -0.1753197353395971,
      -0.17537400159411373,
      -0.1753503412604472,
      -0.1753214075645338,
      -0.17541244442531298,
      -0.1753023441096749,
      -0.17520529156766831,
      -0.17524907614671253,
      -0.1753439023947023,
      -0.17535689995322667,
      -0.17529614392940718,
      -0.175346795105089,
      -0.17534337458141158,
      -0.1752594457397511,
      -0.17522775684324227,
      -0.17526829782805955,
      -0.1753168806406602,
      -0.17535560406340928,
      -0.175286093393654,
      -0.1753186935588393,
      -0.17539907345159444,
      -0.17531558505733827,
      -0.17527324086566393,
      -0.1753253474278424,
      -0.1753359622118507,
      -0.17535968970251567,
      -0.1753987034533933,
      -0.17531597408861332,
      -0.17530304724626042,
      -0.1752513900451165,
      -0.17521986847600035,
      -0.17531094553967397,
      -0.17528494319657614,
      -0.17527426808265145,
      -0.17521670369370823,
      -0.1752257879408338,
      -0.17533549600117618,
      -0.17534599262814418,
      -0.17531803652596117,
      -0.17538515234629823,
      -0.1752818980034639,
      -0.17524739944778348,
      -0.17530998610958992,
      -0.17524693062342112,
      -0.17530926050987056,
      -0.1752706330380095,
      -0.17516933259112494,
      -0.1752366379403167,
      -0.17524921304319135
    ],
    [
      -0.1803635795353045,
      -0.1830950137270679,
      -0.17497414206280953,
      -0.17377472106361622,
      -0.178377298274402,
      -0.1769665532067889,
      -0.1750497032129282,
      -0.17365242148502738,
      -0.18005594519209356,
      -0.1751852880815461,
      -0.1717201215574944,
      -0.18060732340795485,
      -0.1692099074784506,
      -0.18232374661084957,
      -0.18587768362282853,
      -0.17453943350597867,
      -0.17463739661422495,
      -0.18160096385506136,
      -0.17214651467702427,
      -0.1801883653584632,
      -0.1800094462293549,
      -0.1695904231899882,
      -0.17716906577882718,
      -0.17970385835845096,
      -0.1726906560336098,
      -0.17757217299946337,
      -0.17473788658316342,
      -0.17977867946658205,
      -0.17754119601027443,
      -0.17410789944833208,
      -0.1765391806554798,
      -0.17577140887409584,
      -0.1741543446404614,
      -0.17144684118092257,
      -0.17334738570205924,
      -0.17558127393525894,
      -0.1713380594389143,
      -0.1766693368742137,
      -0.17222870919388736,
      -0.18225348538449904,
      -0.18016030809496386,
      -0.17875243585024944,
      -0.18612912522272876,
      -0.1741319977845537,
      -0.17256185901820417,
      -0.17948192204978522,
      -0.1762569203289185,
      -0.18341694541717143,
      -0.16946863941057913,
      -0.1701942821498101
    ],
    [
      -0.18070190999866045,
      -0.17284382498600187,
      -0.18534702420791466,
      -0.1774584338681796,
      -0.1848214179529537,
      -0.18457985758073267,
      -0.17854145851712164,
      -0.17489760111211297,
      -0.17168211598058084,
      -0.18138956893224467,
      -0.17626490466529718,
      -0.1749639943317278,
      -0.17689918182293035,
      -0.1692944848801073,
      -0.17991045391621363,
      -0.16650773579190614,
      -0.17820355971481583,
      -0.17199378870062393,
      -0.1706374132743482,
      -0.1714653498416249,
      -0.1746639300057008,
      -0.17975964009951415,
      -0.1795496592943097,
      -0.18321816782871095,
      -0.17752081126395097,
      -0.1818460178981088,
      -0.16961277641365438,
      -0.1789739833317759,
      -0.1673237434841422,
      -0.18200750593516735,
      -0.1815853022680716,
      -0.17541476817401994,
      -0.17420955234316868,
      -0.17379904319173367,
      -0.17524330093789822,
      -0.17676270275584685,
      -0.1703567417776541,
      -0.17144629417359816,
      -0.17665593372627164,
      -0.16727247068135465,
      -0.1873324486656397,
      -0.16823849845454408,
      -0.18169224060905279,
      -0.17517329251833375,
      -0.18933632772028136,
      -0.18491809836437592,
      -0.1639482801842983,
      -0.18072729887627734,
      -0.20124752489122827,
      -0.1685068255549508
    ],
    [
      -0.18175536901960843,
      -0.18078908286383835,
      -0.17479165499092836,
      -0.19535447993640037,
      -0.15513064769139118,
      -0.18091730969455497,
      -0.17447378819795728,
      -0.1954112121927065,
      -0.17058274692203199,
      -0.17267933346125236,
      -0.1804030059352081,
      -0.17270595494144003,
      -0.15797733050830387,
      -0.17787188989502975,
      -0.1906949029217206,
      -0.1932662912791533,
      -0.17168097011339037,
      -0.1947624663814102,
      -0.19551455367570114,
      -0.1671590735293891,
      -0.1997832277145882,
      -0.17378562945390919,
      -0.19673437922008055,
      -0.1976816329075607,
      -0.17530460269586823,
      -0.16780056602137003,
      -0.1813236971801635,
      -0.19748186060745992,
      -0.16439409584934253,
      -0.19470121160321316,
      -0.17760467555505868,
      -0.16397226999951145,
      -0.18653184067588108,
      -0.17049403389323728,
      -0.1774832715972538,
      -0.19878526213784548,
      -0.18343268525433779,
      -0.1804480984381658,
      -0.17582773363167234,
      -0.17749054606586548,
      -0.1681207195471687,
      -0.18110142126740744,
      -0.18259725953006842,
      -0.16987081400925444,
      -0.19764765861903805,
      -0.17212895579994808,
      -0.18908593011118158,
      -0.1741226392459068,
      -0.16946515902275253,
      -0.1748122767412264
    ],
    [
      -0.1687472859481001,
      -0.23822032652027045,
      -0.1647031402937024,
      -0.19408727203676307,
      -0.1790713905543199,
      -0.2305960759338862,
      -0.18670231163327153,
      -0.21256291793864107,
      -0.18392347079660873,
      -0.17999922884151526,
      -0.1858435982019613,
      -0.20043381143263395,
      -0.17475106038830682,
      -0.21434196228670488,
      -0.17294513422098656,
      -0.1795028253046736,
      -0.19437521730183435,
      -0.2243474867084373,
      -0.20054252616629775,
      -0.2050892318953078,
      -0.19121494721884655,
      -0.18317899231056653,
      -0.1908856347686224,
      -0.21619334101541707,
      -0.16656556144161858,
      -0.2341354038341374,
      -0.22547522730842892,
      -0.19898061238796708,
      -0.17354023847439,
      -0.18289941857142458,
      -0.18063528424023242,
      -0.1610646864840619,
      -0.17640629670992578,
      -0.17883200934390306,
      -0.16885465357150747,
      -0.17890520527617515,
      -0.16521732797537605,
      -0.17674906803363558,
      -0.22093853563959268,
      -0.17776983006239266,
      -0.19024708647381502,
      -0.17959481033990035,
      -0.20757755749406276,
      -0.19434946980509638,
      -0.18262962562276053,
      -0.1645279080452365,
      -0.17164298623517735,
      -0.1606838834167441,
      -0.19708569132410766,
      -0.1859428657501264
    ],
    [
      -0.17168008635176993,
      -0.1868753551243998,
      -0.23740944866029845,
      -0.1799239883162725,
      -0.1820874147031664,
      -0.2064560190079427,
      -0.18247512963419077,
      -0.25149103087158065,
      -0.22034304421872555,
      -0.16554671089681144,
      -0.2331089623628369,
      -0.19929866609116872,
      -0.3159752701325211,
      -0.22375784297103393,
      -0.17594541516288836,
      -0.2268486635788066,
      -0.20927154611602541,
      -0.1943575311140555,
      -0.17126470800233928,
      -0.18624024872290182,
      -0.21633980425795205,
      -0.17141922081923083,
      -0.18671009610553133,
      -0.17915823789784635,
      -0.22376870475897043,
      -0.25494281152539583,
      -0.2076853703311982,
      -0.17276884802325404,
      -0.20997643688784082,
      -0.19560489868934985,
      -0.16320561408321452,
