{
  "sigma_values": [
    0.0,
    0.01,
    0.02,
    0.03,
    0.05,
    0.07,
    0.1,
    0.12,
    0.15
  ],
  "metric_name": "quality_thermal_only",
  "per_trial": [
    [
      -0.1822240454684517,
      -0.18223372884019454,
      -0.18222122472891417,
      -0.1821863539685295,
      -0.18225877067284987,
      -0.1823913266179894,
      -0.18212426960882624,
      -0.18217063565241076,
      -0.18213600997510768,
      -0.18231867288887213,
      -0.1823016358174619,
      -0.1823771268928211,
      -0.18218216976077364,
      -0.18256834955463205,
      -0.182327004830737,
      -0.18257049802739456,
      -0.1822430590269542,
      -0.18235713387420102,
      -0.1821940781203868,
      -0.18204709946033615
    ],
    [
      -0.18212142583040206,
      -0.18218270631707964,
      -0.1826517981025253,
      -0.18207037255644942,
      -0.18237478202823948,
      -0.18234586100685007,
      -0.1822269943136451,
      -0.18190452063240614,
      -0.1820423812177253,
      -0.18239733763938112,
      -0.18242966177149988,
      -0.1821400100331757,
      -0.18223296124332933,
      -0.182316790710261,
      -0.1820405731141863,
      -0.18194392568071166,
      -0.18216294702876124,
      -0.1824500948736336,
      -0.18215783760054982,
      -0.18229582601099842
    ],
    [
      -0.18201668307809943,
      -0.1823087127739268,
      -0.18212637730465966,
      -0.18231952809154894,
      -0.18204464892813704,
      -0.18219539149167996,
      -0.1823986600580304,
      -0.1822787014782613,
      -0.18213878893024849,
      -0.1823255873638071,
      -0.18219340070906195,
      -0.1822818919488921,
      -0.18208149782434624,
      -0.1824102644951464,
      -0.18219636653619087,
      -0.18225174585753665,
      -0.18200467337500587,
      -0.1823212603228581,
      -0.18231585734676095,
      -0.18218901765312295
    ],
    [
      -0.18223358635482345,
      -0.18229140215003578,
      -0.18255752745885914,
      -0.1824069783679577,
      -0.18204478590586678,
      -0.18210274471860358,
      -0.18232351864130955,
      -0.18221118552170368,
      -0.18241133330586592,
      -0.18233154214969338,
      -0.18230680148298595,
      -0.18217713563608012,
      -0.1823744024386503,
      -0.18235870849674451,
      -0.18213172553830795,
      -0.18237282677349712,
      -0.18241812563259333,
      -0.18229948171334484,
      -0.18205309631381492,
      -0.1819615469363444
    ],
    [
      -0.18203990215405505,
      -0.1821238857452489,
      -0.1820852128184317,
      -0.18227575350352027,
      -0.18237995506155427,
      -0.1820428625257896,
      -0.18231269874354922,
      -0.18205154081179808,
      -0.1822847238331655,
      -0.1819764664991308,
      -0.18236845161693405,
      -0.18217899707224805,
      -0.18234286171596786,
      -0.1821237171428171,
      -0.18236841879405719,
      -0.1822223143010239,
      -0.18244455604982637,
      -0.18228990053450875,
      -0.18226439431346095,
      -0.18207228514696974
    ],
    [
      -0.182029719980804,
      -0.18239296000808738,
      -0.18223170861324264,
      -0.18237665315385926,
      -0.18208025432556732,
      -0.18229434515843426,
      -0.18227875252269793,
      -0.18215393345164088,
      -0.18237506133160175,
      -0.1823805312442461,
      -0.18202412023061956,
      -0.1820366534555,
      -0.18242104365222145,
      -0.1821379542803936,
      -0.1822055013803304,
      -0.18224163944066027,
      -0.18218112481740817,
      -0.1821701164275385,
      -0.18206560179887224,
      -0.18222550868680487
    ],
    [
      -0.18218871168685755,
      -0.18215674217441222,
      -0.18228952781541102,
      -0.1821783256503143,
      -0.18220732892348412,
      -0.18224572740771122,
      -0.18208131470629327,
      -0.18218720561432947,
      -0.18222849266722332,
      -0.18218817162867817,
      -0.18232388658941087,
      -0.18208475317844475,
      -0.1821556404533816,
      -0.18193606909097618,
      -0.1824516198093826,
      -0.18216860658282535,
      -0.18234798176780423,
      -0.18214869157956212,
      -0.18202930285557606,
      -0.18232410147737496
    ],
    [
      -0.18218990639803645,
      -0.182320616579988,
      -0.1822461277919979,
      -0.18214391587564524,
      -0.18225572599109402,
      -0.18220625935316165,
      -0.18223389262306822,
      -0.18236423156649986,
      -0.18223110716645086,
      -0.18246950967489206,
      -0.1822245437806411,
      -0.1821546185413096,
      -0.18215630707296973,
      -0.1822065648758677,
      -0.18209882958514872,
      -0.18193533308812665,
      -0.1821585333561858,
      -0.18249675146294905,
      -0.18216341368648326,
      -0.1823768388026344
    ],
    [
      -0.18218011611561,
      -0.18210114910171382,
      -0.18202181864404082,
      -0.1822676973295275,
      -0.18205177797596606,
      -0.18207609427506302,
      -0.18227111513805372,
      -0.1823886753098873,
      -0.18226538585937874,
      -0.1822989555247229,
      -0.1824204190798923,
      -0.18241117741707139,
      -0.18222489968685857,
      -0.18201804771682575,
      -0.18237325875448576,
      -0.18213278961682317,
      -0.18228417129751798,
      -0.182307684299286,
      -0.1821769908014783,
      -0.18211287735866877
    ]
  ],
  "digital_baseline": -0.18233382182212074,
  "ideal_analog_baseline": -0.18224118127601804,
  "mean": [
    -0.18227165968939224,
    -0.18222444038559055,
    -0.18221995277836608,
    -0.18226842277685412,
    -0.18221244491920285,
    -0.18221515919802653,
    -0.18219611008297268,
    -0.18223165136365754,
    -0.1822192550651436
  ],
  "std": [
    0.00013144321646434715,
    0.0001811131380803974,
    0.00011844770372053893,
    0.00014754529210816978,
    0.00013573140441933915,
    0.00012662927221030392,
    0.00011426992731182577,
    0.00012490900163720408,
    0.0001263669866728464
  ],
  "normalized_mean": [
    1.000340924860277,
    1.000599896582198,
    1.0006245086216958,
    1.0003586775323035,
    1.000665685069862,
    1.000650798754221,
    1.0007552725971072,
    1.0005603483623728,
    1.0006283351921887
  ],
  "normalized_std": [
    0.000720893222940169,
    0.0009933052259338139,
    0.0006496200350371247,
    0.0008092041873180853,
    0.0007444115582228871,
    0.0006944914056254442,
    0.0006267072459178966,
    0.0006850566745595968,
    0.0006930529147583279
  ],
  "degradation_threshold_10pct": 0.15,
  "trial_seeds": {
    "digital_baseline": [
      101030345,
      101030346,
      101030347,
      101030348,
      101030349,
      101030350,
      101030351,
      101030352,
      101030353,
      101030354,
      101030355,
      101030356,
      101030357,
      101030358,
      101030359,
      101030360,
      101030361,
      101030362,
      101030363,
      101030364
    ],
    "ideal_analog_baseline": [
      202030648,
      202030649,
      202030650,
      202030651,
      202030652,
      202030653,
      202030654,
      202030655,
      202030656,
      202030657,
      202030658,
      202030659,
      202030660,
      202030661,
      202030662,
      202030663,
      202030664,
      202030665,
      202030666,
      202030667
    ],
    "per_trial": [
      [
        606111916,
        606111917,
        606111918,
        606111919,
        606111920,
        606111921,
        606111922,
        606111923,
        606111924,
        606111925,
        606111926,
        606111927,
        606111928,
        606111929,
        606111930,
        606111931,
        606111932,
        606111933,
        606111934,
        606111935
      ]
    ]
  },
  "metadata": {
    "arch": "flow",
    "analog_domain": "full_analog",
    "analog_substrate": "classic",
    "seed": 30042,
    "pilot_profile_path": "/workspace/NEW_ACTUAL_RUNS/5-14/945/experiments/cross_arch_tolerance/results/profiles/flow_profile_full_analog_classic_pcm.json",
    "dynamics_diagnostics": {
      "lipschitz_proxy": 9.053214073181152,