{
  "sigma_values": [
    0.0,
    0.01,
    0.02,
    0.03,
    0.05,
    0.07,
    0.1,
    0.12,
    0.15
  ],
  "metric_name": "quality_mismatch_only",
  "per_trial": [
    [
      -0.18034807881537165,
      -0.18034807881537165,
      -0.18034807881537165,
      -0.18034807881537165,
      -0.18034807881537165,
      -0.18034807881537165,
      -0.18034807881537165,
      -0.18034807881537165,
      -0.18034807881537165,
      -0.18034807881537165,
      -0.18034807881537165,
      -0.18034807881537165,
      -0.18034807881537165,
      -0.18034807881537165,
      -0.18034807881537165,
      -0.18034807881537165,
      -0.18034807881537165,
      -0.18034807881537165,
      -0.18034807881537165,
      -0.18034807881537165
    ],
    [
      -0.18037472501194252,
      -0.18101870411143967,
      -0.18130082853993273,
      -0.18098619008319164,
      -0.18117209937403841,
      -0.18176319139522362,
      -0.1825033041865548,
      -0.18030040359220295,
      -0.17936785691378546,
      -0.18084526666366213,
      -0.18056971886369907,
      -0.1800063821417493,
      -0.18075349176219188,
      -0.1809453140456443,
      -0.17898610434819934,
      -0.1799640173928767,
      -0.18004232431187694,
      -0.18015649467309988,
      -0.18009577724183035,
      -0.1800776520350274
    ],
    [
      -0.1798367724081557,
      -0.17535619560182572,
      -0.1806551906852392,
      -0.18420293310465197,
      -0.17828272825162852,
      -0.1800063053911953,
      -0.17844901017953327,
      -0.18236238695133417,
      -0.18353947108712146,
      -0.17833830137203724,
      -0.1814267926975789,
      -0.1850759437996577,
      -0.17471461923863263,
      -0.17980947415801224,
      -0.1777990853189022,
      -0.1793310183885814,
      -0.1784564570235217,
      -0.1750393284000341,
      -0.18003204790235877,
      -0.17829052431269962
    ],
    [
      -0.18339725069368512,
      -0.18347063967018873,
      -0.17966607363777715,
      -0.18046160529035277,
      -0.1802902615434219,
      -0.1796128037695439,
      -0.18579956421280563,
      -0.1848621527367863,
      -0.17897255541883994,
      -0.180084238378783,
      -0.17950507157679874,
      -0.18101760506437994,
      -0.17762395690112304,
      -0.17630791312996205,
      -0.180113205024987,
      -0.1801775538563823,
      -0.1809489038239653,
      -0.1747357222932803,
      -0.17377208790975826,
      -0.18476255183699827
    ],
    [
      -0.18363695279602013,
      -0.18071734236997483,
      -0.18514147033775616,
      -0.18637024093967378,
      -0.18509263081856325,
      -0.1840892528838687,
      -0.18618145785958987,
      -0.1727939793859047,
      -0.18790993265967187,
      -0.18026314663415902,
      -0.18083102347337043,
      -0.18120116740781245,
      -0.17880131009569514,
      -0.182435622105787,
      -0.17566445713214737,
      -0.18441431523867885,
      -0.18537182942769712,
      -0.18371061317574516,
      -0.17757797715092694,
      -0.18454469967087483
    ],
    [
      -0.1796236933495254,
      -0.18300199157781818,
      -0.17782025594588308,
      -0.1783542391303048,
      -0.18491902088350542,
      -0.19692362443233014,
      -0.18349918162701706,
      -0.1823510856361414,
      -0.18828528407865075,
      -0.17694253368678647,
      -0.17170091882701707,
      -0.1779558759179916,
      -0.18545994084116962,
      -0.17817491637406288,
      -0.17247994576431655,
      -0.18232137581835026,
      -0.19521935237052465,
      -0.18043384190922784,
      -0.18237521017857422,
      -0.17957379738784604
    ],
    [
      -0.19958060974205227,
      -0.17604806138929663,
      -0.21007364129243203,
      -0.18037647813527827,
      -0.19139354468944048,
      -0.16273994650308676,
      -0.17395057378750461,
      -0.2067582651486872,
      -0.18764917333615455,
      -0.17134208993056052,
      -0.18148024544628227,
      -0.17087557232197884,
      -0.19617762082715448,
      -0.18968479429541746,
      -0.1849158840846808,
      -0.185131933319463,
      -0.16963220630969272,
      -0.2011692865229916,
      -0.1671013420142997,
      -0.1787566208074413
    ],
    [
      -0.18623195070046944,
      -0.17922010813314818,
      -0.19718890812202808,
      -0.20148268455607418,
      -0.1979207356692384,
      -0.18483072354184407,
      -0.18284962402962882,
      -0.1979971898112791,
      -0.17505202765088243,
      -0.19733240911519764,
      -0.17217985757251855,
      -0.1843890828854769,
      -0.1833947593242134,
      -0.19604448933382718,
      -0.2074908003054172,
      -0.18578755119873144,
      -0.19296604472337275,
      -0.17689596236625577,
      -0.18427188903283187,
      -0.1880264441639093
    ],
    [
      -0.19047197127245646,
      -0.17104385871401281,
      -0.18754226785421502,
      -0.19203431634560744,
      -0.18996754344238675,
      -0.18079861990769103,
      -0.17640572770005217,
      -0.17878515695412922,
      -0.1872329047312046,
      -0.19813684444402363,
      -0.15495464256563415,
      -0.17617208472119855,
      -0.1855359903944513,
      -0.18281469694844715,
      -0.16514362344322417,
      -0.19950771877133175,
      -0.20058617134176168,
      -0.1887048874664492,
      -0.19051019265263813,
      -0.17329919381016684
    ]
  ],
  "digital_baseline": -0.18044509748726142,
  "ideal_analog_baseline": -0.18034807881537163,
  "mean": [
    -0.18034807881537163,
    -0.1805614923344085,
    -0.1795502293136351,
    -0.180279085838491,
    -0.1823374710781959,
    -0.18187080428685215,
    -0.1842418944951948,
    -0.1885776621118172,
    -0.1834824206740541
  ],
  "std": [
    2.7755575615628914e-17,
    0.0007857384566997399,
    0.002764438356278328,
    0.0030952348381827364,
    0.003767246359980613,
    0.0061593919861821144,
    0.013176708730956773,
    0.009287953075522992,
    0.01136083314972247
  ],
  "normalized_mean": [
    1.000537663107731,
    0.9993549569992873,
    1.0049592268567424,
    1.0009200119653134,
    0.9895127458862214,
    0.9920989441140601,
    0.9789587134213973,
    0.9549305315699702,
    0.9831676048333367
  ],
  "normalized_std": [
    1.5381728848348637e-16,
    0.004354446131489991,
    0.015320107859807522,
    0.017153332959911782,
    0.02087752126514029,
    0.0341344379645279,
    0.07302336785230193,
    0.05147246007156652,
    0.06296005437623203
  ],
  "degradation_threshold_10pct": 0.15,
  "trial_seeds": {
    "digital_baseline": [
      101030345,
      101030346,
      101030347,
      101030348,
      101030349,
      101030350,
      101030351,
      101030352,
      101030353,
      101030354,
      101030355,
      101030356,
      101030357,
      101030358,
      101030359,
      101030360,
      101030361,
      101030362,
      101030363,
      101030364
    ],
    "ideal_analog_baseline": [
      202030648,
      202030649,
      202030650,
      202030651,
      202030652,
      202030653,
      202030654,
      202030655,
      202030656,
      202030657,
      202030658,
      202030659,
      202030660,
      202030661,
      202030662,
      202030663,
      202030664,
      202030665,
      202030666,
      202030667
    ],
    "per_trial": [
      [
        505111613,
        505111614,
        505111615,
        505111616,
        505111617,
        505111618,
        505111619,
        505111620,
        505111621,
        505111622,
        505111623,
        505111624,
        505111625,
        505111626,
        505111627,
        505111628,
        505111629,
        505111630,
        505111631,
        505111632
      ]
    ]
  },
  "metadata": {
    "arch": "flow",
    "analog_domain": "conservative",
    "analog_substrate": "classic",
    "seed": 30042,
    "pilot_profile_path": "/workspace/NEW_ACTUAL_RUNS/5-14/945/experiments/cross_arch_tolerance/results/profiles/flow_profile_classic.json",
    "dynamics_diagnostics": {
      "lipschitz_proxy": 9.160911560058594,
      "straightness_proxy": 1.0283536680389915
    },