{
  "sigma_values": [
    0.0,
    0.01,
    0.02,
    0.03,
    0.05,
    0.07,
    0.1,
    0.12,
    0.15
  ],
  "metric_name": "quality_mismatch_only",
  "per_trial": [
    [
      -1.474227534023071,
      -1.069086554005406,
      -0.9517969773889863,
      -0.6989989560415301,
      -1.3333734122502,
      -0.6113581759807649,
      -1.0321615287617774,
      -0.5902018800247444,
      -0.8595496013500117,
      -0.8855840065733857,
      -2.463021947160519,
      -0.3993815679893343,
      -0.726200343727985,
      -0.7560067256679187,
      -0.7162947613119846,
      -0.6821744735966199,
      -0.4401509355528917,
      -0.9897517880216662,
      -0.505011371076641,
      -0.6268156177698958
    ],
    [
      -0.8366816152702873,
      -0.5541384947546345,
      -0.6979371353179671,
      -1.3596924018722079,
      -0.46586695482488744,
      -0.7397546925651086,
      -0.901209942779401,
      -0.5340565859738047,
      -0.7061818432362549,
      -1.420984488205542,
      -0.7072857545256067,
      -0.9674190060254303,
      -0.3657222439594567,
      -0.3611336478783476,
      -0.4225919622221131,
      -0.7594920424160623,
      -0.3311633017092813,
      -1.0369288576143463,
      -0.6646923445420115,
      -0.6253700859384757
    ],
    [
      -0.38526002918197266,
      -0.9522973627836167,
      -0.5622537188978863,
      -0.7999874781038657,
      -1.728314059780387,
      -2.3755458915512846,
      -0.6968502329703248,
      -0.7293745517011753,
      -1.2314300866454613,
      -1.8092351300083587,
      -1.0131344129425828,
      -1.246793555537529,
      -0.8399057104861227,
      -1.4844382990335447,
      -0.7955972496304718,
      -0.5450893520963632,
      -0.6554523629482755,
      -1.4859848603814558,
      -1.3909509824286526,
      -1.0508465496519652
    ],
    [
      -0.9744755927811662,
      -1.0759703116455017,
      -1.8603191657851792,
      -1.0573871506399777,
      -0.9176649713792482,
      -1.2520443653585789,
      -0.773810465814957,
      -0.6185163876517057,
      -0.8226132075084862,
      -0.3783303449354039,
      -0.7305565733454723,
      -1.0861879085633863,
      -1.2815214982700618,
      -0.7500668899629699,
      -0.6367875809612958,
      -1.4033807344003157,
      -1.2190982273426376,
      -0.8598108977603123,
      -0.4973604382996928,
      -0.9874873065972696
    ],
    [
      -1.2924556129482025,
      -1.4004761464887778,
      -0.4298303111046647,
      -1.3176976155629319,
      -1.1477931521842784,
      -0.8096273785275657,
      -0.6851655858422729,
      -0.9411546458941238,
      -0.48814759296969223,
      -0.5754426370374005,
      -0.9827466635870249,
      -0.460844473711377,
      -0.7434057151341205,
      -1.356630185608373,
      -0.9725022246364219,
      -0.3422586030068354,
      -0.5936547174950363,
      -1.1190158312481662,
      -0.35091049587053325,
      -1.3120669633079436
    ],
    [
      -1.0707268780754926,
      -0.7128439453436112,
      -0.8251614386848898,
      -0.7447966052559011,
      -1.0895312600321614,
      -0.6859874514737128,
      -0.4852498345212927,
      -0.4489082318875897,
      -1.303696943963017,
      -0.6813761076626199,
      -1.0487777312892472,
      -0.6954093193393492,
      -0.7190859177524394,
      -1.2134097746632084,
      -0.9454530847744926,
      -0.9068790639896456,
      -0.4987161552311533,
      -0.7583155361100752,
      -1.0095701285764032,
      -0.5247647809372027
    ],
    [
      -0.7890560539473256,
      -0.5849956945494991,
      -1.062892186818542,
      -0.7639343015911038,
      -0.6097871357150237,
      -0.6237583871559949,
      -0.371679403455212,
      -1.455516748895838,
      -0.602127521216103,
      -0.6380770973655955,
      -1.5203242654002782,
      -0.5518057966115024,
      -0.6621349388720609,
      -0.8329663750395898,
      -0.4838150207953089,
      -1.2877985581731013,
      -1.0951655360818133,
      -0.4612335597178781,
      -1.1937882774555872,
      -1.3063730119511292
    ],
    [
      -1.0737623953777178,
      -0.8193025303752104,
      -0.7295252009588498,
      -1.1172682930624194,
      -0.40961493533777843,
      -0.7442889698729275,
      -0.6786689862395114,
      -0.6986772409390344,
      -0.4713101131557061,
      -0.7082125046727037,
      -0.9060688776952888,
      -0.8556282598123311,
      -1.271632141740068,
      -0.46767796881287643,
      -0.6861776488031467,
      -0.5528899337410761,
      -0.48161056706911026,
      -0.8753802827639323,
      -1.0964802133104368,
      -1.080846440722504
    ],
    [
      -1.2148637910456765,
      -0.691576891824303,
      -0.7659299193961329,
      -1.0123685367163575,
      -0.5076360490882669,
      -1.4612801141934104,
      -0.9813813979248923,
      -1.1613241529383584,
      -1.31844247086694,
      -0.9064474527537415,
      -0.7059504342864532,
      -0.7413756618481329,
      -0.643194686379867,
      -1.5492894479370962,
      -0.6516076698713382,
      -1.2216508106774742,
      -0.6455240688384056,
      -1.0183567623818446,
      -0.7749385224620837,
      -0.7525791671268729
    ]
  ],
  "digital_baseline": -0.18233382182212074,
  "ideal_analog_baseline": -0.18224118127601804,
  "mean": [
    -0.8905574079137667,
    -0.7229151700815615,
    -1.088937093838065,
    -0.959169500950181,
    -0.8660913276082873,
    -0.8184330094781753,
    -0.8448614935404242,
    -0.7862511752231315,
    -0.9362859004278823
  ],
  "std": [
    0.4506659231565137,
    0.2952915727182512,
    0.49143541906002924,
    0.3345375367042464,
    0.35578027507712456,
    0.24080743475342473,
    0.34453834925285687,
    0.2417835303050951,
    0.29133499249380973
  ],
  "normalized_mean": [
    -2.884214014789681,
    -1.9647892138564136,
    -3.972216690002793,
    -3.260513334086296,
    -2.750031118490015,
    -2.488651646191091,
    -2.6335972399275707,
    -2.3121521139954706,
    -3.1350094627056846
  ],
  "normalized_std": [
    2.471652920192555,
    1.6195106852217935,
    2.695251018976932,
    1.8347530554732239,
    1.9512577069997077,
    1.3206953726245536,
    1.8896019718655261,
    1.3260487159698306,
    1.5978110346309045
  ],
  "degradation_threshold_10pct": 0.0,
  "trial_seeds": {
    "digital_baseline": [
      101030345,
      101030346,
      101030347,
      101030348,
      101030349,
      101030350,
      101030351,
      101030352,
      101030353,
      101030354,
      101030355,
      101030356,
      101030357,
      101030358,
      101030359,
      101030360,
      101030361,
      101030362,
      101030363,
      101030364
    ],
    "ideal_analog_baseline": [
      202030648,
      202030649,
      202030650,
      202030651,
      202030652,
      202030653,
      202030654,
      202030655,
      202030656,
      202030657,
      202030658,
      202030659,
      202030660,
      202030661,
      202030662,
      202030663,
      202030664,
      202030665,
      202030666,
      202030667
    ],
    "per_trial": [
      [
        505111613,
        505111614,
        505111615,
        505111616,
        505111617,
        505111618,
        505111619,
        505111620,
        505111621,
        505111622,
        505111623,
        505111624,
        505111625,
        505111626,
        505111627,
        505111628,
        505111629,
        505111630,
        505111631,
        505111632
      ]
    ]
  },
  "metadata": {
    "arch": "flow",
    "analog_domain": "conservative",
    "analog_substrate": "classic",
    "seed": 30042,
    "pilot_profile_path": "/workspace/NEW_ACTUAL_RUNS/5-14/945/experiments/cross_arch_tolerance/results/profiles/flow_profile_classic_pcm.json",
    "dynamics_diagnostics": {
      "lipschitz_proxy": 9.053214073181152,
      "straightness_proxy": 1.0290359860885432
    },
    "calibration": "runner: flow(t,x_t), interpolated data/noise states",
    "ablation_noise": "mismatch"
  },