{
  "sigma_values": [
    0.0,
    0.01,
    0.02,
    0.03,
    0.05,
    0.07,
    0.1,
    0.12,
    0.15
  ],
  "metric_name": "quality_quantization_only",
  "per_trial": [
    [
      -0.23398803693956613,
      -0.23397910445944223,
      -0.2339840111722006,
      -0.23397590846579952,
      -0.2339830729050014,
      -0.23398369269314162,
      -0.2339792467431385,
      -0.23397495073426236,
      -0.23398449850416536,
      -0.23397797408290344
    ],
    [
      -0.23398903520752368,
      -0.2339909228526295,
      -0.2339840365418818,
      -0.23398340221537786,
      -0.233973880260566,
      -0.2339770385492714,
      -0.23398860736606678,
      -0.23398460687746422,
      -0.23397282062705252,
      -0.23398866163555912
    ],
    [
      -0.23398282928636338,
      -0.23398384372954034,
      -0.23397763208814,
      -0.2339839432744743,
      -0.2339814235846177,
      -0.23397684842134847,
      -0.23398278055348612,
      -0.23397871896733757,
      -0.23397604331327188,
      -0.2339786477903429
    ],
    [
      -0.23398514077556584,
      -0.2339806403035326,
      -0.2339762551510007,
      -0.23398624390557682,
      -0.23399086307194733,
      -0.23397754917564298,
      -0.23397807988094194,
      -0.23397228547146018,
      -0.23398080727390852,
      -0.23397954579490565
    ],
    [
      -0.23397221325519602,
      -0.23398676204311972,
      -0.23398004776289943,
      -0.23398689610243842,
      -0.23398386998850593,
      -0.23397860875994692,
      -0.23397846868900765,
      -0.23399294102480375,
      -0.23398420352613236,
      -0.23396813845319892
    ],
    [
      -0.23398095821003603,
      -0.23397964578638697,
      -0.2339802112306572,
      -0.23398562664838013,
      -0.23397239724677946,
      -0.2339848202528967,
      -0.23398107988067327,
      -0.23398343863111593,
      -0.23397907575383364,
      -0.23398287779130023
    ],
    [
      -0.2339840900978823,
      -0.2339791839378036,
      -0.23397338126719855,
      -0.23398095116992626,
      -0.23396935215730785,
      -0.23397732914409702,
      -0.23398460051494308,
      -0.23399222948675968,
      -0.2339834672665695,
      -0.2339900335266471
    ],
    [
      -0.23397175921458963,
      -0.23397931477611014,
      -0.23398285821572704,
      -0.2339891842195126,
      -0.2339720557673598,
      -0.23398705646196136,
      -0.23397894457515572,
      -0.2339863532210993,
      -0.23398167975576392,
      -0.23398185794063425
    ],
    [
      -0.23397691097908777,
      -0.23396787120103102,
      -0.23397489198525429,
      -0.2339786418332126,
      -0.2339768404875209,
      -0.2339755884479506,
      -0.23399079045052967,
      -0.23397783463453264,
      -0.23398249660345566,
      -0.23396988998582346
    ]
  ],
  "digital_baseline": -0.28027594546363754,
  "mean": [
    -0.23398104966996214,
    -0.2339833012133393,
    -0.23398027110089226,
    -0.23398074108044825,
    -0.23398121496052493,
    -0.23398101314320593,
    -0.23398146185691351,
    -0.23398110641479136,
    -0.23397717566083984
  ],
  "std": [
    4.008597793562583e-06,
    6.2284117357596855e-06,
    2.8638433210838846e-06,
    5.122767650263743e-06,
    6.958801346983622e-06,
    3.544654666784064e-06,
    6.668325530486811e-06,
    5.5615930691690004e-06,
    6.031829620200514e-06
  ],
  "normalized_mean": [
    1.1651761292503842,
    1.1651680959410202,
    1.1651789071165637,
    1.165177230270714,
    1.165175539508148,
    1.1651762595746478,
    1.1651746586034804,
    1.1651759267898085,
    1.1651899513752757
  ],
  "normalized_std": [
    1.4302325470462648e-05,
    2.222242699228624e-05,
    1.0217941879908613e-05,
    1.82775858334527e-05,
    2.482839308764884e-05,
    1.2647017070695924e-05,
    2.3792000842084207e-05,
    1.9843276453742446e-05,
    2.1521039239462922e-05
  ],
  "degradation_threshold_10pct": 0.15
}