{
  "sigma_values": [
    0.0,
    0.01,
    0.02,
    0.03,
    0.05,
    0.07,
    0.1,
    0.12,
    0.15
  ],
  "metric_name": "quality_thermal_only",
  "per_trial": [
    [
      -0.22285578469061718,
      -0.22283689288210776,
      -0.22286726452004377,
      -0.2228444917601889,
      -0.2228630942516367,
      -0.22285503533124978,
      -0.22285135325419167,
      -0.22286069951113952,
      -0.22287007294148303,
      -0.2228654804688698
    ],
    [
      -0.22287634870842285,
      -0.22286315272811383,
      -0.22283852833050152,
      -0.22285926111047696,
      -0.22284991750947533,
      -0.22284150502751146,
      -0.22286116399122732,
      -0.22285050278750185,
      -0.2228528882908153,
      -0.2228562605884208
    ],
    [
      -0.22284356575530728,
      -0.22286204903450024,
      -0.22284532522855666,
      -0.22285376068528825,
      -0.22285863146900403,
      -0.22283396854322732,
      -0.22284129063029492,
      -0.22287039666773886,
      -0.222842982111816,
      -0.22284769751980157
    ],
    [
      -0.22284824874687115,
      -0.22284969174981142,
      -0.2228521835575516,
      -0.2228698133313729,
      -0.22286275577868875,
      -0.22284026761010536,
      -0.22283855196153404,
      -0.22282600982498565,
      -0.2228405059158072,
      -0.2228514024018132
    ],
    [
      -0.22285211882117623,
      -0.22284609623424853,
      -0.22286398347184172,
      -0.22285261132624445,
      -0.22283098585978325,
      -0.22286974026132206,
      -0.22284761962199606,
      -0.22285009193129507,
      -0.2228681525135639,
      -0.22285557414042953
    ],
    [
      -0.22285859885577924,
      -0.2228342944893773,
      -0.22283182622247236,
      -0.22285314686323032,
      -0.22286059200690608,
      -0.222861591913211,
      -0.22284508612635584,
      -0.22282660124014972,
      -0.22283501468936195,
      -0.22284793762443922
    ],
    [
      -0.22287548850593566,
      -0.222846155164881,
      -0.2228494765864841,
      -0.222864785476544,
      -0.22285926107217363,
      -0.22284588406564726,
      -0.2228549062546676,
      -0.22284973259083618,
      -0.22285379193676075,
      -0.22284163430154025
    ],
    [
      -0.22286678889309058,
      -0.22284041373960853,
      -0.22287100887254,
      -0.22286322572142162,
      -0.22284894976564165,
      -0.22286717874418144,
      -0.22285467109549584,
      -0.22283263055289596,
      -0.22284800506438882,
      -0.22286881125301425
    ],
    [
      -0.2228446642887189,
      -0.22285469064463595,
      -0.22285787619452313,
      -0.2228664228357601,
      -0.22282530719210367,
      -0.22285527993226836,
      -0.22283944029002792,
      -0.22286454913354015,
      -0.2228616597457234,
      -0.22284186307061013
    ]
  ],
  "digital_baseline": -0.22285379093903085,
  "mean": [
    -0.2228570169611528,
    -0.22285495290724672,
    -0.22284996676455351,
    -0.22284794308785413,
    -0.22285369741819006,
    -0.2228454690031283,
    -0.22285411159554708,
    -0.22285616837022787,
    -0.22285117533279114
  ],
  "std": [
    9.984882690337333e-06,
    1.0411048014791954e-05,
    1.0490486841172195e-05,
    1.1892471585315375e-05,
    1.0967457195104497e-05,
    1.2257720435373174e-05,
    9.620258322336094e-06,
    1.2598174141885567e-05,
    1.237480651607394e-05
  ],
  "normalized_mean": [
    0.9999855240419813,
    0.9999947859616344,
    1.000017160015368,
    1.0000262407525224,
    1.0000004196511103,
    1.0000373425817326,
    0.9999985611350165,
    0.999989331879045,
    1.0000117368711956
  ],
  "normalized_std": [
    4.4804634681171e-05,
    4.6716943745597964e-05,
    4.707340537923459e-05,
    5.3364457186052355e-05,
    4.921368915866912e-05,
    5.500341898481182e-05,
    4.316847508763286e-05,
    5.653111885061996e-05,
    5.5528813146640544e-05
  ],
  "degradation_threshold_10pct": 0.15
}