{
  "sigma_values": [
    0.0,
    0.01,
    0.02,
    0.03,
    0.05,
    0.07,
    0.1,
    0.12,
    0.15
  ],
  "metric_name": "quality",
  "per_trial": [
    [
      -0.14077193569537977,
      -0.14082568249026323,
      -0.14065982128079446,
      -0.14046218032086102,
      -0.14085034917103675,
      -0.14074194042606142,
      -0.1407208864549614,
      -0.14081669140867373,
      -0.14069597990637805,
      -0.14067775423280712,
      -0.1408418419665705,
      -0.1408475924335534,
      -0.14076563214559287,
      -0.14066118604640754,
      -0.1406683017152066,
      -0.14082611328010938,
      -0.1405396807292177,
      -0.1406977260677343,
      -0.1407736128315681,
      -0.14087429633332763,
      -0.1406493221874171,
      -0.14081013016252011,
      -0.14083501645640648,
      -0.14085298873586377,
      -0.1406811634586393,
      -0.1408125487247741,
      -0.14086094940511565,
      -0.14087016369380895,
      -0.1408386376767841,
      -0.14068182782268074,
      -0.14072448505567695,
      -0.14081040938916853,
      -0.1407988649503569,
      -0.14069825604773123,
      -0.14077064580760668,
      -0.14072652757513202,
      -0.14079215280343246,
      -0.1408652295828556,
      -0.14073058329703153,
      -0.1406980340193572,
      -0.1407948765433765,
      -0.14071306382473933,
      -0.1407533080905259,
      -0.14076958544941617,
      -0.1405489941899213,
      -0.14083329306919704,
      -0.14076920679691207,
      -0.1405840304333711,
      -0.1407109267756077,
      -0.1408042560199342
    ],
    [
      -0.139582491067637,
      -0.14823741838173232,
      -0.14614754745103986,
      -0.13984670788042533,
      -0.1416985050983197,
      -0.1409676022137303,
      -0.14274067379926436,
      -0.1469637611506309,
      -0.14376603464217688,
      -0.14574028724791643,
      -0.14538476438767078,
      -0.1420278378431413,
      -0.15517129425874393,
      -0.14418826217231975,
      -0.1457283707756004,
      -0.14147553349141537,
      -0.1489622069920425,
      -0.14945488375667312,
      -0.14699430449930953,
      -0.1480806085850749,
      -0.15030396963328432,
      -0.1445206893710183,
      -0.1415452035836279,
      -0.1435269221605649,
      -0.14567497740016896,
      -0.1451871492670503,
      -0.14140670781913045,
      -0.14004671448135178,
      -0.14465166840527188,
      -0.1418410033250745,
      -0.140959462233578,
      -0.15070793594600507,
      -0.14171955255819932,
      -0.14600124463834685,
      -0.14194924960906122,
      -0.13822215454254835,
      -0.14234272366607834,
      -0.14104244452176265,
      -0.14188974028383794,
      -0.14165132178773934,
      -0.14636044166957732,
      -0.1481003716090204,
      -0.1506776032655411,
      -0.14966658172766695,
      -0.14531643408665448,
      -0.14023826935388506,
      -0.14832696297964007,
      -0.15124160170292741,
      -0.14040692567849405,
      -0.1409374335645739
    ],
    [
      -0.14916557315190068,
      -0.14425869079966896,
      -0.15613638677744643,
      -0.13168363510338213,
      -0.14693942633829812,
      -0.1408492415618727,
      -0.1507107326510334,
      -0.14843506615620444,
      -0.14536470707755472,
      -0.1477261724272035,
      -0.14946242996568335,
      -0.13285719373789914,
      -0.1435771791943895,
      -0.14717078121249524,
      -0.15505768739051468,
      -0.14491863474102368,
      -0.162431461223595,
      -0.15990204455006368,
      -0.14046373768547102,
      -0.14160336023220588,
      -0.15022093724985988,
      -0.14855322628729004,
      -0.14668578903580062,
      -0.1431578912847997,
      -0.1428955260006096,
      -0.1493238992329081,
      -0.1430395180769516,
      -0.16275157506127924,
      -0.15820973814402517,
      -0.14580562792384894,
      -0.1639990816895384,
      -0.14004543187587518,
      -0.14211637904534646,
      -0.16435691211890355,
      -0.15093935088446378,
      -0.15529188326850865,
      -0.14704750661004,
      -0.15458087134809848,
      -0.14016873855707787,
      -0.14877081502622727,
      -0.13913879435374624,
      -0.15226600943701996,
      -0.13981008935713013,
      -0.14648221859309477,
      -0.14585458206532248,
      -0.14320576545860417,
      -0.14782355430087618,
      -0.1503412998560616,
      -0.1551926750420012,
      -0.1452737553466455
    ],
    [
      -0.15115167952563602,
      -0.14156512617348327,
      -0.15026936035046248,
      -0.1668079662608601,
      -0.1354164674718735,
      -0.15713799087567382,
      -0.13667410931115426,
      -0.15281192137141406,
      -0.14166166290903628,
      -0.14369569957550493,
      -0.14432877517137985,
      -0.14100479455120019,
      -0.14361479993159162,
      -0.1379767309364201,
      -0.14144518567964354,
      -0.1564425386011575,
      -0.14987099418036393,
      -0.15613658791781368,
      -0.14415321934035885,
      -0.1365541820383057,
      -0.14337044483184022,
      -0.15482361080857385,
      -0.14317703679797253,
      -0.12657696509938682,
      -0.14086246945850223,
      -0.13776269577847347,
      -0.1293134845533421,
      -0.1352470384002379,
      -0.1456038003210306,
      -0.15351754271151086,
      -0.14949724207982032,
      -0.1487406360059789,
      -0.1496095058175595,
      -0.13395833068931517,
      -0.1528497481841139,
      -0.1623767365907803,
      -0.13537465159268963,
      -0.14358401971751025,
      -0.1475506446724511,
      -0.1743064788494127,
      -0.130375983716407,
      -0.1393020007622552,
      -0.15795156443263456,
      -0.15881713272578873,
      -0.14602432897593678,
      -0.1464127614501413,
      -0.13913758483243932,
      -0.16652739890774973,
      -0.13862009411503026,
      -0.15537430335061317
    ],
    [
      -0.17682881483976168,
      -0.1754497525784247,
      -0.15045643252550947,
      -0.16892550476809753,
      -0.17310579037757853,
      -0.15129174500354506,
      -0.1389498810205931,
      -0.18380650597526624,
      -0.13231854049081263,
      -0.1858147350562859,
      -0.15014775341433773,
      -0.16378561365181413,
      -0.18861043428881544,
      -0.15542258789002408,
      -0.1371763187917225,
      -0.17571304567098134,
      -0.15300169583071338,
      -0.16684270077968907,
      -0.15946914102679527,
      -0.18570621946235963,
      -0.1600733039015407,
      -0.18322080557021794,
      -0.183925901051817,
      -0.15044776370507296,
      -0.16410681760982557,
      -0.14439224775193316,
      -0.17180231903639012,
      -0.14744575894110487,
      -0.16593687554295827,
      -0.18893126600566593,
      -0.1492946573360334,
      -0.1782791691163063,
      -0.157066983570486,
      -0.18865883826817267,
      -0.1482080575866123,
      -0.18223664977825854,
      -0.15321381727201552,
      -0.13922381458082264,
      -0.14065474988242832,
      -0.18390271464874608,
      -0.15287794800994214,
      -0.16415831961925165,
      -0.1346701654324096,
      -0.15770802544535728,
      -0.16739172450079795,
      -0.1377247141661537,
      -0.16667792623816668,
      -0.16401059650606947,
      -0.16051899880931675,
      -0.12919690326089237
    ],
    [
      -0.18237321352798308,
      -0.1753701251257063,
      -0.14699733917907853,
      -0.1767961161074443,
      -0.22970990033835048,
      -0.1390163415348451,
      -0.19322101373550002,
      -0.1984549652996178,
      -0.1819673200499919,
      -0.16296612010643727,
      -0.1686029917837752,
      -0.1856168902657461,
      -0.17547387582106277,
      -0.13574570853092346,
      -0.12817284437360643,
      -0.16944951611651438,
      -0.15735594417946389,
      -0.18794458640417383,
      -0.15362668437770163,
      -0.15954421674038796,
      -0.15695596785838878,
      -0.12862406154013567,
      -0.23692743334565236,
      -0.20199327067397393,
      -0.16514090068237283,
      -0.19187069091919015,
      -0.1649572749451891,
      -0.15064925734030285,
      -0.18430534070754767,
      -0.15554650993017025,
      -0.17466958030569354,
