{
  "sigma_values": [
    2.0,
    4.0,
    6.0,
    8.0,
    10.0,
    12.0,
    16.0
  ],
  "metric_name": "quality_vs_adc_bits_sigma0.050",
  "per_trial": [
    [
      -0.23034013540455997,
      -0.2303390817895175,
      -0.2303401466939188,
      -0.23034009313734954,
      -0.23033872115219992,
      -0.230338523067452,
      -0.23033919135252542,
      -0.23033869909828877,
      -0.23033758726471784,
      -0.2303396699114028,
      -0.23033863611170524,
      -0.23034220519659962,
      -0.2303417672000418,
      -0.2303408344037241,
      -0.23033921910445035,
      -0.2303382664339856,
      -0.23034004005805253,
      -0.23034059436142254,
      -0.23034147773397243,
      -0.23033861597327782,
      -0.23033959807112983,
      -0.23033819804370778,
      -0.23033880441294513,
      -0.23033879184486683,
      -0.23033810163874946
    ],
    [
      -0.17173155251394157,
      -0.16379901125793733,
      -0.16193877827246947,
      -0.18068686786370897,
      -0.17011170933488656,
      -0.16861125065288513,
      -0.17170429346673338,
      -0.1666564762755716,
      -0.16920270122591602,
      -0.16978168685484524,
      -0.17296007620427112,
      -0.1773928987313019,
      -0.16520478380842657,
      -0.17009115646566247,
      -0.18119116772731317,
      -0.1758021486330959,
      -0.16551190558189488,
      -0.16676375076592925,
      -0.17496616309431412,
      -0.1663413461074054,
      -0.17188291492268248,
      -0.17371663228250042,
      -0.16983638004498613,
      -0.17639238884187963,
      -0.17845328216910872
    ],
    [
      -0.18688935038350163,
      -0.18372278103226627,
      -0.1813904866503016,
      -0.18624867651942323,
      -0.17944329942469395,
      -0.17772193522133414,
      -0.1749066230060535,
      -0.1837857519696348,
      -0.19142907728696737,
      -0.18506190954309573,
      -0.18079135910583702,
      -0.17861296223350853,
      -0.18550449596542798,
      -0.17971873248885803,
      -0.1815234496101616,
      -0.1828840510273705,
      -0.1821278457109524,
      -0.17648177410963561,
      -0.181812474930748,
      -0.17791974120222437,
      -0.17985490015993888,
      -0.19088687182987962,
      -0.17581584671604605,
      -0.188944428022539,
      -0.17359441645826773
    ],
    [
      -0.18790362166978775,
      -0.18472702543176592,
      -0.17798897296359198,
      -0.18208833323426468,
      -0.1814395388479588,
      -0.19451514601297737,
      -0.19626647213556264,
      -0.17463301399429368,
      -0.18225228268900015,
      -0.1877642797606724,
      -0.1769407247718327,
      -0.17304865386426985,
      -0.19789292951997994,
      -0.1924476313925686,
      -0.17667759708187067,
      -0.1792198389358608,
      -0.19402405374713436,
      -0.1823532134657436,
      -0.18780908061743568,
      -0.1823151903643674,
      -0.18032801489007472,
      -0.1857009882462835,
      -0.17945889858318492,
      -0.1812810225613552,
      -0.1846883448857703
    ],
    [
      -0.19637896155796272,
      -0.18359389975276894,
      -0.1868926922837158,
      -0.1770354868024029,
      -0.18057811674572896,
      -0.18505275720000078,
      -0.17680193162038782,
      -0.19076117516363353,
      -0.18000281997510473,
      -0.18468140250468446,
      -0.17951169557035906,
      -0.17147030253898327,
      -0.1879688427387153,
      -0.1778496692348159,
      -0.18857080249248034,
      -0.17861136378236508,
      -0.18352786804697574,
      -0.1772787403810478,
      -0.18327802581485372,
      -0.18652975194499524,
      -0.17907354678653686,
      -0.17798467752548167,
      -0.17949881305731574,
      -0.18213033079321403,
      -0.1814336596928504
    ],
    [
      -0.1848139495902176,
      -0.1767511737195653,
      -0.18310990591402562,
      -0.1750089499209052,
      -0.17610309152642775,
      -0.1872109752557881,
      -0.1746339424909179,
      -0.18440676223550145,
      -0.1921582685703778,
      -0.20045873925835248,
      -0.18415683614196557,
      -0.17458376075338974,
      -0.18707675022260453,
      -0.18044099880190154,
      -0.17738766446797513,
      -0.183367936522461,
      -0.1777283847333372,
      -0.1969867884236681,
      -0.1909144971655388,
      -0.1743059570683287,
      -0.17223484801779268,
      -0.18371729399758588,
      -0.17677023062582856,
      -0.18709859066598292,
      -0.18161452093672623
    ],
    [
      -0.19264966615546952,
      -0.17791852687998197,
      -0.18152652523435212,
      -0.18424539188976025,
      -0.17784612598412225,
      -0.1752020690323586,
      -0.18041390886267336,
      -0.1804036712087786,
      -0.1802329661617976,
      -0.18497696094016228,
      -0.19157109701129954,
      -0.18049301476206206,
      -0.18414356020325376,
      -0.1889648655265492,
      -0.18211546519791827,
      -0.1826015771991531,
      -0.17468158486625057,
      -0.18450087038887747,
      -0.18727334451627198,
      -0.18186732099388309,
      -0.18621147387477827,
      -0.18600389510168727,
      -0.18907835213010032,
      -0.17811815995904276,
      -0.18278042832892566
    ]
  ],
  "digital_baseline": -0.1804565657205739,
  "mean": [
    -0.23033947997842255,
    -0.1712292529239867,
    -0.18188292962434668,
    -0.18415059478670429,
    -0.18225989336029524,
    -0.1825216326810866,
    -0.1830328328963804
  ],
  "std": [
    1.1787664170372371e-06,
    0.005072562009147936,
    0.004651273818278947,
    0.0066439665484988785,
    0.005234971625330859,
    0.007180494735233733,
    0.004577031917178251
  ],
  "normalized_mean": [
    0.723573846932844,
    1.0511331508484714,
    0.9920958048931208,
    0.9795295391365788,
    0.9900068604734854,
    0.9885564321128092,
    0.9857236162867263
  ],
  "normalized_std": [
    6.532133715004229e-06,
    0.02810960071689767,
    0.02577503234479794,
    0.03681753845846019,
    0.02900959355192926,
    0.03979070923001104,
    0.025363620874097256
  ],
  "degradation_threshold_10pct": 16.0
}