{
  "sigma_values": [
    0.0,
    0.01,
    0.02,
    0.03,
    0.05,
    0.07,
    0.1,
    0.12,
    0.15
  ],
  "metric_name": "quality",
  "per_trial": [
    [
      -0.20594698989513716,
      -0.2058975160234766,
      -0.2060019297012136,
      -0.20591071649965365,
      -0.20593814515591766,
      -0.20595316980286701,
      -0.2059623255210057,
      -0.20601879517332924,
      -0.2059377506148369,
      -0.20601753471397227,
      -0.20589573188727225,
      -0.20589935010074817,
      -0.20588019124269027,
      -0.20590950082566944,
      -0.20585753553998642,
      -0.20579783717144526,
      -0.20595003295045863,
      -0.20592736268174666,
      -0.2059809021555024,
      -0.2060363493671351,
      -0.2059596289062017,
      -0.20594698829194186,
      -0.20606513477818994,
      -0.20583206440890756,
      -0.20588584954927985,
      -0.20598188947917306,
      -0.20597870430832582,
      -0.20600527149329081,
      -0.20594275255296857,
      -0.20591102364643932,
      -0.20594179670918603,
      -0.20588102413953333,
      -0.20592922699132554,
      -0.20586162009391284,
      -0.20578373790755528,
      -0.20600042189620268,
      -0.20597608102443415,
      -0.2058793843057329,
      -0.205956209648606,
      -0.20597376424502575,
      -0.2059484436642035,
      -0.2059666476969858,
      -0.20588854775864207,
      -0.20602509824071885,
      -0.20582073362385092,
      -0.20582936816775,
      -0.20598534779529104,
      -0.20585533561014938,
      -0.20605770500546933,
      -0.2059771916421763
    ],
    [
      -0.2053778785205759,
      -0.20729300679991347,
      -0.20774803920979804,
      -0.20359822040544417,
      -0.20400755738056586,
      -0.20679793648266498,
      -0.2061611880894538,
      -0.20927001316075536,
      -0.2082718324488278,
      -0.20558374198807342,
      -0.2019332644317168,
      -0.2097529339178332,
      -0.19960309370476573,
      -0.210618713681771,
      -0.20452461528080992,
      -0.20482968394898735,
      -0.20525840155370026,
      -0.2025848661674842,
      -0.20700850340560353,
      -0.21011502514735095,
      -0.20457163847541437,
      -0.20268716864885897,
      -0.21011533332519466,
      -0.2075487558037345,
      -0.21176019574549723,
      -0.20231612417085595,
      -0.20521806286685818,
      -0.2022018179226718,
      -0.20829876290519206,
      -0.20110747908833876,
      -0.20917378108493095,
      -0.20740139136769012,
      -0.20454361879429456,
      -0.2052566294635276,
      -0.2105748314226476,
      -0.20490080740767389,
      -0.19910249987509004,
      -0.20659373276274895,
      -0.205653335034057,
      -0.20501221065725175,
      -0.20751910295375178,
      -0.20541971623058372,
      -0.20278533998543158,
      -0.2090656384623028,
      -0.2001980957501374,
      -0.20029746416361158,
      -0.20723397745246483,
      -0.2049442039847893,
      -0.21255134400334125,
      -0.20876697220426554
    ],
    [
      -0.207735549340787,
      -0.20773607285559684,
      -0.20228388218029558,
      -0.2086820080197243,
      -0.2008068373310355,
      -0.20482636258046277,
      -0.21169818468653784,
      -0.19620340787514465,
      -0.2059607460041551,
      -0.20720955871654234,
      -0.2102386028717851,
      -0.21008452210899997,
      -0.2085400025891559,
      -0.20678753256297575,
      -0.2090311652608401,
      -0.2035051443718594,
      -0.19846740946105895,
      -0.2044038201815043,
      -0.20942615686448018,
      -0.2073262103186837,
      -0.20518508456610135,
      -0.20159318078819208,
      -0.19968708032841426,
      -0.20461723910329557,
      -0.20816064982986515,
      -0.20522938790414166,
      -0.21408561377176685,
      -0.20315294355734012,
      -0.21315151492832585,
      -0.19232377951866086,
      -0.19920971796987527,
      -0.20942317513975414,
      -0.2229129187015099,
      -0.20680985168489172,
      -0.2027194406227271,
      -0.19598612465534018,
      -0.20326417788969356,
      -0.20390951102440216,
      -0.21292070663304444,
      -0.21034178905603235,
      -0.2024330531417169,
      -0.21656912035450301,
      -0.20405222454477975,
      -0.20967868499930456,
      -0.20082166149994726,
      -0.20987479252524274,
      -0.20080397792477403,
      -0.20759060657316297,
      -0.20206109748127665,
      -0.20315461420683284
    ],
    [
      -0.1972126796032153,
      -0.20073737798743724,
      -0.2112629370127073,
      -0.2141502583306994,
      -0.21797320918034624,
      -0.21726238816470667,
      -0.21200636287872499,
      -0.19871779821726882,
      -0.21663130948445428,
      -0.21580307110026736,
      -0.24286578142113108,
      -0.20889290780347014,
      -0.23173987200978008,
      -0.21448578892278838,
      -0.1890681036534156,
      -0.19902321461650566,
      -0.20636745387251382,
      -0.22709988251568722,
      -0.22741881150794152,
      -0.2156425159720335,
      -0.21729410672041716,
      -0.20736795307757247,
      -0.2105391788805523,
      -0.2072245171782324,
      -0.21255944269828067,
      -0.20747870661703754,
      -0.20918796237893422,
      -0.2014943080348846,
      -0.19822216045775576,
      -0.21724265613917587,
      -0.19676725500900194,
      -0.19658816789678327,
      -0.20915992237718276,
      -0.2107177895474639,
      -0.1890631081290768,
      -0.2057398913669273,
      -0.1941082606178008,
      -0.19887955797436374,
      -0.19550072246352343,
      -0.20560793170066316,
      -0.2162967624836606,
      -0.20990546868718662,
      -0.19794173682103414,
      -0.21877076304158632,
      -0.21052526872541985,
      -0.21806026957959157,
      -0.21759703773134628,
      -0.207603902425552,
      -0.19917528340818422,
      -0.197456025238425
    ],
    [
      -0.20925550381953073,
      -0.20221466859933648,
      -0.21286772504046564,
      -0.20078930797091868,
      -0.21982057208023056,
      -0.21692832775153245,
      -0.2079324334957096,
      -0.19606087300022065,
      -0.20421449656575924,
      -0.20548109658845984,
      -0.215798945224942,
      -0.2039606334053651,
      -0.20322610866385574,
      -0.23672187220836174,
      -0.1959106927252127,
      -0.21693383907430389,
      -0.22362583457172827,
      -0.23179768208520846,
      -0.22424056351971575,
      -0.2072533981783179,
      -0.2086093281107884,
      -0.21428265609122707,
      -0.22672367404380456,
      -0.20447047052816913,
      -0.21399661703379727,
      -0.21247376871409507,
      -0.21781063295793468,
      -0.2212782719191047,
      -0.21004862037063077,
      -0.21554929321054747,
      -0.20965633396654693,
      -0.21201697917978637,
      -0.20091000744905055,
      -0.2044389488518561,
      -0.1787517824541303,
      -0.2093239369702406,
      -0.2474945490420592,
      -0.2226101360982728,
      -0.19033714960164214,
      -0.21160379558531986,
      -0.2183036963821897,
      -0.19910450563173474,
      -0.2201969012284879,
      -0.20227259576815704,
      -0.22632734544861222,
      -0.20866287984021598,
      -0.2278382826824639,
      -0.18183675163344185,
      -0.2579092842200382,
      -0.19498784631119723
    ],
    [
      -0.18254310678308305,
      -0.17143560500975571,
      -0.22987064891830175,
      -0.25476003621227294,
      -0.21345001275831546,
      -0.20693052143960172,
      -0.20876586146680695,
      -0.2304898295753585,
      -0.2120877977306326,
      -0.23625940035899157,
      -0.2570192642614389,
      -0.22995970239543198,
      -0.2146488661047903,
      -0.23585870695702427,
      -0.24366214583538334,
      -0.24703822391778318,
      -0.19704926974094278,
      -0.23288689397935283,
      -0.22930695378430296,
      -0.2349048921044969,
      -0.21915948200764201,
      -0.21392115271475698,
      -0.2543199005415,
      -0.1881404673115092,
      -0.20557250907818292,
      -0.1908646301340418,
      -0.22004507136360524,
      -0.2600838907527987,
      -0.2103945481260034,
      -0.27557742467546775,
      -0.20887044606911231,
