{
  "sigma_values": [
    0.0,
    0.01,
    0.02,
    0.03,
    0.05,
    0.07,
    0.1,
    0.12,
    0.15
  ],
  "metric_name": "output_mse",
  "per_trial": [
    [
      -0.02838248573243618,
      -0.02801365964114666,
      -0.027036380022764206,
      -0.03055317886173725,
      -0.02516247145831585,
      -0.029806580394506454,
      -0.026040242984890938,
      -0.028732845559716225,
      -0.03329858556389809,
      -0.028966013342142105,
      -0.027211114764213562,
      -0.030823223292827606,
      -0.02941911108791828,
      -0.03150811418890953,
      -0.02728630043566227,
      -0.02352125570178032,
      -0.028926970437169075,
      -0.03159450739622116,
      -0.02573394775390625,
      -0.02750476822257042,
      -0.030282747000455856,
      -0.028269780799746513,
      -0.030934713780879974,
      -0.030983809381723404,
      -0.0291815847158432,
      -0.029372509568929672,
      -0.029176784679293633,
      -0.02998008392751217,
      -0.029100768268108368,
      -0.0314360037446022,
      -0.0270799919962883,
      -0.027316367253661156,
      -0.03462986648082733,
      -0.02987636998295784,
      -0.030335256829857826,
      -0.03116827830672264,
      -0.029985880479216576,
      -0.0293229129165411,
      -0.025692161172628403,
      -0.03145366534590721,
      -0.029892196878790855,
      -0.03525684401392937,
      -0.024713201448321342,
      -0.031708355993032455,
      -0.029981156811118126,
      -0.026902927085757256,
      -0.02699476107954979,
      -0.0281816478818655,
      -0.02711634524166584,
      -0.02797514945268631
    ],
    [
      -0.02743436209857464,
      -0.027876105159521103,
      -0.02790890634059906,
      -0.02691430225968361,
      -0.032308146357536316,
      -0.02710879035294056,
      -0.02942894585430622,
      -0.029676558449864388,
      -0.033573806285858154,
      -0.03717818483710289,
      -0.029752248898148537,
      -0.03022584691643715,
      -0.0374426431953907,
      -0.02617400512099266,
      -0.027153871953487396,
      -0.023951949551701546,
      -0.026975996792316437,
      -0.028010258451104164,
      -0.03340185433626175,
      -0.031034650281071663,
      -0.031094316393136978,
      -0.029843144118785858,
      -0.02999221906065941,
      -0.030492562800645828,
      -0.024757174775004387,
      -0.023882294073700905,
      -0.02573610655963421,
      -0.027322053909301758,
      -0.026465147733688354,
      -0.0283471941947937,
      -0.02724090777337551,
      -0.028267426416277885,
      -0.02608194760978222,
      -0.02874131314456463,
      -0.030002061277627945,
      -0.030795281752943993,
      -0.029631035402417183,
      -0.03019666112959385,
      -0.03158612176775932,
      -0.025050053372979164,
      -0.028544889762997627,
      -0.03101239539682865,
      -0.034219883382320404,
      -0.029950818046927452,
      -0.02802806720137596,
      -0.032253146171569824,
      -0.028210947290062904,
      -0.03294045478105545,
      -0.027019077911973,
      -0.023060781881213188
    ],
    [
      -0.03256766125559807,
      -0.02363317832350731,
      -0.0361110121011734,
      -0.03974490240216255,
      -0.03852277994155884,
      -0.024706220254302025,
      -0.02043060213327408,
      -0.0340123325586319,
      -0.032965999096632004,
      -0.029359648004174232,
      -0.03339960426092148,
      -0.02961859665811062,
      -0.026489606127142906,
      -0.03569265455007553,
      -0.038266051560640335,
      -0.025265339761972427,
      -0.031000962480902672,
      -0.022950012236833572,
      -0.044232480227947235,
      -0.04448173567652702,
      -0.02437497489154339,
      -0.034052252769470215,
      -0.03706185519695282,
      -0.027361730113625526,
      -0.019916342571377754,
      -0.02765829488635063,
      -0.028000885620713234,
      -0.04107101261615753,
      -0.024272054433822632,
      -0.031151117756962776,
      -0.03371945396065712,
      -0.029136372730135918,
      -0.033843882381916046,
      -0.0318460687994957,
      -0.021463001146912575,
      -0.035529814660549164,
      -0.03725142031908035,
      -0.03074759431183338,
      -0.040493134409189224,
      -0.052077360451221466,
      -0.035495441406965256,
      -0.02718941867351532,
      -0.031206998974084854,
      -0.023744096979498863,
      -0.038840338587760925,
      -0.0398460291326046,
      -0.02459016814827919,
      -0.03841044753789902,
      -0.0186007022857666,
      -0.02947380766272545
    ],
    [
      -0.024145225062966347,
      -0.0462377555668354,
      -0.031125247478485107,
      -0.03802747279405594,
      -0.03175163269042969,
      -0.01765313744544983,
      -0.025799164548516273,
      -0.031984154134988785,
      -0.016458818688988686,
      -0.03537975624203682,
      -0.026823997497558594,
      -0.032964032143354416,
      -0.03254767879843712,
      -0.025277361273765564,
      -0.035083964467048645,
      -0.025717541575431824,
      -0.025034165009856224,
      -0.023461880162358284,
      -0.03035295568406582,
      -0.026626791805028915,
      -0.041375745087862015,
      -0.019789692014455795,
      -0.027269843965768814,
      -0.02396622858941555,
      -0.01953132078051567,
      -0.04119699075818062,
      -0.01999332569539547,
      -0.04103466123342514,
      -0.0290024746209383,
      -0.038804683834314346,
      -0.04193847253918648,
      -0.025891609489917755,
      -0.03215383365750313,
      -0.024084100499749184,
      -0.04177383333444595,
      -0.022142352536320686,
      -0.050145119428634644,
      -0.06689666211605072,
      -0.028750790283083916,
      -0.03031832166016102,
      -0.03837284818291664,
      -0.01733112707734108,
      -0.034776560962200165,
      -0.04535383731126785,
      -0.031870726495981216,
      -0.030716806650161743,
      -0.026064446195960045,
      -0.028047069907188416,
      -0.02076537162065506,
      -0.0365128330886364
    ],
    [
      -0.02801249921321869,
      -0.018910931423306465,
      -0.03577568382024765,
      -0.06425704807043076,
      -0.031194288283586502,
      -0.040648333728313446,
      -0.05010686814785004,
      -0.046030521392822266,
      -0.029803520068526268,
      -0.0495026670396328,
      -0.06218651682138443,
      -0.02123478427529335,
      -0.027583841234445572,
      -0.03345859423279762,
      -0.05120302736759186,
      -0.028578786179423332,
      -0.046972233802080154,
      -0.027715148404240608,
      -0.020213818177580833,
      -0.035845447331666946,
      -0.04663900285959244,
      -0.023860618472099304,
      -0.027937203645706177,
      -0.05203752964735031,
      -0.02243623696267605,
      -0.02868151105940342,
      -0.02351505681872368,
      -0.02550237625837326,
      -0.0366356261074543,
      -0.05217161402106285,
      -0.10786575824022293,
      -0.03354921191930771,
      -0.027373317629098892,
      -0.04437908157706261,
      -0.0637185275554657,
      -0.04387920722365379,
      -0.06238234043121338,
      -0.020590204745531082,
      -0.03187471628189087,
      -0.018915368244051933,
      -0.03664258494973183,
      -0.03308552876114845,
      -0.016602177172899246,
      -0.040227536112070084,
      -0.036613889038562775,
      -0.05196353793144226,
      -0.020489193499088287,
      -0.040645115077495575,
      -0.05697351321578026,
      -0.02392013557255268
    ],
    [
      -0.07328610867261887,
      -0.12070528417825699,
      -0.029281172901391983,
      -0.025507885962724686,
      -0.041417624801397324,
      -0.08550616353750229,
      -0.04306347668170929,
      -0.04145653545856476,
      -0.054407596588134766,
      -0.06771282851696014,
      -0.019092129543423653,
      -0.02902834862470627,
      -0.030678128823637962,
      -0.02194451354444027,
      -0.04960682615637779,
      -0.07291869819164276,
      -0.05780952423810959,
      -0.036369409412145615,
      -0.026853719726204872,
      -0.06015246361494064,
      -0.05209144577383995,
      -0.06175508722662926,
      -0.04791873320937157,
