{
  "sigma_values": [
    0.0,
    0.01,
    0.02,
    0.03,
    0.05,
    0.07,
    0.1,
    0.12,
    0.15
  ],
  "metric_name": "quality_mismatch_only",
  "per_trial": [
    [
      -0.18045598059856688,
      -0.18045598059856688,
      -0.18045598059856688,
      -0.18045598059856688,
      -0.18045598059856688,
      -0.18045598059856688,
      -0.18045598059856688,
      -0.18045598059856688,
      -0.18045598059856688,
      -0.18045598059856688
    ],
    [
      -0.1808472104713353,
      -0.17901165153485116,
      -0.17946968424221027,
      -0.18167716111016247,
      -0.18028592653046163,
      -0.18132576002257628,
      -0.1799245522672729,
      -0.18070077714520846,
      -0.18255508281013932,
      -0.1829463545356189
    ],
    [
      -0.17998320828608494,
      -0.18131435236921628,
      -0.18146000784645003,
      -0.17929582603548044,
      -0.18437859567343143,
      -0.177618918807576,
      -0.17985789103952915,
      -0.1831414150534817,
      -0.176579810823769,
      -0.17902077310410444
    ],
    [
      -0.1797511026272218,
      -0.17904853838340581,
      -0.18328258874160436,
      -0.17919481009957242,
      -0.17468723510791231,
      -0.1874233480990518,
      -0.18195250694301723,
      -0.18231258279864698,
      -0.18950016265245304,
      -0.18095047310531917
    ],
    [
      -0.19193685361113752,
      -0.1789052162442486,
      -0.184984459034176,
      -0.18501039160853125,
      -0.18550842469907894,
      -0.17929407363687086,
      -0.17604889646314198,
      -0.17931052675666836,
      -0.17798455604411942,
      -0.18215436440301055
    ],
    [
      -0.19167364451991678,
      -0.18486770525279833,
      -0.17389523375093824,
      -0.1900525070826091,
      -0.20330592435633743,
      -0.1798686528173885,
      -0.1867147446721582,
      -0.16571990059906228,
      -0.16903063094842838,
      -0.1735814515627764
    ],
    [
      -0.18319327058806675,
      -0.19170070237901754,
      -0.186605780981671,
      -0.1663087592692451,
      -0.18793345296438552,
      -0.18385657958774132,
      -0.19674479250841911,
      -0.2000054195542245,
      -0.19221467592723485,
      -0.19237417912774693
    ],
    [
      -0.16869035439787988,
      -0.18731564121816036,
      -0.18773759324158676,
      -0.18396578956637444,
      -0.1516404830047236,
      -0.18286094371013245,
      -0.1724022634987569,
      -0.17037074039518887,
      -0.18091315277586914,
      -0.18827763743915418
    ],
    [
      -0.1663057609289891,
      -0.1809696473083932,
      -0.21015786928797264,
      -0.1929181212604319,
      -0.18698168971981918,
      -0.16398139391961808,
      -0.18971629683201843,
      -0.1999560629022624,
      -0.2644954973525209,
      -0.21002532283187922
    ]
  ],
  "digital_baseline": -0.18045598059856688,
  "mean": [
    -0.18045598059856688,
    -0.18087441606698368,
    -0.18026507990391233,
    -0.1818103348558205,
    -0.18211377625009834,
    -0.18187103955624137,
    -0.18809376128877525,
    -0.17741745992478267,
    -0.1965507662343905
  ],
  "std": [
    0.0,
    0.0012119527913184893,
    0.002259192886134115,
    0.0040406213103769415,
    0.004523122248105673,
    0.011031767441013694,
    0.00885345411225287,
    0.011057024766625198,
    0.02713773828798117
  ],
  "normalized_mean": [
    1.0,
    0.9976812324699417,
    1.0010578795672016,
    0.992494821990597,
    0.990813296151047,
    0.9921584258222932,
    0.9576751035633505,
    1.0168380159178185,
    0.9108104614630244
  ],
  "normalized_std": [
    0.0,
    0.00671605777374892,
    0.012519357234049226,
    0.02239117427404914,
    0.025064961732510153,
    0.061132733891233,
    0.04906157215120407,
    0.061272697806686094,
    0.15038425547308623
  ],
  "degradation_threshold_10pct": 0.15
}