{
  "sigma_values": [
    0.0,
    0.01,
    0.02,
    0.03,
    0.05,
    0.07,
    0.1,
    0.12,
    0.15
  ],
  "metric_name": "quality_quantization_only",
  "per_trial": [
    [
      -0.16516814028243623,
      -0.16516814028243623,
      -0.16516814028243623,
      -0.16516814028243623,
      -0.16516814028243623,
      -0.16516814028243623,
      -0.16516814028243623,
      -0.16516814028243623,
      -0.16516814028243623,
      -0.16516814028243623
    ],
    [
      -0.16516814028243623,
      -0.16516814028243623,
      -0.16516814028243623,
      -0.16516814028243623,
      -0.16516814028243623,
      -0.16516814028243623,
      -0.16516814028243623,
      -0.16516814028243623,
      -0.16516814028243623,
      -0.16516814028243623
    ],
    [
      -0.16516814028243623,
      -0.16516814028243623,
      -0.16516814028243623,
      -0.16516814028243623,
      -0.16516814028243623,
      -0.16516814028243623,
      -0.16516814028243623,
      -0.16516814028243623,
      -0.16516814028243623,
      -0.16516814028243623
    ],
    [
      -0.16516814028243623,
      -0.16516814028243623,
      -0.16516814028243623,
      -0.16516814028243623,
      -0.16516814028243623,
      -0.16516814028243623,
      -0.16516814028243623,
      -0.16516814028243623,
      -0.16516814028243623,
      -0.16516814028243623
    ],
    [
      -0.16516814028243623,
      -0.16516814028243623,
      -0.16516814028243623,
      -0.16516814028243623,
      -0.16516814028243623,
      -0.16516814028243623,
      -0.16516814028243623,
      -0.16516814028243623,
      -0.16516814028243623,
      -0.16516814028243623
    ],
    [
      -0.16516814028243623,
      -0.16516814028243623,
      -0.16516814028243623,
      -0.16516814028243623,
      -0.16516814028243623,
      -0.16516814028243623,
      -0.16516814028243623,
      -0.16516814028243623,
      -0.16516814028243623,
      -0.16516814028243623
    ],
    [
      -0.16516814028243623,
      -0.16516814028243623,
      -0.16516814028243623,
      -0.16516814028243623,
      -0.16516814028243623,
      -0.16516814028243623,
      -0.16516814028243623,
      -0.16516814028243623,
      -0.16516814028243623,
      -0.16516814028243623
    ],
    [
      -0.16516814028243623,
      -0.16516814028243623,
      -0.16516814028243623,
      -0.16516814028243623,
      -0.16516814028243623,
      -0.16516814028243623,
      -0.16516814028243623,
      -0.16516814028243623,
      -0.16516814028243623,
      -0.16516814028243623
    ],
    [
      -0.16516814028243623,
      -0.16516814028243623,
      -0.16516814028243623,
      -0.16516814028243623,
      -0.16516814028243623,
      -0.16516814028243623,
      -0.16516814028243623,
      -0.16516814028243623,
      -0.16516814028243623,
      -0.16516814028243623
    ]
  ],
  "digital_baseline": -0.18045598059856688,
  "mean": [
    -0.16516814028243626,
    -0.16516814028243626,
    -0.16516814028243626,
    -0.16516814028243626,
    -0.16516814028243626,
    -0.16516814028243626,
    -0.16516814028243626,
    -0.16516814028243626,
    -0.16516814028243626
  ],
  "std": [
    2.7755575615628914e-17,
    2.7755575615628914e-17,
    2.7755575615628914e-17,
    2.7755575615628914e-17,
    2.7755575615628914e-17,
    2.7755575615628914e-17,
    2.7755575615628914e-17,
    2.7755575615628914e-17,
    2.7755575615628914e-17
  ],
  "normalized_mean": [
    1.0847178368121762,
    1.0847178368121762,
    1.0847178368121762,
    1.0847178368121762,
    1.0847178368121762,
    1.0847178368121762,
    1.0847178368121762,
    1.0847178368121762,
    1.0847178368121762
  ],
  "normalized_std": [
    1.5380801192381949e-16,
    1.5380801192381949e-16,
    1.5380801192381949e-16,
    1.5380801192381949e-16,
    1.5380801192381949e-16,
    1.5380801192381949e-16,
    1.5380801192381949e-16,
    1.5380801192381949e-16,
    1.5380801192381949e-16
  ],
  "degradation_threshold_10pct": 0.15
}