{
  "sigma_values": [
    0.0,
    0.01,
    0.02,
    0.03,
    0.05,
    0.07,
    0.1,
    0.12,
    0.15
  ],
  "metric_name": "quality_thermal_only",
  "per_trial": [
    [
      -0.2228600108898512,
      -0.22285446368543385,
      -0.2228497963987096,
      -0.2228495237150905,
      -0.2228538012801692,
      -0.2228585286369159,
      -0.22285391781620315,
      -0.22284441978900432,
      -0.22284879083215756,
      -0.22285847264623027
    ],
    [
      -0.22284454249783234,
      -0.2228278017164733,
      -0.22284967056598112,
      -0.22283768853893104,
      -0.2228763132257262,
      -0.22285670584703784,
      -0.22285356680551194,
      -0.22287678229050495,
      -0.2228403318499139,
      -0.22283896069671336
    ],
    [
      -0.22287498875219286,
      -0.22284904450496326,
      -0.22286804149234618,
      -0.22285403668182216,
      -0.2228551531110881,
      -0.22285535046911334,
      -0.22285543797279012,
      -0.2228361150671968,
      -0.22285906070209702,
      -0.2228434384134793
    ],
    [
      -0.22284995980329175,
      -0.22285631137146641,
      -0.22284123330582467,
      -0.22285357363928024,
      -0.22286040593160247,
      -0.2228408695857163,
      -0.2228601806825484,
      -0.22283974511758145,
      -0.2228644106163107,
      -0.22285722469856878
    ],
    [
      -0.2228541600596349,
      -0.22285944614705622,
      -0.22284400894091305,
      -0.22284877255928318,
      -0.22286294611053237,
      -0.2228557942733639,
      -0.2228745663987352,
      -0.222835309451304,
      -0.22284911072731692,
      -0.22285857818730487
    ],
    [
      -0.22285727802090294,
      -0.22283653103500317,
      -0.22286712752033147,
      -0.22285153072252784,
      -0.22284418967536537,
      -0.2228416234535113,
      -0.22285822544931672,
      -0.22285677900532203,
      -0.22286376906383276,
      -0.22286330922370975
    ],
    [
      -0.22284155561734667,
      -0.22284333127539774,
      -0.2228478418534048,
      -0.22286250281295486,
      -0.22285937106278247,
      -0.22284984024948948,
      -0.22283803862083726,
      -0.22284087477227307,
      -0.22285983513814384,
      -0.22286103679933383
    ],
    [
      -0.22284637213473416,
      -0.22285318580863872,
      -0.22286254024092828,
      -0.2228592921533953,
      -0.22286386452122295,
      -0.2228455677797988,
      -0.22286142107330417,
      -0.22284884887383882,
      -0.2228508655352796,
      -0.22284033957577162
    ],
    [
      -0.2228459873731485,
      -0.22286496945081766,
      -0.22288082931276143,
      -0.22284727376306068,
      -0.22285466258877393,
      -0.2228404408884029,
      -0.22286063015983576,
      -0.22285001368820556,
      -0.2228666155994282,
      -0.22285314443765014
    ]
  ],
  "digital_baseline": -0.22285388054422803,
  "mean": [
    -0.22285317256897655,
    -0.22285023640346258,
    -0.2228550667167089,
    -0.22285239147521912,
    -0.22285426928554442,
    -0.22285403631698233,
    -0.2228504228201964,
    -0.22285322976969124,
    -0.2228564567262085
  ],
  "std": [
    4.761113347694774e-06,
    1.5350493861446347e-05,
    1.0550452558264019e-05,
    8.55913682993679e-06,
    1.0278807578457875e-05,
    9.754081250095776e-06,
    8.987197771429191e-06,
    7.747947449810353e-06,
    1.1372131983518362e-05
  ],
  "normalized_mean": [
    1.0000031768585307,
    1.0000163521530634,
    0.9999946773532595,
    1.000006681817724,
    0.9999982556224041,
    0.99999930100946,
    1.0000155156554742,
    1.0000029201848997,
    0.9999884400398406
  ],
  "normalized_std": [
    2.136428289275346e-05,
    6.888142949972037e-05,
    4.734246732656807e-05,
    3.840694543453609e-05,
    4.612352970186634e-05,
    4.376895401720394e-05,
    4.0327759828465604e-05,
    3.476693980328819e-05,
    5.1029544362192186e-05
  ],
  "degradation_threshold_10pct": 0.15
}