{
  "sigma_values": [
    0.0,
    0.01,
    0.02,
    0.03,
    0.05,
    0.07,
    0.1,
    0.12,
    0.15
  ],
  "metric_name": "quality_thermal_only",
  "per_trial": [
    [
      -0.28028313652642983,
      -0.2802844172323603,
      -0.28028455292971277,
      -0.28025598317720135,
      -0.28026243839032455,
      -0.2802704740698089,
      -0.28027459363670865,
      -0.28029135101096325,
      -0.28027981985169753,
      -0.28029040886277956
    ],
    [
      -0.28029395137974883,
      -0.28025577670442847,
      -0.2802651752283774,
      -0.2802839636310983,
      -0.2802821118139244,
      -0.28025762994967385,
      -0.2802816975191034,
      -0.2802774708845874,
      -0.2802760519425022,
      -0.2802832196071623
    ],
    [
      -0.2802885567431972,
      -0.2802818086271588,
      -0.2802527345542243,
      -0.28028081686845113,
      -0.2802755474843385,
      -0.2802810253084845,
      -0.28028347043530855,
      -0.28025765033859057,
      -0.2802785236272767,
      -0.2802654289288983
    ],
    [
      -0.28028365721667886,
      -0.2802875735633016,
      -0.2802625795975212,
      -0.28028146948854565,
      -0.2802746984376546,
      -0.280245063163288,
      -0.28028555437993785,
      -0.28027758379079376,
      -0.2802823052734731,
      -0.2803006823890011
    ],
    [
      -0.28026845475807155,
      -0.28027081853383295,
      -0.28026957319258533,
      -0.28027965878165156,
      -0.2802799749234138,
      -0.28027589064976904,
      -0.2802613387137098,
      -0.2802561323959109,
      -0.2802687811244524,
      -0.2802699975162405
    ],
    [
      -0.2802729221116167,
      -0.28026760890107427,
      -0.28026442885646,
      -0.28025486738584937,
      -0.28025695787583177,
      -0.2802688603586393,
      -0.28027769186231677,
      -0.28028731921843425,
      -0.28026768897642834,
      -0.2802830388093593
    ],
    [
      -0.28028056578726623,
      -0.28026144499626005,
      -0.28028762865679974,
      -0.28026733785598706,
      -0.2802841100970796,
      -0.2802570195449172,
      -0.2802808052012026,
      -0.2802542761757722,
      -0.28026515450341916,
      -0.2802536027128067
    ],
    [
      -0.28029768004093725,
      -0.28028219950512095,
      -0.280273936770667,
      -0.280265818629171,
      -0.2802808699319943,
      -0.28026697987941107,
      -0.28025562415800315,
      -0.28028258324591165,
      -0.2802813236207528,
      -0.2802776898345977
    ],
    [
      -0.28027574695350793,
      -0.2802741662313009,
      -0.2802700914036594,
      -0.2802843332169563,
      -0.2802743421472708,
      -0.2802731082011002,
      -0.2802727248489955,
      -0.28026469371857554,
      -0.28028460827729607,
      -0.2802791530726702
    ]
  ],
  "digital_baseline": -0.28027496769531657,
  "mean": [
    -0.28027771756879866,
    -0.28027570486606057,
    -0.2802745562915928,
    -0.28027811673001957,
    -0.28027006205896376,
    -0.28027013843560095,
    -0.280269194553151,
    -0.28027647056165667,
    -0.28027529680713326
  ],
  "std": [
    1.1137308185968999e-05,
    1.1715466054007212e-05,
    1.1274504027037928e-05,
    1.4350437911709361e-05,
    7.0675761306109804e-06,
    9.899319852253276e-06,
    1.2329318692170784e-05,
    1.0995227778749227e-05,
    5.801291659769956e-06
  ],
  "normalized_mean": [
    0.9999901886582855,
    0.9999973698302418,
    1.000001467857537,
    0.9999887644810777,
    1.000017502941462,
    1.000017230435366,
    1.0000205981369403,
    0.9999946378859573,
    0.9999988257537967
  ],
  "normalized_std": [
    3.9737077761708025e-05,
    4.179990154077174e-05,
    4.0226582201569646e-05,
    5.1201282903400575e-05,
    2.52165799490665e-05,
    3.532002851933143e-05,
    4.399008157436961e-05,
    3.923014555728003e-05,
    2.0698572218109993e-05
  ],
  "degradation_threshold_10pct": 0.15
}