{
  "sigma_values": [
    0.0,
    0.01,
    0.02,
    0.03,
    0.05,
    0.07,
    0.1,
    0.12,
    0.15
  ],
  "metric_name": "quality_mismatch_only",
  "per_trial": [
    [
      -0.2542114316716167,
      -0.2542114316716167,
      -0.2542114316716167,
      -0.2542114316716167,
      -0.2542114316716167,
      -0.2542114316716167,
      -0.2542114316716167,
      -0.2542114316716167,
      -0.2542114316716167,
      -0.2542114316716167
    ],
    [
      -0.25124029582698937,
      -0.25299853845640263,
      -0.25212831804644636,
      -0.24978417147153245,
      -0.25315423823126776,
      -0.25504884861939003,
      -0.25127648996102764,
      -0.24841454176037295,
      -0.2571859461373597,
      -0.25769997285197105
    ],
    [
      -0.25599606512613393,
      -0.2658049646981383,
      -0.26901173417202473,
      -0.26078643909580107,
      -0.254301045871798,
      -0.24593870702585474,
      -0.25494953608040294,
      -0.24034396054127236,
      -0.26159372910981477,
      -0.23909215880990753
    ],
    [
      -0.26656659471513944,
      -0.25463987159818247,
      -0.23414864205645508,
      -0.2708890186809333,
      -0.2382420772178767,
      -0.24751187918427095,
      -0.26599904982152534,
      -0.24909479536961524,
      -0.25783398338930363,
      -0.2645169992325926
    ],
    [
      -0.23854710728280668,
      -0.28205873785571545,
      -0.24796982840527004,
      -0.2802477847520125,
      -0.2578941966186317,
      -0.29188408712648284,
      -0.24744172409735854,
      -0.24653605496584025,
      -0.24939063315540075,
      -0.25591215332029704
    ],
    [
      -0.2268274346252966,
      -0.26463342861169026,
      -0.20096946883573924,
      -0.2612532262769173,
      -0.27911657484483976,
      -0.2984384604883709,
      -0.298963999541031,
      -0.2944568508323593,
      -0.24160906187749742,
      -0.2800534247470505
    ],
    [
      -0.2916998425866025,
      -0.23019977998191948,
      -0.280193788755262,
      -0.3008980700904679,
      -0.2872107293346873,
      -0.3374831472719311,
      -0.30978943370571316,
      -0.259999269881516,
      -0.2536371510013767,
      -0.24631655612480416
    ],
    [
      -0.274131360307509,
      -0.2830937778905043,
      -0.340020689206652,
      -0.21841723182827102,
      -0.3149463461349839,
      -0.47542862160313043,
      -0.25948561816617083,
      -0.31219667951608804,
      -0.26504654806468925,
      -0.2507337152001609
    ],
    [
      -0.18297101065993313,
      -0.27659407109756723,
      -0.36874809920494767,
      -0.30721041082108447,
      -0.33762918822354676,
      -0.35399036739080664,
      -0.3330507139453658,
      -0.20312290134749345,
      -0.3005235241795193,
      -0.24648905464783508
    ]
  ],
  "digital_baseline": -0.25421143167161675,
  "mean": [
    -0.25421143167161675,
    -0.25289313613627595,
    -0.25478183405311483,
    -0.25494429112658945,
    -0.2597882307579815,
    -0.2646321930680792,
    -0.279742776873428,
    -0.299350058791816,
    -0.29103293415181
  ],
  "std": [
    5.551115123125783e-17,
    0.0028620642673546273,
    0.009700563371985266,
    0.011884780258746452,
    0.017292630107032067,
    0.03111636670759871,
    0.03086482477326201,
    0.06756172403371716,
    0.05990823247769858
  ],
  "normalized_mean": [
    1.0,
    1.0051858231814048,
    0.9977561890991791,
    0.9971171262828205,
    0.9780623591563391,
    0.959007502817876,
    0.8995664945753031,
    0.8224366747656413,
    0.8551540257726953
  ],
  "normalized_std": [
    2.1836606979565572e-16,
    0.011258597807874204,
    0.038159430157004834,
    0.046751557082212104,
    0.06802459666475662,
    0.12240349107428798,
    0.12141399216512155,
    0.2657698105449149,
    0.2356630151671793
  ],
  "degradation_threshold_10pct": 0.07
}