{
  "sigma_values": [
    0.0,
    0.01,
    0.02,
    0.03,
    0.05,
    0.07,
    0.1,
    0.12,
    0.15
  ],
  "metric_name": "quality_thermal_only",
  "per_trial": [
    [
      -0.18034806929146657,
      -0.1803481822344929,
      -0.1803480517415393,
      -0.1803478005495184,
      -0.18034830951949934,
      -0.18034909509255515,
      -0.18034744542581152,
      -0.1803477479002438,
      -0.18034759538120163,
      -0.18034859979837015,
      -0.18034853803093148,
      -0.18034877246952546,
      -0.1803476787520815,
      -0.18035006541562543,
      -0.1803485478755838,
      -0.18035010165872759,
      -0.1803481215731952,
      -0.18034883832840176,
      -0.18034787086353848,
      -0.18034704404783095
    ],
    [
      -0.18034729644512437,
      -0.1803479284581269,
      -0.18035064738809212,
      -0.18034712500760416,
      -0.1803488443640407,
      -0.18034879833042605,
      -0.18034804941647625,
      -0.180345939264704,
      -0.18034688519966074,
      -0.18034904975752508,
      -0.1803491941276726,
      -0.1803474667128015,
      -0.18034805032566958,
      -0.18034860069100345,
      -0.18034686983120493,
      -0.18034632560868466,
      -0.18034771595500068,
      -0.18034948003015847,
      -0.18034761258772505,
      -0.18034832431513856
    ],
    [
      -0.1803467669817388,
      -0.18034860796986862,
      -0.18034753300601777,
      -0.1803484602175428,
      -0.1803468507313505,
      -0.18034785330733819,
      -0.18034901392548516,
      -0.18034832676583956,
      -0.18034761781154046,
      -0.18034861717709824,
      -0.18034787006995462,
      -0.18034847047102562,
      -0.18034722947131088,
      -0.18034917095208108,
      -0.18034791477473938,
      -0.18034814355615184,
      -0.1803467743006321,
      -0.1803486193466054,
      -0.18034862494709256,
      -0.18034780133203296
    ],
    [
      -0.18034810715581245,
      -0.1803484946601756,
      -0.1803500629577281,
      -0.18034911717542776,
      -0.18034698733323062,
      -0.1803473214307096,
      -0.18034864122866018,
      -0.18034787227880641,
      -0.18034921479076815,
      -0.1803486676578964,
      -0.1803485494986691,
      -0.1803478286240762,
      -0.1803489689898389,
      -0.18034877873942448,
      -0.18034753919652702,
      -0.1803489402604732,
      -0.18034923083495588,
      -0.18034855744973183,
      -0.18034707317273327,
      -0.18034633886417908
    ],
    [
      -0.1803469009563065,
      -0.18034747668471268,
      -0.1803471913966809,
      -0.18034827744894655,
      -0.18034894992049377,
      -0.18034694582242122,
      -0.18034862898916068,
      -0.1803470655475615,
      -0.18034836954541963,
      -0.18034658562935912,
      -0.1803489642740161,
      -0.18034773836800766,
      -0.18034868566610843,
      -0.18034742898440986,
      -0.18034883679492747,
      -0.18034810150355804,
      -0.18034929103962175,
      -0.18034841734082946,
      -0.18034824513456083,
      -0.18034698990609105
    ],
    [
      -0.180346896274589,
      -0.18034909203894592,
      -0.1803480745413,
      -0.18034894244364913,
      -0.18034710846696972,
      -0.18034845307617547,
      -0.18034832195113704,
      -0.18034761859403453,
      -0.18034892093316862,
      -0.18034886126364255,
      -0.180346830882729,
      -0.18034691868306452,
      -0.18034911146628974,
      -0.18034746556911554,
      -0.18034803859520745,
      -0.1803480977246227,
      -0.18034778396323906,
      -0.18034777956822637,
      -0.18034696578731668,
      -0.1803481365290072
    ],
    [
      -0.18034784914434232,
      -0.18034764823698485,
      -0.180348531204259,
      -0.18034764411252027,
      -0.18034789110778685,
      -0.1803483229140136,
      -0.1803471737470536,
      -0.18034773280180688,
      -0.18034794831818815,
      -0.1803476729543774,
      -0.18034869442281493,
      -0.18034726236817747,
      -0.18034763001005974,
      -0.1803464024366633,
      -0.18034940234633587,
      -0.18034771182753948,
      -0.18034880003980736,
      -0.18034760351041856,
      -0.1803468183062856,
      -0.1803486316925772
    ],
    [
      -0.18034780430263653,
      -0.18034856404616736,
      -0.18034820289833395,
      -0.18034760903794833,
      -0.18034829665464458,
      -0.18034786355890697,
      -0.18034812028477865,
      -0.1803488668569874,
      -0.18034810922467603,
      -0.18034955005741754,
      -0.1803479496074324,
      -0.18034755966623725,
      -0.18034763593792985,
      -0.18034795902228795,
      -0.18034723646909565,
      -0.18034625187516728,
      -0.18034775918093846,
      -0.18034969443682505,
      -0.18034768681780897,
      -0.1803488403880469
    ],
    [
      -0.18034784903523873,
      -0.1803473531072154,
      -0.1803468201074343,
      -0.1803482900700188,
      -0.1803470230813604,
      -0.18034720812334115,
      -0.1803482696767531,
      -0.18034912498507238,
      -0.18034833271417175,
      -0.1803485620245783,
      -0.18034924103917913,
      -0.18034916817826877,
      -0.18034796871141684,
      -0.1803467766433631,
      -0.18034900694147943,
      -0.1803474877480411,
      -0.18034835459656656,
      -0.18034850802535765,
      -0.18034774351561592,
      -0.18034742025643768
    ]
  ],
  "digital_baseline": -0.18044509748726142,
  "ideal_analog_baseline": -0.18034807881537163,
  "mean": [
    -0.180348323797507,
    -0.18034801019084198,
    -0.18034801335577236,
    -0.1803483146149912,
    -0.18034795454765964,
    -0.1803479709176215,
    -0.18034786857510063,
    -0.18034807801621336,
    -0.18034802542904554
  ],
  "std": [
    7.679109309709192e-07,
    1.1157382406282208e-06,
    7.023997339862922e-07,
    8.953358574413266e-07,
    8.067549064473587e-07,
    7.542651302610252e-07,
    6.909223842058916e-07,
    7.556087031845044e-07,
    7.653557557864633e-07
  ],
  "normalized_mean": [
    1.000536305453027,
    1.0005380434147084,
    1.000538025875133,
    1.0005363563411693,
    1.0005383517809823,
    1.0005382610610787,
    1.0005388282281686,
    1.0005376675365476,
    1.0005379589668415
  ],
  "normalized_std": [
    4.255648624785331e-06,
    6.183256049430696e-06,
    3.892595275612175e-06,
    4.96181869116468e-06,
    4.470916182714866e-06,
    4.180025618674804e-06,
    3.828989503328942e-06,
    4.187471500786253e-06,
    4.241488222424518e-06
  ],
  "degradation_threshold_10pct": 0.15,
  "trial_seeds": {
    "digital_baseline": [
      101030345,
      101030346,
      101030347,
      101030348,
      101030349,
      101030350,
      101030351,
      101030352,
      101030353,
      101030354,
      101030355,
      101030356,
      101030357,
      101030358,
      101030359,
      101030360,
      101030361,
      101030362,
      101030363,
      101030364
    ],
    "ideal_analog_baseline": [
      202030648,
      202030649,
      202030650,
      202030651,
      202030652,
      202030653,
      202030654,
      202030655,
      202030656,
      202030657,
      202030658,
      202030659,
      202030660,
      202030661,
      202030662,
      202030663,
      202030664,
      202030665,
      202030666,
      202030667
    ],
    "per_trial": [
      [
        606111916,
        606111917,
        606111918,
        606111919,
        606111920,
        606111921,
        606111922,
        606111923,
        606111924,
        606111925,
        606111926,
        606111927,
        606111928,
        606111929,
        606111930,
        606111931,
        606111932,
        606111933,
        606111934,
        606111935
      ]
    ]
  },
  "metadata": {
    "arch": "flow",
    "analog_domain": "conservative",
    "analog_substrate": "classic",
    "seed": 30042,
    "pilot_profile_path": "/workspace/NEW_ACTUAL_RUNS/5-14/945/experiments/cross_arch_tolerance/results/profiles/flow_profile_classic.json",
    "dynamics_diagnostics": {
      "lipschitz_proxy": 9.160911560058594,
      "straightness_proxy": 1.0283536680389915
    },