{
  "sigma_values": [
    0.0,
    0.01,
    0.02,
    0.03,
    0.05,
    0.07,
    0.1,
    0.12,
    0.15
  ],
  "metric_name": "quality_thermal_only",
  "per_trial": [
    [
      -0.25420323998781114,
      -0.2542154639507105,
      -0.25423507535628326,
      -0.25421973262198894,
      -0.2542107935314146,
      -0.2542197123154763,
      -0.2542236728497505,
      -0.25421442425761637,
      -0.254211783417781,
      -0.2541909701746462
    ],
    [
      -0.2542054816559517,
      -0.25419896458056745,
      -0.2541941072520142,
      -0.25421810182490145,
      -0.25420444397663683,
      -0.25421907225900825,
      -0.25421375842367677,
      -0.2542238394120436,
      -0.2542177132285628,
      -0.2542100246633343
    ],
    [
      -0.254201100465748,
      -0.25421761798674386,
      -0.2542312513284521,
      -0.25421962287188904,
      -0.25418597960945194,
      -0.2542308450694728,
      -0.25419057533950956,
      -0.2542011177243401,
      -0.25420767526950366,
      -0.2542132597312016
    ],
    [
      -0.25421108464106834,
      -0.2542257466408369,
      -0.2542081886244899,
      -0.2542167275628117,
      -0.25422512584227724,
      -0.2542056044975098,
      -0.2542297129627356,
      -0.25421416198361185,
      -0.25422387375383343,
      -0.2542007952838168
    ],
    [
      -0.2542022854703702,
      -0.25420239448080356,
      -0.25420647721101,
      -0.2542122415884398,
      -0.2542149199656204,
      -0.2541945806561451,
      -0.25419247202144624,
      -0.25420891788041244,
      -0.2542173648708336,
      -0.2542167175156814
    ],
    [
      -0.2542120458032928,
      -0.2542079032517747,
      -0.2542510656931443,
      -0.2542272788898203,
      -0.25422329431839213,
      -0.25419156231388496,
      -0.25421048429035004,
      -0.2542107986899769,
      -0.2542103111116493,
      -0.25419820880002536
    ],
    [
      -0.2541919386831053,
      -0.2542175033838612,
      -0.25422989386310235,
      -0.2542239347881418,
      -0.2542197059179639,
      -0.25419779460126474,
      -0.2542260067172138,
      -0.2542356961662353,
      -0.254216570917713,
      -0.25422411860314387
    ],
    [
      -0.2542003347349587,
      -0.2542014336261791,
      -0.2542089983928744,
      -0.25420803756161947,
      -0.2542198303354825,
      -0.2542010292805219,
      -0.25420969528927523,
      -0.2542096219445267,
      -0.25421044172200935,
      -0.2541981881596208
    ],
    [
      -0.25420280722748034,
      -0.2542132843414429,
      -0.2541981330354258,
      -0.25420578844773434,
      -0.2542085508632339,
      -0.2542233102269901,
      -0.2542250959485092,
      -0.25420036893137005,
      -0.2542087358073014,
      -0.25421258826237014
    ]
  ],
  "digital_baseline": -0.25421143167161675,
  "mean": [
    -0.2542144868463479,
    -0.25421055072766974,
    -0.2542099045396312,
    -0.25421610217929913,
    -0.2542068371660763,
    -0.2542142953162311,
    -0.2542183163641746,
    -0.2542067611047068,
    -0.25420986630918585
  ],
  "std": [
    1.1245116788756293e-05,
    9.14169988085367e-06,
    1.4714283836955941e-05,
    9.25500299357013e-06,
    8.393372667154735e-06,
    1.5702624738361985e-05,
    1.297317766581093e-05,
    6.195238756374861e-06,
    8.538798118614457e-06
  ],
  "normalized_mean": [
    0.9999879817571103,
    1.0000034653986298,
    1.0000060073301011,
    0.9999816274679244,
    1.0000180735599113,
    0.9999887351855284,
    0.999972917454921,
    1.0000183727650611,
    1.0000061577184811
  ],
  "normalized_std": [
    4.423529152411376e-05,
    3.596101017464338e-05,
    5.788206981959585e-05,
    3.640671441371482e-05,
    3.3017290418304476e-05,
    6.1769939436265e-05,
    5.103302231730208e-05,
    2.4370417630855004e-05,
    3.3589355374248624e-05
  ],
  "degradation_threshold_10pct": 0.15
}