{
  "sigma_values": [
    2.0,
    4.0,
    6.0,
    8.0,
    10.0,
    12.0,
    16.0
  ],
  "metric_name": "quality_vs_adc_bits_sigma0.050",
  "per_trial": [
    [
      -0.276326901932687,
      -0.2783942071115441,
      -0.25716313996816037,
      -0.2810435031699299,
      -0.267492963270047,
      -0.25477075791166515,
      -0.2652253868404119,
      -0.29248857198212597,
      -0.2596324132530803,
      -0.2822141270839733,
      -0.30334772436529617,
      -0.27782312152726385,
      -0.26374700283049607,
      -0.2612215732234831,
      -0.295473844561989,
      -0.2953957258905686,
      -0.2614545240960855,
      -0.23709875374318684,
      -0.24190010899119987,
      -0.2593725488018147,
      -0.2620468569070576,
      -0.2439449457458469,
      -0.2429822350954193,
      -0.3223415121396412,
      -0.3136133820551879
    ],
    [
      -0.16844270736595118,
      -0.1788979899629336,
      -0.20006298108789905,
      -0.1878767981379643,
      -0.17731484152907,
      -0.2431171408593215,
      -0.21844709261501843,
      -0.18447251508823212,
      -0.21373352957612649,
      -0.163004872428188,
      -0.1943593074306722,
      -0.1429674038758613,
      -0.15767817708301757,
      -0.1917536818014882,
      -0.1982458924172984,
      -0.16064914491527468,
      -0.13900421745462063,
      -0.18007184082658959,
      -0.16834489618237974,
      -0.18667588858452905,
      -0.1575583270950668,
      -0.1786032400818964,
      -0.2441161752190511,
      -0.19873384830578655,
      -0.1785212752904417
    ],
    [
      -0.21333763744302686,
      -0.1843715858225327,
      -0.1908973053752775,
      -0.15293200033096604,
      -0.19463908177959774,
      -0.15166965892133286,
      -0.17977821769158284,
      -0.21779047684273897,
      -0.19768257119661953,
      -0.1886077527799171,
      -0.16869463909638097,
      -0.18337866546967974,
      -0.18115109428323917,
      -0.1806287555689244,
      -0.22338740599995194,
      -0.17998390058974478,
      -0.21153532674900336,
      -0.18811857524129233,
      -0.21555945306820581,
      -0.15988339646596217,
      -0.1602900271401404,
      -0.16823611965306362,
      -0.16594666374299624,
      -0.20797120915233866,
      -0.1542292692622139
    ],
    [
      -0.19474262978727885,
      -0.1914378795664781,
      -0.20068948444166168,
      -0.1555493166009759,
      -0.16851844200943908,
      -0.1620528189717402,
      -0.1658117279848285,
      -0.16835874125242067,
      -0.1813671550893038,
      -0.17807563233269685,
      -0.17132788636858842,
      -0.2026810052454555,
      -0.23474633104544115,
      -0.18091512831108247,
      -0.19208590722968252,
      -0.2080905293511674,
      -0.1453337700674488,
      -0.17318902623186683,
      -0.18798049860124022,
      -0.2055255884047761,
      -0.15079477905694047,
      -0.1778604830521551,
      -0.15468263367301816,
      -0.18872226090288788,
      -0.16426947073558826
    ],
    [
      -0.15365286913329756,
      -0.2536279334773121,
      -0.19849195058482283,
      -0.20624602675618178,
      -0.19153358595884876,
      -0.17921387638151645,
      -0.14723592687830395,
      -0.17606561699330953,
      -0.170196548056646,
      -0.17904050409125616,
      -0.16154942240763503,
      -0.1678089784157297,
      -0.18447645900237664,
      -0.18152210771004756,
      -0.19950553908068033,
      -0.17109952123157451,
      -0.2096392481233745,
      -0.2038926933054494,
      -0.15560957143726117,
      -0.1891886342041071,
      -0.22914150442299377,
      -0.15744181469668497,
      -0.1583973302104802,
      -0.20296528717129017,
      -0.17015315377183626
    ],
    [
      -0.18635870277062583,
      -0.16655974628594514,
      -0.1742613813129706,
      -0.16218214510830783,
      -0.17936068707704167,
      -0.2048838348960121,
      -0.17367874999537328,
      -0.18528548742864592,
      -0.18657040041986345,
      -0.17436585330759233,
      -0.17635081077339226,
      -0.13431384610344865,
      -0.16107129095345946,
      -0.16682612666759217,
      -0.14609068621469976,
      -0.19405209788910963,
      -0.22934031374799355,
      -0.16871074614106538,
      -0.16105476704555882,
      -0.23673789201286902,
      -0.16666781568502992,
      -0.17614261831115904,
      -0.16806589478430542,
      -0.18011423923773787,
      -0.1905321550020186
    ],
    [
      -0.22492101148163723,
      -0.1669651995018909,
      -0.18007354814436968,
      -0.19088748102271808,
      -0.16503398441956066,
      -0.17667649035661326,
      -0.1606104369126447,
      -0.1560043276442404,
      -0.16963636787775502,
      -0.2288959434080169,
      -0.1675058829386099,
      -0.17543810179597955,
      -0.18167096752843834,
      -0.18864942967821585,
      -0.15897705266729167,
      -0.1863658674581573,
      -0.17034982977299884,
      -0.16033454434445393,
      -0.1874388431069481,
      -0.17316096142749493,
      -0.18931680565518838,
      -0.1648242338120129,
      -0.17233248493276532,
      -0.17148468550720872,
      -0.17657873980742977
    ]
  ],
  "digital_baseline": -0.27186310708079425,
  "mean": [
    -0.27186063329992644,
    -0.18450615140858717,
    -0.18482803158666922,
    -0.1801923650525665,
    -0.18390784414012062,
    -0.1779831315668727,
    -0.1777653288481056
  ],
  "std": [
    0.0219902724761485,
    0.025891873814338134,
    0.02112333161884487,
    0.020472068865800813,
    0.02465640419828242,
    0.021723640198021903,
    0.017487801621515323
  ],
  "normalized_mean": [
    1.0000090993621547,
    1.3213269965543568,
    1.3201430176705047,
    1.337194491053118,
    1.3235277632376006,
    1.345320762798542,
    1.3461219112923768
  ],
  "normalized_std": [
    0.08088729917153957,
    0.09523864452355943,
    0.07769841169573363,
    0.0753028576978515,
    0.09069418967154985,
    0.07990653984384102,
    0.06432576236362285
  ],
  "degradation_threshold_10pct": 16.0
}