{
  "sigma_values": [
    0.0,
    0.01,
    0.02,
    0.03,
    0.05,
    0.07,
    0.1,
    0.12,
    0.15
  ],
  "metric_name": "quality",
  "per_trial": [
    [
      46.59147262573242,
      46.59147262573242,
      46.59147262573242,
      46.59147262573242,
      46.59147262573242,
      46.59147262573242,
      46.59147262573242,
      46.59147262573242,
      46.59147262573242,
      46.59147262573242,
      46.59147262573242,
      46.59147262573242,
      46.59147262573242,
      46.59147262573242,
      46.59147262573242,
      46.59147262573242,
      46.59147262573242,
      46.59147262573242,
      46.59147262573242,
      46.59147262573242,
      46.59147262573242,
      46.59147262573242,
      46.59147262573242,
      46.59147262573242,
      46.59147262573242,
      46.59147262573242,
      46.59147262573242,
      46.59147262573242,
      46.59147262573242,
      46.59147262573242,
      46.59147262573242,
      46.59147262573242,
      46.59147262573242,
      46.59147262573242,
      46.59147262573242,
      46.59147262573242,
      46.59147262573242,
      46.59147262573242,
      46.59147262573242,
      46.59147262573242,
      46.59147262573242,
      46.59147262573242,
      46.59147262573242,
      46.59147262573242,
      46.59147262573242,
      46.59147262573242,
      46.59147262573242,
      46.59147262573242,
      46.59147262573242,
      46.59147262573242
    ],
    [
      46.33829879760742,
      46.60795974731445,
      46.84280776977539,
      46.55902862548828,
      46.62959671020508,
      46.526214599609375,
      46.65861129760742,
      46.647544860839844,
      46.76088333129883,
      46.8709831237793,
      46.448760986328125,
      46.59498596191406,
      46.33325958251953,
      46.403900146484375,
      46.551021575927734,
      46.52794647216797,
      46.61273956298828,
      46.2181510925293,
      46.49524688720703,
      46.51860427856445,
      46.667327880859375,
      46.873924255371094,
      46.520267486572266,
      46.40026092529297,
      46.38410186767578,
      46.2301025390625,
      46.298667907714844,
      46.85408020019531,
      46.775508880615234,
      46.60425567626953,
      46.32918930053711,
      46.2797966003418,
      46.900760650634766,
      46.85592269897461,
      46.657325744628906,
      46.95876693725586,
      46.60904312133789,
      46.77610778808594,
      46.83384704589844,
      46.402034759521484,
      46.4560661315918,
      46.500221252441406,
      46.68400573730469,
      46.80600357055664,
      46.62440872192383,
      46.364173889160156,
      46.99429702758789,
      46.82024002075195,
      46.124900817871094,
      46.28303527832031
    ],
    [
      46.88900375366211,
      46.93642807006836,
      46.36964416503906,
      45.93157958984375,
      46.35813522338867,
      45.648738861083984,
      46.211769104003906,
      46.61772537231445,
      46.791107177734375,
      46.2515869140625,
      46.6668701171875,
      46.66724395751953,
      47.54777145385742,
      46.146209716796875,
      46.88503646850586,
      47.21493911743164,
      46.208534240722656,
      46.50858688354492,
      47.41611099243164,
      46.380828857421875,
      46.55093002319336,
      46.14600372314453,
      46.4076042175293,
      45.99305725097656,
      46.20708465576172,
      46.187015533447266,
      45.90196228027344,
      45.982173919677734,
      47.12776565551758,
      46.808494567871094,
      46.57236862182617,
      47.16327667236328,
      46.63762664794922,
      46.69333267211914,
      46.53279113769531,
      46.353675842285156,
      46.87702560424805,
      46.53456497192383,
      46.96161651611328,
      46.93263626098633,
      46.17039108276367,
      46.095558166503906,
      45.926048278808594,
      47.03287887573242,
      46.76548767089844,
      46.33941650390625,
      46.690059661865234,
      46.37532424926758,
      46.31214141845703,
      46.39883804321289
    ],
    [
      45.94877624511719,
      46.453800201416016,
      46.20050048828125,
      45.97160339355469,
      46.225494384765625,
      47.28480529785156,
      45.73724365234375,
      46.060943603515625,
      47.53545379638672,
      47.09113693237305,
      45.41411590576172,
      46.58685302734375,
      47.160667419433594,
      45.93675231933594,
      47.45827865600586,
      45.64064407348633,
      47.12089920043945,
      46.944358825683594,
      47.37899398803711,
      46.836769104003906,
      46.99537658691406,
      45.641353607177734,
      47.080081939697266,
      46.39790725708008,
      45.665672302246094,
      47.50565719604492,
      46.265621185302734,
      46.57280349731445,
      45.8705940246582,
      46.12309646606445,
      46.52125930786133,
      47.36256790161133,
      46.59111404418945,
      46.54969787597656,
      46.42169952392578,
      46.813472747802734,
      46.4755973815918,
      46.08289337158203,
      47.37773513793945,
      46.725704193115234,
      46.744659423828125,
      46.901187896728516,
      46.78201675415039,
      47.07414245605469,
      45.96415710449219,
      45.83640670776367,
      46.56692123413086,
      46.68289566040039,
      46.816524505615234,
      46.5894660949707
    ],
    [
      46.2598762512207,
      46.02104187011719,
      45.94241714477539,
      47.227027893066406,
      47.60809326171875,
      46.54881286621094,
      47.801658630371094,
      47.58586120605469,
      46.84160232543945,
      46.618865966796875,
      46.87220764160156,
      45.70479202270508,
      46.231048583984375,
      47.504966735839844,
      45.03468704223633,
      44.90309143066406,
      47.675933837890625,
      46.64382553100586,
      47.921260833740234,
      45.980106353759766,
      46.7842903137207,
      46.104393005371094,
      47.60294723510742,
      45.81508255004883,
      47.01509094238281,
      47.47301483154297,
      45.781436920166016,
      44.82551956176758,
      45.867008209228516,
      46.257781982421875,
      44.5931396484375,
      48.7129020690918,
      47.14704895019531,
      44.864288330078125,
      46.40890121459961,
      47.05022430419922,
      44.92807388305664,
      46.173057556152344,
      46.1348762512207,
      47.1200065612793,
      47.922447204589844,
      46.399234771728516,
      45.50098419189453,
      47.11055374145508,
      46.69392013549805,
      46.787567138671875,
      47.83749008178711,
      45.786888122558594,
      47.12092208862305,
      47.45988464355469
    ],
    [
      47.598182678222656,
      45.97159194946289,
      50.015289306640625,
      44.894004821777344,
      45.798583984375,
      50.09873962402344,
      47.05533218383789,
      45.42002868652344,
      47.10842514038086,
      49.530635833740234,
      49.8284912109375,
      44.065704345703125,
      45.78126907348633,
      46.22100830078125,
      47.99541091918945,
      44.019859313964844,
      45.45822525024414,
      45.539947509765625,
      44.054691314697266,
      46.4080810546875,
      49.037353515625,
      46.09993362426758,
      46.403533935546875,
      48.44353485107422,
      47.88512420654297,
      49.70869445800781,
      46.78160095214844,
      45.900230407714844,
      43.092864990234375,
      46.64567184448242,
      46.507286071777344,
      46.97895431518555,
      46.46603012084961,
      46.23462677001953,
      48.315486907958984,
      45.411399841308594,
      44.53848648071289,
      45.22531509399414,
      49.0743522644043,
      47.37141036987305,
      46.18136978149414,
      46.1126708984375,
      49.08123779296875,
      43.29875183105469,
      45.95534133911133,
      44.27431106567383,
      46.59048080444336,
      45.757652282714844,
      45.71238327026367,
      48.459564208984375
    ],
    [
      45.14558792114258,
      48.970802307128906,
      43.97014236450195,
      45.49836730957031,
      45.94059753417969,
      45.06291580200195,
      49.37337112426758,
      47.533653259277344,
