{
  "sigma_values": [
    0.0,
    0.01,
    0.02,
    0.03,
    0.05,
    0.07,
    0.1,
    0.12,
    0.15
  ],
  "metric_name": "quality_mismatch_only",
  "per_trial": [
    [
      68.0124740600586,
      15.423898696899414,
      29.05668067932129,
      66.6879653930664,
      61.99324417114258,
      31.411922454833984,
      64.58859252929688,
      52.10879898071289,
      55.09708786010742,
      96.16453552246094,
      78.3301010131836,
      45.779518127441406,
      28.64504051208496,
      20.494266510009766,
      69.04827117919922,
      6.837208271026611,
      54.59492492675781,
      45.06047058105469,
      22.30973243713379,
      65.23162078857422
    ],
    [
      56.6511116027832,
      5.877196788787842,
      80.6151351928711,
      21.983047485351562,
      61.644561767578125,
      49.696903228759766,
      31.956735610961914,
      8.812186241149902,
      28.503032684326172,
      37.73609924316406,
      83.10865783691406,
      53.1241340637207,
      20.388120651245117,
      54.49461364746094,
      50.38422775268555,
      6.692902565002441,
      67.0567855834961,
      28.142658233642578,
      27.63362693786621,
      -35.34991455078125
    ],
    [
      75.57157897949219,
      24.51217269897461,
      89.14598846435547,
      54.99385070800781,
      28.029294967651367,
      28.175384521484375,
      59.975555419921875,
      70.03492736816406,
      43.49203109741211,
      5.259321689605713,
      55.9401741027832,
      66.37901306152344,
      43.17724609375,
      53.90230178833008,
      61.52345275878906,
      23.153583526611328,
      12.555002212524414,
      68.74524688720703,
      28.782148361206055,
      70.3547592163086
    ],
    [
      23.30959129333496,
      71.34268188476562,
      73.8941421508789,
      61.0233154296875,
      24.813356399536133,
      30.121793746948242,
      32.75394058227539,
      23.05849838256836,
      26.461570739746094,
      88.4305648803711,
      40.251007080078125,
      60.7231330871582,
      13.17895221710205,
      20.78561019897461,
      36.13645553588867,
      42.08150863647461,
      1.3593335151672363,
      66.88099670410156,
      71.68543243408203,
      57.824344635009766
    ],
    [
      -7.952406406402588,
      51.83793640136719,
      50.74625778198242,
      84.25853729248047,
      71.96703338623047,
      79.84927368164062,
      35.0525016784668,
      47.77186965942383,
      36.71685791015625,
      61.869956970214844,
      25.46619987487793,
      58.59130859375,
      33.29155731201172,
      32.09275817871094,
      52.44703674316406,
      61.08762741088867,
      56.53805923461914,
      41.383087158203125,
      37.961605072021484,
      85.68363952636719
    ],
    [
      20.060359954833984,
      90.21125793457031,
      37.373477935791016,
      16.02812957763672,
      63.065982818603516,
      19.535892486572266,
      2.5256564617156982,
      79.01472473144531,
      14.894282341003418,
      66.09184265136719,
      55.711727142333984,
      78.384765625,
      101.74425506591797,
      6.1847429275512695,
      48.53842544555664,
      93.14299011230469,
      69.39247131347656,
      63.38896560668945,
      68.61402130126953,
      40.4622917175293
    ],
    [
      50.14760208129883,
      89.3132095336914,
      46.268375396728516,
      9.39252758026123,
      77.51297760009766,
      38.45496368408203,
      17.822265625,
      95.29640197753906,
      32.43906784057617,
      77.536376953125,
      61.57801055908203,
      48.974647521972656,
      9.576926231384277,
      28.5527400970459,
      62.03960037231445,
      34.904273986816406,
      18.980985641479492,
      25.088674545288086,
      53.47731018066406,
      83.62471771240234
    ],
    [
      65.25092315673828,
      8.108790397644043,
      43.41940689086914,
      68.52631378173828,
      69.29341125488281,
      65.19756317138672,
      84.85017395019531,
      51.087059020996094,
      58.43476867675781,
      8.631969451904297,
      56.817970275878906,
      51.98228454589844,
      77.48995971679688,
      14.525918960571289,
      57.297157287597656,
      24.78249740600586,
      73.44847106933594,
      8.998661041259766,
      67.1370849609375,
      14.462200164794922
    ],
    [
      46.92385482788086,
      -0.7899353504180908,
      39.814048767089844,
      40.92462921142578,
      98.12175750732422,
      16.504724502563477,
      40.08431625366211,
      43.60340881347656,
      65.25862884521484,
      75.19379425048828,
      1.4238321781158447,
      30.470138549804688,
      36.191776275634766,
      47.931392669677734,
      58.093719482421875,
      44.43346405029297,
      29.3178653717041,
      20.629554748535156,
      24.193336486816406,
      77.55329895019531
    ]
  ],
  "digital_baseline": 44.28895950317383,
  "ideal_analog_baseline": 44.078094482421875,
  "mean": [
    48.84381773471832,
    36.95759112834931,
    48.18515169620514,
    43.30581147670746,
    49.83303487300873,
    51.71831315755844,
    48.04908275604248,
    48.487129259109494,
    41.79388031959534
  ],
  "std": [
    22.903343974622306,
    27.851044081585833,
    22.51211613525639,
    23.349941355061446,
    21.67312980930147,
    29.787077482229694,
    25.984411177582526,
    24.970826180280827,
    24.104831096724496
  ],
  "normalized_mean": [
    1.1028441011629113,
    0.834465102430344,
    1.0879720868753329,
    0.9778015099587988,
    1.1251796256228959,
    1.1677473062751047,
    1.0848997875553883,
    1.0947904354274753,
    0.9436636305849613
  ],
  "normalized_std": [
    0.5171343881533503,
    0.6288484623259206,
    0.5083008584485516,
    0.5272181062051852,
    0.48935739408708245,
    0.6725621422669705,
    0.5867017755456737,
    0.5638160494262994,
    0.5442627545810169
  ],
  "degradation_threshold_10pct": 0.15,
  "trial_seeds": {
    "digital_baseline": [
      101000345,
      101000346,
      101000347,
      101000348,
      101000349,
      101000350,
      101000351,
      101000352,
      101000353,
      101000354,
      101000355,
      101000356,
      101000357,
      101000358,
      101000359,
      101000360,
      101000361,
      101000362,
      101000363,
      101000364
    ],
    "ideal_analog_baseline": [
      202000648,
      202000649,
      202000650,
      202000651,
      202000652,
      202000653,
      202000654,
      202000655,
      202000656,
      202000657,
      202000658,
      202000659,
      202000660,
      202000661,
      202000662,
      202000663,
      202000664,
      202000665,
      202000666,
      202000667
    ],
    "per_trial": [
      [
        505081613,
        505081614,
        505081615,
        505081616,
        505081617,
        505081618,
        505081619,
        505081620,
        505081621,
        505081622,
        505081623,
        505081624,
        505081625,
        505081626,
        505081627,
        505081628,
        505081629,
        505081630,
        505081631,
        505081632
      ]
    ]
  },
  "metadata": {
    "arch": "neural_ode",
    "analog_domain": "conservative",
    "analog_substrate": "classic",
    "seed": 42,
    "pilot_profile_path": "/workspace/NEW_ACTUAL_RUNS/5-14/945/experiments/cross_arch_tolerance/results/profiles/neural_ode_profile_classic_pcm.json",
    "dynamics_diagnostics": {},
    "calibration": "runner: neural_ode(t,x), data+standard-normal states",
    "ablation_noise": "mismatch"
  },
  "normalized_mean_vs_ideal_analog": [
    1.1081199926688525,
    0.8384570967124682,
    1.0931768322113184,
    0.9824792107103814,
    1.1305623679554,
    1.1733336879656504,
    1.0900898353308857,
    1.1000277990339604,
    0.9481780192712852
  ],
  "normalized_std_vs_ideal_analog": [
    0.5196083052945051,
    0.631856807981858,
    0.5107325169021114,
    0.5297402628049923,
    0.4916984289768835,
    0.6757796096223858,
    0.5895084958344781,
    0.5665132867810124,
    0.546866451006347
  ],