{
  "sigma_values": [
    0.0,
    0.01,
    0.02,
    0.03,
    0.05,
    0.07,
    0.1,
    0.12,
    0.15
  ],
  "metric_name": "quality_thermal_only",
  "per_trial": [
    [
      38.45244598388672,
      38.45245361328125,
      38.45246124267578,
      38.45243835449219,
      38.45245361328125,
      38.452449798583984,
      38.45245361328125,
      38.45246124267578,
      38.45245361328125,
      38.45245361328125
    ],
    [
      38.45245361328125,
      38.45246505737305,
      38.45245361328125,
      38.45246124267578,
      38.45244598388672,
      38.452449798583984,
      38.45246124267578,
      38.45245361328125,
      38.452457427978516,
      38.45246124267578
    ],
    [
      38.452457427978516,
      38.45246124267578,
      38.45245361328125,
      38.45244216918945,
      38.452449798583984,
      38.45245361328125,
      38.452449798583984,
      38.45245361328125,
      38.45245361328125,
      38.45246124267578
    ],
    [
      38.45244598388672,
      38.45244598388672,
      38.45245361328125,
      38.45245361328125,
      38.452449798583984,
      38.452449798583984,
      38.45245361328125,
      38.45246505737305,
      38.45245361328125,
      38.45244598388672
    ],
    [
      38.452449798583984,
      38.452449798583984,
      38.45245361328125,
      38.45245361328125,
      38.452449798583984,
      38.45246124267578,
      38.45246124267578,
      38.45246124267578,
      38.45244598388672,
      38.452457427978516
    ],
    [
      38.452449798583984,
      38.45244598388672,
      38.45244598388672,
      38.452457427978516,
      38.452457427978516,
      38.45245361328125,
      38.452449798583984,
      38.45245361328125,
      38.45245361328125,
      38.45246124267578
    ],
    [
      38.45246124267578,
      38.45245361328125,
      38.45244598388672,
      38.45246887207031,
      38.452457427978516,
      38.452449798583984,
      38.45245361328125,
      38.45246887207031,
      38.45246124267578,
      38.45244598388672
    ],
    [
      38.45244598388672,
      38.452457427978516,
      38.45246505737305,
      38.452457427978516,
      38.45245361328125,
      38.45245361328125,
      38.45245361328125,
      38.452449798583984,
      38.45245361328125,
      38.452457427978516
    ],
    [
      38.45244598388672,
      38.452449798583984,
      38.452449798583984,
      38.452449798583984,
      38.45245361328125,
      38.45246124267578,
      38.45246124267578,
      38.45243835449219,
      38.452457427978516,
      38.45245361328125
    ]
  ],
  "digital_baseline": 38.452446365356444,
  "mean": [
    38.45245246887207,
    38.45245628356933,
    38.45245361328125,
    38.45245170593262,
    38.4524543762207,
    38.4524528503418,
    38.452456665039065,
    38.45245475769043,
    38.45245208740234
  ],
  "std": [
    6.3945978600464665e-06,
    5.670955180098917e-06,
    5.3947966093944364e-06,
    5.461815285978833e-06,
    5.340576171875e-06,
    4.764555357664794e-06,
    7.965321738365592e-06,
    4.840308204822358e-06,
    6.651151952424123e-06
  ],
  "normalized_mean": [
    1.000000158728929,
    1.0000002579345095,
    1.0000001884906031,
    1.0000001388878128,
    1.0000002083317192,
    1.000000168649487,
    1.0000002678550677,
    1.0000002182522774,
    1.0000001488083707
  ],
  "normalized_std": [
    1.6629885649636197e-07,
    1.474796980721658e-07,
    1.4029787749095865e-07,
    1.4204077509356156e-07,
    1.3888781278391086e-07,
    1.239077304053507e-07,
    2.0714733368803063e-07,
    1.2587777013800639e-07,
    1.7297084011841827e-07
  ],
  "degradation_threshold_10pct": 0.15
}