{
  "sigma_values": [
    0.0,
    0.01,
    0.02,
    0.03,
    0.05,
    0.07,
    0.1,
    0.12,
    0.15
  ],
  "metric_name": "quality",
  "per_trial": [
    [
      -1.908018708229065,
      -1.908018708229065,
      -1.908018708229065,
      -1.908018708229065,
      -1.908018708229065,
      -1.908018708229065,
      -1.908018708229065,
      -1.908018708229065,
      -1.908018708229065,
      -1.908018708229065,
      -1.908018708229065,
      -1.908018708229065,
      -1.908018708229065,
      -1.908018708229065,
      -1.908018708229065,
      -1.908018708229065,
      -1.908018708229065,
      -1.908018708229065,
      -1.908018708229065,
      -1.908018708229065,
      -1.908018708229065,
      -1.908018708229065,
      -1.908018708229065,
      -1.908018708229065,
      -1.908018708229065,
      -1.908018708229065,
      -1.908018708229065,
      -1.908018708229065,
      -1.908018708229065,
      -1.908018708229065,
      -1.908018708229065,
      -1.908018708229065,
      -1.908018708229065,
      -1.908018708229065,
      -1.908018708229065,
      -1.908018708229065,
      -1.908018708229065,
      -1.908018708229065,
      -1.908018708229065,
      -1.908018708229065,
      -1.908018708229065,
      -1.908018708229065,
      -1.908018708229065,
      -1.908018708229065,
      -1.908018708229065,
      -1.908018708229065,
      -1.908018708229065,
      -1.908018708229065,
      -1.908018708229065,
      -1.908018708229065
    ],
    [
      -1.9086164236068726,
      -1.9073066711425781,
      -1.9083420038223267,
      -1.9077357053756714,
      -1.9077484607696533,
      -1.9081637859344482,
      -1.907850980758667,
      -1.9074112176895142,
      -1.907757043838501,
      -1.9075117111206055,
      -1.9075827598571777,
      -1.9078936576843262,
      -1.9077802896499634,
      -1.9081127643585205,
      -1.9081288576126099,
      -1.9078526496887207,
      -1.908216118812561,
      -1.908494472503662,
      -1.9081006050109863,
      -1.908357858657837,
      -1.9077717065811157,
      -1.9079840183258057,
      -1.9080913066864014,
      -1.908077359199524,
      -1.9078844785690308,
      -1.9073749780654907,
      -1.9085215330123901,
      -1.908103346824646,
      -1.9084627628326416,
      -1.9087029695510864,
      -1.9077141284942627,
      -1.9081158638000488,
      -1.9078770875930786,
      -1.9079794883728027,
      -1.907571792602539,
      -1.9078351259231567,
      -1.9081416130065918,
      -1.908074975013733,
      -1.9080865383148193,
      -1.9076546430587769,
      -1.9077883958816528,
      -1.9079029560089111,
      -1.908449411392212,
      -1.9074838161468506,
      -1.9074804782867432,
      -1.9076448678970337,
      -1.9077943563461304,
      -1.9079111814498901,
      -1.9078404903411865,
      -1.9082485437393188
    ],
    [
      -1.9076573848724365,
      -1.9088302850723267,
      -1.9073119163513184,
      -1.907604694366455,
      -1.908239483833313,
      -1.907353162765503,
      -1.909263253211975,
      -1.9077539443969727,
      -1.9081127643585205,
      -1.9072986841201782,
      -1.9084184169769287,
      -1.9084467887878418,
      -1.908252477645874,
      -1.907332420349121,
      -1.908413052558899,
      -1.9076637029647827,
      -1.9073865413665771,
      -1.9085538387298584,
      -1.907739520072937,
      -1.9073179960250854,
      -1.9084694385528564,
      -1.9073864221572876,
      -1.9080473184585571,
      -1.908033847808838,
      -1.9078984260559082,
      -1.9088176488876343,
      -1.907633662223816,
      -1.907403826713562,
      -1.9083815813064575,
      -1.908461570739746,
      -1.9083815813064575,
      -1.9074958562850952,
      -1.908276081085205,
      -1.907787799835205,
      -1.907434105873108,
      -1.9090007543563843,
      -1.9072976112365723,
      -1.9073307514190674,
      -1.907591462135315,
      -1.9082530736923218,
      -1.9077907800674438,
      -1.9081337451934814,
      -1.9077348709106445,
      -1.907034158706665,
      -1.908611536026001,
      -1.909341812133789,
      -1.907938838005066,
      -1.9081311225891113,
      -1.9071546792984009,
      -1.907613754272461
    ],
    [
      -1.908105731010437,
      -1.9081679582595825,
      -1.9072459936141968,
      -1.9078645706176758,
      -1.9083484411239624,
      -1.9092451333999634,
      -1.9071309566497803,
      -1.9064538478851318,
      -1.9083821773529053,
      -1.908097267150879,
      -1.90822172164917,
      -1.9089374542236328,
      -1.908067226409912,
      -1.9082481861114502,
      -1.9066702127456665,
      -1.9100377559661865,
      -1.9086257219314575,
      -1.9096921682357788,
      -1.9074254035949707,
      -1.907690405845642,
      -1.9088835716247559,
      -1.9078835248947144,
      -1.9082021713256836,
      -1.9078149795532227,
      -1.907999038696289,
      -1.9077982902526855,
      -1.9077847003936768,
      -1.9088001251220703,
      -1.9074870347976685,
      -1.9067193269729614,
      -1.9072775840759277,
      -1.9069361686706543,
      -1.9066766500473022,
      -1.9100080728530884,
      -1.9083651304244995,
      -1.907286524772644,
      -1.907839298248291,
      -1.9085417985916138,
      -1.908132553100586,
      -1.9084335565567017,
      -1.9088938236236572,
      -1.9081766605377197,
      -1.907773733139038,
      -1.9081873893737793,
      -1.9080060720443726,
      -1.90928316116333,
      -1.9084068536758423,
      -1.9074386358261108,
      -1.9083237648010254,
      -1.9085259437561035
    ],
    [
      -1.9099791049957275,
      -1.9059370756149292,
      -1.9081889390945435,
      -1.9085991382598877,
      -1.907510757446289,
      -1.909688949584961,
      -1.9059393405914307,
      -1.9056880474090576,
      -1.9075547456741333,
      -1.9096078872680664,
      -1.9072070121765137,
      -1.9093081951141357,
      -1.9073834419250488,
      -1.9071506261825562,
      -1.9067898988723755,
      -1.9072176218032837,
      -1.9068520069122314,
      -1.909469723701477,
      -1.9091354608535767,
      -1.9087835550308228,
      -1.9061193466186523,
      -1.9078469276428223,
      -1.9078805446624756,
      -1.908122181892395,
      -1.90839421749115,
      -1.911237359046936,
      -1.9089219570159912,
      -1.9083704948425293,
      -1.907773494720459,
      -1.9085553884506226,
      -1.907689094543457,
      -1.9077805280685425,
      -1.907922387123108,
      -1.905732274055481,
      -1.9075852632522583,
      -1.908416748046875,
      -1.907967448234558,
      -1.9084105491638184,
      -1.9055715799331665,
      -1.9063410758972168,
      -1.910771369934082,
      -1.9060242176055908,
      -1.9079948663711548,
      -1.9074262380599976,
      -1.9074840545654297,
      -1.906863808631897,
      -1.9065951108932495,
      -1.9065508842468262,
      -1.9065788984298706,
      -1.9085090160369873
    ],
    [
      -1.9065269231796265,
      -1.9080365896224976,
      -1.9098201990127563,
      -1.9063650369644165,
      -1.9097212553024292,
      -1.9075456857681274,
      -1.9052609205245972,
      -1.9033269882202148,
      -1.9105048179626465,
      -1.9098659753799438,
      -1.9050347805023193,
      -1.9077461957931519,
      -1.9097003936767578,
      -1.9056223630905151,
      -1.9096301794052124,
      -1.9082458019256592,
      -1.9063141345977783,
      -1.9045977592468262,
      -1.9123579263687134,
      -1.9089572429656982,
      -1.9097970724105835,
      -1.9046772718429565,
      -1.9106947183609009,
      -1.9077931642532349,
      -1.9102646112442017,
      -1.913061499595642,
      -1.9070266485214233,
      -1.9114644527435303,
      -1.9072773456573486,
      -1.9050304889678955,
      -1.903239369392395,
      -1.9042574167251587,
      -1.908955454826355,
      -1.9051114320755005,
      -1.910629153251648,
      -1.9066288471221924,
      -1.9052773714065552,
      -1.9099440574645996,
      -1.907977819442749,
      -1.9060752391815186,
      -1.9068659543991089,
      -1.9072588682174683,
