{
  "sigma_values": [
    0.0,
    0.01,
    0.02,
    0.03,
    0.05,
    0.07,
    0.1,
    0.12,
    0.15
  ],
  "metric_name": "output_mse",
  "per_trial": [
    [
      -0.10434667766094208,
      -0.10434667766094208,
      -0.10434667766094208,
      -0.10434667766094208,
      -0.10434667766094208,
      -0.10434667766094208,
      -0.10434667766094208,
      -0.10434667766094208,
      -0.10434667766094208,
      -0.10434667766094208,
      -0.10434667766094208,
      -0.10434667766094208,
      -0.10434667766094208,
      -0.10434667766094208,
      -0.10434667766094208,
      -0.10434667766094208,
      -0.10434667766094208,
      -0.10434667766094208,
      -0.10434667766094208,
      -0.10434667766094208,
      -0.10434667766094208,
      -0.10434667766094208,
      -0.10434667766094208,
      -0.10434667766094208,
      -0.10434667766094208,
      -0.10434667766094208,
      -0.10434667766094208,
      -0.10434667766094208,
      -0.10434667766094208,
      -0.10434667766094208,
      -0.10434667766094208,
      -0.10434667766094208,
      -0.10434667766094208,
      -0.10434667766094208,
      -0.10434667766094208,
      -0.10434667766094208,
      -0.10434667766094208,
      -0.10434667766094208,
      -0.10434667766094208,
      -0.10434667766094208,
      -0.10434667766094208,
      -0.10434667766094208,
      -0.10434667766094208,
      -0.10434667766094208,
      -0.10434667766094208,
      -0.10434667766094208,
      -0.10434667766094208,
      -0.10434667766094208,
      -0.10434667766094208,
      -0.10434667766094208
    ],
    [
      -0.10446718335151672,
      -0.10536263883113861,
      -0.10392791032791138,
      -0.10458192974328995,
      -0.10439711064100266,
      -0.10327642410993576,
      -0.10443033277988434,
      -0.10368280857801437,
      -0.10388962179422379,
      -0.10512147098779678,
      -0.10429809987545013,
      -0.10389072448015213,
      -0.10542986541986465,
      -0.10348952561616898,
      -0.10442207753658295,
      -0.10414181649684906,
      -0.10381696373224258,
      -0.10489879548549652,
      -0.10412634909152985,
      -0.10365299135446548,
      -0.10252831131219864,
      -0.10362637788057327,
      -0.10380689054727554,
      -0.10332789272069931,
      -0.10353828966617584,
      -0.10383739322423935,
      -0.10304773598909378,
      -0.10532135516405106,
      -0.10441456735134125,
      -0.10310472548007965,
      -0.10416748374700546,
      -0.10428563505411148,
      -0.10439206659793854,
      -0.10452385246753693,
      -0.10474435985088348,
      -0.1040223017334938,
      -0.10477357357740402,
      -0.10387548059225082,
      -0.10512196272611618,
      -0.10309799760580063,
      -0.10480991005897522,
      -0.1048041358590126,
      -0.10464567691087723,
      -0.10537848621606827,
      -0.10502815991640091,
      -0.1049254834651947,
      -0.10517214238643646,
      -0.10424795746803284,
      -0.1049843356013298,
      -0.10444243252277374
    ],
    [
      -0.10344170033931732,
      -0.10632911324501038,
      -0.1041911244392395,
      -0.10443386435508728,
      -0.1037997156381607,
      -0.10277692973613739,
      -0.10379087924957275,
      -0.1041509211063385,
      -0.10399365425109863,
      -0.10412807017564774,
      -0.10630326718091965,
      -0.10420262813568115,
      -0.1027759462594986,
      -0.10399899631738663,
      -0.10251116007566452,
      -0.10410339385271072,
      -0.10468149185180664,
      -0.10408320277929306,
      -0.10333254188299179,
      -0.10374002903699875,
      -0.10204748809337616,
      -0.10741708427667618,
      -0.10639704018831253,
      -0.10586337745189667,
      -0.10344676673412323,
      -0.10234491527080536,
      -0.1067170798778534,
      -0.10699544847011566,
      -0.10344672948122025,
      -0.10657205432653427,
      -0.10579374432563782,
      -0.10641881078481674,
      -0.10668561607599258,
      -0.10427907854318619,
      -0.10400176048278809,
      -0.1065841019153595,
      -0.10542414337396622,
      -0.10359343141317368,
      -0.10339400172233582,
      -0.10339546948671341,
      -0.10052505880594254,
      -0.10549724847078323,
      -0.10374439507722855,
      -0.10378923267126083,
      -0.10471875965595245,
      -0.10546840727329254,
      -0.10368642210960388,
      -0.10264049470424652,
      -0.10501124709844589,
      -0.1076645478606224
    ],
    [
      -0.10122489929199219,
      -0.10334988683462143,
      -0.10199028253555298,
      -0.10392621159553528,
      -0.1039038673043251,
      -0.10058198869228363,
      -0.10360746830701828,
      -0.10524807125329971,
      -0.10334688425064087,
      -0.10798059403896332,
      -0.10598799586296082,
      -0.1052415668964386,
      -0.10399721562862396,
      -0.10412562638521194,
      -0.10584698617458344,
      -0.10215862095355988,
      -0.1060420423746109,
      -0.11159758269786835,
      -0.10179471224546432,
      -0.10233361274003983,
      -0.10459553450345993,
      -0.10398873686790466,
      -0.1031518280506134,
      -0.10357829183340073,
      -0.10212366282939911,
      -0.10295598208904266,
      -0.10296642035245895,
      -0.10494080185890198,
      -0.10205937922000885,
      -0.10569821298122406,
      -0.10820649564266205,
      -0.10294906795024872,
      -0.10603797435760498,
      -0.10335077345371246,
      -0.10468009114265442,
      -0.10145999491214752,
      -0.10431896150112152,
      -0.10177480429410934,
      -0.10350018739700317,
      -0.1034310981631279,
      -0.10553479194641113,
      -0.10209151357412338,
      -0.10603620111942291,
      -0.10272731631994247,
      -0.10507027059793472,
      -0.10548344999551773,
      -0.10403696447610855,
      -0.1029568538069725,
      -0.10651426017284393,
      -0.10572099685668945
    ],
    [
      -0.1041305661201477,
      -0.10432549566030502,
      -0.10923994332551956,
      -0.10715098679065704,
      -0.10400621592998505,
      -0.09874925017356873,
      -0.09526553750038147,
      -0.11030513793230057,
      -0.09628835320472717,
      -0.10473935306072235,
      -0.1025422140955925,
      -0.10221739858388901,
      -0.10482518374919891,
      -0.10815069079399109,
      -0.10708989202976227,
      -0.1066153272986412,
      -0.10361652821302414,
      -0.10213835537433624,
      -0.10685481876134872,
      -0.10268748551607132,
      -0.1124272346496582,
      -0.10113999247550964,
      -0.10865946114063263,
      -0.10382594168186188,
      -0.1073625460267067,
      -0.10172121971845627,
      -0.10091133415699005,
      -0.11042612046003342,
      -0.10801053047180176,
      -0.10379919409751892,
      -0.11111204326152802,
      -0.09706319123506546,
      -0.10759677737951279,
      -0.10411471873521805,
      -0.10211201757192612,
      -0.10165126621723175,
      -0.09892189502716064,
      -0.10511870682239532,
      -0.10884512960910797,
      -0.1090402901172638,
      -0.11167589575052261,
      -0.10072123259305954,
      -0.10046929121017456,
      -0.09889679402112961,
      -0.10384366661310196,
      -0.10739632695913315,
      -0.10873851180076599,
      -0.10229182243347168,
      -0.10879147797822952,
      -0.1095183938741684
    ],
    [
      -0.1169431060552597,
      -0.10015945136547089,
      -0.1030769869685173,
      -0.1132500171661377,
      -0.1145966574549675,
      -0.1048407033085823,
      -0.1039355993270874,
      -0.10030689090490341,
      -0.10525121539831161,
      -0.10075423866510391,
      -0.10784304887056351,
      -0.10540793091058731,
      -0.10440719872713089,
      -0.09821321070194244,
      -0.10065442323684692,
      -0.09980795532464981,
      -0.10975992679595947,
      -0.10187263041734695,
      -0.1032332256436348,
      -0.10667137056589127,
      -0.10894156247377396,
      -0.09675946831703186,
      -0.10492715984582901,
      -0.10721644759178162,
      -0.10195597261190414,
      -0.1080281138420105,
      -0.10463207960128784,
      -0.10768652707338333,
