{
  "sigma_values": [
    0.0,
    0.01,
    0.02,
    0.03,
    0.05,
    0.07,
    0.1,
    0.12,
    0.15
  ],
  "metric_name": "quality",
  "per_trial": [
    [
      46.59147644042969,
      46.59147644042969,
      46.59147262573242,
      46.59145736694336,
      46.59147644042969,
      46.591495513916016,
      46.59147262573242,
      46.591487884521484,
      46.5914421081543,
      46.59149169921875,
      46.59146499633789,
      46.591487884521484,
      46.591468811035156,
      46.591495513916016,
      46.59147644042969,
      46.59147644042969,
      46.59147644042969,
      46.59150314331055,
      46.5914421081543,
      46.591495513916016,
      46.59147262573242,
      46.59145736694336,
      46.591453552246094,
      46.59148025512695,
      46.59147262573242,
      46.591468811035156,
      46.591487884521484,
      46.59148406982422,
      46.59149169921875,
      46.59146499633789,
      46.59145736694336,
      46.59147262573242,
      46.59146499633789,
      46.59145736694336,
      46.59149169921875,
      46.59148025512695,
      46.59146499633789,
      46.59149169921875,
      46.591453552246094,
      46.59145736694336,
      46.59148406982422,
      46.59147262573242,
      46.591468811035156,
      46.59146499633789,
      46.59146499633789,
      46.59147262573242,
      46.59146499633789,
      46.59146499633789,
      46.59148025512695,
      46.59150695800781
    ],
    [
      46.698917388916016,
      46.47650909423828,
      46.5584716796875,
      46.68532180786133,
      46.37343978881836,
      46.43340301513672,
      46.14168167114258,
      46.662288665771484,
      46.47059631347656,
      46.60353469848633,
      46.69763946533203,
      46.621917724609375,
      46.7830810546875,
      46.50580596923828,
      46.7008056640625,
      46.64418411254883,
      46.74089050292969,
      46.28139114379883,
      46.49658966064453,
      46.38639450073242,
      46.34345626831055,
      46.397823333740234,
      46.71241760253906,
      46.59186553955078,
      46.7122917175293,
      47.02037048339844,
      46.88698196411133,
      46.612972259521484,
      46.63515090942383,
      46.54409408569336,
      46.644168853759766,
      46.9476203918457,
      46.50647735595703,
      46.58588790893555,
      46.65916061401367,
      46.15753936767578,
      46.587646484375,
      46.31626510620117,
      46.880577087402344,
      46.46366500854492,
      46.59122848510742,
      46.74504852294922,
      46.3604850769043,
      46.44294738769531,
      46.075069427490234,
      46.75446319580078,
      46.63486862182617,
      46.65093231201172,
      46.87332534790039,
      46.46037292480469
    ],
    [
      46.42719268798828,
      45.96135330200195,
      46.86344909667969,
      46.95907211303711,
      46.62343215942383,
      46.62333679199219,
      47.149959564208984,
      46.384944915771484,
      46.34965896606445,
      46.11653518676758,
      46.87997055053711,
      45.82081604003906,
      46.52336120605469,
      46.78062057495117,
      45.59994125366211,
      46.79065704345703,
      46.478050231933594,
      46.50619888305664,
      46.66984558105469,
      46.53080368041992,
      46.376495361328125,
      46.80963897705078,
      46.55730438232422,
      47.052574157714844,
      46.452518463134766,
      46.45915222167969,
      45.98929977416992,
      46.24198532104492,
      47.10729217529297,
      46.86525344848633,
      47.14134979248047,
      46.49151611328125,
      46.561424255371094,
      47.14487838745117,
      47.691429138183594,
      46.78219985961914,
      46.168983459472656,
      46.98101806640625,
      46.75770950317383,
      46.55687713623047,
      47.123470306396484,
      46.443450927734375,
      47.066162109375,
      46.093360900878906,
      46.882774353027344,
      46.737510681152344,
      45.9681282043457,
      46.913429260253906,
      46.806732177734375,
      46.70248794555664
    ],
    [
      46.754112243652344,
      46.31221389770508,
      46.622352600097656,
      47.44047164916992,
      46.447635650634766,
      46.14077377319336,
      46.18890380859375,
      46.63917541503906,
      46.339149475097656,
      46.6787223815918,
      46.50606918334961,
      46.734703063964844,
      45.84105682373047,
      46.492156982421875,
      46.07098388671875,
      47.486473083496094,
      47.17340850830078,
      47.251197814941406,
      46.97697067260742,
      45.628326416015625,
      46.52165985107422,
      46.372528076171875,
      47.47404098510742,
      45.669647216796875,
      46.0819206237793,
      47.167972564697266,
      46.47502517700195,
      46.27802658081055,
      45.82579803466797,
      46.8625373840332,
      47.39165115356445,
      47.06490707397461,
      46.77116012573242,
      45.77222442626953,
      46.93699264526367,
      45.95969009399414,
      48.103485107421875,
      46.21553421020508,
      46.91651153564453,
      47.19780731201172,
      47.12564468383789,
      46.32648468017578,
      45.53194808959961,
      47.007938385009766,
      46.92722702026367,
      47.79412078857422,
      46.53865432739258,
      46.50728988647461,
      47.02064895629883,
      46.6583251953125
    ],
    [
      47.070167541503906,
      46.667781829833984,
      47.014469146728516,
      46.752410888671875,
      46.10788345336914,
      48.28762435913086,
      46.69878387451172,
      45.39004135131836,
      46.6085090637207,
      44.81464767456055,
      47.1724853515625,
      45.528995513916016,
      47.46763229370117,
      44.48604202270508,
      48.47156524658203,
      46.18028259277344,
      46.939876556396484,
      48.8034782409668,
      46.891319274902344,
      44.45378875732422,
      48.19124984741211,
      44.721534729003906,
      47.41862106323242,
      45.00174331665039,
      48.11061096191406,
      45.27562713623047,
      46.22870635986328,
      48.15935516357422,
      44.70912551879883,
      46.08522415161133,
      44.8265266418457,
      47.47705078125,
      46.83018112182617,
      46.647071838378906,
      46.79240036010742,
      47.419227600097656,
      48.6882438659668,
      45.43992233276367,
      46.73936080932617,
      47.51817321777344,
      45.46794128417969,
      46.389583587646484,
      46.81428527832031,
      47.626468658447266,
      46.738548278808594,
      45.84363555908203,
      47.19670104980469,
      46.533321380615234,
      44.888587951660156,
      47.083900451660156
    ],
    [
      46.94636917114258,
      45.70539093017578,
      45.76689910888672,
      46.998313903808594,
      45.98093795776367,
      47.301151275634766,
      48.6309814453125,
      45.39024353027344,
      46.640995025634766,
      46.2484245300293,
      45.24705123901367,
      44.978328704833984,
      46.96565628051758,
      47.112056732177734,
      45.713809967041016,
      48.40341567993164,
      46.23699951171875,
      46.86141586303711,
      47.857688903808594,
      47.03241729736328,
      46.05921936035156,
      44.31407165527344,
      47.53997039794922,
      44.7084846496582,
      48.560604095458984,
      45.756832122802734,
      47.95005416870117,
      45.224021911621094,
      47.33651351928711,
      44.917240142822266,
      45.06843948364258,
      43.9788818359375,
      46.10798263549805,
      47.13572692871094,
      46.178916931152344,
      43.95533752441406,
      47.77793884277344,
      48.736915588378906,
      48.1245002746582,
      44.45832061767578,
      46.13074493408203,
      48.040985107421875,
      46.87897872924805,
      45.23040008544922,
      46.276737213134766,
      48.668785095214844,
      45.64005661010742,
      47.35157775878906,
      44.73930358886719,
      47.28730010986328
    ],
    [
      44.947731018066406,
      49.01293182373047,
      41.8607063293457,
      46.90938949584961,
      46.74934768676758,
      46.70708084106445,
      45.21842575073242,
      45.28703308105469,
