{
  "sigma_values": [
    0.0,
    0.01,
    0.02,
    0.03,
    0.05,
    0.07,
    0.1,
    0.12,
    0.15
  ],
  "metric_name": "output_mse",
  "per_trial": [
    [
      -0.0614001527428627,
      -0.061399195343256,
      -0.06140279024839401,
      -0.061399150639772415,
      -0.061394814401865005,
      -0.06139683350920677,
      -0.06140166148543358,
      -0.061397869139909744,
      -0.06139522045850754,
      -0.061402738094329834,
      -0.06140035390853882,
      -0.061403971165418625,
      -0.06139931082725525,
      -0.06139804422855377,
      -0.06140168756246567,
      -0.06139996647834778,
      -0.061403002589941025,
      -0.06139581277966499,
      -0.061396725475788116,
      -0.061398692429065704,
      -0.06140291690826416,
      -0.061397843062877655,
      -0.06140320748090744,
      -0.0613945908844471,
      -0.06140011176466942,
      -0.061397820711135864,
      -0.06140366196632385,
      -0.06140107288956642,
      -0.06139920651912689,
      -0.06140061095356941,
      -0.06140425428748131,
      -0.061397239565849304,
      -0.061395395547151566,
      -0.06139853969216347,
      -0.061402030289173126,
      -0.0613979734480381,
      -0.06139729917049408,
      -0.06139928475022316,
      -0.06140277534723282,
      -0.06140346825122833,
      -0.06140197440981865,
      -0.06140366569161415,
      -0.06139526143670082,
      -0.061397138983011246,
      -0.06140339374542236,
      -0.06139880418777466,
      -0.06139906868338585,
      -0.061400461941957474,
      -0.0613984540104866,
      -0.06139921769499779
    ],
    [
      -0.061168771237134933,
      -0.06102588400244713,
      -0.06114208325743675,
      -0.06117916479706764,
      -0.061123792082071304,
      -0.06108870357275009,
      -0.06114237383008003,
      -0.06131449714303017,
      -0.06098368391394615,
      -0.06103896722197533,
      -0.06106605380773544,
      -0.061270952224731445,
      -0.06121637299656868,
      -0.06131737679243088,
      -0.06130491942167282,
      -0.06116849556565285,
      -0.06125880405306816,
      -0.060958560556173325,
      -0.061163272708654404,
      -0.061199549585580826,
      -0.06121533364057541,
      -0.060980312526226044,
      -0.06135759875178337,
      -0.06124765798449516,
      -0.06126415729522705,
      -0.06100276857614517,
      -0.061119433492422104,
      -0.06117149814963341,
      -0.061160169541835785,
      -0.06117294728755951,
      -0.06121623516082764,
      -0.061322543770074844,
      -0.06124647706747055,
      -0.06111853942275047,
      -0.06139152869582176,
      -0.06110432371497154,
      -0.061138443648815155,
      -0.061109669506549835,
      -0.06119706854224205,
      -0.061253320425748825,
      -0.06110654026269913,
      -0.06138204038143158,
      -0.06131875887513161,
      -0.061290089040994644,
      -0.06103970482945442,
      -0.061237309128046036,
      -0.061353012919425964,
      -0.06122885271906853,
      -0.06117274984717369,
      -0.061213329434394836
    ],
    [
      -0.06104302033782005,
      -0.06149517372250557,
      -0.06096738204360008,
      -0.06102675199508667,
      -0.061220843344926834,
      -0.06086138263344765,
      -0.06123531982302666,
      -0.061373282223939896,
      -0.06123300641775131,
      -0.061336830258369446,
      -0.061499543488025665,
      -0.06097561866044998,
      -0.06148656830191612,
      -0.06111302599310875,
      -0.0611053965985775,
      -0.06122898310422897,
      -0.06130340322852135,
      -0.06115027889609337,
      -0.06151249259710312,
      -0.061031363904476166,
      -0.06131221354007721,
      -0.061550289392471313,
      -0.061111122369766235,
      -0.06089087203145027,
      -0.061682432889938354,
      -0.061080142855644226,
      -0.0613386407494545,
      -0.06097543612122536,
      -0.060990579426288605,
      -0.06116378679871559,
      -0.061613380908966064,
      -0.061367426067590714,
      -0.06146134436130524,
      -0.06128309667110443,
      -0.061068836599588394,
      -0.061238862574100494,
      -0.06127745285630226,
      -0.061140768229961395,
      -0.06089881435036659,
      -0.0609193816781044,
      -0.06102852150797844,
      -0.06131353974342346,
      -0.061228860169649124,
      -0.06107950955629349,
      -0.06105567514896393,
      -0.06129467487335205,
      -0.06138782203197479,
      -0.06113708019256592,
      -0.06114346534013748,
      -0.060860712081193924
    ],
    [
      -0.061600033193826675,
      -0.06104939430952072,
      -0.061396922916173935,
      -0.06143694743514061,
      -0.06136918067932129,
      -0.061392150819301605,
      -0.06094052642583847,
      -0.06104177609086037,
      -0.06056244298815727,
      -0.06080905720591545,
      -0.06180651858448982,
      -0.06130017712712288,
      -0.06097119301557541,
      -0.06115284934639931,
      -0.061121173202991486,
      -0.06109694018959999,
      -0.0616036131978035,
      -0.061010073870420456,
      -0.06122344359755516,
      -0.061311159282922745,
      -0.06112871319055557,
      -0.06147626414895058,
      -0.061035677790641785,
      -0.06081574782729149,
      -0.06130009889602661,
      -0.061542849987745285,
      -0.06172681599855423,
      -0.06095088645815849,
      -0.061516497284173965,
      -0.06136440113186836,
      -0.06090473756194115,
      -0.061042338609695435,
      -0.06044318526983261,
      -0.06130727380514145,
      -0.06107589229941368,
      -0.06117026507854462,
      -0.06139839440584183,
      -0.06093805283308029,
      -0.06138337776064873,
      -0.06083863228559494,
      -0.06099133566021919,
      -0.06094798818230629,
      -0.06116006150841713,
      -0.061284929513931274,
      -0.06106063351035118,
      -0.06139654666185379,
      -0.06165095791220665,
      -0.06124219298362732,
      -0.0615588016808033,
      -0.0609835609793663
    ],
    [
      -0.0612967312335968,
      -0.06096924841403961,
      -0.062339406460523605,
      -0.0615682490170002,
      -0.06105273589491844,
      -0.06121164187788963,
      -0.06089240685105324,
      -0.060988832265138626,
      -0.06176561862230301,
      -0.06152314320206642,
      -0.06208513677120209,
      -0.06067527458071709,
      -0.06173346936702728,
      -0.061551906168460846,
      -0.061534371227025986,
      -0.06191945821046829,
      -0.06134674698114395,
      -0.06190091744065285,
      -0.06124182417988777,
      -0.06250444799661636,
      -0.060602884739637375,
      -0.061691634356975555,
      -0.061537966132164,
      -0.06046979874372482,
      -0.06209159642457962,
      -0.06094162166118622,
      -0.06046655401587486,
      -0.06109564006328583,
      -0.06105383485555649,
      -0.06111381947994232,
      -0.06162509322166443,
      -0.06130925193428993,
      -0.060961391776800156,
      -0.06085716187953949,
      -0.060858748853206635,
      -0.06163698434829712,
      -0.06103113666176796,
      -0.06105528399348259,
      -0.061657749116420746,
      -0.06171722710132599,
      -0.060831476002931595,
      -0.0608670674264431,
      -0.06167444959282875,
      -0.06077021360397339,
      -0.06075664609670639,
      -0.06103433296084404,
      -0.06192731112241745,
      -0.0618896521627903,
      -0.06169659644365311,
      -0.06059056147933006
    ],
    [
      -0.061464447528123856,
      -0.06170862913131714,
      -0.062046658247709274,
      -0.060892488807439804,
      -0.05965474992990494,
      -0.061904169619083405,
      -0.06215953454375267,
      -0.061643779277801514,
      -0.06083737313747406,
      -0.061082735657691956,
      -0.06085401400923729,
      -0.06124300882220268,
      -0.06249993294477463,
      -0.06214339658617973,
      -0.0605945885181427,
      -0.061569955199956894,
      -0.061283934861421585,
      -0.06263753026723862,
      -0.061133310198783875,
      -0.061542809009552,
      -0.0611339695751667,
      -0.060695476830005646,
      -0.060597013682127,
      -0.06168133392930031,
      -0.06127724051475525,
