{
  "sigma_values": [
    0.0,
    0.01,
    0.02,
    0.03,
    0.05,
    0.07,
    0.1,
    0.12,
    0.15
  ],
  "metric_name": "quality_thermal_only",
  "per_trial": [
    [
      39.086910247802734,
      39.08693313598633,
      39.0869140625,
      39.08695602416992,
      39.0869255065918,
      39.08692932128906,
      39.08694076538086,
      39.08694076538086,
      39.08690643310547,
      39.0869255065918
    ],
    [
      39.08692169189453,
      39.0869255065918,
      39.08690643310547,
      39.086910247802734,
      39.08693313598633,
      39.08694839477539,
      39.086910247802734,
      39.0869140625,
      39.086936950683594,
      39.0869140625
    ],
    [
      39.0869140625,
      39.08694076538086,
      39.08689880371094,
      39.0869255065918,
      39.086944580078125,
      39.08692169189453,
      39.0869255065918,
      39.08692932128906,
      39.08694076538086,
      39.08694076538086
    ],
    [
      39.08693313598633,
      39.086936950683594,
      39.0869255065918,
      39.08694839477539,
      39.086910247802734,
      39.0869140625,
      39.086944580078125,
      39.086910247802734,
      39.0869255065918,
      39.08694839477539
    ],
    [
      39.0869026184082,
      39.08694839477539,
      39.08690643310547,
      39.0869140625,
      39.0869255065918,
      39.086910247802734,
      39.086944580078125,
      39.08692932128906,
      39.0869140625,
      39.0869140625
    ],
    [
      39.08692932128906,
      39.08692169189453,
      39.0869255065918,
      39.0869255065918,
      39.08692169189453,
      39.0869255065918,
      39.08694076538086,
      39.086936950683594,
      39.0869255065918,
      39.08695602416992
    ],
    [
      39.086891174316406,
      39.086910247802734,
      39.0869140625,
      39.08694839477539,
      39.08695983886719,
      39.08690643310547,
      39.08693313598633,
      39.08693313598633,
      39.0869026184082,
      39.086910247802734
    ],
    [
      39.0869140625,
      39.086936950683594,
      39.08692932128906,
      39.08694076538086,
      39.08690643310547,
      39.086910247802734,
      39.08692932128906,
      39.086936950683594,
      39.0869026184082,
      39.0869026184082
    ],
    [
      39.0869140625,
      39.08690643310547,
      39.086936950683594,
      39.0869140625,
      39.08696365356445,
      39.08694076538086,
      39.08693313598633,
      39.08693313598633,
      39.08693313598633,
      39.08692169189453
    ]
  ],
  "digital_baseline": 39.086922836303714,
  "mean": [
    39.08692817687988,
    39.086922073364256,
    39.08692817687988,
    39.08692970275879,
    39.08692092895508,
    39.08693084716797,
    39.08692092895508,
    39.08692092895508,
    39.08692970275879
  ],
  "std": [
    1.4580928690808406e-05,
    1.3042694852660187e-05,
    1.3653205999888061e-05,
    1.421710598265398e-05,
    1.485284601892989e-05,
    1.0264300573023766e-05,
    2.0669887060766704e-05,
    1.4455639130780346e-05,
    1.567743117373239e-05
  ],
  "normalized_mean": [
    1.0000001366333233,
    0.9999999804809537,
    1.0000001366333233,
    1.0000001756714159,
    0.9999999512023845,
    1.0000002049499852,
    0.9999999512023845,
    0.9999999512023845,
    1.0000001756714159
  ],
  "normalized_std": [
    3.730385416082363e-07,
    3.336843605541188e-07,
    3.4930368034004047e-07,
    3.6373049989622645e-07,
    3.7999527568679954e-07,
    2.6260190949312445e-07,
    5.288184784290215e-07,
    3.698331329718806e-07,
    4.0109146579252544e-07
  ],
  "degradation_threshold_10pct": 0.15
}