{
  "sigma_values": [
    0.0,
    0.01,
    0.02,
    0.03,
    0.05,
    0.07,
    0.1,
    0.12,
    0.15
  ],
  "metric_name": "quality_mismatch_only",
  "per_trial": [
    [
      46.59148406982422,
      46.59146499633789,
      46.59146499633789,
      46.59146499633789,
      46.59147262573242,
      46.59147262573242,
      46.59146499633789,
      46.59144973754883,
      46.591453552246094,
      46.59148025512695
    ],
    [
      46.46894073486328,
      46.61637496948242,
      46.6038818359375,
      46.4251708984375,
      46.4196662902832,
      46.46773910522461,
      46.47350311279297,
      46.87855529785156,
      47.19742965698242,
      46.604976654052734
    ],
    [
      46.33919906616211,
      46.252471923828125,
      46.88336181640625,
      46.59202575683594,
      46.429691314697266,
      46.86806106567383,
      46.47822189331055,
      47.3789176940918,
      46.86680603027344,
      47.070518493652344
    ],
    [
      48.081329345703125,
      45.55605697631836,
      45.768978118896484,
      46.86638641357422,
      46.01772689819336,
      47.3894157409668,
      46.49586868286133,
      47.025306701660156,
      47.1038932800293,
      45.34358215332031
    ],
    [
      47.804901123046875,
      46.74822998046875,
      47.44451904296875,
      47.11509704589844,
      46.92525100708008,
      46.250370025634766,
      46.57752227783203,
      45.62704086303711,
      47.128334045410156,
      47.28658676147461
    ],
    [
      48.7574348449707,
      49.96588134765625,
      48.260894775390625,
      46.01478958129883,
      45.90289306640625,
      46.18207550048828,
      49.019012451171875,
      47.03797912597656,
      46.067604064941406,
      47.736541748046875
    ],
    [
      46.63135528564453,
      44.45815658569336,
      45.66162109375,
      45.41595458984375,
      47.67155075073242,
      46.214088439941406,
      45.43619155883789,
      45.81283950805664,
      43.609500885009766,
      47.472347259521484
    ],
    [
      52.84611892700195,
      48.16010284423828,
      44.37057113647461,
      43.80056381225586,
      50.633270263671875,
      47.76216125488281,
      49.219268798828125,
      52.31367492675781,
      44.873680114746094,
      44.00399398803711
    ],
    [
      43.08494186401367,
      47.778900146484375,
      46.007667541503906,
      51.52219009399414,
      43.75593948364258,
      47.593597412109375,
      42.0871696472168,
      46.10755157470703,
      44.06819534301758,
      46.54740905761719
    ]
  ],
  "digital_baseline": 46.59147567749024,
  "mean": [
    46.59146728515625,
    46.61562385559082,
    46.71592750549316,
    46.56485443115234,
    46.890785217285156,
    47.494510650634766,
    45.83836059570312,
    47.79834060668945,
    45.855356216430664
  ],
  "std": [
    1.0121535615098267e-05,
    0.23369607935967612,
    0.33907758822839923,
    0.8378426574973363,
    0.5943448586040017,
    1.3914909449749464,
    1.1851305505262872,
    3.2670917042062357,
    2.6244269581077933
  ],
  "normalized_mean": [
    0.9999998198740463,
    1.0005182960562944,
    1.0026711287031214,
    0.9994286241002073,
    1.0064241266335234,
    1.0193819783557707,
    0.9838357753036149,
    1.0259031273779182,
    0.9842005549222126
  ],
  "normalized_std": [
    2.1724007381007444e-07,
    0.0050158548524485095,
    0.007277674366348048,
    0.01798274566997936,
    0.012756515005407905,
    0.02986578391736191,
    0.025436639069555376,
    0.07012209114863188,
    0.05632847897487252
  ],
  "degradation_threshold_10pct": 0.15
}