{
  "sigma_values": [
    0.0,
    0.01,
    0.02,
    0.03,
    0.05,
    0.07,
    0.1,
    0.12,
    0.15
  ],
  "metric_name": "quality",
  "per_trial": [
    [
      40.22233581542969,
      40.22233581542969,
      40.22233581542969,
      40.22233581542969,
      40.22233581542969,
      40.22233581542969,
      40.22233581542969,
      40.22233581542969,
      40.22233581542969,
      40.22233581542969,
      40.22233581542969,
      40.22233581542969,
      40.22233581542969,
      40.22233581542969,
      40.22233581542969,
      40.22233581542969,
      40.22233581542969,
      40.22233581542969,
      40.22233581542969,
      40.22233581542969,
      40.22233581542969,
      40.22233581542969,
      40.22233581542969,
      40.22233581542969,
      40.22233581542969,
      40.22233581542969,
      40.22233581542969,
      40.22233581542969,
      40.22233581542969,
      40.22233581542969,
      40.22233581542969,
      40.22233581542969,
      40.22233581542969,
      40.22233581542969,
      40.22233581542969,
      40.22233581542969,
      40.22233581542969,
      40.22233581542969,
      40.22233581542969,
      40.22233581542969,
      40.22233581542969,
      40.22233581542969,
      40.22233581542969,
      40.22233581542969,
      40.22233581542969,
      40.22233581542969,
      40.22233581542969,
      40.22233581542969,
      40.22233581542969,
      40.22233581542969
    ],
    [
      40.42879867553711,
      40.27444839477539,
      40.05183029174805,
      40.04853439331055,
      40.42684555053711,
      40.037532806396484,
      39.92690658569336,
      40.2175407409668,
      40.09608840942383,
      40.31757354736328,
      40.08665084838867,
      39.97603225708008,
      40.04802703857422,
      40.27189636230469,
      40.208194732666016,
      40.07963943481445,
      40.568946838378906,
      40.038124084472656,
      40.1451416015625,
      40.054603576660156,
      40.2492561340332,
      39.92572021484375,
      40.0512580871582,
      40.73710250854492,
      40.09910202026367,
      40.00481033325195,
      40.20578384399414,
      39.91564178466797,
      40.345176696777344,
      40.382568359375,
      40.57980728149414,
      40.48137664794922,
      40.089622497558594,
      40.57866668701172,
      40.32057189941406,
      40.54767990112305,
      40.43782043457031,
      40.36343765258789,
      40.40833282470703,
      40.01017379760742,
      40.12703323364258,
      40.148258209228516,
      40.025657653808594,
      40.047611236572266,
      40.22669982910156,
      40.128875732421875,
      40.44961166381836,
      40.11021423339844,
      40.224220275878906,
      40.177120208740234
    ],
    [
      40.33482360839844,
      40.19609451293945,
      39.987422943115234,
      39.98309326171875,
      40.227020263671875,
      40.10503005981445,
      39.81885528564453,
      40.09264373779297,
      39.82395553588867,
      40.52215576171875,
      39.58628463745117,
      40.27501678466797,
      40.056488037109375,
      40.20098876953125,
      39.98748779296875,
      39.89891815185547,
      40.51582717895508,
      40.150604248046875,
      40.66228485107422,
      40.54900360107422,
      40.35921096801758,
      40.86765670776367,
      40.35000228881836,
      40.23421096801758,
      40.49497985839844,
      40.171142578125,
      40.141578674316406,
      40.43553924560547,
      40.45335388183594,
      40.640499114990234,
      40.7850456237793,
      40.742923736572266,
      39.8916130065918,
      40.51543045043945,
      40.57416534423828,
      40.23111343383789,
      40.632999420166016,
      40.52396011352539,
      40.919677734375,
      40.577720642089844,
      40.2211799621582,
      40.08883285522461,
      40.2786750793457,
      40.42753219604492,
      39.605247497558594,
      40.415245056152344,
      39.93574905395508,
      40.51458740234375,
      39.61722183227539,
      40.23843765258789
    ],
    [
      39.674781799316406,
      39.376651763916016,
      40.24810791015625,
      40.199501037597656,
      39.92623519897461,
      39.947208404541016,
      40.01972961425781,
      40.51774597167969,
      39.73773956298828,
      40.60188293457031,
      40.574275970458984,
      40.19629669189453,
      39.49806594848633,
      40.607879638671875,
      39.975799560546875,
      40.64574432373047,
      40.79222106933594,
      39.23698806762695,
      40.28572082519531,
      40.43239212036133,
      41.13576126098633,
      39.924049377441406,
      40.762516021728516,
      40.02070999145508,
      40.09427261352539,
      40.34052658081055,
      40.87247085571289,
      40.02068328857422,
      40.01980972290039,
      40.43951416015625,
      39.6562385559082,
      40.29301834106445,
      39.82606506347656,
      40.51909637451172,
      40.68307876586914,
      41.01237869262695,
      40.446197509765625,
      40.047698974609375,
      41.242061614990234,
      39.96803283691406,
      40.514705657958984,
      40.04520034790039,
      40.08498764038086,
      40.6314697265625,
      39.16810989379883,
      40.03628158569336,
      40.132659912109375,
      40.59309768676758,
      39.38847732543945,
      40.593017578125
    ],
    [
      38.80758285522461,
      39.63984298706055,
      39.12797164916992,
      41.927513122558594,
      39.57786178588867,
      39.82147979736328,
      38.55374526977539,
      41.27427673339844,
      39.10429000854492,
      39.620540618896484,
      40.1822395324707,
      41.10337448120117,
      40.442691802978516,
      40.866424560546875,
      40.16128158569336,
      41.7668342590332,
      39.78264617919922,
      41.44171142578125,
      40.79759216308594,
      39.52733612060547,
      41.715171813964844,
      41.502628326416016,
      40.157630920410156,
      40.277366638183594,
      40.1435432434082,
      41.16499328613281,
      40.62805938720703,
      39.538604736328125,
      40.79153060913086,
      39.220298767089844,
      41.22908020019531,
      39.366127014160156,
      39.295597076416016,
      40.5202751159668,
      40.496002197265625,
      38.89350509643555,
      40.78300094604492,
      39.09074401855469,
      39.57011413574219,
      40.20201873779297,
      39.74837875366211,
      39.77451705932617,
      39.8077507019043,
      39.95639419555664,
      39.40752410888672,
      40.723899841308594,
      40.34312057495117,
      39.836673736572266,
      40.97920608520508,
      42.434234619140625
    ],
    [
      40.829586029052734,
      39.54846954345703,
      38.680301666259766,
      38.58258819580078,
      38.97877883911133,
      41.924957275390625,
      37.92680740356445,
      39.732086181640625,
      41.24859619140625,
      40.605289459228516,
      39.995975494384766,
      39.69881820678711,
      40.297359466552734,
      42.22209167480469,
      39.92953872680664,
      40.200828552246094,
      39.653751373291016,
      40.95294952392578,
      39.11928176879883,
      38.661495208740234,
      40.584415435791016,
      40.89640808105469,
      38.54541015625,
      40.16320037841797,
      40.290897369384766,
      37.36481475830078,
      40.74300765991211,
      40.55377197265625,
      38.31178665161133,
      39.371498107910156,
      40.663963317871094,
      38.79682159423828,
      39.96580505371094,
      38.38425827026367,
      41.58022689819336,
      42.992401123046875,
      38.920501708984375,
      38.698768615722656,
      40.91093444824219,
      41.2349853515625,
      40.10023498535156,
      42.80990219116211,
      38.46776580810547,
      39.3292350769043,
      39.04690933227539,
      40.12788391113281,
      40.786094665527344,
      40.81052780151367,
      40.807533264160156,
      41.3565559387207
    ],
    [
      40.23743438720703,
      39.57698440551758,
      43.930625915527344,
      41.79666519165039,
      39.39487075805664,
      38.905887603759766,
      37.25883102416992,
      39.9218864440918,
