{
  "sigma_values": [
    2.0,
    4.0,
    6.0,
    8.0,
    10.0,
    12.0,
    16.0
  ],
  "metric_name": "quality_vs_adc_bits_sigma0.050",
  "per_trial": [
    [
      48.22107696533203,
      47.57071304321289,
      48.24790954589844,
      46.20711135864258,
      47.58534622192383,
      46.50763702392578,
      46.31694793701172,
      46.860347747802734,
      46.33070755004883,
      46.691680908203125,
      45.905784606933594,
      45.23116683959961,
      47.90058135986328,
      45.544898986816406,
      46.93705749511719,
      45.27224349975586,
      44.84086608886719,
      45.70758819580078,
      45.10133743286133,
      46.26957702636719,
      46.36714553833008,
      46.918495178222656,
      46.830039978027344,
      44.16634750366211,
      47.60127258300781
    ],
    [
      46.413963317871094,
      44.71892547607422,
      47.92770767211914,
      46.99042510986328,
      47.065616607666016,
      44.13902282714844,
      47.34480285644531,
      46.943424224853516,
      47.65119934082031,
      45.83296585083008,
      46.87449264526367,
      46.64348220825195,
      46.24443435668945,
      45.57878112792969,
      47.516441345214844,
      45.04916000366211,
      47.36017990112305,
      45.954097747802734,
      43.99739456176758,
      46.85261535644531,
      47.22591018676758,
      45.69673538208008,
      44.9862060546875,
      48.72629165649414,
      47.11826705932617
    ],
    [
      46.69282150268555,
      48.03184509277344,
      46.61921691894531,
      47.72499465942383,
      45.279754638671875,
      44.77809524536133,
      45.20439147949219,
      46.53685760498047,
      44.68796920776367,
      45.71685791015625,
      45.83972930908203,
      44.60697937011719,
      45.76917266845703,
      48.165164947509766,
      46.26272201538086,
      46.54033660888672,
      46.1988525390625,
      46.615150451660156,
      45.344669342041016,
      47.50131607055664,
      45.72035217285156,
      46.8218994140625,
      44.90279006958008,
      46.02973175048828,
      46.378055572509766
    ],
    [
      46.50912094116211,
      45.879268646240234,
      47.871551513671875,
      46.83613204956055,
      45.682647705078125,
      45.114227294921875,
      46.809226989746094,
      47.222145080566406,
      45.95307922363281,
      46.90045928955078,
      46.75477600097656,
      45.58296203613281,
      46.57761764526367,
      46.10240173339844,
      47.98776626586914,
      47.64792251586914,
      46.96269607543945,
      46.489891052246094,
      46.33031463623047,
      44.35329818725586,
      48.02503204345703,
      45.49726867675781,
      46.021175384521484,
      45.45315170288086,
      46.1989860534668
    ],
    [
      48.55795669555664,
      45.084983825683594,
      47.7508544921875,
      46.58995056152344,
      47.06388854980469,
      46.063045501708984,
      45.604652404785156,
      46.06886291503906,
      46.62839889526367,
      44.812538146972656,
      47.829105377197266,
      45.43960189819336,
      45.60536193847656,
      46.38057327270508,
      45.55215835571289,
      48.07640075683594,
      45.535118103027344,
      46.346797943115234,
      47.28633117675781,
      46.553619384765625,
      46.894142150878906,
      46.48467254638672,
      46.74860763549805,
      47.198822021484375,
      46.2405891418457
    ],
    [
      46.97555923461914,
      46.237422943115234,
      47.23207092285156,
      46.97692108154297,
      45.68031311035156,
      47.149574279785156,
      46.759334564208984,
      46.850868225097656,
      45.20305633544922,
      47.3952751159668,
      46.75004959106445,
      47.55593490600586,
      47.92483901977539,
      46.4987678527832,
      44.85755920410156,
      47.91933059692383,
      46.6217041015625,
      47.57006072998047,
      48.3792610168457,
      47.61912536621094,
      47.399269104003906,
      48.585201263427734,
      46.46091842651367,
      48.13653564453125,
      46.74586486816406
    ],
    [
      47.083309173583984,
      48.235084533691406,
      47.827877044677734,
      48.647098541259766,
      45.90401077270508,
      48.63618850708008,
      47.361656188964844,
      45.687137603759766,
      46.82590103149414,
      45.26133346557617,
      46.39051818847656,
      44.334007263183594,
      46.669151306152344,
      46.886573791503906,
      45.509483337402344,
      47.872772216796875,
      49.847652435302734,
      47.08949279785156,
      45.12559509277344,
      46.22599792480469,
      46.608985900878906,
      46.41233825683594,
      47.99124526977539,
      47.230064392089844,
      46.63498306274414
    ]
  ],
  "digital_baseline": 46.59148040771484,
  "mean": [
    46.44535522460937,
    46.43410171508789,
    46.1587890625,
    46.43052474975586,
    46.49588134765625,
    47.01939270019531,
    46.89193832397461
  ],
  "std": [
    1.0481864719702803,
    1.1724355376863427,
    0.9867695368510165,
    0.8971805922658582,
    0.9296869008026527,
    0.8909034681833082,
    1.2313569224898826
  ],
  "normalized_mean": [
    0.9968636930651967,
    0.9966221572860585,
    0.9907130801290617,
    0.9965453843374265,
    0.9979481428960398,
    1.0091843463383408,
    1.0064487737592904
  ],
  "normalized_std": [
    0.022497384989653958,
    0.025164161503917468,
    0.021179184009950936,
    0.019256322924594144,
    0.019954010747611075,
    0.019121596059776376,
    0.026428800109257498
  ],
  "degradation_threshold_10pct": 16.0
}