{
  "sigma_values": [
    2.0,
    4.0,
    6.0,
    8.0,
    10.0,
    12.0,
    16.0
  ],
  "metric_name": "quality_vs_adc_bits_sigma0.050",
  "per_trial": [
    [
      46.51459884643555,
      45.45163345336914,
      46.68587112426758,
      47.927059173583984,
      45.92885208129883,
      45.78346252441406,
      46.169464111328125,
      47.37904357910156,
      47.1336555480957,
      46.48596954345703,
      45.64156723022461,
      45.79533767700195,
      47.87869644165039,
      47.24655532836914,
      47.62020492553711,
      46.13898468017578,
      46.479122161865234,
      46.84870910644531,
      46.78727722167969,
      46.67258834838867,
      45.303096771240234,
      44.520469665527344,
      47.8166618347168,
      45.8966178894043,
      47.68267822265625
    ],
    [
      45.42604064941406,
      46.762691497802734,
      46.96030807495117,
      45.6203727722168,
      47.34572982788086,
      44.45945739746094,
      44.59709548950195,
      45.944313049316406,
      44.60740661621094,
      47.76721954345703,
      46.96208572387695,
      44.59980010986328,
      46.10099792480469,
      47.71925354003906,
      44.8907585144043,
      44.9632453918457,
      45.510440826416016,
      46.84232711791992,
      47.91666030883789,
      46.72407913208008,
      45.69046401977539,
      45.347469329833984,
      46.51538848876953,
      46.24213409423828,
      47.90840148925781
    ],
    [
      47.607051849365234,
      46.504173278808594,
      45.61211395263672,
      46.54222106933594,
      48.29225158691406,
      47.70233917236328,
      49.02671432495117,
      46.506038665771484,
      45.16874694824219,
      46.77837371826172,
      45.855369567871094,
      46.5889778137207,
      48.821693420410156,
      46.28010940551758,
      45.15784454345703,
      45.74123001098633,
      46.871395111083984,
      43.913726806640625,
      47.14653015136719,
      47.568180084228516,
      46.11030578613281,
      45.548423767089844,
      46.269500732421875,
      47.19147872924805,
      46.25470733642578
    ],
    [
      46.43983459472656,
      46.49557113647461,
      44.64381408691406,
      46.058570861816406,
      46.737159729003906,
      45.84245681762695,
      47.961971282958984,
      46.990478515625,
      46.20315933227539,
      45.463619232177734,
      47.05425262451172,
      45.89743423461914,
      45.40134811401367,
      46.106590270996094,
      46.33974075317383,
      46.50625991821289,
      45.53074264526367,
      45.89731979370117,
      46.3839225769043,
      45.92279815673828,
      45.714111328125,
      45.65227508544922,
      46.54246139526367,
      45.090904235839844,
      44.19776153564453
    ],
    [
      45.37362289428711,
      48.024539947509766,
      45.52383041381836,
      44.96426010131836,
      48.87308883666992,
      45.370033264160156,
      45.008323669433594,
      45.97103500366211,
      47.055789947509766,
      47.20165252685547,
      45.66713333129883,
      47.179405212402344,
      46.594261169433594,
      44.50726318359375,
      46.704837799072266,
      46.58195495605469,
      46.685909271240234,
      47.931671142578125,
      47.05192947387695,
      45.0145149230957,
      45.15243911743164,
      46.636558532714844,
      47.623043060302734,
      46.11201095581055,
      45.08747100830078
    ],
    [
      46.54648971557617,
      44.617244720458984,
      46.07167434692383,
      45.583839416503906,
      46.11445617675781,
      45.6163215637207,
      46.86410903930664,
      47.76702117919922,
      46.392784118652344,
      46.31123352050781,
      45.052589416503906,
      46.413673400878906,
      45.19893264770508,
      47.64487838745117,
      46.890525817871094,
      45.50263595581055,
      47.06589126586914,
      48.75529098510742,
      46.79580307006836,
      46.96870422363281,
      47.776424407958984,
      46.716529846191406,
      46.34962844848633,
      46.10414123535156,
      45.69771194458008
    ],
    [
      46.16407775878906,
      47.05427169799805,
      46.03667449951172,
      46.14703369140625,
      45.83579635620117,
      47.74542236328125,
      44.623226165771484,
      49.57118225097656,
      46.070125579833984,
      45.48163986206055,
      45.551204681396484,
      45.82870864868164,
      45.749446868896484,
      48.6182975769043,
      45.00594711303711,
      46.69211959838867,
      46.557106018066406,
      44.546417236328125,
      47.44976043701172,
      46.850582122802734,
      46.324581146240234,
      45.441688537597656,
      46.78643798828125,
      44.997352600097656,
      46.662200927734375
    ]
  ],
  "digital_baseline": 46.59147262573242,
  "mean": [
    46.55152709960937,
    46.136965637207034,
    46.602379913330076,
    46.04298233032227,
    46.31586318969727,
    46.43274139404297,
    46.3116520690918
  ],
  "std": [
    0.8805892916633884,
    1.104875171148907,
    1.147505854452657,
    0.7689493454363409,
    1.118787057512684,
    0.9303187458109844,
    1.1501867474636092
  ],
  "normalized_mean": [
    0.9991426429801021,
    0.9902448460434718,
    1.0002341048046555,
    0.9882276677576569,
    0.9940845519468956,
    0.9965931269662899,
    0.9939941680124943
  ],
  "normalized_std": [
    0.018900224483933564,
    0.023714107086168505,
    0.024629096050913204,
    0.01650407901062245,
    0.024012700059941418,
    0.019967575467815763,
    0.02468663647322369
  ],
  "degradation_threshold_10pct": 16.0
}