{
  "sigma_values": [
    0.0,
    0.01,
    0.02,
    0.03,
    0.05,
    0.07,
    0.1,
    0.12,
    0.15
  ],
  "metric_name": "quality",
  "per_trial": [
    [
      38.45245361328125,
      38.45245361328125,
      38.45245361328125,
      38.45245361328125,
      38.45245361328125,
      38.45245361328125,
      38.45245361328125,
      38.45245361328125,
      38.45245361328125,
      38.45245361328125,
      38.45245361328125,
      38.45245361328125,
      38.45245361328125,
      38.45245361328125,
      38.45245361328125,
      38.45245361328125,
      38.45245361328125,
      38.45245361328125,
      38.45245361328125,
      38.45245361328125,
      38.45245361328125,
      38.45245361328125,
      38.45245361328125,
      38.45245361328125,
      38.45245361328125,
      38.45245361328125,
      38.45245361328125,
      38.45245361328125,
      38.45245361328125,
      38.45245361328125,
      38.45245361328125,
      38.45245361328125,
      38.45245361328125,
      38.45245361328125,
      38.45245361328125,
      38.45245361328125,
      38.45245361328125,
      38.45245361328125,
      38.45245361328125,
      38.45245361328125,
      38.45245361328125,
      38.45245361328125,
      38.45245361328125,
      38.45245361328125,
      38.45245361328125,
      38.45245361328125,
      38.45245361328125,
      38.45245361328125,
      38.45245361328125,
      38.45245361328125
    ],
    [
      39.0221061706543,
      38.85715866088867,
      38.7131462097168,
      39.097312927246094,
      39.08163833618164,
      38.90040588378906,
      39.32661437988281,
      40.581573486328125,
      39.34453201293945,
      38.30962371826172,
      38.8364372253418,
      38.67551803588867,
      38.608924865722656,
      38.20409393310547,
      37.869693756103516,
      38.55083465576172,
      38.999149322509766,
      39.20429229736328,
      39.486263275146484,
      38.24695587158203,
      37.70803451538086,
      37.64641571044922,
      38.182952880859375,
      38.87307357788086,
      38.642333984375,
      38.00992202758789,
      38.724334716796875,
      38.919769287109375,
      38.47559356689453,
      37.87478256225586,
      38.860233306884766,
      39.16554641723633,
      38.45953369140625,
      38.47590637207031,
      38.83722686767578,
      39.04280090332031,
      38.1758918762207,
      38.8498420715332,
      38.19645309448242,
      39.30331802368164,
      38.46144485473633,
      39.32390213012695,
      38.32801818847656,
      38.122074127197266,
      38.64016342163086,
      38.19886016845703,
      39.10403823852539,
      37.46556854248047,
      37.62717819213867,
      37.701080322265625
    ],
    [
      39.62733840942383,
      38.893314361572266,
      38.52922821044922,
      38.28876876831055,
      38.82451248168945,
      39.04422378540039,
      37.757076263427734,
      40.06611251831055,
      39.66759490966797,
      39.61696243286133,
      37.741455078125,
      37.30288314819336,
      38.69975280761719,
      38.9539680480957,
      36.89378356933594,
      39.83625030517578,
      35.98178482055664,
      37.088417053222656,
      38.777103424072266,
      38.70428466796875,
      37.739654541015625,
      37.54343032836914,
      37.90784454345703,
      39.522457122802734,
      37.80318069458008,
      40.03587341308594,
      36.17472839355469,
      40.263431549072266,
      37.18596267700195,
      39.4300422668457,
      37.59553909301758,
      38.522926330566406,
      39.688873291015625,
      37.20475769042969,
      38.262393951416016,
      40.33051300048828,
      38.03209686279297,
      37.46466064453125,
      36.267398834228516,
      39.8310546875,
      38.40715408325195,
      40.804439544677734,
      36.60765838623047,
      39.414546966552734,
      38.680198669433594,
      38.93096923828125,
      39.85679244995117,
      39.17366409301758,
      39.15214920043945,
      37.763675689697266
    ],
    [
      37.55887985229492,
      38.04907989501953,
      37.64695358276367,
      35.44676971435547,
      39.257572174072266,
      38.816009521484375,
      37.68444061279297,
      37.65874099731445,
      39.122047424316406,
      39.24973678588867,
      35.800018310546875,
      40.002784729003906,
      38.599002838134766,
      39.17702865600586,
      39.52872848510742,
      37.918643951416016,
      38.01993179321289,
      38.148895263671875,
      36.84038162231445,
      36.26414108276367,
      34.90616989135742,
      43.87052536010742,
      38.546112060546875,
      40.360267639160156,
      40.69723129272461,
      37.971885681152344,
      38.81560516357422,
      36.09029769897461,
      36.41160583496094,
      34.33710479736328,
      36.516082763671875,
      38.088802337646484,
      40.14399719238281,
      40.887413024902344,
      39.72569274902344,
      34.59378433227539,
      40.368682861328125,
      39.432743072509766,
      35.38429641723633,
      38.994102478027344,
      38.57146072387695,
      36.92790985107422,
      36.438751220703125,
      38.66009521484375,
      36.641197204589844,
      39.954376220703125,
      38.29666519165039,
      39.4858283996582,
      38.40354919433594,
      36.64174270629883
    ],
    [
      32.04283905029297,
      39.77474594116211,
      38.869564056396484,
      37.91145324707031,
      37.35451126098633,
      34.162628173828125,
      43.95512390136719,
      43.36152648925781,
      40.80595397949219,
      42.783084869384766,
      39.72720718383789,
      36.02322769165039,
      39.61509704589844,
      39.743988037109375,
      40.767791748046875,
      36.83827209472656,
      41.01709747314453,
      35.060081481933594,
      38.41350555419922,
      36.129112243652344,
      38.61826705932617,
      34.979469299316406,
      35.62586212158203,
      33.7603759765625,
      40.49263381958008,
      38.02982711791992,
      40.063720703125,
      38.05295181274414,
      38.21620178222656,
      39.47353744506836,
      41.39731216430664,
      36.289791107177734,
      37.4360237121582,
      42.403079986572266,
      38.579620361328125,
      39.20450210571289,
      39.11384582519531,
      42.63674545288086,
      35.1671257019043,
      35.08877182006836,
      46.35747146606445,
      41.01603698730469,
      39.43747329711914,
      40.978919982910156,
      37.96660232543945,
      39.697792053222656,
      38.65913772583008,
      36.43153381347656,
      41.02354049682617,
      37.89127731323242
    ],
    [
      35.9373779296875,
      34.293800354003906,
      39.48344421386719,
      40.0640754699707,
      34.455074310302734,
      41.290122985839844,
      32.6372184753418,
      43.58009338378906,
      26.977008819580078,
      29.406997680664062,
      36.77253723144531,
      37.61183166503906,
      37.35256576538086,
      34.66674041748047,
      41.34037399291992,
      33.559104919433594,
      40.9078483581543,
      38.94260787963867,
      45.43537902832031,
      46.90459442138672,
      34.45695114135742,
      40.53480911254883,
      41.45307159423828,
      36.30614471435547,
      39.953460693359375,
      36.572532653808594,
      40.044071197509766,
      37.20344161987305,
      44.32753372192383,
      40.288330078125,
      42.45024490356445,
      39.60689163208008,
      42.70671463012695,
      34.56764221191406,
      35.52632522583008,
      36.99400329589844,
      31.593936920166016,
      34.37936019897461,
      38.03433609008789,
      40.91761779785156,
      39.84444808959961,
      32.87096405029297,
      30.951091766357422,
      37.22306823730469,
      46.48361587524414,
      47.02329635620117,
      42.68983840942383,
      33.910823822021484,
      39.82996368408203,
      39.40929412841797
    ],
    [
      43.03753662109375,
      45.466148376464844,
      47.12443161010742,
      44.710060119628906,
      43.81929397583008,
      46.51469039916992,
      44.80375289916992,
      37.667335510253906,
