{
  "sigma_values": [
    0.0,
    0.01,
    0.02,
    0.03,
    0.05,
    0.07,
    0.1,
    0.12,
    0.15
  ],
  "metric_name": "quality_mismatch_only",
  "per_trial": [
    [
      44.448753356933594,
      44.448760986328125,
      44.44874954223633,
      44.448753356933594,
      44.448753356933594,
      44.448753356933594,
      44.44874572753906,
      44.44874572753906,
      44.44874572753906,
      44.44874572753906
    ],
    [
      43.24280548095703,
      45.021305084228516,
      44.454071044921875,
      44.35194396972656,
      45.267494201660156,
      44.54408645629883,
      44.670406341552734,
      44.54432678222656,
      44.462799072265625,
      44.33603286743164
    ],
    [
      43.713233947753906,
      44.684112548828125,
      46.329612731933594,
      46.3648567199707,
      45.84015655517578,
      45.99083709716797,
      42.724143981933594,
      45.905113220214844,
      43.635623931884766,
      44.78567123413086
    ],
    [
      43.183631896972656,
      46.2896728515625,
      44.538204193115234,
      41.9684944152832,
      43.40779113769531,
      48.23775863647461,
      43.72949981689453,
      44.49943923950195,
      42.42873764038086,
      44.9883918762207
    ],
    [
      46.940643310546875,
      42.81316375732422,
      54.36269760131836,
      45.94221496582031,
      42.43826675415039,
      44.55217742919922,
      42.76435470581055,
      41.100650787353516,
      51.53156661987305,
      43.99151611328125
    ],
    [
      39.941307067871094,
      42.23143005371094,
      43.14982223510742,
      47.615020751953125,
      51.8553352355957,
      38.39935302734375,
      47.563968658447266,
      44.19672775268555,
      41.13641357421875,
      47.06444549560547
    ],
    [
      30.07809829711914,
      46.70556640625,
      41.4124870300293,
      47.44129943847656,
      42.41156005859375,
      44.77552795410156,
      41.01750564575195,
      51.89847183227539,
      45.0457763671875,
      47.501617431640625
    ],
    [
      34.09624481201172,
      36.77406311035156,
      56.281002044677734,
      36.447349548339844,
      49.200767517089844,
      60.395687103271484,
      39.71786117553711,
      34.95718002319336,
      35.6669921875,
      40.9703369140625
    ],
    [
      27.6771240234375,
      61.08694076538086,
      40.10013961791992,
      44.22742462158203,
      48.44477462768555,
      54.36568832397461,
      47.145565032958984,
      55.078407287597656,
      38.13331604003906,
      52.10732650756836
    ]
  ],
  "digital_baseline": 44.44874992370605,
  "mean": [
    44.44875068664551,
    44.48952713012695,
    44.99733619689941,
    44.327162170410155,
    45.64372520446777,
    44.315382385253905,
    43.82879104614258,
    42.450748443603516,
    46.83667068481445
  ],
  "std": [
    4.840308204822358e-06,
    0.5025428913234359,
    1.223928727555277,
    1.7701155297868851,
    4.04471089126216,
    3.9471814089088495,
    5.542064276970053,
    8.993086172114346,
    9.236716836608089
  ],
  "normalized_mean": [
    1.000000017164475,
    1.0009173982730872,
    1.0123419955372193,
    0.9972645405437813,
    1.0268843394429052,
    0.9969995210510741,
    0.9860522764166011,
    0.955049321217537,
    1.0537230128002957
  ],
  "normalized_std": [
    1.0889638545809484e-07,
    0.011306119793830522,
    0.027535728893525385,
    0.039823741563602924,
    0.09099717985780689,
    0.08880297906429269,
    0.12468436764774522,
    0.20232483900110815,
    0.20780599797435087
  ],
  "degradation_threshold_10pct": 0.15
}