{
  "sigma_values": [
    2.0,
    4.0,
    6.0,
    8.0,
    10.0,
    12.0,
    16.0
  ],
  "metric_name": "quality_vs_adc_bits_sigma0.050",
  "per_trial": [
    [
      40.02963638305664,
      42.10798263549805,
      40.13371658325195,
      40.805335998535156,
      39.28021240234375,
      40.12948226928711,
      41.24128341674805,
      41.14341735839844,
      39.66365051269531,
      41.2633056640625,
      40.13339614868164,
      40.5319709777832,
      40.746925354003906,
      40.063899993896484,
      40.032508850097656,
      40.860321044921875,
      39.305877685546875,
      39.473934173583984,
      39.790794372558594,
      38.69757080078125,
      40.20252227783203,
      39.843894958496094,
      39.60376739501953,
      39.71102523803711,
      41.30423355102539
    ],
    [
      40.27419662475586,
      39.13362121582031,
      40.312774658203125,
      39.9987678527832,
      39.95510482788086,
      39.48409652709961,
      41.07783889770508,
      41.49492645263672,
      40.1324348449707,
      40.710105895996094,
      39.15182113647461,
      38.959922790527344,
      41.8670539855957,
      40.36222839355469,
      40.9207878112793,
      40.04044723510742,
      40.06623077392578,
      39.70161056518555,
      39.93210220336914,
      39.532081604003906,
      40.28496170043945,
      39.401145935058594,
      41.37123489379883,
      40.71986389160156,
      39.35325622558594
    ],
    [
      40.31095504760742,
      40.630165100097656,
      42.566200256347656,
      39.35444641113281,
      38.47105026245117,
      39.84707260131836,
      40.77330017089844,
      41.4457893371582,
      39.52714538574219,
      40.384559631347656,
      40.62388610839844,
      38.52534484863281,
      39.3022346496582,
      39.58797073364258,
      39.93928146362305,
      40.767208099365234,
      39.66438293457031,
      40.051025390625,
      40.28831481933594,
      38.83911895751953,
      40.5523681640625,
      39.9083137512207,
      39.05693817138672,
      40.863197326660156,
      39.607154846191406
    ],
    [
      41.05786895751953,
      39.66361618041992,
      39.52560806274414,
      39.23506546020508,
      39.002567291259766,
      39.54027557373047,
      41.098331451416016,
      39.397315979003906,
      40.623714447021484,
      40.66436004638672,
      39.04752731323242,
      38.504638671875,
      40.715965270996094,
      41.37361526489258,
      39.12230682373047,
      40.0969123840332,
      40.75857925415039,
      40.85702896118164,
      40.230323791503906,
      40.43023681640625,
      40.32278060913086,
      39.190956115722656,
      39.444461822509766,
      39.14133834838867,
      40.8702507019043
    ],
    [
      41.17664337158203,
      42.2260627746582,
      40.76924514770508,
      42.23374557495117,
      40.01195526123047,
      39.031166076660156,
      40.990821838378906,
      39.95440673828125,
      40.12113952636719,
      39.416236877441406,
      40.98362731933594,
      39.885704040527344,
      39.36607360839844,
      41.155357360839844,
      39.10360336303711,
      39.808563232421875,
      39.92392349243164,
      40.06874465942383,
      41.087127685546875,
      39.87642288208008,
      40.136051177978516,
      40.58608627319336,
      41.000526428222656,
      41.70175552368164,
      38.566917419433594
    ],
    [
      40.36921310424805,
      40.70379638671875,
      40.225345611572266,
      38.493289947509766,
      41.7886848449707,
      41.03065872192383,
      40.10767364501953,
      40.21477508544922,
      40.726524353027344,
      38.083675384521484,
      41.17669677734375,
      40.18193817138672,
      40.079444885253906,
      40.8385009765625,
      40.87769317626953,
      40.77239990234375,
      39.67879104614258,
      38.916236877441406,
      40.5877799987793,
      41.3067512512207,
      38.5125732421875,
      37.63296890258789,
      39.70769500732422,
      40.98829650878906,
      40.02089309692383
    ],
    [
      41.435489654541016,
      40.91468811035156,
      39.2466926574707,
      39.1027717590332,
      41.51766586303711,
      40.52989196777344,
      39.9493293762207,
      39.86104965209961,
      39.05558395385742,
      39.5507926940918,
      40.644569396972656,
      39.92341613769531,
      38.77728271484375,
      39.5555534362793,
      38.945274353027344,
      40.10982894897461,
      39.87216567993164,
      40.54692077636719,
      40.116912841796875,
      39.780242919921875,
      41.05483627319336,
      40.208282470703125,
      39.90354919433594,
      38.29111099243164,
      39.11088562011719
    ]
  ],
  "digital_baseline": 40.22233581542969,
  "mean": [
    40.2440266418457,
    40.16954467773437,
    40.03549697875977,
    39.99662582397461,
    40.36727630615234,
    40.1208918762207,
    39.92019149780273
  ],
  "std": [
    0.7700348896704371,
    0.7545283126472401,
    0.9021394236175332,
    0.8020190894417739,
    0.9360515354236039,
    1.0355575716170824,
    0.807520861396739
  ],
  "normalized_mean": [
    1.0005392731669176,
    0.9986875168578583,
    0.9953548486709654,
    0.9943884414746373,
    1.003603482686529,
    0.9974779202362964,
    0.9924881459144138
  ],
  "normalized_std": [
    0.019144459764940953,
    0.01875893822053456,
    0.02242881735554163,
    0.019939644806359343,
    0.023271933776270775,
    0.025745833766815506,
    0.020076428805682785
  ],
  "degradation_threshold_10pct": 16.0
}