{
  "sigma_values": [
    0.0,
    0.01,
    0.02,
    0.03,
    0.05,
    0.07,
    0.1,
    0.12,
    0.15
  ],
  "metric_name": "quality",
  "per_trial": [
    [
      -1.908018708229065,
      -1.908018708229065,
      -1.908018708229065,
      -1.908018708229065,
      -1.908018708229065,
      -1.908018708229065,
      -1.908018708229065,
      -1.908018708229065,
      -1.908018708229065,
      -1.908018708229065,
      -1.908018708229065,
      -1.908018708229065,
      -1.908018708229065,
      -1.908018708229065,
      -1.908018708229065,
      -1.908018708229065,
      -1.908018708229065,
      -1.908018708229065,
      -1.908018708229065,
      -1.908018708229065,
      -1.908018708229065,
      -1.908018708229065,
      -1.908018708229065,
      -1.908018708229065,
      -1.908018708229065,
      -1.908018708229065,
      -1.908018708229065,
      -1.908018708229065,
      -1.908018708229065,
      -1.908018708229065,
      -1.908018708229065,
      -1.908018708229065,
      -1.908018708229065,
      -1.908018708229065,
      -1.908018708229065,
      -1.908018708229065,
      -1.908018708229065,
      -1.908018708229065,
      -1.908018708229065,
      -1.908018708229065,
      -1.908018708229065,
      -1.908018708229065,
      -1.908018708229065,
      -1.908018708229065,
      -1.908018708229065,
      -1.908018708229065,
      -1.908018708229065,
      -1.908018708229065,
      -1.908018708229065,
      -1.908018708229065
    ],
    [
      -1.9082179069519043,
      -1.908223271369934,
      -1.9078989028930664,
      -1.9075959920883179,
      -1.9075374603271484,
      -1.9075373411178589,
      -1.9073662757873535,
      -1.9083201885223389,
      -1.9079663753509521,
      -1.907720923423767,
      -1.9080209732055664,
      -1.9078909158706665,
      -1.9086525440216064,
      -1.9077301025390625,
      -1.9074053764343262,
      -1.9078888893127441,
      -1.9087555408477783,
      -1.9075771570205688,
      -1.9076770544052124,
      -1.9083515405654907,
      -1.90806245803833,
      -1.907928466796875,
      -1.908810019493103,
      -1.9080190658569336,
      -1.9084982872009277,
      -1.9077026844024658,
      -1.9074264764785767,
      -1.9080594778060913,
      -1.908097743988037,
      -1.9081876277923584,
      -1.9086138010025024,
      -1.9077340364456177,
      -1.9083502292633057,
      -1.9080604314804077,
      -1.908095121383667,
      -1.9080945253372192,
      -1.9082673788070679,
      -1.9078688621520996,
      -1.9080723524093628,
      -1.9080889225006104,
      -1.907857060432434,
      -1.9078365564346313,
      -1.90824556350708,
      -1.9079622030258179,
      -1.9081695079803467,
      -1.907945990562439,
      -1.9081385135650635,
      -1.907785177230835,
      -1.9083396196365356,
      -1.9077850580215454
    ],
    [
      -1.9077383279800415,
      -1.9069682359695435,
      -1.906691312789917,
      -1.9080655574798584,
      -1.9081629514694214,
      -1.9083476066589355,
      -1.909740924835205,
      -1.9074015617370605,
      -1.9070359468460083,
      -1.9081391096115112,
      -1.907570481300354,
      -1.9089277982711792,
      -1.9077847003936768,
      -1.9079755544662476,
      -1.907501459121704,
      -1.908237099647522,
      -1.9088056087493896,
      -1.907818078994751,
      -1.9081982374191284,
      -1.9086859226226807,
      -1.9083974361419678,
      -1.907594919204712,
      -1.906568169593811,
      -1.909029245376587,
      -1.9080625772476196,
      -1.9078327417373657,
      -1.9079086780548096,
      -1.9072035551071167,
      -1.9085814952850342,
      -1.9077097177505493,
      -1.9084938764572144,
      -1.9078069925308228,
      -1.907656192779541,
      -1.9080684185028076,
      -1.9076462984085083,
      -1.907851219177246,
      -1.9078997373580933,
      -1.9079170227050781,
      -1.9080090522766113,
      -1.908297061920166,
      -1.907347321510315,
      -1.9078234434127808,
      -1.9085570573806763,
      -1.90841805934906,
      -1.9065834283828735,
      -1.9082069396972656,
      -1.9079421758651733,
      -1.9071992635726929,
      -1.908935785293579,
      -1.9088691473007202
    ],
    [
      -1.9066877365112305,
      -1.9091724157333374,
      -1.9089410305023193,
      -1.9093828201293945,
      -1.9073129892349243,
      -1.9093611240386963,
      -1.9092401266098022,
      -1.9070090055465698,
      -1.90860116481781,
      -1.9068878889083862,
      -1.9093546867370605,
      -1.909315824508667,
      -1.9077415466308594,
      -1.9066333770751953,
      -1.9077566862106323,
      -1.908874750137329,
      -1.9084678888320923,
      -1.9076313972473145,
      -1.9085899591445923,
      -1.9066084623336792,
      -1.9086121320724487,
      -1.907362937927246,
      -1.9079490900039673,
      -1.9083666801452637,
      -1.9075355529785156,
      -1.908503532409668,
      -1.9095393419265747,
      -1.9085739850997925,
      -1.9062787294387817,
      -1.9078389406204224,
      -1.907380223274231,
      -1.909226655960083,
      -1.9082472324371338,
      -1.9078435897827148,
      -1.907554268836975,
      -1.908154010772705,
      -1.9072651863098145,
      -1.9075098037719727,
      -1.9084416627883911,
      -1.9077777862548828,
      -1.9083186388015747,
      -1.90753173828125,
      -1.9090827703475952,
      -1.9103641510009766,
      -1.9077234268188477,
      -1.9081881046295166,
      -1.9087942838668823,
      -1.9084023237228394,
      -1.9076961278915405,
      -1.9099229574203491
    ],
    [
      -1.9105437994003296,
      -1.9077485799789429,
      -1.907510757446289,
      -1.9092968702316284,
      -1.9087215662002563,
      -1.9063853025436401,
      -1.908565878868103,
      -1.9098199605941772,
      -1.9084328413009644,
      -1.9050195217132568,
      -1.9067766666412354,
      -1.9081555604934692,
      -1.905956506729126,
      -1.904651165008545,
      -1.9096599817276,
      -1.9101831912994385,
      -1.9084466695785522,
      -1.9079831838607788,
      -1.9078682661056519,
      -1.9096882343292236,
      -1.9067212343215942,
      -1.9079585075378418,
      -1.9099221229553223,
      -1.907560110092163,
      -1.9061392545700073,
      -1.90762460231781,
      -1.9079318046569824,
      -1.9066288471221924,
      -1.9098331928253174,
      -1.9072107076644897,
      -1.9063754081726074,
      -1.9075934886932373,
      -1.910271167755127,
      -1.9087319374084473,
      -1.9106101989746094,
      -1.9082378149032593,
      -1.9078967571258545,
      -1.9086439609527588,
      -1.9078441858291626,
      -1.9088623523712158,
      -1.9110798835754395,
      -1.9081264734268188,
      -1.90615975856781,
      -1.9080837965011597,
      -1.9077202081680298,
      -1.9087870121002197,
      -1.907472848892212,
      -1.9106194972991943,
      -1.9075336456298828,
      -1.905318260192871
    ],
    [
      -1.9102625846862793,
      -1.9118709564208984,
      -1.907601237297058,
      -1.908631443977356,
      -1.9082114696502686,
      -1.9096593856811523,
      -1.906040072441101,
      -1.9082703590393066,
      -1.9073387384414673,
      -1.9034008979797363,
      -1.9096052646636963,
      -1.9064700603485107,
      -1.9104975461959839,
      -1.90971040725708,
      -1.9076642990112305,
      -1.9072761535644531,
      -1.907350778579712,
      -1.910376787185669,
      -1.9101481437683105,
      -1.9069905281066895,
      -1.9053773880004883,
      -1.9077445268630981,
      -1.907476782798767,
      -1.9087477922439575,
      -1.9091461896896362,
      -1.9054776430130005,
      -1.9062206745147705,
      -1.908522605895996,
      -1.9054373502731323,
      -1.9122480154037476,
      -1.9064310789108276,
      -1.9128937721252441,
      -1.9068732261657715,
      -1.9089347124099731,
      -1.907962441444397,
      -1.9103296995162964,
      -1.9078816175460815,
      -1.9102108478546143,
      -1.9060626029968262,
      -1.9078559875488281,
      -1.9046317338943481,
      -1.906044602394104,
