{
  "sigma_values": [
    2.0,
    4.0,
    6.0,
    8.0,
    10.0,
    12.0,
    16.0
  ],
  "metric_name": "quality_vs_adc_bits_sigma0.050",
  "per_trial": [
    [
      36.90876007080078,
      38.233665466308594,
      39.38515853881836,
      36.76983642578125,
      35.45619201660156,
      39.490177154541016,
      39.5017204284668,
      36.56874465942383,
      38.330230712890625,
      37.061893463134766,
      41.7061653137207,
      35.9844970703125,
      41.397071838378906,
      39.330631256103516,
      40.12905502319336,
      38.65056610107422,
      35.51608657836914,
      38.79567337036133,
      36.630271911621094,
      40.720550537109375,
      32.55646896362305,
      33.65336990356445,
      35.850608825683594,
      33.69556427001953,
      40.097782135009766
    ],
    [
      37.399478912353516,
      40.11957931518555,
      42.814979553222656,
      36.44308090209961,
      36.6065559387207,
      38.56974411010742,
      38.43564224243164,
      37.50614929199219,
      40.0601806640625,
      36.892635345458984,
      44.98484802246094,
      47.00834655761719,
      42.40973663330078,
      44.3066520690918,
      37.083675384521484,
      36.92146682739258,
      43.85704803466797,
      35.42026901245117,
      36.44492721557617,
      38.04218292236328,
      36.62683868408203,
      36.480098724365234,
      39.95429992675781,
      40.77629852294922,
      38.23452377319336
    ],
    [
      41.60433578491211,
      39.344085693359375,
      37.88031768798828,
      40.38507080078125,
      40.9077033996582,
      34.34339141845703,
      36.95326232910156,
      38.822669982910156,
      37.20177459716797,
      37.27750778198242,
      33.92618179321289,
      38.652408599853516,
      37.30629348754883,
      36.90110778808594,
      39.121681213378906,
      36.44392776489258,
      37.71771240234375,
      42.36104965209961,
      35.41701126098633,
      34.99671936035156,
      42.609397888183594,
      38.994930267333984,
      36.04091262817383,
      39.72963333129883,
      40.2022705078125
    ],
    [
      34.48701095581055,
      39.78135299682617,
      34.08671188354492,
      37.67328643798828,
      33.16575241088867,
      36.1700439453125,
      37.35422897338867,
      38.659812927246094,
      36.500789642333984,
      37.105979919433594,
      34.456172943115234,
      38.00783157348633,
      36.3483772277832,
      34.97198486328125,
      37.890254974365234,
      35.49855041503906,
      34.280242919921875,
      44.379722595214844,
      36.084354400634766,
      42.08233642578125,
      37.692298889160156,
      34.70163345336914,
      39.82490158081055,
      36.414039611816406,
      44.35569763183594
    ],
    [
      39.61939239501953,
      37.46269226074219,
      37.330177307128906,
      41.14786911010742,
      34.03422927856445,
      43.253108978271484,
      42.605712890625,
      36.69940185546875,
      40.23289489746094,
      36.4079475402832,
      39.438236236572266,
      37.77110290527344,
      42.251060485839844,
      33.52753448486328,
      40.032711029052734,
      38.16608428955078,
      44.9183349609375,
      41.350093841552734,
      38.407127380371094,
      38.27635192871094,
      36.80012893676758,
      31.158845901489258,
      44.33308029174805,
      37.23529815673828,
      39.687679290771484
    ],
    [
      38.40852355957031,
      34.71852111816406,
      36.74186706542969,
      35.372554779052734,
      35.2923469543457,
      40.60022735595703,
      37.58860778808594,
      41.39384460449219,
      36.74236297607422,
      39.57503128051758,
      37.18961715698242,
      38.82249450683594,
      41.00190353393555,
      42.69289016723633,
      39.858943939208984,
      34.31706237792969,
      39.474788665771484,
      39.35138702392578,
      37.07718276977539,
      43.03253173828125,
      37.72675323486328,
      36.44942092895508,
      35.71584701538086,
      36.587337493896484,
      32.786190032958984
    ],
    [
      42.796180725097656,
      39.54201889038086,
      39.1049690246582,
      36.121246337890625,
      40.754364013671875,
      36.218257904052734,
      39.97795104980469,
      41.12823486328125,
      36.146453857421875,
      40.10420608520508,
      41.02299499511719,
      33.563106536865234,
      35.42624282836914,
      34.36504364013672,
      34.525352478027344,
      37.563594818115234,
      39.42885208129883,
      41.950462341308594,
      35.676025390625,
      34.997135162353516,
      33.17390823364258,
      39.58650207519531,
      40.07789993286133,
      34.47270965576172,
      34.57940673828125
    ]
  ],
  "digital_baseline": 38.4524543762207,
  "mean": [
    37.69682968139649,
    39.33596954345703,
    38.205654296875,
    37.27893478393555,
    38.88588386535645,
    37.94072952270508,
    37.69212478637695
  ],
  "std": [
    2.404853761783464,
    3.126213371004051,
    2.3263403206361675,
    2.90768785867491,
    3.242602116449422,
    2.5738564532966874,
    2.8798882794978873
  ],
  "normalized_mean": [
    0.9803491166667505,
    1.0229768211566412,
    0.9935816820187601,
    0.9694812825001136,
    1.0112718289681863,
    0.9866920106449153,
    0.9802267604974017
  ],
  "normalized_std": [
    0.06254096912135326,
    0.08130074976273363,
    0.06049913739901073,
    0.07561774419458246,
    0.08432757203801983,
    0.06693607716464467,
    0.07489478438283598
  ],
  "degradation_threshold_10pct": 16.0
}