{
  "sigma_values": [
    0.0,
    0.01,
    0.02,
    0.03,
    0.05,
    0.07,
    0.1,
    0.12,
    0.15
  ],
  "metric_name": "quality_thermal_only",
  "per_trial": [
    [
      44.078094482421875,
      44.078094482421875,
      44.078094482421875,
      44.078094482421875,
      44.078094482421875,
      44.078094482421875,
      44.078094482421875,
      44.078094482421875,
      44.078094482421875,
      44.078094482421875,
      44.078094482421875,
      44.078094482421875,
      44.078094482421875,
      44.078094482421875,
      44.078094482421875,
      44.078094482421875,
      44.078094482421875,
      44.078094482421875,
      44.078094482421875,
      44.078094482421875
    ],
    [
      44.078094482421875,
      44.078094482421875,
      44.078094482421875,
      44.078094482421875,
      44.078094482421875,
      44.078094482421875,
      44.078094482421875,
      44.078094482421875,
      44.078094482421875,
      44.078094482421875,
      44.078094482421875,
      44.078094482421875,
      44.078094482421875,
      44.078094482421875,
      44.078094482421875,
      44.078094482421875,
      44.078094482421875,
      44.078094482421875,
      44.078094482421875,
      44.078094482421875
    ],
    [
      44.078094482421875,
      44.078094482421875,
      44.078094482421875,
      44.078094482421875,
      44.078094482421875,
      44.078094482421875,
      44.078094482421875,
      44.078094482421875,
      44.078094482421875,
      44.078094482421875,
      44.078094482421875,
      44.078094482421875,
      44.078094482421875,
      44.078094482421875,
      44.078094482421875,
      44.078094482421875,
      44.078094482421875,
      44.078094482421875,
      44.078094482421875,
      44.078094482421875
    ],
    [
      44.078094482421875,
      44.078094482421875,
      44.078094482421875,
      44.078094482421875,
      44.078094482421875,
      44.078094482421875,
      44.078094482421875,
      44.078094482421875,
      44.078094482421875,
      44.078094482421875,
      44.078094482421875,
      44.078094482421875,
      44.078094482421875,
      44.078094482421875,
      44.078094482421875,
      44.078094482421875,
      44.078094482421875,
      44.078094482421875,
      44.078094482421875,
      44.078094482421875
    ],
    [
      44.078094482421875,
      44.078094482421875,
      44.078094482421875,
      44.078094482421875,
      44.078094482421875,
      44.078094482421875,
      44.078094482421875,
      44.078094482421875,
      44.078094482421875,
      44.078094482421875,
      44.078094482421875,
      44.078094482421875,
      44.078094482421875,
      44.078094482421875,
      44.078094482421875,
      44.078094482421875,
      44.078094482421875,
      44.078094482421875,
      44.078094482421875,
      44.078094482421875
    ],
    [
      44.078094482421875,
      44.078094482421875,
      44.078094482421875,
      44.078094482421875,
      44.078094482421875,
      44.078094482421875,
      44.078094482421875,
      44.078094482421875,
      44.078094482421875,
      44.078094482421875,
      44.078094482421875,
      44.078094482421875,
      44.078094482421875,
      44.078094482421875,
      44.078094482421875,
      44.078094482421875,
      44.078094482421875,
      44.078094482421875,
      44.078094482421875,
      44.078094482421875
    ],
    [
      44.078094482421875,
      44.078094482421875,
      44.078094482421875,
      44.078094482421875,
      44.078094482421875,
      44.078094482421875,
      44.078094482421875,
      44.078094482421875,
      44.078094482421875,
      44.078094482421875,
      44.078094482421875,
      44.078094482421875,
      44.078094482421875,
      44.078094482421875,
      44.078094482421875,
      44.078094482421875,
      44.078094482421875,
      44.078094482421875,
      44.078094482421875,
      44.078094482421875
    ],
    [
      44.078094482421875,
      44.078094482421875,
      44.078094482421875,
      44.078094482421875,
      44.078094482421875,
      44.078094482421875,
      44.078094482421875,
      44.078094482421875,
      44.078094482421875,
      44.078094482421875,
      44.078094482421875,
      44.078094482421875,
      44.078094482421875,
      44.078094482421875,
      44.078094482421875,
      44.078094482421875,
      44.078094482421875,
      44.078094482421875,
      44.078094482421875,
      44.078094482421875
    ],
    [
      44.078094482421875,
      44.078094482421875,
      44.078094482421875,
      44.078094482421875,
      44.078094482421875,
      44.078094482421875,
      44.078094482421875,
      44.078094482421875,
      44.078094482421875,
      44.078094482421875,
      44.078094482421875,
      44.078094482421875,
      44.078094482421875,
      44.078094482421875,
      44.078094482421875,
      44.078094482421875,
      44.078094482421875,
      44.078094482421875,
      44.078094482421875,
      44.078094482421875
    ]
  ],
  "digital_baseline": 44.28895950317383,
  "ideal_analog_baseline": 44.078094482421875,
  "mean": [
    44.078094482421875,
    44.078094482421875,
    44.078094482421875,
    44.078094482421875,
    44.078094482421875,
    44.078094482421875,
    44.078094482421875,
    44.078094482421875,
    44.078094482421875
  ],
  "std": [
    0.0,
    0.0,
    0.0,
    0.0,
    0.0,
    0.0,
    0.0,
    0.0,
    0.0
  ],
  "normalized_mean": [
    0.9952388806800295,
    0.9952388806800295,
    0.9952388806800295,
    0.9952388806800295,
    0.9952388806800295,
    0.9952388806800295,
    0.9952388806800295,
    0.9952388806800295,
    0.9952388806800295
  ],
  "normalized_std": [
    0.0,
    0.0,
    0.0,
    0.0,
    0.0,
    0.0,
    0.0,
    0.0,
    0.0
  ],
  "degradation_threshold_10pct": 0.15,
  "trial_seeds": {
    "digital_baseline": [
      101000345,
      101000346,
      101000347,
      101000348,
      101000349,
      101000350,
      101000351,
      101000352,
      101000353,
      101000354,
      101000355,
      101000356,
      101000357,
      101000358,
      101000359,
      101000360,
      101000361,
      101000362,
      101000363,
      101000364
    ],
    "ideal_analog_baseline": [
      202000648,
      202000649,
      202000650,
      202000651,
      202000652,
      202000653,
      202000654,
      202000655,
      202000656,
      202000657,
      202000658,
      202000659,
      202000660,
      202000661,
      202000662,
      202000663,
      202000664,
      202000665,
      202000666,
      202000667
    ],
    "per_trial": [
      [
        606081916,
        606081917,
        606081918,
        606081919,
        606081920,
        606081921,
        606081922,
        606081923,
        606081924,
        606081925,
        606081926,
        606081927,
        606081928,
        606081929,
        606081930,
        606081931,
        606081932,
        606081933,
        606081934,
        606081935
      ]
    ]
  },
  "metadata": {
    "arch": "neural_ode",
    "analog_domain": "full_analog",
    "analog_substrate": "classic",
    "seed": 42,
    "pilot_profile_path": "/workspace/NEW_ACTUAL_RUNS/5-14/945/experiments/cross_arch_tolerance/results/profiles/neural_ode_profile_full_analog_classic_pcm.json",
    "dynamics_diagnostics": {},
    "calibration": "runner: neural_ode(t,x), data+standard-normal states",
    "ablation_noise": "thermal"
  },
  "normalized_mean_vs_ideal_analog": [
    1.0,
    1.0,
    1.0,
    1.0,
    1.0,
    1.0,
    1.0,
    1.0,
    1.0
  ],
  "normalized_std_vs_ideal_analog": [
    0.0,
    0.0,
    0.0,
    0.0,
    0.0,
    0.0,
    0.0,
    0.0,
    0.0
  ],
  "degradation_threshold_10pct_vs_ideal_analog": 0.15,
  "analog_energy_pJ": 2040.0,
  "digital_energy_pJ": 16032000.0,
  "analog_latency_ns": 26000.0,
  "digital_latency_ns": 1603200.0,
  "energy_saving_vs_digital": 0.999872754491018,
  "speedup_vs_digital": 61.66153846153846
}