{
  "sigma_values": [
    0.0,
    0.01,
    0.02,
    0.03,
    0.05,
    0.07,
    0.1,
    0.12,
    0.15
  ],
  "metric_name": "quality_thermal_only",
  "per_trial": [
    [
      46.59147262573242,
      46.59147644042969,
      46.591495513916016,
      46.59146499633789,
      46.59147262573242,
      46.59146499633789,
      46.59149169921875,
      46.59145736694336,
      46.591468811035156,
      46.59148025512695
    ],
    [
      46.59146499633789,
      46.59147262573242,
      46.59148406982422,
      46.591453552246094,
      46.59147262573242,
      46.59147262573242,
      46.59147262573242,
      46.59147262573242,
      46.59146499633789,
      46.59144973754883
    ],
    [
      46.59147262573242,
      46.59148025512695,
      46.59149169921875,
      46.591487884521484,
      46.59146499633789,
      46.591487884521484,
      46.59145736694336,
      46.59149932861328,
      46.591468811035156,
      46.59146499633789
    ],
    [
      46.591487884521484,
      46.59146499633789,
      46.59148406982422,
      46.59147262573242,
      46.59148025512695,
      46.59147262573242,
      46.59149932861328,
      46.59148025512695,
      46.591487884521484,
      46.591495513916016
    ],
    [
      46.59148406982422,
      46.591487884521484,
      46.591495513916016,
      46.59151077270508,
      46.59144973754883,
      46.59147262573242,
      46.59148025512695,
      46.591487884521484,
      46.59147262573242,
      46.59147262573242
    ],
    [
      46.59150314331055,
      46.59146499633789,
      46.591468811035156,
      46.59148025512695,
      46.591495513916016,
      46.59147262573242,
      46.59147262573242,
      46.59148025512695,
      46.59147262573242,
      46.59147262573242
    ],
    [
      46.59147262573242,
      46.591487884521484,
      46.591495513916016,
      46.59147262573242,
      46.59149169921875,
      46.59147644042969,
      46.591487884521484,
      46.59147644042969,
      46.591495513916016,
      46.59147644042969
    ],
    [
      46.59149169921875,
      46.59146499633789,
      46.59144592285156,
      46.591468811035156,
      46.59147262573242,
      46.59147644042969,
      46.59148025512695,
      46.59149169921875,
      46.59150314331055,
      46.59148406982422
    ],
    [
      46.59150314331055,
      46.59149932861328,
      46.59147262573242,
      46.59148025512695,
      46.59147262573242,
      46.59147262573242,
      46.59146499633789,
      46.591487884521484,
      46.591487884521484,
      46.59147262573242
    ]
  ],
  "digital_baseline": 46.591481399536136,
  "mean": [
    46.591474533081055,
    46.591468048095706,
    46.59147758483887,
    46.59148254394531,
    46.591481399536136,
    46.59147834777832,
    46.59148330688477,
    46.591477966308595,
    46.591481399536136
  ],
  "std": [
    1.1348323654665769e-05,
    9.620300455412666e-06,
    1.3109466764403978e-05,
    1.0121535615098267e-05,
    1.545305564920738e-05,
    1.1475836911385592e-05,
    8.831662676078967e-06,
    1.5372804015815647e-05,
    1.2069162002225017e-05
  ],
  "normalized_mean": [
    0.9999998526242379,
    0.9999997134360181,
    0.9999999181245767,
    1.0000000245626268,
    1.0,
    0.9999999344996612,
    1.0000000409377117,
    0.9999999263121189,
    1.0
  ],
  "normalized_std": [
    2.4357078405278507e-07,
    2.0648196121766685e-07,
    2.8137046452733087e-07,
    2.172400471301399e-07,
    3.3167126661401306e-07,
    2.463076203346444e-07,
    1.8955530948554246e-07,
    3.2994881368954924e-07,
    2.5904224634388163e-07
  ],
  "degradation_threshold_10pct": 0.15
}