{
  "sigma_values": [
    0.0,
    0.01,
    0.02,
    0.03,
    0.05,
    0.07,
    0.1,
    0.12,
    0.15
  ],
  "metric_name": "quality",
  "per_trial": [
    [
      39.08692932128906,
      39.08693313598633,
      39.086910247802734,
      39.08690643310547,
      39.086944580078125,
      39.0869255065918,
      39.0869140625,
      39.08693313598633,
      39.08692169189453,
      39.08690643310547,
      39.08689880371094,
      39.0869140625,
      39.08694076538086,
      39.086910247802734,
      39.08692932128906,
      39.086936950683594,
      39.086910247802734,
      39.08689880371094,
      39.08693313598633,
      39.08694839477539,
      39.08689880371094,
      39.0869140625,
      39.08690643310547,
      39.0869255065918,
      39.08690643310547,
      39.08693313598633,
      39.0869255065918,
      39.08689880371094,
      39.08689880371094,
      39.08693313598633,
      39.08693313598633,
      39.08695602416992,
      39.08693313598633,
      39.08693313598633,
      39.08695602416992,
      39.08692169189453,
      39.086936950683594,
      39.08694076538086,
      39.08693313598633,
      39.08692932128906,
      39.086910247802734,
      39.086944580078125,
      39.08692169189453,
      39.0869255065918,
      39.08693313598633,
      39.08692932128906,
      39.0869140625,
      39.08694839477539,
      39.08689880371094,
      39.08693313598633
    ],
    [
      38.816036224365234,
      39.127079010009766,
      39.272708892822266,
      39.21629333496094,
      38.695587158203125,
      38.99062728881836,
      39.130435943603516,
      38.84891128540039,
      39.194122314453125,
      38.832550048828125,
      38.96516036987305,
      39.24135208129883,
      39.28627395629883,
      39.274715423583984,
      38.90548324584961,
      39.244140625,
      39.15748977661133,
      39.249061584472656,
      38.861019134521484,
      38.9558219909668,
      38.88380813598633,
      38.59193420410156,
      39.34271240234375,
      39.19015121459961,
      39.202701568603516,
      39.284088134765625,
      39.05010986328125,
      39.204132080078125,
      39.20573806762695,
      38.90772247314453,
      39.11607360839844,
      39.058135986328125,
      39.20145034790039,
      39.19535446166992,
      39.07950210571289,
      39.23586654663086,
      39.26870346069336,
      39.13591384887695,
      38.862205505371094,
      39.15250778198242,
      38.9200325012207,
      39.309452056884766,
      39.109275817871094,
      39.23348617553711,
      39.175148010253906,
      39.20974349975586,
      39.35089874267578,
      38.92675018310547,
      38.975399017333984,
      39.29315185546875
    ],
    [
      38.86720657348633,
      39.05171203613281,
      39.29922103881836,
      39.144874572753906,
      38.740089416503906,
      38.743282318115234,
      39.04018783569336,
      39.31886672973633,
      39.06450653076172,
      39.49556350708008,
      39.04423522949219,
      39.06975555419922,
      39.37173080444336,
      38.79780197143555,
      38.660274505615234,
      38.48822784423828,
      39.24807357788086,
      39.10653305053711,
      39.084434509277344,
      38.76329040527344,
      39.03904724121094,
      38.8393669128418,
      38.85834503173828,
      39.314125061035156,
      38.477783203125,
      38.5892219543457,
      38.906532287597656,
      38.721595764160156,
      39.63703918457031,
      39.41523361206055,
      38.89045333862305,
      38.75016403198242,
      39.25769805908203,
      39.31501770019531,
      38.822723388671875,
      39.12312698364258,
      38.84055709838867,
      39.56279754638672,
      38.61430358886719,
      39.509185791015625,
      39.160274505615234,
      38.94337844848633,
      38.63064193725586,
      38.504966735839844,
      38.86661148071289,
      39.42848587036133,
      39.20195388793945,
      38.70159912109375,
      38.46776580810547,
      39.171356201171875
    ],
    [
      39.47509002685547,
      38.29279708862305,
      38.87862014770508,
      39.1313591003418,
      38.43820571899414,
      38.50107192993164,
      38.75841522216797,
      39.405059814453125,
      39.01392364501953,
      39.25994110107422,
      38.62158966064453,
      38.979915618896484,
      38.15782928466797,
      38.73670196533203,
      40.17531204223633,
      38.56175231933594,
      40.01580810546875,
      39.475242614746094,
      38.674842834472656,
      38.46849060058594,
      39.00015640258789,
      39.23717498779297,
      39.600345611572266,
      39.152462005615234,
      38.77579116821289,
      38.2393684387207,
      38.330745697021484,
      38.6210823059082,
      38.805946350097656,
      38.79497528076172,
      38.840171813964844,
      38.98078155517578,
      38.95964431762695,
      38.94472122192383,
      38.142433166503906,
      38.979461669921875,
      39.15298080444336,
      40.17028045654297,
      39.44379806518555,
      38.9672966003418,
      38.521087646484375,
      39.4773063659668,
      39.76454162597656,
      38.85627746582031,
      39.3308219909668,
      39.07548522949219,
      38.839813232421875,
      39.900840759277344,
      38.807315826416016,
      39.29164123535156
    ],
    [
      38.77901840209961,
      38.77188491821289,
      39.5854377746582,
      37.61112976074219,
      38.696964263916016,
      39.73434066772461,
      38.685791015625,
      39.38525390625,
      38.38472366333008,
      39.91228485107422,
      39.00471878051758,
      39.42007827758789,
      38.838626861572266,
      37.97085189819336,
      38.55603790283203,
      39.01032257080078,
      39.58438491821289,
      37.34012222290039,
      39.471866607666016,
      37.40423583984375,
      38.98763656616211,
      38.528465270996094,
      39.9114990234375,
      39.42572021484375,
      38.68264389038086,
      38.203697204589844,
      40.10857391357422,
      40.93901062011719,
      38.067649841308594,
      38.948726654052734,
      38.34682083129883,
      40.581111907958984,
      39.8995246887207,
      38.162452697753906,
      38.36832809448242,
      38.33346939086914,
      39.74540710449219,
      37.81687545776367,
      39.26057052612305,
      38.68342971801758,
      39.14593505859375,
      38.30120086669922,
      38.4687614440918,
      38.69638442993164,
      41.24858093261719,
      39.40176010131836,
      37.795440673828125,
      37.83728790283203,
      37.438472747802734,
      37.852603912353516
    ],
    [
      36.26286315917969,
      40.66940689086914,
      37.89038848876953,
      38.491844177246094,
      39.10820007324219,
      36.49993896484375,
      39.201961517333984,
      39.01515197753906,
      38.63722229003906,
      38.473323822021484,
      37.6118049621582,
      38.21920394897461,
      39.99455261230469,
      39.60578536987305,
      38.30695343017578,
      38.9278564453125,
      37.216129302978516,
      37.83348083496094,
      40.62920379638672,
      36.80259323120117,
      41.44904708862305,
      38.91926574707031,
      39.362186431884766,
      38.104923248291016,
      39.463958740234375,
      39.075321197509766,
      39.09947967529297,
      38.0352668762207,
      38.96310043334961,
      38.502994537353516,
      38.60502624511719,
      36.525875091552734,
      37.413368225097656,
      42.16004180908203,
      39.197391510009766,
      36.42924499511719,
      39.62272644042969,
      37.00434875488281,
      39.86398696899414,
      39.707313537597656,
      38.45564651489258,
      39.635135650634766,
      40.806087493896484,
      39.95322799682617,
      37.160648345947266,
      37.7777214050293,
      37.0642204284668,
      39.399471282958984,
      37.15182113647461,
      38.169158935546875
    ],
    [
      38.80702590942383,
      39.89274978637695,
      40.24974060058594,
      38.7063102722168,
      37.173248291015625,
      40.29764938354492,
      37.39503860473633,
      37.324073791503906,
      42.0067138671875,
