{
  "sigma_values": [
    0.0,
    0.01,
    0.02,
    0.03,
    0.05,
    0.07,
    0.1,
    0.12,
    0.15
  ],
  "metric_name": "quality_quantization_only",
  "per_trial": [
    [
      44.44874572753906,
      44.44874572753906,
      44.448753356933594,
      44.44874572753906,
      44.448753356933594,
      44.44874572753906,
      44.44876480102539,
      44.44874572753906,
      44.448753356933594,
      44.448753356933594
    ],
    [
      44.448753356933594,
      44.448753356933594,
      44.448760986328125,
      44.44874954223633,
      44.44874954223633,
      44.448753356933594,
      44.448753356933594,
      44.44875717163086,
      44.44876480102539,
      44.44874572753906
    ],
    [
      44.44874572753906,
      44.448760986328125,
      44.4487419128418,
      44.448753356933594,
      44.44873809814453,
      44.448753356933594,
      44.44873809814453,
      44.44874572753906,
      44.44874572753906,
      44.448753356933594
    ],
    [
      44.448753356933594,
      44.448768615722656,
      44.448753356933594,
      44.44875717163086,
      44.4487419128418,
      44.4487419128418,
      44.44873046875,
      44.448753356933594,
      44.448753356933594,
      44.448760986328125
    ],
    [
      44.4487419128418,
      44.448760986328125,
      44.448753356933594,
      44.44874954223633,
      44.448753356933594,
      44.44873809814453,
      44.448753356933594,
      44.448753356933594,
      44.448753356933594,
      44.44874954223633
    ],
    [
      44.44874572753906,
      44.44874954223633,
      44.448753356933594,
      44.44875717163086,
      44.44874572753906,
      44.448768615722656,
      44.448760986328125,
      44.44874572753906,
      44.448760986328125,
      44.448760986328125
    ],
    [
      44.448734283447266,
      44.44874954223633,
      44.448753356933594,
      44.44873809814453,
      44.44874572753906,
      44.448753356933594,
      44.448753356933594,
      44.448753356933594,
      44.448753356933594,
      44.44875717163086
    ],
    [
      44.44873046875,
      44.44874572753906,
      44.44874954223633,
      44.44874572753906,
      44.44874954223633,
      44.44874572753906,
      44.44874954223633,
      44.44874572753906,
      44.44874954223633,
      44.4487419128418
    ],
    [
      44.44874572753906,
      44.448760986328125,
      44.44876480102539,
      44.448760986328125,
      44.4487419128418,
      44.44875717163086,
      44.448753356933594,
      44.448753356933594,
      44.448753356933594,
      44.448753356933594
    ]
  ],
  "digital_baseline": 44.44875221252441,
  "mean": [
    44.44875068664551,
    44.448754119873044,
    44.448747634887695,
    44.44875144958496,
    44.44875068664551,
    44.4487548828125,
    44.4487491607666,
    44.44874534606934,
    44.448754501342776
  ],
  "std": [
    5.922002676490792e-06,
    5.3405761718750005e-06,
    7.085485695269283e-06,
    1.0271386732357986e-05,
    6.162832039414792e-06,
    7.667446610352243e-06,
    7.126442601115953e-06,
    5.514843862457642e-06,
    6.6182524005498785e-06
  ],
  "normalized_mean": [
    0.9999999656710521,
    1.000000042911185,
    0.9999998970131558,
    0.999999982835526,
    0.9999999656710521,
    1.0000000600756591,
    0.999999931342104,
    0.9999998455197338,
    1.0000000514934222
  ],
  "normalized_std": [
    1.3323214672429293e-07,
    1.2015131822688547e-07,
    1.594079775601168e-07,
    2.3108380373080074e-07,
    1.3865028223848046e-07,
    1.7250082912770208e-07,
    1.603294186311921e-07,
    1.2407196125752466e-07,
    1.4889624727609431e-07
  ],
  "degradation_threshold_10pct": 0.15
}