{
  "sigma_values": [
    0.0,
    0.01,
    0.02,
    0.03,
    0.05,
    0.07,
    0.1,
    0.12,
    0.15
  ],
  "metric_name": "output_mse",
  "per_trial": [
    [
      -0.0703134760260582,
      -0.0703134760260582,
      -0.0703134760260582,
      -0.0703134760260582,
      -0.0703134760260582,
      -0.0703134760260582,
      -0.0703134760260582,
      -0.0703134760260582,
      -0.0703134760260582,
      -0.0703134760260582,
      -0.0703134760260582,
      -0.0703134760260582,
      -0.0703134760260582,
      -0.0703134760260582,
      -0.0703134760260582,
      -0.0703134760260582,
      -0.0703134760260582,
      -0.0703134760260582,
      -0.0703134760260582,
      -0.0703134760260582,
      -0.0703134760260582,
      -0.0703134760260582,
      -0.0703134760260582,
      -0.0703134760260582,
      -0.0703134760260582,
      -0.0703134760260582,
      -0.0703134760260582,
      -0.0703134760260582,
      -0.0703134760260582,
      -0.0703134760260582,
      -0.0703134760260582,
      -0.0703134760260582,
      -0.0703134760260582,
      -0.0703134760260582,
      -0.0703134760260582,
      -0.0703134760260582,
      -0.0703134760260582,
      -0.0703134760260582,
      -0.0703134760260582,
      -0.0703134760260582,
      -0.0703134760260582,
      -0.0703134760260582,
      -0.0703134760260582,
      -0.0703134760260582,
      -0.0703134760260582,
      -0.0703134760260582,
      -0.0703134760260582,
      -0.0703134760260582,
      -0.0703134760260582,
      -0.0703134760260582
    ],
    [
      -0.07058358192443848,
      -0.06980109959840775,
      -0.07091197371482849,
      -0.07041140645742416,
      -0.07033619284629822,
      -0.07071555405855179,
      -0.07010180503129959,
      -0.07006146758794785,
      -0.07029753923416138,
      -0.07037919759750366,
      -0.07057145982980728,
      -0.06985464692115784,
      -0.0699898898601532,
      -0.07043681293725967,
      -0.07009149342775345,
      -0.07035807520151138,
      -0.07014124095439911,
      -0.07053261995315552,
      -0.07068486511707306,
      -0.07034055143594742,
      -0.06965874880552292,
      -0.07085166871547699,
      -0.0697094202041626,
      -0.0703367367386818,
      -0.07001838088035583,
      -0.0702432245016098,
      -0.07092418521642685,
      -0.07072725892066956,
      -0.07007261365652084,
      -0.06988874077796936,
      -0.0704643651843071,
      -0.07017344981431961,
      -0.07024978846311569,
      -0.07019371539354324,
      -0.07008151710033417,
      -0.07067429274320602,
      -0.0703294575214386,
      -0.07067788392305374,
      -0.07044439762830734,
      -0.07030913978815079,
      -0.07047288864850998,
      -0.07047955691814423,
      -0.07026749849319458,
      -0.0698702484369278,
      -0.0703430250287056,
      -0.07020813226699829,
      -0.07066269963979721,
      -0.0702931210398674,
      -0.07054103910923004,
      -0.0702226534485817
    ],
    [
      -0.06932640075683594,
      -0.06980287283658981,
      -0.07119691371917725,
      -0.07059959322214127,
      -0.07046486437320709,
      -0.07008553296327591,
      -0.07052925229072571,
      -0.07104096561670303,
      -0.07025464624166489,
      -0.07009167969226837,
      -0.07022660225629807,
      -0.06992015987634659,
      -0.06987430900335312,
      -0.07026226818561554,
      -0.07033954560756683,
      -0.06935976445674896,
      -0.0707763060927391,
      -0.07141630351543427,
      -0.07063812017440796,
      -0.07029344141483307,
      -0.07051598280668259,
      -0.07192765921354294,
      -0.07042809575796127,
      -0.07035768032073975,
      -0.06932142376899719,
      -0.06919392943382263,
      -0.07064934819936752,
      -0.07040674984455109,
      -0.07076974958181381,
      -0.07014018297195435,
      -0.07003352046012878,
      -0.07100366055965424,
      -0.07070145010948181,
      -0.06963865458965302,
      -0.07029976695775986,
      -0.0700642317533493,
      -0.07099606096744537,
      -0.0709538608789444,
      -0.0703880712389946,
      -0.06967692822217941,
      -0.06958554685115814,
      -0.07010369747877121,
      -0.07029031962156296,
      -0.07187648117542267,
      -0.07031518965959549,
      -0.0707232728600502,
      -0.0699610784649849,
      -0.07102125883102417,
      -0.07069530338048935,
      -0.0698234885931015
    ],
    [
      -0.07067564129829407,
      -0.06924650818109512,
      -0.06906638294458389,
      -0.06953439116477966,
      -0.06966003775596619,
      -0.07062581926584244,
      -0.0699329823255539,
      -0.07068723440170288,
      -0.06965275853872299,
      -0.07188984006643295,
      -0.07110080122947693,
      -0.07134832441806793,
      -0.0688791498541832,
      -0.069725401699543,
      -0.07112549245357513,
      -0.06922005116939545,
      -0.06966669112443924,
      -0.07141795754432678,
      -0.07146137207746506,
      -0.07130078226327896,
      -0.07132432609796524,
      -0.0702623575925827,
      -0.0714753046631813,
      -0.06929221749305725,
      -0.07165293395519257,
      -0.06868083029985428,
      -0.07013682276010513,
      -0.07063180208206177,
      -0.07146906107664108,
      -0.0705813392996788,
      -0.07080071419477463,
      -0.0689781978726387,
      -0.0702185332775116,
      -0.07186295837163925,
      -0.07036642730236053,
      -0.07083643972873688,
      -0.06999587267637253,
      -0.07014565914869308,
      -0.07061255723237991,
      -0.0695747658610344,
      -0.07003913074731827,
      -0.07051210850477219,
      -0.07043318450450897,
      -0.06910130381584167,
      -0.06975524872541428,
      -0.06915980577468872,
      -0.070389524102211,
      -0.0710097998380661,
      -0.06965260207653046,
      -0.07077141106128693
    ],
    [
      -0.07205519080162048,
      -0.06932586431503296,
      -0.06985821574926376,
      -0.07086765766143799,
      -0.06916610151529312,
      -0.07217016816139221,
      -0.07062343508005142,
      -0.06968969851732254,
      -0.07086753845214844,
      -0.07059121131896973,
      -0.06958017498254776,
      -0.07017253339290619,
      -0.07193497568368912,
      -0.0699082762002945,
      -0.07247967272996902,
      -0.06883624196052551,
      -0.07154779881238937,
      -0.0699022114276886,
      -0.06986527889966965,
      -0.07032331824302673,
      -0.06965325772762299,
      -0.07138001918792725,
      -0.06916508078575134,
      -0.07076624780893326,
      -0.07208424061536789,
      -0.06892908364534378,
      -0.07031330466270447,
      -0.0723315104842186,
      -0.06970568001270294,
      -0.07086475938558578,
      -0.07291622459888458,
      -0.06985742598772049,
      -0.07034128159284592,
      -0.0683370903134346,
      -0.0684364065527916,
      -0.07136976718902588,
      -0.06927046179771423,
      -0.07156550884246826,
      -0.06986034661531448,
      -0.07337873429059982,
      -0.06999831646680832,
      -0.07133607566356659,
      -0.06820621341466904,
      -0.07197029888629913,
      -0.0698351189494133,
      -0.07104959338903427,
      -0.07225892692804337,
      -0.07356545329093933,
      -0.07199858129024506,
      -0.07093353569507599
    ],
    [
      -0.07040610164403915,
      -0.06872910261154175,
      -0.0716281309723854,
      -0.06957725435495377,
      -0.0679592564702034,
      -0.06613484025001526,
      -0.06822696328163147,
      -0.06899905204772949,
      -0.06958601623773575,
      -0.06987486779689789,
      -0.07215072959661484,
      -0.07079119980335236,
      -0.0676448792219162,
      -0.07049155235290527,
      -0.06925400346517563,
      -0.07062427699565887,
      -0.0712028220295906,
      -0.06872260570526123,
      -0.07281358540058136,
      -0.07307761907577515,
      -0.07207110524177551,
      -0.06818875670433044,
      -0.0749187022447586,
      -0.06797056645154953,
      -0.07400854676961899,
      -0.07137524336576462,
      -0.0699017196893692,
      -0.07023411989212036,
      -0.06967968493700027,
      -0.06945071369409561,
