{
  "sigma_values": [
    0.0,
    0.01,
    0.02,
    0.03,
    0.05,
    0.07,
    0.1,
    0.12,
    0.15
  ],
  "metric_name": "quality",
  "per_trial": [
    [
      46.59147262573242,
      46.59147262573242,
      46.59147262573242,
      46.59147262573242,
      46.59147262573242,
      46.59147262573242,
      46.59147262573242,
      46.59147262573242,
      46.59147262573242,
      46.59147262573242,
      46.59147262573242,
      46.59147262573242,
      46.59147262573242,
      46.59147262573242,
      46.59147262573242,
      46.59147262573242,
      46.59147262573242,
      46.59147262573242,
      46.59147262573242,
      46.59147262573242,
      46.59147262573242,
      46.59147262573242,
      46.59147262573242,
      46.59147262573242,
      46.59147262573242,
      46.59147262573242,
      46.59147262573242,
      46.59147262573242,
      46.59147262573242,
      46.59147262573242,
      46.59147262573242,
      46.59147262573242,
      46.59147262573242,
      46.59147262573242,
      46.59147262573242,
      46.59147262573242,
      46.59147262573242,
      46.59147262573242,
      46.59147262573242,
      46.59147262573242,
      46.59147262573242,
      46.59147262573242,
      46.59147262573242,
      46.59147262573242,
      46.59147262573242,
      46.59147262573242,
      46.59147262573242,
      46.59147262573242,
      46.59147262573242,
      46.59147262573242
    ],
    [
      46.405113220214844,
      46.54819107055664,
      46.6395378112793,
      46.357994079589844,
      46.418922424316406,
      46.643402099609375,
      46.33934020996094,
      46.78551483154297,
      46.95918273925781,
      46.69468307495117,
      46.68655014038086,
      46.48297119140625,
      46.51679992675781,
      46.797157287597656,
      46.83918380737305,
      46.71037292480469,
      46.62642288208008,
      46.845550537109375,
      46.609954833984375,
      46.202728271484375,
      46.735774993896484,
      46.42973709106445,
      47.04750442504883,
      46.24768829345703,
      46.40546417236328,
      46.64851760864258,
      46.581817626953125,
      46.19684600830078,
      46.7799072265625,
      46.652530670166016,
      46.60031509399414,
      46.38792419433594,
      46.43622970581055,
      46.627445220947266,
      46.734031677246094,
      46.26301574707031,
      46.56707000732422,
      46.6247444152832,
      46.59611129760742,
      46.58220672607422,
      46.925941467285156,
      46.929447174072266,
      46.57247543334961,
      46.37245559692383,
      46.513877868652344,
      46.55960464477539,
      46.40147018432617,
      46.925148010253906,
      46.61424255371094,
      46.81125259399414
    ],
    [
      46.789695739746094,
      46.71064376831055,
      46.1629638671875,
      46.05657958984375,
      46.969696044921875,
      46.72344970703125,
      47.47603225708008,
      46.593658447265625,
      46.41267395019531,
      47.16257858276367,
      46.905094146728516,
      46.821842193603516,
      46.20172882080078,
      45.883087158203125,
      47.22659683227539,
      46.198951721191406,
      46.81983947753906,
      46.40220642089844,
      46.25212478637695,
      47.34718322753906,
      46.57846450805664,
      46.43767166137695,
      45.77608108520508,
      47.038673400878906,
      46.805824279785156,
      46.513092041015625,
      46.14581298828125,
      46.00309753417969,
      47.227962493896484,
      46.23966598510742,
      47.07448196411133,
      47.22065734863281,
      46.596744537353516,
      45.681541442871094,
      46.721954345703125,
      47.241241455078125,
      47.56158447265625,
      47.14188766479492,
      46.89323043823242,
      46.72377395629883,
      46.92070770263672,
      46.781925201416016,
      46.90852737426758,
      46.463417053222656,
      47.00650405883789,
      46.979736328125,
      46.69901657104492,
      46.930564880371094,
      46.4359130859375,
      46.673946380615234
    ],
    [
      47.21811294555664,
      46.440433502197266,
      46.956626892089844,
      46.14225387573242,
      46.56059646606445,
      45.463253021240234,
      46.64322280883789,
      47.256690979003906,
      47.87114334106445,
      44.82429885864258,
      46.969581604003906,
      46.417137145996094,
      46.827980041503906,
      46.788082122802734,
      46.56170654296875,
      46.21311950683594,
      45.63479995727539,
      47.608150482177734,
      46.418479919433594,
      46.391414642333984,
      46.10275650024414,
      46.636314392089844,
      45.708221435546875,
      46.873409271240234,
      46.5925178527832,
      46.86647033691406,
      46.38236618041992,
      45.94117736816406,
      46.00597381591797,
      47.18665313720703,
      45.03446578979492,
      47.01298522949219,
      47.27605056762695,
      45.37111282348633,
      46.605716705322266,
      45.67631530761719,
      46.40453338623047,
      46.661399841308594,
      45.46466064453125,
      47.25603485107422,
      46.230533599853516,
      46.17649459838867,
      46.42911911010742,
      46.08080291748047,
      47.22361373901367,
      46.445194244384766,
      45.87087631225586,
      46.67314910888672,
      46.30752944946289,
      46.59781265258789
    ],
    [
      48.253780364990234,
      48.18321990966797,
      47.05580139160156,
      48.685096740722656,
      49.08150100708008,
      46.42497253417969,
      46.53590774536133,
      46.22243881225586,
      47.79412078857422,
      45.136268615722656,
      46.028228759765625,
      46.71950149536133,
      46.55830764770508,
      47.780433654785156,
      46.33232879638672,
      45.16978073120117,
      46.11487579345703,
      46.915504455566406,
      46.93110275268555,
      47.10606002807617,
      46.805057525634766,
      47.35104751586914,
      46.53369140625,
      47.16368103027344,
      45.00162887573242,
      47.31071472167969,
      46.231834411621094,
      45.71501159667969,
      47.23587417602539,
      46.163917541503906,
      45.36181640625,
      46.375057220458984,
      44.59337615966797,
      48.79694747924805,
      46.66846466064453,
      45.80147933959961,
      45.595970153808594,
      47.71854019165039,
      46.95528793334961,
      46.10663604736328,
      47.25381851196289,
      47.46375274658203,
      46.22560119628906,
      45.760955810546875,
      46.120182037353516,
      46.52262878417969,
      46.71862030029297,
      47.70945358276367,
      47.88772964477539,
      47.048606872558594
    ],
    [
      45.6297492980957,
      48.57033157348633,
      46.104183197021484,
      45.34880828857422,
      44.87235641479492,
      45.12976837158203,
      45.81450653076172,
      45.27225875854492,
      46.4495735168457,
      46.59953308105469,
      43.43455505371094,
      44.08935546875,
      48.16786575317383,
      44.54612731933594,
      46.37425994873047,
      46.258399963378906,
      44.07651138305664,
      48.128658294677734,
      45.67789077758789,
      44.63367462158203,
      43.830684661865234,
      46.56496810913086,
      47.23633575439453,
      44.0834846496582,
      46.31303024291992,
      46.78726577758789,
      45.15129852294922,
      43.36149597167969,
      44.85852813720703,
      47.31303405761719,
      45.73399353027344,
      47.816104888916016,
      46.23902893066406,
      45.52711868286133,
      46.899417877197266,
      47.56914138793945,
      44.90119934082031,
      47.14022445678711,
      45.35173797607422,
      45.68765640258789,
      49.26811981201172,
      46.89137649536133,
      45.64691925048828,
      45.577884674072266,
      46.088661193847656,
      44.783878326416016,
      47.1289176940918,
      46.08131408691406,
      46.86198043823242,
      46.091346740722656
    ],
    [
      48.26225280761719,
      44.83181381225586,
      47.12180709838867,
      44.93094253540039,
      47.72578048706055,
      48.1687126159668,
      46.71025085449219,
      47.594181060791016,
