{
  "sigma_values": [
    0.0,
    0.01,
    0.02,
    0.03,
    0.05,
    0.07,
    0.1,
    0.12,
    0.15
  ],
  "metric_name": "quality_mismatch_only",
  "per_trial": [
    [
      46.59147262573242,
      46.59149169921875,
      46.59146499633789,
      46.59150314331055,
      46.591495513916016,
      46.59146499633789,
      46.591495513916016,
      46.59149169921875,
      46.591468811035156,
      46.59148406982422
    ],
    [
      46.68449401855469,
      46.512977600097656,
      46.7083854675293,
      47.00953674316406,
      46.702754974365234,
      46.46347427368164,
      46.29277420043945,
      46.80934524536133,
      46.6699333190918,
      46.816162109375
    ],
    [
      46.11016845703125,
      45.974464416503906,
      46.76493835449219,
      46.4566764831543,
      46.492252349853516,
      46.08612823486328,
      46.96360397338867,
      46.48183059692383,
      47.071563720703125,
      46.565940856933594
    ],
    [
      46.75048065185547,
      47.364906311035156,
      46.74714660644531,
      46.56324768066406,
      46.815101623535156,
      47.66341781616211,
      45.75631332397461,
      47.88731384277344,
      47.317237854003906,
      46.053565979003906
    ],
    [
      48.15437316894531,
      45.28425216674805,
      45.56629180908203,
      44.87382125854492,
      47.39899444580078,
      46.86971664428711,
      45.35076141357422,
      46.09400939941406,
      45.906986236572266,
      48.2625846862793
    ],
    [
      46.967933654785156,
      44.41726303100586,
      47.58603286743164,
      46.629425048828125,
      44.724510192871094,
      45.706172943115234,
      47.189231872558594,
      49.42232131958008,
      45.588111877441406,
      46.68630599975586
    ],
    [
      45.80091857910156,
      50.018558502197266,
      42.5251350402832,
      46.9842529296875,
      50.27880859375,
      43.125732421875,
      46.20697784423828,
      46.871707916259766,
      47.4992790222168,
      52.123470306396484
    ],
    [
      43.30297088623047,
      48.4502067565918,
      47.31576156616211,
      51.622650146484375,
      46.25473403930664,
      44.470149993896484,
      45.25339889526367,
      47.55266571044922,
      48.05501937866211,
      42.53148651123047
    ],
    [
      46.31991195678711,
      41.552391052246094,
      50.8912353515625,
      44.2539176940918,
      47.49164962768555,
      47.114105224609375,
      45.69773483276367,
      49.613609313964844,
      41.785064697265625,
      48.37150955200195
    ]
  ],
  "digital_baseline": 46.591477966308595,
  "mean": [
    46.59148330688477,
    46.66698379516602,
    46.49675674438477,
    46.89187316894531,
    46.3761791229248,
    46.49173088073731,
    47.143484115600586,
    46.48090438842773,
    46.30911293029785
  ],
  "std": [
    1.3519321553550224e-05,
    0.19192167978215477,
    0.3489645070754686,
    0.6432697767113605,
    1.1604643368924632,
    1.3934154954807971,
    2.885712818888083,
    2.567828207058171,
    2.9309822651952433
  ],
  "normalized_mean": [
    1.0000001146256012,
    1.0016205931246058,
    0.9979669839623392,
    1.0064474280651483,
    0.9953790080765526,
    0.9978591130840834,
    1.0118477922012081,
    0.9976267424278572,
    0.993939556151987
  ],
  "normalized_std": [
    2.901672611314534e-07,
    0.004119244294438092,
    0.0074898784564811005,
    0.013806597360498506,
    0.02490722311345484,
    0.029907089371331148,
    0.061936494501737216,
    0.05511368857873598,
    0.06290811953453604
  ],
  "degradation_threshold_10pct": 0.15
}