{
  "sigma_values": [
    0.0,
    0.01,
    0.02,
    0.03,
    0.05,
    0.07,
    0.1,
    0.12,
    0.15
  ],
  "metric_name": "quality_mismatch_only",
  "per_trial": [
    [
      38.45245361328125,
      38.45245361328125,
      38.45245361328125,
      38.45245361328125,
      38.45245361328125,
      38.45245361328125,
      38.45245361328125,
      38.45245361328125,
      38.45245361328125,
      38.45245361328125
    ],
    [
      38.87534713745117,
      38.860023498535156,
      37.60077667236328,
      39.2425651550293,
      37.565486907958984,
      39.00712585449219,
      39.16606521606445,
      38.71472930908203,
      38.460086822509766,
      39.25848388671875
    ],
    [
      38.023277282714844,
      37.889503479003906,
      38.33852767944336,
      38.854251861572266,
      38.087799072265625,
      35.55802536010742,
      38.02484130859375,
      37.92443084716797,
      40.605369567871094,
      36.80675506591797
    ],
    [
      38.93671417236328,
      39.54191970825195,
      39.364994049072266,
      36.0933952331543,
      37.93194580078125,
      39.472442626953125,
      37.14269256591797,
      38.82634735107422,
      38.516624450683594,
      39.82925033569336
    ],
    [
      37.908329010009766,
      36.496768951416016,
      38.37726593017578,
      38.172245025634766,
      37.24787902832031,
      41.269161224365234,
      36.875732421875,
      40.27761459350586,
      43.203880310058594,
      40.53971862792969
    ],
    [
      38.95647048950195,
      42.23268127441406,
      44.63385772705078,
      36.30805587768555,
      41.71379089355469,
      38.70655059814453,
      30.04407501220703,
      37.11580276489258,
      39.42744445800781,
      29.553794860839844
    ],
    [
      37.63701629638672,
      39.59834671020508,
      49.883914947509766,
      41.011356353759766,
      41.73025131225586,
      43.11976623535156,
      34.52021789550781,
      41.15793991088867,
      42.00337600708008,
      34.282806396484375
    ],
    [
      37.69344711303711,
      37.19293975830078,
      45.55034637451172,
      36.8964958190918,
      27.249391555786133,
      44.25119400024414,
      41.49008560180664,
      36.81437683105469,
      38.28263473510742,
      44.01732635498047
    ],
    [
      33.17061996459961,
      42.51722717285156,
      31.04311180114746,
      29.239967346191406,
      26.861055374145508,
      36.529048919677734,
      34.463253021240234,
      38.34713363647461,
      42.717491149902344,
      31.85870933532715
    ]
  ],
  "digital_baseline": 38.45245361328125,
  "mean": [
    38.45245361328125,
    38.67506904602051,
    38.01127815246582,
    38.56563262939453,
    39.0368595123291,
    37.869252395629886,
    40.49449920654297,
    38.94382381439209,
    34.67476177215576
  ],
  "std": [
    0.0,
    0.5933927918878343,
    1.2265760165152515,
    1.1294910297361274,
    2.0718223013777672,
    4.661289554485808,
    4.2756251578277364,
    5.045693667321523,
    5.070815169523824
  ],
  "normalized_mean": [
    1.0,
    1.0057893687351689,
    0.9885267279624765,
    1.002943349655955,
    1.0151981432687043,
    0.9848331858477315,
    1.0531057293196087,
    1.012778643621876,
    0.9017568064935992
  ],
  "normalized_std": [
    0.0,
    0.01543185768730451,
    0.031898511050842265,
    0.029373705020113668,
    0.053880106643238286,
    0.12122216182521645,
    0.1111925184496149,
    0.13121903007975466,
    0.131872343453589
  ],
  "degradation_threshold_10pct": 0.15
}