{
  "sigma_values": [
    2.0,
    4.0,
    6.0,
    8.0,
    10.0,
    12.0,
    16.0
  ],
  "metric_name": "quality_vs_adc_bits_sigma0.050",
  "per_trial": [
    [
      43.17947006225586,
      44.03052520751953,
      44.69807434082031,
      43.4694709777832,
      44.56284713745117,
      44.399070739746094,
      43.35728073120117,
      45.25624465942383,
      43.63072967529297,
      42.44025421142578,
      45.28021240234375,
      43.88164138793945,
      44.44116973876953,
      42.386695861816406,
      43.26694869995117,
      43.76820373535156,
      44.3245964050293,
      42.9775505065918,
      45.991641998291016,
      45.268211364746094,
      45.22397994995117,
      42.10188293457031,
      43.71616744995117,
      44.6253547668457,
      44.745113372802734,
      44.78200149536133,
      44.11128234863281,
      44.58390808105469,
      45.66376876831055,
      45.2243537902832,
      43.42662811279297,
      42.37343215942383,
      43.383853912353516,
      44.12831497192383,
      44.0148811340332,
      43.79737854003906,
      41.24364471435547,
      43.35426712036133,
      46.19324493408203,
      42.323543548583984,
      43.669464111328125,
      44.92304992675781,
      42.201698303222656,
      44.265464782714844,
      43.23313522338867,
      43.753700256347656,
      44.34693145751953,
      45.803260803222656,
      43.86359405517578,
      44.72708511352539
    ],
    [
      44.767738342285156,
      42.81155014038086,
      45.885650634765625,
      43.35541915893555,
      41.799652099609375,
      44.45625305175781,
      45.22627258300781,
      44.2960319519043,
      45.72943878173828,
      45.305931091308594,
      42.26470184326172,
      43.92190170288086,
      44.00387191772461,
      45.237144470214844,
      43.69530487060547,
      44.98999786376953,
      43.03754425048828,
      42.91307830810547,
      43.37142562866211,
      44.08871841430664,
      42.892948150634766,
      43.18932342529297,
      43.36681365966797,
      44.84994888305664,
      45.02354431152344,
      44.372947692871094,
      43.837806701660156,
      44.352783203125,
      43.19838333129883,
      43.469139099121094,
      43.244422912597656,
      43.84229278564453,
      41.207244873046875,
      43.14372634887695,
      44.175838470458984,
      44.007747650146484,
      46.01457595825195,
      43.318267822265625,
      43.826534271240234,
      42.86928176879883,
      42.82940673828125,
      44.22867965698242,
      43.30494689941406,
      42.458683013916016,
      43.982933044433594,
      41.505252838134766,
      43.2964973449707,
      43.1793212890625,
      45.56222915649414,
      43.04684829711914
    ],
    [
      44.72536087036133,
      43.91487503051758,
      46.72827911376953,
      43.64358901977539,
      43.02722930908203,
      45.55850601196289,
      46.54120635986328,
      44.33793258666992,
      42.975059509277344,
      41.96622085571289,
      43.940673828125,
      43.907962799072266,
      44.190486907958984,
      44.402523040771484,
      44.68896484375,
      44.64229202270508,
      45.24187469482422,
      43.546173095703125,
      42.88079833984375,
      44.18535614013672,
      45.24148178100586,
      43.59385681152344,
      43.09174346923828,
      43.97783279418945,
      44.419158935546875,
      43.836971282958984,
      44.56589889526367,
      44.5447998046875,
      42.79817581176758,
      44.1423454284668,
      43.1911506652832,
      45.129032135009766,
      43.03483963012695,
      45.05815887451172,
      43.67107009887695,
      44.998172760009766,
      43.34720993041992,
      42.67216491699219,
      43.5266227722168,
      43.96624755859375,
      43.87544250488281,
      45.110958099365234,
      43.14237976074219,
      43.50960159301758,
      43.30546951293945,
      44.03838348388672,
      42.999515533447266,
      43.939754486083984,
      43.49287033081055,
      43.337955474853516
    ],
    [
      42.08943176269531,
      44.6432991027832,
      43.58252716064453,
      45.40604019165039,
      44.15705490112305,
      44.136085510253906,
      43.89547348022461,
      45.04891586303711,
      45.054500579833984,
      44.72566604614258,
      43.81903076171875,
      45.48733139038086,
      42.68437957763672,
      44.59980392456055,
      42.06486129760742,
      44.06972122192383,
      44.36897659301758,
      44.878963470458984,
      44.66139221191406,
      44.68451690673828,
      45.37278747558594,
      44.035797119140625,
      44.0908203125,
      43.35955810546875,
      43.741859436035156,
      43.486793518066406,
      44.7115478515625,
      45.28031539916992,
      43.092872619628906,
      44.46431350708008,
      43.16502380371094,
      42.771392822265625,
      43.8789176940918,
      44.02941131591797,
      44.23453903198242,
      43.8956413269043,
      45.78053283691406,
      44.44248962402344,
      44.46540832519531,
      45.203853607177734,
      43.705509185791016,
      41.84184646606445,
      45.08422088623047,
      42.007877349853516,
      44.171234130859375,
      43.424381256103516,
      44.411495208740234,
      44.34702682495117,
      43.896392822265625,
      42.74449920654297
    ],
    [
      43.35386276245117,
      42.531620025634766,
      42.95646286010742,
      43.84736251831055,
      43.30998611450195,
      42.97357940673828,
      44.633827209472656,
      44.277225494384766,
      45.20756149291992,
      42.4804801940918,
      45.06822967529297,
      45.06869888305664,
      44.34513473510742,
      41.7454719543457,
      44.160037994384766,
      40.87261962890625,
      43.87063980102539,
      45.75261306762695,
      42.82794189453125,
      41.52484130859375,
      41.85396194458008,
      44.46052551269531,
      41.84644317626953,
      45.80582809448242,
      43.892822265625,
      44.16399002075195,
      41.492584228515625,
      42.838314056396484,
      45.733642578125,
      43.3252067565918,
      44.11495590209961,
      45.055789947509766,
      42.71807861328125,
      44.70341110229492,
      45.058021545410156,
      41.97891616821289,
      42.9748420715332,
      43.4212760925293,
      44.16215133666992,
      44.99874496459961,
      44.07452392578125,
      44.509212493896484,
      44.894386291503906,
      42.54397964477539,
      43.47414016723633,
      45.74378204345703,
      43.548797607421875,
      41.62530517578125,
      44.929439544677734,
      45.00358581542969
    ],
    [
      43.38664245605469,
      42.74998474121094,
      43.96951675415039,
      44.95101547241211,
      43.56290054321289,
      44.69082260131836,
      45.90340042114258,
      43.88311767578125,
      44.034847259521484,
      42.01092529296875,
      45.076507568359375,
      44.650508880615234,
      44.67498779296875,
      44.68480682373047,
      41.741546630859375,
      44.471229553222656,
      43.125694274902344,
      44.94753646850586,
      45.12950134277344,
      43.645389556884766,
      43.09714126586914,
      44.134193420410156,
      43.03549575805664,
      44.47148132324219,
      42.91907501220703,
      45.049808502197266,
      44.16697311401367,
      45.22564697265625,
      43.75614929199219,
      43.39128494262695,
      43.94782257080078,
      43.19839096069336,
      44.575313568115234,
      44.93185043334961,
      42.394813537597656,
      44.75762939453125,
      46.43634033203125,
      43.10734558105469,
      45.50897216796875,
      44.15690231323242,
      43.74430847167969,
      42.581687927246094,
      42.377445220947266,
      43.93214416503906,
      43.62582778930664,
      44.06601333618164,
      44.08647918701172,
      45.00657653808594,
      44.727962493896484,
      43.0174560546875
    ],
    [
      43.73798751831055,
      44.08252716064453,
      42.75016403198242,
      44.44151306152344,
      43.10166549682617,
      42.98942565917969,
      43.38205337524414,
      43.45650863647461,
