{
  "sigma_values": [
    0.0,
    0.01,
    0.02,
    0.03,
    0.05,
    0.07,
    0.1,
    0.12,
    0.15
  ],
  "metric_name": "quality_mismatch_only",
  "per_trial": [
    [
      44.03913116455078,
      44.03913116455078,
      44.03913116455078,
      44.03913116455078,
      44.03913116455078,
      44.03913116455078,
      44.03913116455078,
      44.03913116455078,
      44.03913116455078,
      44.03913116455078,
      44.03913116455078,
      44.03913116455078,
      44.03913116455078,
      44.03913116455078,
      44.03913116455078,
      44.03913116455078,
      44.03913116455078,
      44.03913116455078,
      44.03913116455078,
      44.03913116455078
    ],
    [
      43.804447174072266,
      44.00069046020508,
      44.208370208740234,
      44.012027740478516,
      44.00300216674805,
      44.265892028808594,
      43.962852478027344,
      43.74155044555664,
      43.9957160949707,
      44.43877410888672,
      44.14076614379883,
      44.10598373413086,
      44.1578369140625,
      43.92621612548828,
      44.13046646118164,
      43.91492462158203,
      43.90498733520508,
      43.89816665649414,
      43.94596481323242,
      44.40449523925781
    ],
    [
      44.29356384277344,
      44.78464126586914,
      44.11579132080078,
      43.787086486816406,
      44.87067413330078,
      44.110137939453125,
      44.60834884643555,
      43.98379898071289,
      43.99240493774414,
      43.32640838623047,
      44.0114860534668,
      44.23761749267578,
      44.48200225830078,
      44.212547302246094,
      43.82374572753906,
      44.03046417236328,
      43.60893249511719,
      43.983158111572266,
      44.50718307495117,
      44.108238220214844
    ],
    [
      44.08589172363281,
      43.96379089355469,
      44.67041778564453,
      43.215789794921875,
      43.98679733276367,
      44.13373947143555,
      44.62858963012695,
      44.48878479003906,
      44.52690887451172,
      44.6849365234375,
      44.21182632446289,
      43.36368179321289,
      44.542877197265625,
      44.804508209228516,
      43.62994384765625,
      42.79763412475586,
      44.40248489379883,
      43.5366096496582,
      44.606773376464844,
      44.60654830932617
    ],
    [
      42.582454681396484,
      43.60409927368164,
      42.93764877319336,
      44.38033676147461,
      42.08748245239258,
      42.83504104614258,
      44.26694107055664,
      44.49392318725586,
      44.88661193847656,
      43.83666229248047,
      44.76978302001953,
      44.16175079345703,
      45.48603057861328,
      42.9401741027832,
      44.1428337097168,
      44.59052658081055,
      44.95454025268555,
      45.73833084106445,
      42.89974594116211,
      45.52840042114258
    ],
    [
      45.292259216308594,
      43.94215774536133,
      43.5214958190918,
      42.953399658203125,
      40.820472717285156,
      42.855323791503906,
      42.95556640625,
      46.244110107421875,
      44.06772994995117,
      44.21098709106445,
      43.48809051513672,
      43.06125259399414,
      45.17136001586914,
      41.91392517089844,
      43.95982360839844,
      41.45851135253906,
      43.44654846191406,
      45.54043197631836,
      44.114898681640625,
      44.95100402832031
    ],
    [
      43.93638610839844,
      45.342350006103516,
      44.51616668701172,
      43.12803268432617,
      47.90687561035156,
      41.7705192565918,
      45.024574279785156,
      42.825260162353516,
      42.90092468261719,
      41.002872467041016,
      42.01036071777344,
      43.323909759521484,
      42.48261260986328,
      44.99494171142578,
      44.16237258911133,
      44.03263473510742,
      44.271385192871094,
      42.64933776855469,
      46.690162658691406,
      46.578643798828125
    ],
    [
      48.1591911315918,
      42.546669006347656,
      48.261253356933594,
      47.46750259399414,
      42.066158294677734,
      43.83112716674805,
      42.93986511230469,
      40.36433029174805,
      45.119197845458984,
      43.82011795043945,
      45.062889099121094,
      40.659542083740234,
      48.90794372558594,
      40.42603302001953,
      45.724971771240234,
      45.69202423095703,
      42.56546401977539,
      39.667362213134766,
      40.856361389160156,
      42.23408889770508
    ],
    [
      39.47307586669922,
      48.17639923095703,
      41.61445999145508,
      43.339393615722656,
      43.89765167236328,
      39.69145584106445,
      45.34929275512695,
      40.829383850097656,
      44.98141098022461,
      49.20858383178711,
      47.34025192260742,
      41.458309173583984,
      39.67146301269531,
      42.52665328979492,
      41.763126373291016,
      43.073638916015625,
      44.54526138305664,
      46.57551956176758,
      48.39725112915039,
      40.534156799316406
    ]
  ],
  "digital_baseline": 44.25008773803711,
  "ideal_analog_baseline": 44.03913116455078,
  "mean": [
    44.03913116455078,
    44.048156547546384,
    44.1439115524292,
    44.14442672729492,
    44.056165885925296,
    43.69846744537354,
    43.977516174316406,
    43.81860466003418,
    43.62233695983887
  ],
  "std": [
    0.0,
    0.17866799700034544,
    0.36938912331235696,
    0.5541644479637319,
    1.0324251709386882,
    1.3360305254983034,
    1.7204250297258306,
    2.803110603901445,
    3.020054718325157
  ],
  "normalized_mean": [
    0.9952326292608683,
    0.9954365923139821,
    0.997600542935949,
    0.9976121852827116,
    0.9956175939523592,
    0.9875340294028524,
    0.9938402028639053,
    0.9902489893227483,
    0.98581356986421
  ],
  "normalized_std": [
    0.0,
    0.0040376868416187005,
    0.008347760246243134,
    0.01252346551817965,
    0.023331596019666685,
    0.030192720371712608,
    0.038879584599037155,
    0.06334700668834851,
    0.0682496888187893
  ],
  "degradation_threshold_10pct": 0.15,
  "trial_seeds": {
    "digital_baseline": [
      101000345,
      101000346,
      101000347,
      101000348,
      101000349,
      101000350,
      101000351,
      101000352,
      101000353,
      101000354,
      101000355,
      101000356,
      101000357,
      101000358,
      101000359,
      101000360,
      101000361,
      101000362,
      101000363,
      101000364
    ],
    "ideal_analog_baseline": [
      202000648,
      202000649,
      202000650,
      202000651,
      202000652,
      202000653,
      202000654,
      202000655,
      202000656,
      202000657,
      202000658,
      202000659,
      202000660,
      202000661,
      202000662,
      202000663,
      202000664,
      202000665,
      202000666,
      202000667
    ],
    "per_trial": [
      [
        505081613,
        505081614,
        505081615,
        505081616,
        505081617,
        505081618,
        505081619,
        505081620,
        505081621,
        505081622,
        505081623,
        505081624,
        505081625,
        505081626,
        505081627,
        505081628,
        505081629,
        505081630,
        505081631,
        505081632
      ]
    ]
  },
  "metadata": {
    "arch": "neural_ode",
    "analog_domain": "conservative",
    "analog_substrate": "classic",
    "seed": 42,
    "pilot_profile_path": "/workspace/NEW_ACTUAL_RUNS/5-14/945/experiments/cross_arch_tolerance/results/profiles/neural_ode_profile_classic.json",
    "dynamics_diagnostics": {},
    "calibration": "runner: neural_ode(t,x), data+standard-normal states",
    "ablation_noise": "mismatch"
  },
  "normalized_mean_vs_ideal_analog": [
    1.0,
    1.000204940078447,
    1.0023792564727698,
    1.0023909545887884,
    1.0003868087522179,
    0.9922645222517137,
    0.998600903591759,
    0.9949924873928006,
    0.9905358213549996
  ],
  "normalized_std_vs_ideal_analog": [
    0.0,
    0.004057028199143127,
    0.008387747749430989,
    0.012583455515802854,
    0.023443359204364526,
    0.030337349765286438,
    0.03906582587420988,
    0.06365045199070149,
    0.0685766189855295
  ],