{
  "sigma_values": [
    0.0,
    0.01,
    0.02,
    0.03,
    0.05,
    0.07,
    0.1,
    0.12,
    0.15
  ],
  "metric_name": "quality_quantization_only",
  "per_trial": [
    [
      46.59148406982422,
      46.591495513916016,
      46.591495513916016,
      46.59148406982422,
      46.591495513916016,
      46.59146499633789,
      46.591487884521484,
      46.59146499633789,
      46.59149169921875,
      46.59148025512695
    ],
    [
      46.59146499633789,
      46.59147262573242,
      46.591495513916016,
      46.59146499633789,
      46.59146499633789,
      46.59148025512695,
      46.591487884521484,
      46.59147262573242,
      46.59147644042969,
      46.59147262573242
    ],
    [
      46.59148025512695,
      46.59147262573242,
      46.591468811035156,
      46.59144973754883,
      46.59148025512695,
      46.59147262573242,
      46.59149169921875,
      46.591468811035156,
      46.59148025512695,
      46.59148025512695
    ],
    [
      46.59148025512695,
      46.59148025512695,
      46.591487884521484,
      46.59147262573242,
      46.591495513916016,
      46.59147262573242,
      46.59147262573242,
      46.59147262573242,
      46.591487884521484,
      46.59148025512695
    ],
    [
      46.591453552246094,
      46.591487884521484,
      46.59148025512695,
      46.59146499633789,
      46.591495513916016,
      46.591495513916016,
      46.59146499633789,
      46.59147262573242,
      46.59147262573242,
      46.59148025512695
    ],
    [
      46.59147644042969,
      46.591495513916016,
      46.59150314331055,
      46.59148025512695,
      46.59146499633789,
      46.59146499633789,
      46.59148025512695,
      46.591468811035156,
      46.59147644042969,
      46.591468811035156
    ],
    [
      46.59145736694336,
      46.59147644042969,
      46.59148025512695,
      46.59147262573242,
      46.59145736694336,
      46.59150314331055,
      46.59146499633789,
      46.59147262573242,
      46.591468811035156,
      46.59146499633789
    ],
    [
      46.591487884521484,
      46.59146499633789,
      46.591453552246094,
      46.591495513916016,
      46.59146499633789,
      46.59148025512695,
      46.59146499633789,
      46.59150314331055,
      46.59148025512695,
      46.591468811035156
    ],
    [
      46.591468811035156,
      46.59147262573242,
      46.59148025512695,
      46.59146499633789,
      46.591495513916016,
      46.59148025512695,
      46.59147262573242,
      46.59144973754883,
      46.591453552246094,
      46.59150314331055
    ]
  ],
  "digital_baseline": 46.59147682189941,
  "mean": [
    46.591484451293944,
    46.591475296020505,
    46.591474533081055,
    46.59148025512695,
    46.59147682189941,
    46.591477966308595,
    46.59147186279297,
    46.59147644042969,
    46.59147415161133
  ],
  "std": [
    1.0983413733587623e-05,
    9.658042069375733e-06,
    1.0550931309462992e-05,
    7.62939453125e-06,
    1.3042694852660187e-05,
    1.2087234129146471e-05,
    1.2628895078465919e-05,
    1.4872427894300786e-05,
    1.5839034646626814e-05
  ],
  "normalized_mean": [
    1.0000001637508629,
    0.9999999672498274,
    0.9999999508747411,
    1.0000000736878882,
    1.0,
    1.0000000245626295,
    0.9999998935619392,
    0.9999999918124569,
    0.999999942687198
  ],
  "normalized_std": [
    2.3573869048136901e-07,
    2.0729203554320818e-07,
    2.264562540010265e-07,
    1.6375086285446852e-07,
    2.79937356407851e-07,
    2.5943015662180305e-07,
    2.7105590850320404e-07,
    3.192091968055044e-07,
    3.3995562551436414e-07
  ],
  "degradation_threshold_10pct": 0.15
}