{
  "sigma_values": [
    2.0,
    4.0,
    6.0,
    8.0,
    10.0,
    12.0,
    16.0
  ],
  "metric_name": "quality_vs_adc_bits_sigma0.050",
  "per_trial": [
    [
      45.533878326416016,
      47.363887786865234,
      48.80308151245117,
      46.49907302856445,
      44.7017822265625,
      47.01033401489258,
      45.24110794067383,
      48.448463439941406,
      45.1595344543457,
      46.76802444458008,
      46.13373565673828,
      46.65363693237305,
      47.2916259765625,
      48.44343185424805,
      47.8877067565918,
      46.95947265625,
      45.97322463989258,
      45.87662887573242,
      45.16646194458008,
      46.11408996582031,
      47.46185302734375,
      47.11283874511719,
      47.42996597290039,
      46.13984680175781,
      47.24924850463867
    ],
    [
      49.20905685424805,
      45.322139739990234,
      45.50440216064453,
      46.77546310424805,
      47.655845642089844,
      46.577781677246094,
      45.3437614440918,
      47.377593994140625,
      47.31239318847656,
      46.312313079833984,
      44.396175384521484,
      46.2951774597168,
      46.34989929199219,
      46.55029296875,
      46.59019088745117,
      45.20414352416992,
      47.45847702026367,
      47.244869232177734,
      47.901187896728516,
      46.17148971557617,
      45.79539489746094,
      46.243953704833984,
      45.6413459777832,
      48.32920837402344,
      46.847938537597656
    ],
    [
      47.02614974975586,
      45.879024505615234,
      45.948787689208984,
      45.601444244384766,
      47.424034118652344,
      47.07168197631836,
      45.696449279785156,
      48.05323028564453,
      46.68136978149414,
      48.86890411376953,
      46.53066635131836,
      47.35308074951172,
      45.54443359375,
      45.199588775634766,
      46.845611572265625,
      47.00731658935547,
      47.14463806152344,
      45.90985107421875,
      46.796600341796875,
      44.19033432006836,
      45.574180603027344,
      47.868682861328125,
      44.811683654785156,
      46.713829040527344,
      48.13606643676758
    ],
    [
      48.370906829833984,
      47.96392822265625,
      47.178688049316406,
      47.303245544433594,
      45.6179313659668,
      47.05189895629883,
      46.94081497192383,
      47.58041763305664,
      46.77375411987305,
      47.693626403808594,
      45.73772048950195,
      44.55385208129883,
      44.895320892333984,
      48.84345245361328,
      44.90596389770508,
      46.32757568359375,
      47.27046203613281,
      47.03047180175781,
      49.516048431396484,
      47.24296951293945,
      46.13286590576172,
      48.247344970703125,
      47.30035400390625,
      47.194522857666016,
      45.19761657714844
    ],
    [
      46.24079132080078,
      46.83061981201172,
      45.53398513793945,
      47.88050079345703,
      44.994110107421875,
      44.90106201171875,
      46.20631408691406,
      45.69382095336914,
      45.101402282714844,
      44.75505447387695,
      46.55535888671875,
      45.58566665649414,
      45.91609573364258,
      48.8585090637207,
      47.49185562133789,
      47.08243179321289,
      46.8151741027832,
      46.169288635253906,
      46.19586181640625,
      48.82942581176758,
      44.91949462890625,
      46.17097091674805,
      44.04479217529297,
      48.77875900268555,
      45.46884536743164
    ],
    [
      47.51790237426758,
      46.6670036315918,
      46.39076232910156,
      49.0281867980957,
      47.58287048339844,
      44.867427825927734,
      47.0743408203125,
      46.42023468017578,
      47.56266403198242,
      46.58339309692383,
      47.60152053833008,
      47.20213317871094,
      46.98420715332031,
      47.561370849609375,
      46.791175842285156,
      48.69672775268555,
      45.58761978149414,
      46.61689376831055,
      45.662593841552734,
      46.2581787109375,
      46.240665435791016,
      44.994049072265625,
      48.65101623535156,
      48.124969482421875,
      45.118804931640625
    ],
    [
      44.68181610107422,
      46.666717529296875,
      45.5501594543457,
      48.151939392089844,
      46.91816711425781,
      48.4115104675293,
      45.60042953491211,
      46.306884765625,
      46.015281677246094,
      45.41816329956055,
      45.7230224609375,
      46.8538818359375,
      45.48154067993164,
      46.33259582519531,
      46.556236267089844,
      47.329933166503906,
      45.60317611694336,
      46.25465393066406,
      46.391212463378906,
      44.71717834472656,
      46.21066665649414,
      44.75859451293945,
      46.713226318359375,
      45.84651184082031,
      44.740596771240234
    ]
  ],
  "digital_baseline": 46.59147750854492,
  "mean": [
    46.696917419433596,
    46.576419830322266,
    46.55510559082031,
    46.91487014770508,
    46.280807647705075,
    46.871468505859376,
    46.12936386108399
  ],
  "std": [
    1.0752987281669586,
    1.0636416418550225,
    1.0914315402750923,
    1.2316966414395525,
    1.2815469630636689,
    1.1031239625722695,
    0.9557435746391787
  ],
  "normalized_mean": [
    1.0022630729164865,
    0.9996768147517989,
    0.9992193439729844,
    1.0069410256221398,
    0.993332045312732,
    1.0060094895523137,
    0.9900815841829403
  ],
  "normalized_std": [
    0.023079300886514015,
    0.022829103062034246,
    0.023425561897557824,
    0.026436093193517165,
    0.027506038262655054,
    0.02367651814368745,
    0.020513270360741284
  ],
  "degradation_threshold_10pct": 16.0
}