{
  "sigma_values": [
    0.0,
    0.01,
    0.02,
    0.03,
    0.05,
    0.07,
    0.1,
    0.12,
    0.15
  ],
  "metric_name": "output_mse",
  "per_trial": [
    [
      -0.0703134760260582,
      -0.0703134760260582,
      -0.0703134760260582,
      -0.0703134760260582,
      -0.0703134760260582,
      -0.0703134760260582,
      -0.0703134760260582,
      -0.0703134760260582,
      -0.0703134760260582,
      -0.0703134760260582,
      -0.0703134760260582,
      -0.0703134760260582,
      -0.0703134760260582,
      -0.0703134760260582,
      -0.0703134760260582,
      -0.0703134760260582,
      -0.0703134760260582,
      -0.0703134760260582,
      -0.0703134760260582,
      -0.0703134760260582,
      -0.0703134760260582,
      -0.0703134760260582,
      -0.0703134760260582,
      -0.0703134760260582,
      -0.0703134760260582,
      -0.0703134760260582,
      -0.0703134760260582,
      -0.0703134760260582,
      -0.0703134760260582,
      -0.0703134760260582,
      -0.0703134760260582,
      -0.0703134760260582,
      -0.0703134760260582,
      -0.0703134760260582,
      -0.0703134760260582,
      -0.0703134760260582,
      -0.0703134760260582,
      -0.0703134760260582,
      -0.0703134760260582,
      -0.0703134760260582,
      -0.0703134760260582,
      -0.0703134760260582,
      -0.0703134760260582,
      -0.0703134760260582,
      -0.0703134760260582,
      -0.0703134760260582,
      -0.0703134760260582,
      -0.0703134760260582,
      -0.0703134760260582,
      -0.0703134760260582
    ],
    [
      -0.07032810896635056,
      -0.07086227089166641,
      -0.07049431651830673,
      -0.07018521428108215,
      -0.06962571293115616,
      -0.07046361267566681,
      -0.07001778483390808,
      -0.06985285878181458,
      -0.06998403370380402,
      -0.07033222913742065,
      -0.07024635374546051,
      -0.07030286639928818,
      -0.07017506659030914,
      -0.07025141268968582,
      -0.07070308178663254,
      -0.0709894672036171,
      -0.07014022022485733,
      -0.07022981345653534,
      -0.0700211152434349,
      -0.06987370550632477,
      -0.07019316405057907,
      -0.07071971893310547,
      -0.07002721726894379,
      -0.07022076845169067,
      -0.07009753584861755,
      -0.07013508677482605,
      -0.07021861523389816,
      -0.0703844279050827,
      -0.07017364352941513,
      -0.0695967897772789,
      -0.07009660452604294,
      -0.07052988559007645,
      -0.07053891569375992,
      -0.07058437913656235,
      -0.07080741226673126,
      -0.0704914927482605,
      -0.07044871151447296,
      -0.07044701278209686,
      -0.0698319748044014,
      -0.07059305161237717,
      -0.0702478215098381,
      -0.07010865211486816,
      -0.06959893554449081,
      -0.07008346915245056,
      -0.07033053785562515,
      -0.07047722488641739,
      -0.07011860609054565,
      -0.06996454298496246,
      -0.07002581655979156,
      -0.0703175887465477
    ],
    [
      -0.06985662877559662,
      -0.0685681626200676,
      -0.071049764752388,
      -0.07050730288028717,
      -0.07052545249462128,
      -0.07039456814527512,
      -0.07178904861211777,
      -0.07061982899904251,
      -0.06996160000562668,
      -0.06968031078577042,
      -0.07058946043252945,
      -0.06999601423740387,
      -0.0700700432062149,
      -0.06974883377552032,
      -0.07029340416193008,
      -0.07014021277427673,
      -0.0700884759426117,
      -0.07098112255334854,
      -0.06985487043857574,
      -0.06956438720226288,
      -0.07027799636125565,
      -0.07029500603675842,
      -0.07150863856077194,
      -0.0710541233420372,
      -0.07049612700939178,
      -0.07038681209087372,
      -0.07023158669471741,
      -0.07145243883132935,
      -0.07024532556533813,
      -0.06994769722223282,
      -0.06930360943078995,
      -0.06925829499959946,
      -0.07127179950475693,
      -0.07057705521583557,
      -0.07010413706302643,
      -0.07097019255161285,
      -0.06945518404245377,
      -0.06952455639839172,
      -0.07014676183462143,
      -0.07068847119808197,
      -0.07081923633813858,
      -0.07047861069440842,
      -0.07013098895549774,
      -0.07069431245326996,
      -0.06894665211439133,
      -0.07018394023180008,
      -0.07016962766647339,
      -0.07143719494342804,
      -0.06966006010770798,
      -0.070488341152668
    ],
    [
      -0.0713915154337883,
      -0.07023791968822479,
      -0.06944328546524048,
      -0.06981781125068665,
      -0.06990592926740646,
      -0.06936996430158615,
      -0.06970082968473434,
      -0.07130803912878036,
      -0.07051980495452881,
      -0.07033877819776535,
      -0.07026036828756332,
      -0.06958920508623123,
      -0.07116513699293137,
      -0.0700334906578064,
      -0.07189236581325531,
      -0.06986479461193085,
      -0.06998655945062637,
      -0.06962481886148453,
      -0.07026062905788422,
      -0.06941002607345581,
      -0.0708995833992958,
      -0.06961561739444733,
      -0.07080943137407303,
      -0.0690227672457695,
      -0.07060940563678741,
      -0.07170730829238892,
      -0.07090349495410919,
      -0.06979288905858994,
      -0.07124822586774826,
      -0.06937437504529953,
      -0.07010334730148315,
      -0.07011890411376953,
      -0.07091183960437775,
      -0.07092274725437164,
      -0.07137031108140945,
      -0.07253101468086243,
      -0.07062467187643051,
      -0.07048870623111725,
      -0.07152850180864334,
      -0.07149289548397064,
      -0.07155667245388031,
      -0.07178446650505066,
      -0.0713939294219017,
      -0.0712876245379448,
      -0.06962469965219498,
      -0.07021979987621307,
      -0.06967463344335556,
      -0.06876835227012634,
      -0.07164204120635986,
      -0.06976525485515594
    ],
    [
      -0.06919649988412857,
      -0.07212401926517487,
      -0.0718451514840126,
      -0.06927299499511719,
      -0.07154526561498642,
      -0.0695524737238884,
      -0.07263852655887604,
      -0.06989333778619766,
      -0.07027697563171387,
      -0.07180511206388474,
      -0.06929035484790802,
      -0.06704956293106079,
      -0.07067820429801941,
      -0.07198487222194672,
      -0.07068837434053421,
      -0.07101469486951828,
      -0.06946089118719101,
      -0.0714208334684372,
      -0.06780841201543808,
      -0.06916418671607971,
      -0.0718710720539093,
      -0.06991516053676605,
      -0.0725717544555664,
      -0.06880765408277512,
      -0.06945374608039856,
      -0.07027490437030792,
      -0.07256975769996643,
      -0.07121691852807999,
      -0.06869074702262878,
      -0.06916607171297073,
      -0.07052809745073318,
      -0.07015590369701385,
      -0.07254984974861145,
      -0.06912032514810562,
      -0.07133123278617859,
      -0.06937936693429947,
      -0.07488951086997986,
      -0.0698583796620369,
      -0.07020849734544754,
      -0.07081013172864914,
      -0.07016593962907791,
      -0.07183477282524109,
      -0.0702962651848793,
      -0.0717657133936882,
      -0.07029712945222855,
      -0.06951528787612915,
      -0.06910302489995956,
      -0.07117518782615662,
      -0.06954120099544525,
      -0.07005500793457031
    ],
    [
      -0.0726204439997673,
      -0.07210240513086319,
      -0.06692694872617722,
      -0.07057032734155655,
      -0.07031869143247604,
      -0.07336999475955963,
      -0.06889611482620239,
      -0.067853644490242,
      -0.07172633707523346,
      -0.06815029680728912,
      -0.07153798639774323,
      -0.06962859630584717,
      -0.07157647609710693,
      -0.06945852935314178,
      -0.06983593851327896,
      -0.06951623409986496,
      -0.0715949535369873,
      -0.07147601246833801,
      -0.07119458168745041,
      -0.0730944573879242,
      -0.075836680829525,
      -0.07049024850130081,
      -0.06786984205245972,
      -0.0670248344540596,
      -0.06686979532241821,
      -0.07234037667512894,
      -0.06882474571466446,
      -0.07045979052782059,
      -0.06725108623504639,
      -0.07006477564573288,
