{
  "sigma_values": [
    2.0,
    4.0,
    6.0,
    8.0,
    10.0,
    12.0,
    16.0
  ],
  "metric_name": "quality_vs_adc_bits_sigma0.050",
  "per_trial": [
    [
      73.32469177246094,
      47.004451751708984,
      44.58769607543945,
      61.37672424316406,
      60.60736083984375,
      28.359588623046875,
      76.87206268310547,
      87.16230010986328,
      58.00608825683594,
      28.27118492126465,
      39.517024993896484,
      74.11701965332031,
      57.14564514160156,
      18.45050811767578,
      10.34343147277832,
      33.35212326049805,
      78.66277313232422,
      49.85163497924805,
      54.25611114501953,
      92.83206176757812,
      83.41918182373047,
      -1.2920031547546387,
      70.58836364746094,
      4.241006374359131,
      31.387596130371094,
      59.729339599609375,
      9.58485221862793,
      68.5602798461914,
      62.68058776855469,
      34.28376770019531,
      46.60188674926758,
      87.74153900146484,
      11.825435638427734,
      70.7680892944336,
      20.099565505981445,
      18.471418380737305,
      28.279579162597656,
      44.37473678588867,
      52.5862922668457,
      64.22427368164062,
      47.404029846191406,
      80.46724700927734,
      48.672447204589844,
      67.3725814819336,
      55.18385314941406,
      64.01849365234375,
      74.69168853759766,
      75.60673522949219,
      67.92234802246094,
      47.2244873046875
    ],
    [
      30.296512603759766,
      43.95756912231445,
      71.4631576538086,
      21.32516098022461,
      30.64914321899414,
      52.525394439697266,
      58.8236198425293,
      72.82388305664062,
      31.467220306396484,
      14.381855964660645,
      20.631898880004883,
      16.08341407775879,
      73.81501770019531,
      40.90507888793945,
      55.8012580871582,
      68.81771850585938,
      24.07839584350586,
      2.0187220573425293,
      63.35124969482422,
      52.243316650390625,
      76.20732116699219,
      75.64501953125,
      25.536314010620117,
      83.56436920166016,
      72.98817443847656,
      81.33921813964844,
      52.98965835571289,
      45.37067413330078,
      -25.499568939208984,
      61.64482116699219,
      26.291872024536133,
      73.26214599609375,
      56.540618896484375,
      45.50580596923828,
      70.71221923828125,
      -49.536861419677734,
      32.77964401245117,
      42.045196533203125,
      42.438663482666016,
      59.9246940612793,
      59.22256851196289,
      32.552284240722656,
      69.59346008300781,
      22.076129913330078,
      33.52810287475586,
      32.40510940551758,
      18.796798706054688,
      74.2110366821289,
      26.08540153503418,
      56.12003707885742
    ],
    [
      74.93241882324219,
      56.41529083251953,
      83.20817565917969,
      50.9005012512207,
      90.09538269042969,
      61.678680419921875,
      32.504432678222656,
      4.787172317504883,
      11.157225608825684,
      -8.421661376953125,
      16.759286880493164,
      62.860382080078125,
      42.6477165222168,
      53.62841796875,
      75.72283172607422,
      89.10311126708984,
      7.610787868499756,
      49.925514221191406,
      12.028672218322754,
      2.9863972663879395,
      85.37073516845703,
      38.372440338134766,
      41.1987190246582,
      31.5228328704834,
      62.42562484741211,
      45.54154968261719,
      20.505577087402344,
      66.66151428222656,
      34.532745361328125,
      0.47751399874687195,
      3.4450528621673584,
      31.29076385498047,
      47.372928619384766,
      57.68202590942383,
      33.85430908203125,
      67.07171630859375,
      54.24424362182617,
      29.531946182250977,
      40.56607437133789,
      45.88577651977539,
      46.43061828613281,
      63.078880310058594,
      62.03077697753906,
      64.57801818847656,
      25.451297760009766,
      62.48738479614258,
      51.063873291015625,
      31.354228973388672,
      28.059083938598633,
      80.68058013916016
    ],
    [
      -1.1257081031799316,
      6.536768913269043,
      39.93484878540039,
      31.06649398803711,
      58.06053924560547,
      0.449198454618454,
      30.281145095825195,
      61.393165588378906,
      29.405555725097656,
      12.768940925598145,
      32.44601821899414,
      72.17976379394531,
      38.655792236328125,
      64.51439666748047,
      2.615746021270752,
      89.20921325683594,
      71.91532897949219,
      90.37109375,
      63.94921875,
      28.164508819580078,
      39.25442123413086,
      16.0684757232666,
      59.29922103881836,
      39.6093635559082,
      56.098995208740234,
      32.8270149230957,
      59.236061096191406,
      64.34550476074219,
      45.34621810913086,
      61.11909866333008,
      38.83915328979492,
      45.646873474121094,
      24.872297286987305,
      64.17574310302734,
      72.81729125976562,
      58.745933532714844,
      24.53858757019043,
      89.9046859741211,
      34.132041931152344,
      87.85051727294922,
      33.49268341064453,
      35.132225036621094,
      61.587181091308594,
      34.791744232177734,
      78.75434875488281,
      22.778732299804688,
      50.854644775390625,
      11.46856689453125,
      31.31781005859375,
      95.70683288574219
    ],
    [
      79.53126525878906,
      63.11567306518555,
      57.177581787109375,
      50.01140213012695,
      -4.1554856300354,
      64.70417022705078,
      13.064253807067871,
      18.640336990356445,
      59.444175720214844,
      76.10430908203125,
      54.436363220214844,
      36.11275100708008,
      52.46143341064453,
      62.394065856933594,
      56.79584884643555,
      15.907492637634277,
      75.90367889404297,
      0.34612298011779785,
      57.732975006103516,
      58.198204040527344,
      75.25753021240234,
      56.60026168823242,
      81.86785125732422,
      48.91956329345703,
      83.15972900390625,
      38.02438735961914,
      80.2770767211914,
      41.152992248535156,
      57.99272918701172,
      19.99906349182129,
      30.47184181213379,
      63.02139663696289,
      13.14752197265625,
      60.84821319580078,
      54.80280685424805,
      77.25627136230469,
      3.115035057067871,
      82.94390869140625,
      68.83506774902344,
      24.560958862304688,
      113.99934387207031,
      57.61387634277344,
      65.31243896484375,
      27.32425880432129,
      62.465816497802734,
      45.746307373046875,
      66.47373962402344,
      29.232990264892578,
      70.01557922363281,
      59.21080017089844
    ],
    [
      62.93754577636719,
      42.423789978027344,
      42.45335388183594,
      80.20236206054688,
      26.13808822631836,
      71.73876953125,
      83.80001068115234,
      49.8773078918457,
      28.448322296142578,
      51.999149322509766,
      71.73106384277344,
      76.04242706298828,
      32.42982482910156,
      50.175968170166016,
      45.050018310546875,
      41.25984573364258,
      62.2568473815918,
      45.35488510131836,
      26.34132194519043,
      66.519287109375,
      48.56463623046875,
      63.05532455444336,
      46.78451156616211,
      40.68257141113281,
      75.20743560791016,
      77.2726821899414,
      68.37715911865234,
      51.46823501586914,
      74.170654296875,
      68.13276672363281,
      47.52775955200195,
      72.42969512939453,
      57.47507095336914,
      39.832275390625,
      65.298095703125,
      12.048297882080078,
      45.896297454833984,
      -4.62853479385376,
      62.36697006225586,
      29.653345108032227,
      1.336549162864685,
      58.88804244995117,
      72.5763931274414,
      62.535606384277344,
      58.62088394165039,
      60.039146423339844,
      26.119583129882812,
      56.69010543823242,
      38.77555465698242,
      85.44732666015625
    ],
    [
      0.18977314233779907,
      48.208431243896484,
      36.69586944580078,
      32.98906707763672,
      29.31834602355957,
      22.22214126586914,
      35.48445510864258,
      77.59305572509766,
