{
  "sigma_values": [
    0.0,
    0.01,
    0.02,
    0.03,
    0.05,
    0.07,
    0.1,
    0.12,
    0.15
  ],
  "metric_name": "quality",
  "per_trial": [
    [
      39.0869140625,
      39.08693313598633,
      39.0869140625,
      39.086910247802734,
      39.0869140625,
      39.08694076538086,
      39.086936950683594,
      39.08689498901367,
      39.08690643310547,
      39.0869140625,
      39.08692932128906,
      39.08693313598633,
      39.086936950683594,
      39.08693313598633,
      39.086891174316406,
      39.0869140625,
      39.08692932128906,
      39.086910247802734,
      39.0869140625,
      39.08692932128906,
      39.08694839477539,
      39.0869255065918,
      39.08692932128906,
      39.08693313598633,
      39.08690643310547,
      39.08693313598633,
      39.086944580078125,
      39.0869255065918,
      39.0869255065918,
      39.08694839477539,
      39.08692932128906,
      39.086944580078125,
      39.086936950683594,
      39.08694076538086,
      39.086936950683594,
      39.08694839477539,
      39.08690643310547,
      39.08692932128906,
      39.0869255065918,
      39.08693313598633,
      39.08693313598633,
      39.0869255065918,
      39.0869255065918,
      39.08694839477539,
      39.0869140625,
      39.086891174316406,
      39.086910247802734,
      39.086936950683594,
      39.08694839477539,
      39.08693313598633
    ],
    [
      39.01540756225586,
      39.11261749267578,
      39.33504867553711,
      39.173377990722656,
      39.22837829589844,
      39.06403350830078,
      39.13208770751953,
      38.89710998535156,
      39.18291473388672,
      38.94921112060547,
      39.23971176147461,
      39.11781692504883,
      38.99779510498047,
      39.0279541015625,
      39.31972885131836,
      38.93442916870117,
      39.168540954589844,
      39.00157928466797,
      39.217750549316406,
      38.747642517089844,
      39.1619873046875,
      39.13909149169922,
      39.26353454589844,
      38.95367431640625,
      38.92475509643555,
      38.96150588989258,
      39.18889617919922,
      39.05250930786133,
      39.29004669189453,
      39.15920639038086,
      39.033294677734375,
      39.11820602416992,
      39.15766143798828,
      39.28143310546875,
      38.649322509765625,
      39.160858154296875,
      38.93645477294922,
      39.26972961425781,
      39.46187210083008,
      39.07538604736328,
      39.205360412597656,
      39.08588790893555,
      39.32912826538086,
      39.10102844238281,
      39.40821075439453,
      39.236000061035156,
      39.280948638916016,
      39.269866943359375,
      39.101009368896484,
      39.154964447021484
    ],
    [
      38.944393157958984,
      38.99443817138672,
      39.43899154663086,
      38.669273376464844,
      38.688262939453125,
      38.880313873291016,
      38.823673248291016,
      39.02971649169922,
      38.571563720703125,
      39.13125228881836,
      39.10233688354492,
      38.477882385253906,
      39.02739334106445,
      38.87816619873047,
      39.245262145996094,
      39.04800796508789,
      39.72578430175781,
      39.37428283691406,
      38.8311653137207,
      39.18593215942383,
      38.76689529418945,
      39.090145111083984,
      39.05009078979492,
      39.10931396484375,
      38.84660339355469,
      38.38797378540039,
      38.9434700012207,
      39.1470832824707,
      39.11418533325195,
      39.01350784301758,
      39.189151763916016,
      39.03657913208008,
      39.267845153808594,
      39.4629020690918,
      39.049659729003906,
      39.27051544189453,
      38.75323486328125,
      39.12409591674805,
      39.16713333129883,
      38.838924407958984,
      39.73501205444336,
      38.81721115112305,
      38.58243942260742,
      38.68947982788086,
      38.5330696105957,
      38.958229064941406,
      39.205928802490234,
      39.4399299621582,
      39.44882583618164,
      39.152565002441406
    ],
    [
      39.2891731262207,
      39.41708755493164,
      38.81526565551758,
      39.7818603515625,
      39.06491470336914,
      39.389137268066406,
      39.84050369262695,
      39.1928596496582,
      38.86968994140625,
      38.63130569458008,
      39.480377197265625,
      38.63441467285156,
      39.34553909301758,
      38.81003189086914,
      39.07184600830078,
      38.00323486328125,
      38.19288635253906,
      39.82710266113281,
      39.1432991027832,
      39.21756362915039,
      38.61853790283203,
      38.453330993652344,
      38.4603157043457,
      39.536109924316406,
      39.178741455078125,
      39.38425827026367,
      37.963687896728516,
      39.38551712036133,
      39.37146759033203,
      39.107391357421875,
      39.16949462890625,
      39.93133544921875,
      38.847312927246094,
      39.1007080078125,
      39.74135208129883,
      38.51369094848633,
      39.65066909790039,
      38.862213134765625,
      38.555484771728516,
      38.98064422607422,
      39.096126556396484,
      39.659446716308594,
      39.247596740722656,
      39.12375259399414,
      38.438289642333984,
      38.52738571166992,
      39.08683776855469,
      38.20193862915039,
      39.68893814086914,
      38.60737991333008
    ],
    [
      39.56557083129883,
      38.87726974487305,
      39.94017791748047,
      39.0373649597168,
      38.56613540649414,
      38.967018127441406,
      37.30915451049805,
      38.83607864379883,
      38.06161117553711,
      38.93818283081055,
      40.183963775634766,
      41.82245635986328,
      39.264732360839844,
      39.12655258178711,
      39.44197082519531,
      37.73967361450195,
      37.97866439819336,
      38.55710983276367,
      39.02058410644531,
      38.549156188964844,
      39.47187042236328,
      37.76584243774414,
      39.49775695800781,
      38.009498596191406,
      40.337947845458984,
      38.66918182373047,
      38.49588394165039,
      39.36354064941406,
      38.949974060058594,
      39.78147888183594,
      38.9284553527832,
      40.2149772644043,
      37.82221984863281,
      39.2810173034668,
      37.87678909301758,
      38.30601119995117,
      38.14183044433594,
      38.49041748046875,
      39.59149932861328,
      38.95710372924805,
      39.62131881713867,
      37.96236038208008,
      39.116756439208984,
      38.87621307373047,
      37.74272918701172,
      38.41038513183594,
      38.649471282958984,
      40.08205795288086,
      40.12902069091797,
      39.579933166503906
    ],
    [
      39.31760787963867,
      39.99055480957031,
      37.537437438964844,
      38.86377716064453,
      39.356327056884766,
      38.909698486328125,
      37.317604064941406,
      38.741188049316406,
      38.35819625854492,
      38.22867965698242,
      39.642608642578125,
      40.340946197509766,
      39.839569091796875,
      38.992034912109375,
      37.7949104309082,
      39.44041061401367,
      41.87711715698242,
      39.22202682495117,
      39.80232620239258,
      38.48929977416992,
      38.70409393310547,
      36.54629135131836,
      37.07822036743164,
      39.612464904785156,
      40.814666748046875,
      40.65211868286133,
      38.82081604003906,
      38.67514419555664,
      39.26381301879883,
      38.42053985595703,
      39.01860046386719,
      37.832645416259766,
      39.84333801269531,
      38.43486022949219,
      38.91843795776367,
      38.88899612426758,
      38.38387680053711,
      38.63798904418945,
      40.143680572509766,
      39.56088638305664,
      38.548828125,
      38.12431335449219,
      38.343814849853516,
      39.318668365478516,
      39.029422760009766,
      39.14024353027344,
      40.59273910522461,
      37.84954833984375,
      39.57204818725586,
      38.767112731933594
    ],
    [
      40.65077209472656,
      38.51841735839844,
      36.20695495605469,
      39.845211029052734,
      35.6944694519043,
      39.1829719543457,
      37.852439880371094,
      36.76262283325195,
      37.65310287475586,
