{
  "sigma_values": [
    2.0,
    4.0,
    6.0,
    8.0,
    10.0,
    12.0,
    16.0
  ],
  "metric_name": "quality_vs_adc_bits_sigma0.050",
  "per_trial": [
    [
      45.0742301940918,
      43.410030364990234,
      44.11820602416992,
      43.547508239746094,
      44.341033935546875,
      44.06278991699219,
      44.55174255371094,
      44.44562530517578,
      43.1973762512207,
      41.89463424682617,
      42.87310028076172,
      43.055763244628906,
      44.87812805175781,
      42.5447998046875,
      44.324195861816406,
      42.43303298950195,
      42.13363265991211,
      43.19180679321289,
      45.649742126464844,
      44.05970764160156,
      44.686275482177734,
      42.6903076171875,
      43.314876556396484,
      43.47823715209961,
      43.930816650390625,
      44.87492370605469,
      44.259246826171875,
      45.65296173095703,
      42.618003845214844,
      43.70878601074219,
      43.32407760620117,
      45.694618225097656,
      44.59184646606445,
      43.959556579589844,
      43.924007415771484,
      43.034908294677734,
      42.427677154541016,
      44.749549865722656,
      44.990360260009766,
      42.86204147338867,
      43.24916076660156,
      44.40681457519531,
      43.61893081665039,
      45.02043151855469,
      44.028446197509766,
      43.8109016418457,
      43.48360824584961,
      44.05080032348633,
      44.195491790771484,
      43.68171310424805
    ],
    [
      44.99401092529297,
      43.403846740722656,
      44.05094528198242,
      43.955894470214844,
      42.058040618896484,
      42.9729118347168,
      43.2432746887207,
      44.20551300048828,
      44.84558868408203,
      42.60588836669922,
      43.229736328125,
      42.56532287597656,
      44.24662780761719,
      44.45096969604492,
      44.21916961669922,
      45.21397018432617,
      43.91364288330078,
      43.50286102294922,
      43.41469192504883,
      43.85587692260742,
      43.85255432128906,
      43.76448440551758,
      43.149620056152344,
      43.422401428222656,
      43.763587951660156,
      44.29057312011719,
      43.4428825378418,
      44.55908203125,
      45.990211486816406,
      43.10011672973633,
      43.29718017578125,
      43.5768928527832,
      43.61553192138672,
      44.30482864379883,
      44.4827995300293,
      44.74203109741211,
      45.1254768371582,
      43.02013397216797,
      44.21699523925781,
      42.17570877075195,
      44.127685546875,
      43.04438400268555,
      43.375579833984375,
      43.796844482421875,
      42.58378982543945,
      41.88943862915039,
      43.69955062866211,
      42.448448181152344,
      44.32236099243164,
      43.786808013916016
    ],
    [
      44.554229736328125,
      43.436302185058594,
      45.908267974853516,
      42.69902038574219,
      42.98139190673828,
      44.80105972290039,
      46.06504821777344,
      43.282405853271484,
      43.36409378051758,
      42.69076156616211,
      43.87889862060547,
      43.25303268432617,
      45.456321716308594,
      44.23157501220703,
      45.03764724731445,
      45.17268371582031,
      43.47073745727539,
      43.790855407714844,
      44.186527252197266,
      44.6872444152832,
      43.79749298095703,
      43.499820709228516,
      43.67264175415039,
      41.97528076171875,
      46.241233825683594,
      43.02265167236328,
      43.97944259643555,
      43.79041290283203,
      44.17731475830078,
      43.12035369873047,
      44.57536315917969,
      44.85467529296875,
      42.03293228149414,
      44.4554557800293,
      43.927120208740234,
      43.82960510253906,
      43.897518157958984,
      44.45842361450195,
      44.625728607177734,
      44.69109344482422,
      46.22530746459961,
      42.962440490722656,
      43.73863983154297,
      44.894287109375,
      44.69118881225586,
      44.36842346191406,
      43.7900505065918,
      44.223445892333984,
      43.58020782470703,
      45.43137741088867
    ],
    [
      42.79936981201172,
      45.918087005615234,
      44.7956428527832,
      44.67850875854492,
      44.480587005615234,
      43.01736831665039,
      44.18070983886719,
      44.00693130493164,
      45.81031799316406,
      44.54953384399414,
      43.97642517089844,
      44.17017364501953,
      43.34096908569336,
      44.37652587890625,
      43.36648178100586,
      42.764869689941406,
      43.94683074951172,
      43.241722106933594,
      43.728702545166016,
      42.755619049072266,
      44.58356857299805,
      43.585025787353516,
      42.38953399658203,
      45.21607208251953,
      43.0583610534668,
      44.85614013671875,
      44.16000747680664,
      43.31650924682617,
      41.88261413574219,
      44.930606842041016,
      43.9162483215332,
      42.44187545776367,
      43.072021484375,
      43.80012893676758,
      46.33011245727539,
      45.28858184814453,
      44.643646240234375,
      44.36051940917969,
      43.346378326416016,
      44.926422119140625,
      41.883575439453125,
      42.381595611572266,
      45.346073150634766,
      43.218360900878906,
      43.33447265625,
      43.56572341918945,
      43.12111282348633,
      43.86674118041992,
      42.90814971923828,
      43.84074783325195
    ],
    [
      45.7017707824707,
      45.47705841064453,
      45.36224365234375,
      44.45482635498047,
      42.35722732543945,
      43.00000762939453,
      44.877098083496094,
      42.84568786621094,
      44.05233383178711,
      44.812232971191406,
      43.17475509643555,
      43.96696090698242,
      44.71154022216797,
      41.53611373901367,
      45.89268112182617,
      40.933753967285156,
      43.971370697021484,
      44.39662551879883,
      42.542633056640625,
      41.81306457519531,
      41.14186096191406,
      44.742618560791016,
      43.3791389465332,
      43.975669860839844,
      44.63536071777344,
      42.79299545288086,
      43.34972381591797,
      42.135494232177734,
      42.74674606323242,
      43.53377914428711,
      44.48832702636719,
      43.90890884399414,
      43.763118743896484,
      45.47315979003906,
      44.6702766418457,
      43.29180145263672,
      42.146759033203125,
      44.89908981323242,
      44.88809585571289,
      44.02195358276367,
      43.54281997680664,
      43.64375305175781,
      44.72661209106445,
      43.92704391479492,
      44.728519439697266,
      42.78446960449219,
      44.7979736328125,
      43.068626403808594,
      45.386573791503906,
      44.052791595458984
    ],
    [
      44.75197982788086,
      43.522674560546875,
      43.11665344238281,
      42.6713752746582,
      44.1526985168457,
      44.4050407409668,
      44.39410400390625,
      44.53280258178711,
      42.639129638671875,
      42.978057861328125,
      45.02496337890625,
      43.24907302856445,
      44.49734878540039,
      44.937564849853516,
      43.11521530151367,
      44.78480529785156,
      43.27595520019531,
      44.42022705078125,
      44.022987365722656,
      43.21049118041992,
      41.37031936645508,
      44.803653717041016,
      44.33428955078125,
      45.43351745605469,
      44.479312896728516,
      45.635292053222656,
      43.52766036987305,
      44.55060958862305,
      44.22060775756836,
      44.10564422607422,
      43.74062728881836,
      43.90998077392578,
      43.702980041503906,
      44.7591552734375,
      43.87852096557617,
      43.30821228027344,
      46.382686614990234,
      43.61997604370117,
      43.53029251098633,
      42.83024597167969,
      43.91901397705078,
      45.358394622802734,
      44.74118423461914,
      43.38710403442383,
      45.452213287353516,
      43.995792388916016,
      44.60287857055664,
      44.49100112915039,
      44.87348175048828,
      43.83600997924805
    ],
    [
      42.96416473388672,
      43.88032913208008,
      42.5186882019043,
      42.63182067871094,
      44.421993255615234,
      42.65464401245117,
      44.5975341796875,
      43.29982376098633,
