{
  "sigma_values": [
    0.0,
    0.01,
    0.02,
    0.03,
    0.05,
    0.07,
    0.1,
    0.12,
    0.15
  ],
  "metric_name": "quality_mismatch_only",
  "per_trial": [
    [
      40.22233581542969,
      40.22233581542969,
      40.22233581542969,
      40.22233581542969,
      40.22233581542969,
      40.22233581542969,
      40.22233581542969,
      40.22233581542969,
      40.22233581542969,
      40.22233581542969
    ],
    [
      40.11796951293945,
      40.25534439086914,
      40.21412658691406,
      40.02937698364258,
      40.035911560058594,
      40.24573516845703,
      40.358848571777344,
      40.07820510864258,
      40.12492370605469,
      40.48720169067383
    ],
    [
      40.27375411987305,
      39.88908767700195,
      40.04904556274414,
      40.04407501220703,
      40.42182922363281,
      39.961891174316406,
      39.76841354370117,
      40.14494323730469,
      40.117034912109375,
      39.31611251831055
    ],
    [
      41.025665283203125,
      40.090938568115234,
      41.39157485961914,
      39.88357162475586,
      40.18975067138672,
      39.8825569152832,
      40.111751556396484,
      39.65578079223633,
      40.260318756103516,
      39.86708068847656
    ],
    [
      38.95259094238281,
      38.82353973388672,
      39.77501678466797,
      40.064491271972656,
      40.8668212890625,
      39.092708587646484,
      41.151390075683594,
      38.45471954345703,
      40.78916549682617,
      39.8030891418457
    ],
    [
      41.695980072021484,
      41.222286224365234,
      40.146175384521484,
      41.49522018432617,
      39.01782989501953,
      39.319759368896484,
      40.75723648071289,
      38.386634826660156,
      41.332576751708984,
      40.54305648803711
    ],
    [
      41.3345832824707,
      40.10967254638672,
      39.89955139160156,
      39.03623580932617,
      41.622657775878906,
      38.12838363647461,
      38.67841720581055,
      39.01232147216797,
      37.21892547607422,
      42.10447692871094
    ],
    [
      43.2768440246582,
      42.798675537109375,
      38.75799560546875,
      41.449222564697266,
      36.95901107788086,
      39.38661575317383,
      40.36905288696289,
      41.545345306396484,
      37.778743743896484,
      38.530574798583984
    ],
    [
      38.7032585144043,
      39.288455963134766,
      36.78275680541992,
      43.77725601196289,
      42.519195556640625,
      36.569698333740234,
      40.428287506103516,
      41.47791290283203,
      44.060787200927734,
      38.916908264160156
    ]
  ],
  "digital_baseline": 40.22233581542969,
  "mean": [
    40.22233581542969,
    40.19476432800293,
    39.99861869812012,
    40.23589897155762,
    39.777353286743164,
    40.391675567626955,
    39.71452255249024,
    40.085208129882815,
    40.252451705932614
  ],
  "std": [
    0.0,
    0.14001232127042862,
    0.2875767930602959,
    0.52153800167876,
    0.8938618009022211,
    1.084790118356944,
    1.5145412800662994,
    2.034252786994592,
    2.535998509885394
  ],
  "normalized_mean": [
    1.0,
    0.99931452296671,
    0.9944379879294889,
    1.000337204586779,
    0.988936929701735,
    1.0042100924465034,
    0.987374844035173,
    0.9965907577775662,
    1.0007487354946545
  ],
  "normalized_std": [
    0.0,
    0.0034809594826344845,
    0.007149679083281349,
    0.01296637778750514,
    0.02222302068691214,
    0.026969843903018872,
    0.03765423487626759,
    0.050575202701535614,
    0.0630495086491859
  ],
  "degradation_threshold_10pct": 0.15
}