{
  "sigma_values": [
    2.0,
    4.0,
    6.0,
    8.0,
    10.0,
    12.0,
    16.0
  ],
  "metric_name": "quality_vs_adc_bits_sigma0.050",
  "per_trial": [
    [
      43.25352478027344,
      44.71969985961914,
      44.08407211303711,
      44.54991912841797,
      44.55259704589844,
      44.63936996459961,
      44.24692153930664,
      44.99753189086914,
      43.55764389038086,
      42.952178955078125,
      45.75225067138672,
      43.54598617553711,
      44.049564361572266,
      42.57913589477539,
      43.27128219604492,
      43.32943344116211,
      44.96406173706055,
      43.20429611206055,
      44.68107986450195,
      45.23824691772461,
      44.10529327392578,
      42.4641227722168,
      43.69112777709961,
      44.67820358276367,
      43.97262954711914,
      44.1074333190918,
      43.87211227416992,
      43.3987922668457,
      45.65242385864258,
      44.988704681396484,
      43.89467239379883,
      42.57157516479492,
      43.51538848876953,
      45.10847854614258,
      43.77287673950195,
      44.13139343261719,
      43.13097381591797,
      42.46977996826172,
      45.284061431884766,
      43.43553161621094,
      44.067893981933594,
      44.04045486450195,
      41.691314697265625,
      43.81936264038086,
      43.09909439086914,
      43.77211380004883,
      45.32513427734375,
      45.99099349975586,
      43.689266204833984,
      44.35631561279297
    ],
    [
      45.05914306640625,
      43.48748779296875,
      45.25550842285156,
      43.48896408081055,
      42.93855285644531,
      44.39569854736328,
      44.619163513183594,
      44.06952667236328,
      44.46702575683594,
      45.752010345458984,
      43.70465850830078,
      44.18303298950195,
      43.59897232055664,
      45.003143310546875,
      43.4986572265625,
      43.8652229309082,
      43.35380935668945,
      43.50082015991211,
      43.509735107421875,
      44.33761978149414,
      42.383934020996094,
      43.309879302978516,
      43.39921951293945,
      45.236305236816406,
      44.361568450927734,
      44.70824432373047,
      44.02137756347656,
      44.41606903076172,
      44.43715286254883,
      44.35961151123047,
      44.2392463684082,
      43.34909439086914,
      42.36054611206055,
      42.706993103027344,
      44.91954803466797,
      44.004188537597656,
      44.80597686767578,
      43.70708084106445,
      43.80482864379883,
      44.06589126586914,
      42.736732482910156,
      43.62674331665039,
      43.50456237792969,
      42.64563751220703,
      43.90521240234375,
      42.6646728515625,
      43.67394256591797,
      43.87202835083008,
      45.35595703125,
      43.516056060791016
    ],
    [
      44.06538391113281,
      43.809486389160156,
      45.56730270385742,
      43.8236198425293,
      43.393489837646484,
      44.400245666503906,
      45.095218658447266,
      44.30784606933594,
      43.77909851074219,
      42.872535705566406,
      44.17326736450195,
      44.50760269165039,
      43.82512664794922,
      43.64138412475586,
      43.98805236816406,
      44.488216400146484,
      45.5837287902832,
      44.11416244506836,
      43.192752838134766,
      43.73143768310547,
      44.050392150878906,
      44.41088104248047,
      43.378578186035156,
      44.523231506347656,
      44.33899688720703,
      44.887596130371094,
      44.2368049621582,
      44.08127212524414,
      42.751495361328125,
      44.23175811767578,
      43.358497619628906,
      44.50121307373047,
      43.415836334228516,
      43.882774353027344,
      43.141883850097656,
      44.351139068603516,
      43.26738357543945,
      43.161502838134766,
      43.632415771484375,
      44.57706069946289,
      43.801971435546875,
      44.70999526977539,
      43.13408660888672,
      43.94093322753906,
      43.3332633972168,
      44.3643913269043,
      42.930999755859375,
      43.8876953125,
      44.43724060058594,
      43.261627197265625
    ],
    [
      42.09331130981445,
      43.22480773925781,
      43.260948181152344,
      44.35748291015625,
      43.339534759521484,
      44.622894287109375,
      43.804344177246094,
      44.4299201965332,
      44.21240234375,
      44.823211669921875,
      43.42082214355469,
      44.68309020996094,
      42.90704345703125,
      44.43458938598633,
      42.8569221496582,
      43.922142028808594,
      44.19652557373047,
      43.249610900878906,
      43.7823486328125,
      44.804325103759766,
      44.7784538269043,
      44.24070358276367,
      44.255008697509766,
      43.67940139770508,
      43.93608093261719,
      43.908721923828125,
      44.012516021728516,
      45.02952575683594,
      44.41569137573242,
      44.40809631347656,
      43.41588592529297,
      43.675270080566406,
      45.258575439453125,
      44.04309844970703,
      44.041419982910156,
      43.46263122558594,
      45.24756622314453,
      44.120914459228516,
      44.7519645690918,
      44.410064697265625,
      43.91596221923828,
      42.608978271484375,
      44.54869842529297,
      42.80810546875,
      43.35040283203125,
      44.15815734863281,
      44.138675689697266,
      44.70481491088867,
      44.65177917480469,
      43.103179931640625
    ],
    [
      43.43975067138672,
      43.63493347167969,
      42.984657287597656,
      44.26142501831055,
      43.870384216308594,
      43.628883361816406,
      44.92348861694336,
      44.89748764038086,
      44.70014953613281,
      43.19879913330078,
      45.077735900878906,
      45.358856201171875,
      43.87066650390625,
      42.897003173828125,
      43.754695892333984,
      42.3880729675293,
      43.7474479675293,
      45.23661422729492,
      42.49901580810547,
      42.47504425048828,
      42.851985931396484,
      43.76533126831055,
      42.180233001708984,
      45.2260627746582,
      43.78192901611328,
      44.64447021484375,
      42.10023880004883,
      43.3580322265625,
      45.509212493896484,
      43.51377487182617,
      43.472633361816406,
      45.33289337158203,
      42.99151611328125,
      44.65114974975586,
      45.220924377441406,
      42.611663818359375,
      43.65021896362305,
      43.23259735107422,
      43.884368896484375,
      43.78279495239258,
      44.074588775634766,
      44.075958251953125,
      44.619083404541016,
      43.303627014160156,
      43.542266845703125,
      45.45809555053711,
      43.650394439697266,
      42.64701843261719,
      44.265724182128906,
      44.483642578125
    ],
    [
      43.34812545776367,
      42.733795166015625,
      44.25349426269531,
      45.57058334350586,
      44.72160339355469,
      44.33583068847656,
      44.695980072021484,
      44.35841751098633,
      43.97295379638672,
      42.62914276123047,
      44.49935531616211,
      45.5067024230957,
      44.65226745605469,
      44.9666862487793,
      42.89493942260742,
      45.522457122802734,
      43.450626373291016,
      44.18817901611328,
      43.99197006225586,
      43.277095794677734,
      43.8931999206543,
      44.669769287109375,
      43.40784454345703,
      44.54659652709961,
      43.34217834472656,
      44.346065521240234,
      43.88658142089844,
      43.605716705322266,
      43.32281494140625,
      42.87569046020508,
      43.65205764770508,
      43.25498962402344,
      45.00117492675781,
      44.8411865234375,
      43.04712677001953,
      44.860496520996094,
      44.95009231567383,
      42.97256088256836,
      44.54669952392578,
      44.63285446166992,
      44.03032302856445,
      42.962039947509766,
      42.553611755371094,
      44.35087966918945,
      43.02513885498047,
      43.50361251831055,
      43.07774353027344,
      44.588932037353516,
      44.156898498535156,
      43.75692367553711
    ],
    [
      44.08095932006836,
      43.96430206298828,
      43.19095230102539,
      44.83428955078125,
      43.658023834228516,
      44.46592712402344,
      43.41609191894531,
      43.872047424316406,
