{
  "sigma_values": [
    0.0,
    0.01,
    0.02,
    0.03,
    0.05,
    0.07,
    0.1,
    0.12,
    0.15
  ],
  "metric_name": "quality_quantization_only",
  "per_trial": [
    [
      44.03913116455078,
      44.03913116455078,
      44.03913116455078,
      44.03913116455078,
      44.03913116455078,
      44.03913116455078,
      44.03913116455078,
      44.03913116455078,
      44.03913116455078,
      44.03913116455078,
      44.03913116455078,
      44.03913116455078,
      44.03913116455078,
      44.03913116455078,
      44.03913116455078,
      44.03913116455078,
      44.03913116455078,
      44.03913116455078,
      44.03913116455078,
      44.03913116455078
    ],
    [
      44.03913116455078,
      44.03913116455078,
      44.03913116455078,
      44.03913116455078,
      44.03913116455078,
      44.03913116455078,
      44.03913116455078,
      44.03913116455078,
      44.03913116455078,
      44.03913116455078,
      44.03913116455078,
      44.03913116455078,
      44.03913116455078,
      44.03913116455078,
      44.03913116455078,
      44.03913116455078,
      44.03913116455078,
      44.03913116455078,
      44.03913116455078,
      44.03913116455078
    ],
    [
      44.03913116455078,
      44.03913116455078,
      44.03913116455078,
      44.03913116455078,
      44.03913116455078,
      44.03913116455078,
      44.03913116455078,
      44.03913116455078,
      44.03913116455078,
      44.03913116455078,
      44.03913116455078,
      44.03913116455078,
      44.03913116455078,
      44.03913116455078,
      44.03913116455078,
      44.03913116455078,
      44.03913116455078,
      44.03913116455078,
      44.03913116455078,
      44.03913116455078
    ],
    [
      44.03913116455078,
      44.03913116455078,
      44.03913116455078,
      44.03913116455078,
      44.03913116455078,
      44.03913116455078,
      44.03913116455078,
      44.03913116455078,
      44.03913116455078,
      44.03913116455078,
      44.03913116455078,
      44.03913116455078,
      44.03913116455078,
      44.03913116455078,
      44.03913116455078,
      44.03913116455078,
      44.03913116455078,
      44.03913116455078,
      44.03913116455078,
      44.03913116455078
    ],
    [
      44.03913116455078,
      44.03913116455078,
      44.03913116455078,
      44.03913116455078,
      44.03913116455078,
      44.03913116455078,
      44.03913116455078,
      44.03913116455078,
      44.03913116455078,
      44.03913116455078,
      44.03913116455078,
      44.03913116455078,
      44.03913116455078,
      44.03913116455078,
      44.03913116455078,
      44.03913116455078,
      44.03913116455078,
      44.03913116455078,
      44.03913116455078,
      44.03913116455078
    ],
    [
      44.03913116455078,
      44.03913116455078,
      44.03913116455078,
      44.03913116455078,
      44.03913116455078,
      44.03913116455078,
      44.03913116455078,
      44.03913116455078,
      44.03913116455078,
      44.03913116455078,
      44.03913116455078,
      44.03913116455078,
      44.03913116455078,
      44.03913116455078,
      44.03913116455078,
      44.03913116455078,
      44.03913116455078,
      44.03913116455078,
      44.03913116455078,
      44.03913116455078
    ],
    [
      44.03913116455078,
      44.03913116455078,
      44.03913116455078,
      44.03913116455078,
      44.03913116455078,
      44.03913116455078,
      44.03913116455078,
      44.03913116455078,
      44.03913116455078,
      44.03913116455078,
      44.03913116455078,
      44.03913116455078,
      44.03913116455078,
      44.03913116455078,
      44.03913116455078,
      44.03913116455078,
      44.03913116455078,
      44.03913116455078,
      44.03913116455078,
      44.03913116455078
    ],
    [
      44.03913116455078,
      44.03913116455078,
      44.03913116455078,
      44.03913116455078,
      44.03913116455078,
      44.03913116455078,
      44.03913116455078,
      44.03913116455078,
      44.03913116455078,
      44.03913116455078,
      44.03913116455078,
      44.03913116455078,
      44.03913116455078,
      44.03913116455078,
      44.03913116455078,
      44.03913116455078,
      44.03913116455078,
      44.03913116455078,
      44.03913116455078,
      44.03913116455078
    ],
    [
      44.03913116455078,
      44.03913116455078,
      44.03913116455078,
      44.03913116455078,
      44.03913116455078,
      44.03913116455078,
      44.03913116455078,
      44.03913116455078,
      44.03913116455078,
      44.03913116455078,
      44.03913116455078,
      44.03913116455078,
      44.03913116455078,
      44.03913116455078,
      44.03913116455078,
      44.03913116455078,
      44.03913116455078,
      44.03913116455078,
      44.03913116455078,
      44.03913116455078
    ]
  ],
  "digital_baseline": 44.25008773803711,
  "ideal_analog_baseline": 44.03913116455078,
  "mean": [
    44.03913116455078,
    44.03913116455078,
    44.03913116455078,
    44.03913116455078,
    44.03913116455078,
    44.03913116455078,
    44.03913116455078,
    44.03913116455078,
    44.03913116455078
  ],
  "std": [
    0.0,
    0.0,
    0.0,
    0.0,
    0.0,
    0.0,
    0.0,
    0.0,
    0.0
  ],
  "normalized_mean": [
    0.9952326292608683,
    0.9952326292608683,
    0.9952326292608683,
    0.9952326292608683,
    0.9952326292608683,
    0.9952326292608683,
    0.9952326292608683,
    0.9952326292608683,
    0.9952326292608683
  ],
  "normalized_std": [
    0.0,
    0.0,
    0.0,
    0.0,
    0.0,
    0.0,
    0.0,
    0.0,
    0.0
  ],
  "degradation_threshold_10pct": 0.15,
  "trial_seeds": {
    "digital_baseline": [
      101000345,
      101000346,
      101000347,
      101000348,
      101000349,
      101000350,
      101000351,
      101000352,
      101000353,
      101000354,
      101000355,
      101000356,
      101000357,
      101000358,
      101000359,
      101000360,
      101000361,
      101000362,
      101000363,
      101000364
    ],
    "ideal_analog_baseline": [
      202000648,
      202000649,
      202000650,
      202000651,
      202000652,
      202000653,
      202000654,
      202000655,
      202000656,
      202000657,
      202000658,
      202000659,
      202000660,
      202000661,
      202000662,
      202000663,
      202000664,
      202000665,
      202000666,
      202000667
    ],
    "per_trial": [
      [
        707082219,
        707082220,
        707082221,
        707082222,
        707082223,
        707082224,
        707082225,
        707082226,
        707082227,
        707082228,
        707082229,
        707082230,
        707082231,
        707082232,
        707082233,
        707082234,
        707082235,
        707082236,
        707082237,
        707082238
      ]
    ]
  },
  "metadata": {
    "arch": "neural_ode",
    "analog_domain": "full_analog",
    "analog_substrate": "classic",
    "seed": 42,
    "pilot_profile_path": "/workspace/NEW_ACTUAL_RUNS/5-14/945/experiments/cross_arch_tolerance/results/profiles/neural_ode_profile_full_analog_classic_reram.json",
    "dynamics_diagnostics": {},
    "calibration": "runner: neural_ode(t,x), data+standard-normal states",
    "ablation_noise": "quantization"
  },
  "normalized_mean_vs_ideal_analog": [
    1.0,
    1.0,
    1.0,
    1.0,
    1.0,
    1.0,
    1.0,
    1.0,
    1.0
  ],
  "normalized_std_vs_ideal_analog": [
    0.0,
    0.0,
    0.0,
    0.0,
    0.0,
    0.0,
    0.0,
    0.0,
    0.0
  ],
  "degradation_threshold_10pct_vs_ideal_analog": 0.15,
  "analog_energy_pJ": 2040.0,
  "digital_energy_pJ": 16032000.0,
  "analog_latency_ns": 26000.0,
  "digital_latency_ns": 1603200.0,
  "energy_saving_vs_digital": 0.999872754491018,
  "speedup_vs_digital": 61.66153846153846
}