{
  "sigma_values": [
    0.0,
    0.01,
    0.02,
    0.03,
    0.05,
    0.07,
    0.1,
    0.12,
    0.15
  ],
  "metric_name": "quality_mismatch_only",
  "per_trial": [
    [
      43.91989517211914,
      43.741764068603516,
      43.50398254394531,
      43.6755256652832,
      43.40843963623047,
      43.6935920715332,
      44.914939880371094,
      43.711971282958984,
      43.572200775146484,
      44.389854431152344,
      44.586875915527344,
      43.90949249267578,
      43.359649658203125,
      44.110965728759766,
      44.17805862426758,
      44.00791931152344,
      44.455238342285156,
      43.361366271972656,
      43.69511413574219,
      44.38958740234375
    ],
    [
      43.857574462890625,
      44.33108139038086,
      45.04480743408203,
      43.253440856933594,
      44.102386474609375,
      44.39518737792969,
      44.7396354675293,
      43.00249481201172,
      42.65178680419922,
      45.86076736450195,
      44.99828338623047,
      45.660587310791016,
      45.90685272216797,
      43.032047271728516,
      44.19390106201172,
      43.237606048583984,
      44.481536865234375,
      43.50410461425781,
      44.31834411621094,
      44.59702682495117
    ],
    [
      45.75708770751953,
      44.14666748046875,
      43.43757629394531,
      44.694496154785156,
      45.30965805053711,
      44.13167953491211,
      44.38839340209961,
      43.27350997924805,
      44.78777313232422,
      44.18081283569336,
      44.124916076660156,
      43.568084716796875,
      44.492454528808594,
      45.54189682006836,
      43.6444091796875,
      44.124664306640625,
      42.56772232055664,
      44.365291595458984,
      44.509925842285156,
      43.818302154541016
    ],
    [
      44.43226623535156,
      43.28350067138672,
      44.849571228027344,
      43.4762077331543,
      42.83842468261719,
      45.488502502441406,
      44.161869049072266,
      45.905269622802734,
      44.91646194458008,
      43.83881759643555,
      42.579227447509766,
      44.499942779541016,
      45.66745376586914,
      44.183204650878906,
      44.90979766845703,
      41.36789321899414,
      43.30236053466797,
      44.563446044921875,
      44.61084747314453,
      43.4064826965332
    ],
    [
      43.2921028137207,
      43.80570602416992,
      45.18263626098633,
      44.79360580444336,
      42.802589416503906,
      42.8552360534668,
      43.605812072753906,
      43.80559158325195,
      44.955909729003906,
      43.86835479736328,
      43.975730895996094,
      44.55665969848633,
      42.78998565673828,
      45.192134857177734,
      44.787418365478516,
      45.31993103027344,
      43.75368881225586,
      45.33708190917969,
      43.692657470703125,
      43.076175689697266
    ],
    [
      44.30301284790039,
      42.82160186767578,
      41.520660400390625,
      42.52989959716797,
      43.04161071777344,
      44.77313995361328,
      44.585906982421875,
      43.48208236694336,
      45.07341384887695,
      45.10384750366211,
      45.14242935180664,
      43.3486213684082,
      43.20344924926758,
      43.63665771484375,
      46.55331802368164,
      43.86982345581055,
      45.066925048828125,
      43.92170333862305,
      44.015010833740234,
      45.01218795776367
    ],
    [
      43.85676956176758,
      41.8157844543457,
      44.271732330322266,
      44.09144592285156,
      44.268714904785156,
      44.03792953491211,
      44.54570388793945,
      43.674781799316406,
      42.13970184326172,
      44.19811248779297,
      43.17496871948242,
      43.17768096923828,
      41.76342010498047,
      44.26807403564453,
      45.54029846191406,
      41.91236114501953,
      41.86306381225586,
      46.74126052856445,
      45.38312530517578,
      43.0649528503418
    ],
    [
      47.52779769897461,
      38.3664665222168,
      46.74370193481445,
      46.150306701660156,
      38.749698638916016,
      42.68452835083008,
      40.35231399536133,
      43.84409713745117,
      46.3591423034668,
      42.393463134765625,
      40.876346588134766,
      45.54921340942383,
      44.96847152709961,
      46.90911102294922,
      43.31230926513672,
      47.386505126953125,
      47.067344665527344,
      41.861412048339844,
      41.94609451293945,
      44.49664306640625
    ],
    [
      42.87112808227539,
      40.998783111572266,
      41.165103912353516,
      47.032012939453125,
      40.70077133178711,
      42.345829010009766,
      42.88733673095703,
      44.071495056152344,
      39.94468307495117,
      46.08854293823242,
      42.71540832519531,
      44.82798385620117,
      40.49819564819336,
      44.35811233520508,
      40.36470413208008,
      46.69636917114258,
      44.5996208190918,
      42.13335418701172,
      43.96061325073242,
      42.81464385986328
    ]
  ],
  "digital_baseline": 44.25008773803711,
  "ideal_analog_baseline": 44.03913116455078,
  "mean": [
    43.929321670532225,
    44.25847263336182,
    44.243266105651855,
    44.11407737731933,
    44.07245044708252,
    44.05026512145996,
    43.689494132995605,
    43.87724838256836,
    43.053734588623044
  ],
  "std": [
    0.4295339242268275,
    0.930406743457837,
    0.7493463990232274,
    1.0929525647051976,
    0.8568917088986642,
    1.1277908217000208,
    1.321978581566994,
    2.817372839333086,
    2.0704816351845783
  ],
  "normalized_mean": [
    0.9927510636949731,
    1.0001894887841658,
    0.9998458391218197,
    0.9969263256262233,
    0.9959856059041913,
    0.9954842436073774,
    0.9873312430845279,
    0.9915742685601896,
    0.9729638242415125
  ],
  "normalized_std": [
    0.009706962091684233,
    0.021026099404952477,
    0.01693434832173437,
    0.02469944401411214,
    0.019364745985849995,
    0.025486747695882613,
    0.029875162946414437,
    0.0636693164545138,
    0.046790452652702985
  ],
  "degradation_threshold_10pct": 0.15,
  "trial_seeds": {
    "digital_baseline": [
      101000345,
      101000346,
      101000347,
      101000348,
      101000349,
      101000350,
      101000351,
      101000352,
      101000353,
      101000354,
      101000355,
      101000356,
      101000357,
      101000358,
      101000359,
      101000360,
      101000361,
      101000362,
      101000363,
      101000364
    ],
    "ideal_analog_baseline": [
      202000648,
      202000649,
      202000650,
      202000651,
      202000652,
      202000653,
      202000654,
      202000655,
      202000656,
      202000657,
      202000658,
      202000659,
      202000660,
      202000661,
      202000662,
      202000663,
      202000664,
      202000665,
      202000666,
      202000667
    ],
    "per_trial": [
      [
        505081613,
        505081614,
        505081615,
        505081616,
        505081617,
        505081618,
        505081619,
        505081620,
        505081621,
        505081622,
        505081623,
        505081624,
        505081625,
        505081626,
        505081627,
        505081628,
        505081629,
        505081630,
        505081631,
        505081632
      ]
    ]
  },
  "metadata": {
    "arch": "neural_ode",
    "analog_domain": "conservative",
    "analog_substrate": "classic",
    "seed": 42,
    "pilot_profile_path": "/workspace/NEW_ACTUAL_RUNS/5-14/945/experiments/cross_arch_tolerance/results/profiles/neural_ode_profile_classic_reram.json",
    "dynamics_diagnostics": {},
    "calibration": "runner: neural_ode(t,x), data+standard-normal states",
    "ablation_noise": "mismatch"
  },
  "normalized_mean_vs_ideal_analog": [
    0.9975065472202833,
    1.0049806039086346,
    1.0046353080931214,
    1.001701809522275,
    1.0007565835576373,
    1.0002528196314222,
    0.9920607645448597,
    0.996324114992697,
    0.9776245227852967
  ],