{
  "sigma_values": [
    0.0,
    0.01,
    0.02,
    0.03,
    0.05,
    0.07,
    0.1,
    0.12,
    0.15
  ],
  "metric_name": "quality",
  "per_trial": [
    [
      46.59145736694336,
      46.591487884521484,
      46.591468811035156,
      46.591487884521484,
      46.59148406982422,
      46.591487884521484,
      46.59150695800781,
      46.59149169921875,
      46.591453552246094,
      46.59146499633789,
      46.59147644042969,
      46.59145736694336,
      46.59147262573242,
      46.591468811035156,
      46.591468811035156,
      46.591468811035156,
      46.59148025512695,
      46.59147644042969,
      46.59148406982422,
      46.59147262573242,
      46.591453552246094,
      46.59146499633789,
      46.591495513916016,
      46.59148025512695,
      46.59147262573242,
      46.59147262573242,
      46.591453552246094,
      46.59147262573242,
      46.59147262573242,
      46.59148406982422,
      46.591495513916016,
      46.591495513916016,
      46.591468811035156,
      46.59147262573242,
      46.591495513916016,
      46.59148025512695,
      46.59146499633789,
      46.591487884521484,
      46.591453552246094,
      46.59147262573242,
      46.591487884521484,
      46.59150314331055,
      46.59148025512695,
      46.59149169921875,
      46.59148406982422,
      46.59150314331055,
      46.59147644042969,
      46.591468811035156,
      46.591487884521484,
      46.59147262573242
    ],
    [
      46.972923278808594,
      46.5344352722168,
      46.97063064575195,
      46.449913024902344,
      46.929901123046875,
      46.7254638671875,
      46.479251861572266,
      46.67146301269531,
      46.33770751953125,
      46.69800567626953,
      46.4302864074707,
      46.50333786010742,
      46.604705810546875,
      46.44426727294922,
      47.19564437866211,
      46.415706634521484,
      46.558860778808594,
      46.561492919921875,
      46.83676528930664,
      46.57276153564453,
      46.40195846557617,
      46.839359283447266,
      47.007606506347656,
      46.894439697265625,
      46.35419464111328,
      46.97032165527344,
      46.465476989746094,
      46.73146438598633,
      46.77402114868164,
      46.53389358520508,
      46.56702423095703,
      46.60088348388672,
      46.66632080078125,
      46.631019592285156,
      46.150291442871094,
      46.46961975097656,
      46.37689208984375,
      46.37602996826172,
      46.80155563354492,
      46.87854766845703,
      46.79961013793945,
      46.531524658203125,
      47.06346130371094,
      46.7205810546875,
      46.485633850097656,
      46.89787292480469,
      46.85038375854492,
      46.75907897949219,
      46.9046630859375,
      46.48241424560547
    ],
    [
      45.87980651855469,
      46.6382942199707,
      46.871726989746094,
      47.062713623046875,
      46.21682357788086,
      46.31563186645508,
      45.41644287109375,
      46.87156295776367,
      46.14873504638672,
      46.871585845947266,
      46.65563201904297,
      46.44813537597656,
      46.726219177246094,
      46.58931350708008,
      46.333736419677734,
      46.969791412353516,
      46.5870475769043,
      46.619415283203125,
      46.252174377441406,
      47.04076385498047,
      46.3128547668457,
      46.43204879760742,
      47.06085205078125,
      46.575469970703125,
      46.33183670043945,
      47.48948669433594,
      46.688690185546875,
      46.32663345336914,
      46.56923294067383,
      46.48245620727539,
      46.19073486328125,
      46.75494384765625,
      46.32854080200195,
      45.762386322021484,
      46.540977478027344,
      46.85257339477539,
      46.580780029296875,
      45.41790008544922,
      47.06031036376953,
      45.942100524902344,
      46.66704559326172,
      46.83927536010742,
      46.05720520019531,
      46.08838653564453,
      46.76267623901367,
      46.52248764038086,
      46.404823303222656,
      46.38013458251953,
      47.20808792114258,
      46.6657600402832
    ],
    [
      46.825340270996094,
      45.815608978271484,
      46.49275207519531,
      47.196807861328125,
      46.97829055786133,
      46.83001708984375,
      47.48048782348633,
      45.84831619262695,
      45.91550064086914,
      45.84265899658203,
      46.191741943359375,
      47.57259750366211,
      46.17002868652344,
      46.65210723876953,
      47.62389373779297,
      47.16970443725586,
      47.036964416503906,
      46.73312759399414,
      47.46219253540039,
      45.30805969238281,
      45.84627151489258,
      47.240745544433594,
      46.61056137084961,
      47.33629608154297,
      46.667724609375,
      45.13315963745117,
      45.46461868286133,
      45.176719665527344,
      47.42781066894531,
      47.263328552246094,
      47.88308334350586,
      47.12201690673828,
      46.17258834838867,
      47.3093376159668,
      46.908992767333984,
      46.064632415771484,
      46.41632080078125,
      47.19814682006836,
      46.51374435424805,
      46.651214599609375,
      45.53185272216797,
      46.4407958984375,
      45.88576889038086,
      47.66938400268555,
      46.25727462768555,
      45.711002349853516,
      46.125003814697266,
      44.888885498046875,
      47.07627487182617,
      46.000938415527344
    ],
    [
      46.504852294921875,
      45.100711822509766,
      44.68513488769531,
      47.313838958740234,
      47.887542724609375,
      47.254642486572266,
      45.12826919555664,
      47.329036712646484,
      44.76097106933594,
      45.07545471191406,
      45.61174011230469,
      46.87725067138672,
      44.886993408203125,
      47.03256607055664,
      47.03184127807617,
      45.40749740600586,
      45.59324264526367,
      48.48501968383789,
      46.88389205932617,
      46.41960525512695,
      45.43812942504883,
      46.95262145996094,
      44.87837600708008,
      46.05574417114258,
      46.936527252197266,
      44.947967529296875,
      47.42253494262695,
      49.08102035522461,
      45.080718994140625,
      46.26238250732422,
      47.091434478759766,
      48.456085205078125,
      46.99171447753906,
      45.69706344604492,
      47.04122543334961,
      44.77216720581055,
      46.74766540527344,
      46.044578552246094,
      45.23991775512695,
      46.29902648925781,
      45.30198669433594,
      46.09320831298828,
      48.12374496459961,
      45.54298782348633,
      45.64192199707031,
      45.21818923950195,
      45.8366813659668,
      47.20622253417969,
      46.98368835449219,
      46.44894790649414
    ],
    [
      47.835105895996094,
      48.36137008666992,
      48.71040344238281,
      49.369163513183594,
      47.124107360839844,
      47.058650970458984,
      45.780487060546875,
      45.24799346923828,
      46.129268646240234,
      47.167152404785156,
      46.521514892578125,
      49.68571472167969,
      44.490264892578125,
      48.24225997924805,
      46.559913635253906,
      44.76340103149414,
      48.41010284423828,
      43.53959274291992,
      48.05345916748047,
      46.51946258544922,
      45.947933197021484,
      44.65568923950195,
      44.397071838378906,
      45.172889709472656,
      44.760231018066406,
      47.31172180175781,
      47.26563262939453,
      47.02061462402344,
      46.027870178222656,
      44.37178421020508,
      47.026947021484375,
      45.94331741333008,
      50.148433685302734,
      45.689659118652344,
      46.3494987487793,
      45.8572998046875,
      46.90494155883789,
      46.9670524597168,
      46.680171966552734,
      48.70000076293945,
      45.90392303466797,
      45.319400787353516,
      46.249141693115234,
      48.24814987182617,
      46.71944046020508,
      46.917510986328125,
      44.41444778442383,
      45.19770431518555,
      46.9029541015625,
      44.4749755859375
    ],
    [
      43.52377700805664,
      47.191619873046875,
      47.07295608520508,
      42.450347900390625,
      46.90763473510742,
      47.824012756347656,
      46.481422424316406,
