{
  "sigma_values": [
    2.0,
    4.0,
    6.0,
    8.0,
    10.0,
    12.0,
    16.0
  ],
  "metric_name": "quality_vs_adc_bits_sigma0.050",
  "per_trial": [
    [
      40.38786315917969,
      37.12247848510742,
      39.39086151123047,
      38.9860954284668,
      39.635704040527344,
      39.601200103759766,
      39.23540115356445,
      38.56108474731445,
      38.3791389465332,
      38.9415283203125,
      38.43447494506836,
      38.76272964477539,
      37.85914993286133,
      38.264564514160156,
      39.04882049560547,
      38.87906265258789,
      39.138648986816406,
      37.043296813964844,
      38.174198150634766,
      38.43856430053711,
      38.48186111450195,
      39.45488357543945,
      38.511146545410156,
      39.40460968017578,
      38.736907958984375
    ],
    [
      39.871971130371094,
      38.49433898925781,
      41.10877990722656,
      39.702659606933594,
      39.752315521240234,
      40.259525299072266,
      37.68809127807617,
      38.03231430053711,
      39.683284759521484,
      38.604549407958984,
      39.7425651550293,
      39.57191467285156,
      37.63960647583008,
      38.19198989868164,
      40.00812530517578,
      40.27644729614258,
      39.291622161865234,
      39.785682678222656,
      39.73949432373047,
      38.543861389160156,
      38.724308013916016,
      39.54359436035156,
      38.67301559448242,
      40.68893814086914,
      37.676368713378906
    ],
    [
      38.70818328857422,
      41.0091438293457,
      38.468719482421875,
      39.143924713134766,
      39.63029861450195,
      39.1573371887207,
      39.17502975463867,
      38.7567024230957,
      39.007259368896484,
      38.34662628173828,
      39.01448440551758,
      38.302337646484375,
      39.59221267700195,
      38.612083435058594,
      39.106815338134766,
      39.03864288330078,
      38.766578674316406,
      41.69712448120117,
      38.92223358154297,
      38.7383918762207,
      37.95930099487305,
      39.0798454284668,
      39.45817947387695,
      38.266658782958984,
      39.85981369018555
    ],
    [
      38.81637954711914,
      38.42487335205078,
      38.904876708984375,
      37.83025360107422,
      39.384735107421875,
      38.76119613647461,
      37.73740768432617,
      37.96703338623047,
      38.805145263671875,
      38.26319122314453,
      38.52829360961914,
      39.83220672607422,
      37.67457962036133,
      39.942626953125,
      39.01842498779297,
      39.176490783691406,
      39.33250045776367,
      37.96365737915039,
      38.035614013671875,
      38.92464065551758,
      38.502288818359375,
      38.636444091796875,
      39.152584075927734,
      39.98196792602539,
      38.62725067138672
    ],
    [
      38.56551742553711,
      38.43494415283203,
      38.952449798583984,
      39.70207977294922,
      37.35409927368164,
      37.60508728027344,
      39.90328598022461,
      39.193565368652344,
      38.412166595458984,
      39.17121124267578,
      39.27593994140625,
      39.50578689575195,
      37.21889114379883,
      38.10629653930664,
      37.715511322021484,
      41.20223617553711,
      39.199649810791016,
      39.59804916381836,
      38.05714416503906,
      39.91938400268555,
      39.62736892700195,
      39.498870849609375,
      38.31514358520508,
      38.799598693847656,
      39.071533203125
    ],
    [
      39.2332878112793,
      41.357845306396484,
      40.46456527709961,
      37.80399703979492,
      39.46526336669922,
      38.55793762207031,
      38.10600280761719,
      39.96149444580078,
      39.14258575439453,
      40.09377670288086,
      39.535892486572266,
      39.595237731933594,
      39.14073944091797,
      38.74530029296875,
      39.539039611816406,
      39.49114227294922,
      39.31344223022461,
      39.787376403808594,
      38.816307067871094,
      39.55781936645508,
      38.75941467285156,
      39.11741638183594,
      37.7977294921875,
      39.197696685791016,
      38.2095832824707
    ],
    [
      39.74198532104492,
      41.07337951660156,
      39.85676574707031,
      38.641090393066406,
      40.28977584838867,
      38.478782653808594,
      38.99542236328125,
      37.40214920043945,
      37.22043991088867,
      39.01593780517578,
      39.263885498046875,
      38.82080841064453,
      40.07730484008789,
      39.021080017089844,
      40.4144172668457,
      39.298580169677734,
      39.199073791503906,
      38.45681381225586,
      39.795204162597656,
      38.559452056884766,
      38.5638313293457,
      37.82711410522461,
      38.09780502319336,
      38.118106842041016,
      37.97514724731445
    ]
  ],
  "digital_baseline": 39.08692276000976,
  "mean": [
    38.75497100830078,
    39.25181457519531,
    39.112717132568356,
    38.72898651123047,
    38.89623245239258,
    39.2316357421875,
    38.96817413330078
  ],
  "std": [
    0.7357618093637693,
    0.9459908785093187,
    0.800671986327799,
    0.6502677037032102,
    0.9101292846955469,
    0.7925188922916815,
    0.9394454986746248
  ],
  "normalized_mean": [
    0.9915073449565949,
    1.0042185929088858,
    1.0006599233384774,
    0.990842557471792,
    0.9951213783497871,
    1.0037023375584275,
    0.9969619346235545
  ],
  "normalized_std": [
    0.018823733295181142,
    0.02420223470436951,
    0.020484395541799337,
    0.016636451728262062,
    0.023284751534001794,
    0.02027580674891388,
    0.02403477767852785
  ],
  "degradation_threshold_10pct": 16.0
}