{
  "sigma_values": [
    0.0,
    0.01,
    0.02,
    0.03,
    0.05,
    0.07,
    0.1,
    0.12,
    0.15
  ],
  "metric_name": "quality",
  "per_trial": [
    [
      39.086910247802734,
      39.086910247802734,
      39.086910247802734,
      39.086910247802734,
      39.086910247802734,
      39.086910247802734,
      39.086910247802734,
      39.086910247802734,
      39.086910247802734,
      39.086910247802734,
      39.086910247802734,
      39.086910247802734,
      39.086910247802734,
      39.086910247802734,
      39.086910247802734,
      39.086910247802734,
      39.086910247802734,
      39.086910247802734,
      39.086910247802734,
      39.086910247802734,
      39.086910247802734,
      39.086910247802734,
      39.086910247802734,
      39.086910247802734,
      39.086910247802734,
      39.086910247802734,
      39.086910247802734,
      39.086910247802734,
      39.086910247802734,
      39.086910247802734,
      39.086910247802734,
      39.086910247802734,
      39.086910247802734,
      39.086910247802734,
      39.086910247802734,
      39.086910247802734,
      39.086910247802734,
      39.086910247802734,
      39.086910247802734,
      39.086910247802734,
      39.086910247802734,
      39.086910247802734,
      39.086910247802734,
      39.086910247802734,
      39.086910247802734,
      39.086910247802734,
      39.086910247802734,
      39.086910247802734,
      39.086910247802734,
      39.086910247802734
    ],
    [
      39.05554962158203,
      39.0655403137207,
      38.92578125,
      38.89236068725586,
      39.02934265136719,
      38.907657623291016,
      39.421844482421875,
      38.8968505859375,
      38.96274185180664,
      39.03522872924805,
      39.15388107299805,
      39.34299850463867,
      38.83229064941406,
      39.31658172607422,
      38.991207122802734,
      38.99236297607422,
      39.23323440551758,
      39.017765045166016,
      39.1937141418457,
      39.12336730957031,
      38.82347869873047,
      39.1314811706543,
      39.436946868896484,
      39.3663444519043,
      38.86693572998047,
      39.298126220703125,
      39.3170051574707,
      38.975345611572266,
      39.156986236572266,
      38.78963851928711,
      39.07672119140625,
      39.047603607177734,
      38.92385482788086,
      39.032962799072266,
      39.16609573364258,
      39.13417434692383,
      38.63870620727539,
      38.78813552856445,
      39.073909759521484,
      38.914642333984375,
      39.149314880371094,
      39.296165466308594,
      39.010154724121094,
      39.21415328979492,
      38.899627685546875,
      38.90675735473633,
      39.08687973022461,
      39.005252838134766,
      39.2396354675293,
      39.08224868774414
    ],
    [
      39.097049713134766,
      39.480712890625,
      39.531883239746094,
      39.267032623291016,
      39.352352142333984,
      39.06251907348633,
      38.914573669433594,
      38.36427307128906,
      39.169376373291016,
      38.46177673339844,
      39.232845306396484,
      39.507774353027344,
      39.00239944458008,
      38.40016555786133,
      39.046775817871094,
      39.39509582519531,
      38.6407356262207,
      39.410789489746094,
      39.59636306762695,
      38.90391540527344,
      39.3338623046875,
      39.401512145996094,
      38.68201446533203,
      39.177703857421875,
      39.4578857421875,
      39.01052474975586,
      39.255149841308594,
      38.46531295776367,
      39.24104690551758,
      38.769683837890625,
      39.07122039794922,
      38.598960876464844,
      38.75758743286133,
      38.886661529541016,
      39.207008361816406,
      38.85268783569336,
      38.83041763305664,
      39.47804260253906,
      39.310394287109375,
      39.000545501708984,
      39.206539154052734,
      38.57678985595703,
      39.463504791259766,
      39.74258804321289,
      39.42202377319336,
      38.795108795166016,
      39.38059616088867,
      39.793792724609375,
      38.85868453979492,
      39.37026596069336
    ],
    [
      38.79825210571289,
      38.39560317993164,
      39.371429443359375,
      39.08026123046875,
      38.94704055786133,
      39.862701416015625,
      39.15162658691406,
      39.665164947509766,
      39.281227111816406,
      39.61802673339844,
      38.42100524902344,
      38.52686309814453,
      39.365577697753906,
      39.27386474609375,
      38.754024505615234,
      38.8651008605957,
      38.5921745300293,
      39.536014556884766,
      39.157142639160156,
      39.5328254699707,
      39.242225646972656,
      38.483489990234375,
      38.421478271484375,
      38.6517448425293,
      39.72325134277344,
      38.86176300048828,
      38.146400451660156,
      39.572330474853516,
      40.12886047363281,
      38.768821716308594,
      39.02073669433594,
      39.532073974609375,
      40.34224319458008,
      39.982486724853516,
      40.18182373046875,
      38.99850082397461,
      38.268314361572266,
      40.02301788330078,
      38.904945373535156,
      40.52526092529297,
      39.5394172668457,
      38.83381271362305,
      38.595149993896484,
      39.62295913696289,
      38.6228141784668,
      38.95348358154297,
      38.78435134887695,
      38.116798400878906,
      38.5242805480957,
      39.23816680908203
    ],
    [
      40.593177795410156,
      38.72508239746094,
      37.35408020019531,
      40.70643997192383,
      38.171321868896484,
      38.814823150634766,
      39.9766960144043,
      38.169921875,
      38.70138168334961,
      39.20758056640625,
      39.354644775390625,
      37.70988845825195,
      39.03451156616211,
      40.03975296020508,
      37.32316207885742,
      39.931400299072266,
      38.0690803527832,
      40.673439025878906,
      39.37086868286133,
      39.92835235595703,
      39.15509796142578,
      38.4222526550293,
      39.56679153442383,
      40.22283935546875,
      38.78159713745117,
      41.487274169921875,
      39.89652633666992,
      39.13588333129883,
      38.202571868896484,
      39.060298919677734,
      39.142173767089844,
      38.808837890625,
      39.03294372558594,
      38.56917190551758,
      40.017032623291016,
      41.066829681396484,
      39.843719482421875,
      39.856224060058594,
      38.7723388671875,
      38.560516357421875,
      38.78885269165039,
      39.758609771728516,
      36.85201644897461,
      40.456790924072266,
      40.301841735839844,
      40.514549255371094,
      38.71803665161133,
      40.49741744995117,
      38.851287841796875,
      38.928489685058594
    ],
    [
      37.8995475769043,
      38.70526885986328,
      38.81341552734375,
      39.16310119628906,
      40.21320724487305,
      39.63401794433594,
      37.031429290771484,
      37.927757263183594,
      39.10841369628906,
      39.91846466064453,
      37.115753173828125,
      37.785736083984375,
      40.078060150146484,
      38.69112014770508,
      39.485023498535156,
      40.465675354003906,
      38.4280891418457,
      38.940391540527344,
      39.34564971923828,
      39.470672607421875,
      36.76503372192383,
      39.33295822143555,
      37.86994552612305,
      38.2470817565918,
      39.31486129760742,
      39.0537223815918,
      40.6229248046875,
      40.15731430053711,
      37.90648651123047,
      37.347755432128906,
      39.814125061035156,
      37.413543701171875,
      38.27922821044922,
      37.68470001220703,
      38.96373748779297,
      37.82688522338867,
      39.543846130371094,
      37.67863082885742,
      37.77846908569336,
      42.07602310180664,
      38.0333366394043,
      38.87107467651367,
      38.9389533996582,
      38.23639678955078,
      39.150360107421875,
      38.675907135009766,
      40.07986068725586,
      36.682945251464844,
      38.54421615600586,
      39.099571228027344
    ],
    [
      42.10382843017578,
      36.351383209228516,
      37.550750732421875,
      38.37132263183594,
      37.09385681152344,
      38.930416107177734,
