{
  "sigma_values": [
    2.0,
    4.0,
    6.0,
    8.0,
    10.0,
    12.0,
    16.0
  ],
  "metric_name": "quality_vs_adc_bits_sigma0.050",
  "per_trial": [
    [
      -1.8705731630325317,
      -1.871566891670227,
      -1.8733912706375122,
      -1.872491478919983,
      -1.8712135553359985,
      -1.8757611513137817,
      -1.86989164352417,
      -1.87550687789917,
      -1.8736802339553833,
      -1.872574806213379,
      -1.8677175045013428,
      -1.8728675842285156,
      -1.875285267829895,
      -1.8720061779022217,
      -1.876468300819397,
      -1.8749746084213257,
      -1.8730391263961792,
      -1.870678186416626,
      -1.8732513189315796,
      -1.8681998252868652,
      -1.8714107275009155,
      -1.8734805583953857,
      -1.871227502822876,
      -1.8718266487121582,
      -1.8718081712722778
    ],
    [
      -1.888018012046814,
      -1.88736093044281,
      -1.8885549306869507,
      -1.8888863325119019,
      -1.886817216873169,
      -1.8890844583511353,
      -1.8893476724624634,
      -1.8888682126998901,
      -1.8868385553359985,
      -1.8891335725784302,
      -1.8875690698623657,
      -1.8861885070800781,
      -1.888446569442749,
      -1.8880958557128906,
      -1.8871235847473145,
      -1.8868589401245117,
      -1.886799931526184,
      -1.8891658782958984,
      -1.888450264930725,
      -1.8884540796279907,
      -1.8885036706924438,
      -1.8877383470535278,
      -1.8880268335342407,
      -1.8880888223648071,
      -1.8874080181121826
    ],
    [
      -1.903151273727417,
      -1.9035236835479736,
      -1.9052950143814087,
      -1.9025774002075195,
      -1.9038952589035034,
      -1.9047725200653076,
      -1.9047820568084717,
      -1.9050891399383545,
      -1.9046732187271118,
      -1.9066342115402222,
      -1.904815912246704,
      -1.9048224687576294,
      -1.9049204587936401,
      -1.9033408164978027,
      -1.9043890237808228,
      -1.9057797193527222,
      -1.9038795232772827,
      -1.9057865142822266,
      -1.903855323791504,
      -1.9041869640350342,
      -1.903751254081726,
      -1.9048547744750977,
      -1.9060994386672974,
      -1.9041709899902344,
      -1.9037498235702515
    ],
    [
      -1.906158685684204,
      -1.9094702005386353,
      -1.9063024520874023,
      -1.906650424003601,
      -1.9096152782440186,
      -1.907344102859497,
      -1.9085849523544312,
      -1.9063228368759155,
      -1.908227801322937,
      -1.9102909564971924,
      -1.9057427644729614,
      -1.909285545349121,
      -1.9073963165283203,
      -1.9067862033843994,
      -1.9086949825286865,
      -1.9093395471572876,
      -1.9067565202713013,
      -1.9071379899978638,
      -1.9082199335098267,
      -1.9075673818588257,
      -1.906662106513977,
      -1.90883469581604,
      -1.9089936017990112,
      -1.9053395986557007,
      -1.9088175296783447
    ],
    [
      -1.9087159633636475,
      -1.9129236936569214,
      -1.9090359210968018,
      -1.9086486101150513,
      -1.9099904298782349,
      -1.9077236652374268,
      -1.9087225198745728,
      -1.9109985828399658,
      -1.908201813697815,
      -1.9069490432739258,
      -1.910976529121399,
      -1.9096325635910034,
      -1.9068479537963867,
      -1.9083526134490967,
      -1.907315731048584,
      -1.9073339700698853,
      -1.9090824127197266,
      -1.906909465789795,
      -1.908483862876892,
      -1.9093502759933472,
      -1.9129010438919067,
      -1.9087107181549072,
      -1.910803198814392,
      -1.9087212085723877,
      -1.9089481830596924
    ],
    [
      -1.908893346786499,
      -1.9100408554077148,
      -1.9088945388793945,
      -1.909964680671692,
      -1.9060742855072021,
      -1.907638669013977,
      -1.908901333808899,
      -1.9072943925857544,
      -1.909226894378662,
      -1.9105868339538574,
      -1.9083566665649414,
      -1.9107120037078857,
      -1.9085289239883423,
      -1.9077227115631104,
      -1.9122965335845947,
      -1.9082077741622925,
      -1.9106241464614868,
      -1.911431908607483,
      -1.9084550142288208,
      -1.9113245010375977,
      -1.9102356433868408,
      -1.9093904495239258,
      -1.9105061292648315,
      -1.9095604419708252,
      -1.9081592559814453
    ],
    [
      -1.910792350769043,
      -1.9114447832107544,
      -1.909425139427185,
      -1.9102420806884766,
      -1.9094306230545044,
      -1.9075019359588623,
      -1.9096721410751343,
      -1.9091559648513794,
      -1.907388687133789,
      -1.908028483390808,
      -1.9093507528305054,
      -1.908827781677246,
      -1.9100161790847778,
      -1.9075953960418701,
      -1.9112495183944702,
      -1.908624291419983,
      -1.9108693599700928,
      -1.9100384712219238,
      -1.9083540439605713,
      -1.9094688892364502,
      -1.9099409580230713,
      -1.9094809293746948,
      -1.9098317623138428,
      -1.9106673002243042,
      -1.911829948425293
    ]
  ],
  "digital_baseline": 38.452449798583984,
  "mean": [
    -1.8724357032775878,
    -1.8879931306838988,
    -1.9045118713378906,
    -1.9077816963195802,
    -1.9090511989593506,
    -1.909321117401123,
    -1.9095691108703614
  ],
  "std": [
    0.0021452542882238394,
    0.0008698407171301813,
    0.000946410956443316,
    0.001344112950597775,
    0.001617772897334346,
    0.0014321160405198548,
    0.0011904368129230247
  ],
  "normalized_mean": [
    -0.04869483512976447,
    -0.049099423848761425,
    -0.04952901261984155,
    -0.049614048163709956,
    -0.04964706303393074,
    -0.0496540825721703,
    -0.04966053192638675
  ],
  "normalized_std": [
    5.578979491451904e-05,
    2.262120415438949e-05,
    2.4612500930387215e-05,
    3.495519681160268e-05,
    4.20720371734006e-05,
    3.724381796273986e-05,
    3.095867283251385e-05
  ],
  "degradation_threshold_10pct": 0.0
}