{
  "sigma_values": [
    0.0,
    0.01,
    0.02,
    0.03,
    0.05,
    0.07,
    0.1,
    0.12,
    0.15
  ],
  "metric_name": "quality",
  "per_trial": [
    [
      44.448753356933594,
      44.448753356933594,
      44.448753356933594,
      44.448753356933594,
      44.448753356933594,
      44.448753356933594,
      44.448753356933594,
      44.448753356933594,
      44.448753356933594,
      44.448753356933594,
      44.448753356933594,
      44.448753356933594,
      44.448753356933594,
      44.448753356933594,
      44.448753356933594,
      44.448753356933594,
      44.448753356933594,
      44.448753356933594,
      44.448753356933594,
      44.448753356933594,
      44.448753356933594,
      44.448753356933594,
      44.448753356933594,
      44.448753356933594,
      44.448753356933594,
      44.448753356933594,
      44.448753356933594,
      44.448753356933594,
      44.448753356933594,
      44.448753356933594,
      44.448753356933594,
      44.448753356933594,
      44.448753356933594,
      44.448753356933594,
      44.448753356933594,
      44.448753356933594,
      44.448753356933594,
      44.448753356933594,
      44.448753356933594,
      44.448753356933594,
      44.448753356933594,
      44.448753356933594,
      44.448753356933594,
      44.448753356933594,
      44.448753356933594,
      44.448753356933594,
      44.448753356933594,
      44.448753356933594,
      44.448753356933594,
      44.448753356933594
    ],
    [
      45.3237190246582,
      43.28634262084961,
      45.22489547729492,
      44.980281829833984,
      44.29240036010742,
      45.07069396972656,
      44.56022262573242,
      45.54916000366211,
      45.03195571899414,
      44.02488327026367,
      44.883750915527344,
      44.323143005371094,
      43.95585632324219,
      44.57990264892578,
      43.585723876953125,
      43.9544563293457,
      45.125877380371094,
      45.59116744995117,
      44.4401969909668,
      43.54292297363281,
      44.07521438598633,
      44.0649528503418,
      43.766422271728516,
      44.84883117675781,
      45.17656707763672,
      45.33964920043945,
      43.969642639160156,
      45.69186019897461,
      44.258628845214844,
      43.62617111206055,
      44.102664947509766,
      44.94416809082031,
      43.988563537597656,
      43.89796447753906,
      43.79579544067383,
      43.96847915649414,
      44.094139099121094,
      44.613346099853516,
      43.99465560913086,
      45.029815673828125,
      44.8569221496582,
      44.24054718017578,
      44.2255744934082,
      45.64902877807617,
      44.41964340209961,
      43.478206634521484,
      44.58889389038086,
      44.7549934387207,
      43.4832878112793,
      44.02052688598633
    ],
    [
      42.985755920410156,
      45.097843170166016,
      40.85075378417969,
      46.099735260009766,
      45.652381896972656,
      43.545841217041016,
      43.5141487121582,
      43.80238342285156,
      43.67292785644531,
      45.848411560058594,
      44.628292083740234,
      46.44510269165039,
      43.254295349121094,
      45.291160583496094,
      45.04474639892578,
      43.46403121948242,
      45.222816467285156,
      45.118438720703125,
      41.066341400146484,
      45.30418014526367,
      43.153900146484375,
      44.56938171386719,
      44.25260543823242,
      44.26411056518555,
      44.51519012451172,
      46.04661178588867,
      44.17303466796875,
      44.15125274658203,
      42.58047866821289,
      45.91251754760742,
      43.09263610839844,
      44.302345275878906,
      43.374141693115234,
      43.76359558105469,
      44.075931549072266,
      46.58323669433594,
      44.899383544921875,
      43.07316970825195,
      46.97867965698242,
      44.15947723388672,
      42.34248733520508,
      44.338409423828125,
      44.78767013549805,
      41.70889663696289,
      44.63951873779297,
      43.72675323486328,
      44.062042236328125,
      47.15642547607422,
      43.59934616088867,
      42.99838638305664
    ],
    [
      43.66881561279297,
      45.14226531982422,
      42.62126541137695,
      45.29304504394531,
      44.62599563598633,
      43.875938415527344,
      45.80207824707031,
      44.75264358520508,
      44.481346130371094,
      44.61176681518555,
      42.17972946166992,
      44.67993927001953,
      44.447914123535156,
      40.15055847167969,
      42.582862854003906,
      45.8082275390625,
      44.320533752441406,
      43.8415412902832,
      44.85903549194336,
      45.4364128112793,
      45.96697998046875,
      44.829071044921875,
      45.035560607910156,
      43.24565124511719,
      45.358558654785156,
      41.321773529052734,
      44.637664794921875,
      43.03986358642578,
      43.55583190917969,
      43.906410217285156,
      45.246280670166016,
      46.09223937988281,
      44.74516677856445,
      44.107025146484375,
      44.71596145629883,
      42.16939926147461,
      43.076995849609375,
      46.590126037597656,
      44.63752365112305,
      45.45394515991211,
      46.216026306152344,
      46.796409606933594,
      44.58194351196289,
      44.76237869262695,
      46.31510925292969,
      40.98131561279297,
      48.118282318115234,
      42.858455657958984,
      45.07097244262695,
      42.26273727416992
    ],
    [
      46.25947189331055,
      43.6102180480957,
      41.29265594482422,
      40.428436279296875,
      40.055572509765625,
      43.4079704284668,
      42.78584671020508,
      43.6436653137207,
      43.67774963378906,
      44.20255661010742,
      44.755008697509766,
      42.899478912353516,
      44.93772506713867,
      49.11170959472656,
      45.83967971801758,
      45.894283294677734,
      49.86142349243164,
      41.065643310546875,
      39.39268112182617,
      51.908138275146484,
      50.033687591552734,
      49.39080047607422,
      43.567195892333984,
      45.05066680908203,
      43.95069122314453,
      42.2139778137207,
      47.25851821899414,
      44.40675354003906,
      45.84099197387695,
      41.924835205078125,
      50.51113510131836,
      44.73637008666992,
      40.017433166503906,
      44.7470703125,
      44.9343376159668,
      45.188899993896484,
      46.39191436767578,
      43.751304626464844,
      47.597469329833984,
      47.68346405029297,
      48.827117919921875,
      42.09306335449219,
      47.15800094604492,
      49.415409088134766,
      51.79532241821289,
      39.597801208496094,
      44.92878341674805,
      45.75761032104492,
      39.54289627075195,
      39.8553581237793
    ],
    [
      34.42617416381836,
      50.07861328125,
      50.92365264892578,
      35.402584075927734,
      44.70520782470703,
      47.77743148803711,
      44.52273178100586,
      40.0809440612793,
      42.623573303222656,
      47.74628448486328,
      45.60683059692383,
      37.656944274902344,
      46.0235481262207,
      40.93590545654297,
      41.88533020019531,
      40.99461364746094,
      43.042633056640625,
      41.782264709472656,
      46.079933166503906,
      42.7725715637207,
      41.603084564208984,
      49.98162841796875,
      39.59794235229492,
      43.899166107177734,
      48.45677947998047,
      46.81522750854492,
      48.648292541503906,
      48.082183837890625,
      46.44498062133789,
      46.8004264831543,
      47.85377502441406,
      40.25956344604492,
      49.362632751464844,
      39.50754165649414,
      45.75337600708008,
      44.22455596923828,
      49.48492431640625,
      41.81446075439453,
      53.52570724487305,
      44.12739944458008,
      49.5303840637207,
      49.25347137451172,
      38.14707946777344,
      43.83378219604492,
      42.6319694519043,
      50.113956451416016,
      44.23215103149414,
      46.45512771606445,
      48.637088775634766,
      45.22898483276367
    ],
    [
      41.74427032470703,
      47.26920700073242,
      47.0593147277832,
      52.761837005615234,
      32.69947052001953,
      44.684635162353516,
