{
  "sigma_values": [
    0.0,
    0.01,
    0.02,
    0.03,
    0.05,
    0.07,
    0.1,
    0.12,
    0.15
  ],
  "metric_name": "quality_mismatch_only",
  "per_trial": [
    [
      38.45245361328125,
      38.452449798583984,
      38.45245361328125,
      38.45244598388672,
      38.452457427978516,
      38.452449798583984,
      38.45245361328125,
      38.45244598388672,
      38.45245361328125,
      38.45245361328125
    ],
    [
      38.49589157104492,
      38.490909576416016,
      38.54765701293945,
      37.66055679321289,
      39.24826431274414,
      37.50954818725586,
      38.795894622802734,
      38.616729736328125,
      38.85477828979492,
      37.622589111328125
    ],
    [
      37.7223014831543,
      39.70762252807617,
      38.75902557373047,
      36.83354187011719,
      38.03434371948242,
      39.08927536010742,
      38.745174407958984,
      39.56254959106445,
      36.69930648803711,
      39.87716293334961
    ],
    [
      38.93272018432617,
      37.82013702392578,
      40.49068069458008,
      37.13128662109375,
      40.95270538330078,
      38.627349853515625,
      38.458030700683594,
      36.9567756652832,
      40.783714294433594,
      36.95433044433594
    ],
    [
      37.0528678894043,
      36.289276123046875,
      37.59117126464844,
      40.348915100097656,
      36.828765869140625,
      36.59342956542969,
      40.60660171508789,
      37.505313873291016,
      34.99885177612305,
      33.703369140625
    ],
    [
      41.049949645996094,
      35.1373291015625,
      36.16326904296875,
      36.58331298828125,
      42.87826156616211,
      43.42311096191406,
      44.250244140625,
      36.19159698486328,
      34.67763900756836,
      36.288761138916016
    ],
    [
      44.66472625732422,
      47.213111877441406,
      45.842987060546875,
      29.223621368408203,
      35.02422332763672,
      37.66395568847656,
      44.29951477050781,
      42.86153793334961,
      36.2087516784668,
      40.34400177001953
    ],
    [
      30.792573928833008,
      28.688940048217773,
      46.20441436767578,
      42.690330505371094,
      26.837318420410156,
      52.58867645263672,
      40.712013244628906,
      40.29911804199219,
      43.9144401550293,
      39.57429885864258
    ],
    [
      48.04615783691406,
      30.17217254638672,
      39.385555267333984,
      47.05083465576172,
      41.13505554199219,
      42.662071228027344,
      38.0816650390625,
      32.46222686767578,
      40.63706588745117,
      39.988224029541016
    ]
  ],
  "digital_baseline": 38.45245628356933,
  "mean": [
    38.45245170593262,
    38.384281921386716,
    38.503030395507814,
    38.71077308654785,
    37.15185623168945,
    38.66434745788574,
    40.33464317321777,
    39.23021240234375,
    39.96210289001465
  ],
  "std": [
    3.5169771031543303e-06,
    0.5577562283672372,
    1.0862564375584844,
    1.4852987319431348,
    2.0042939911186393,
    3.5773446502257045,
    5.4251378955501615,
    7.748258755070009,
    5.297955236684658
  ],
  "normalized_mean": [
    0.9999998809533341,
    0.9982270479243286,
    1.0013152374861445,
    1.0067178232015543,
    0.9661764116630535,
    1.0055104717564414,
    1.0489484176451087,
    1.0202264352903445,
    1.0392600825110458
  ],
  "normalized_std": [
    9.146300244692375e-08,
    0.014505087119897862,
    0.02824933807993535,
    0.03862688825363285,
    0.052123952143339945,
    0.0930329293880323,
    0.14108690106926441,
    0.20150230970760707,
    0.1377793709097451
  ],
  "degradation_threshold_10pct": 0.15
}