{
  "sigma_values": [
    2.0,
    4.0,
    6.0,
    8.0,
    10.0,
    12.0,
    16.0
  ],
  "metric_name": "quality_vs_adc_bits_sigma0.050",
  "per_trial": [
    [
      38.58940505981445,
      39.23649978637695,
      38.97396469116211,
      39.691837310791016,
      38.83601760864258,
      39.08003616333008,
      38.04607391357422,
      39.120113372802734,
      39.195884704589844,
      38.757694244384766,
      39.00188446044922,
      39.24068832397461,
      38.98870086669922,
      40.085731506347656,
      38.95547103881836,
      38.01533889770508,
      38.59354019165039,
      39.7340087890625,
      38.340667724609375,
      40.578609466552734,
      40.19914627075195,
      38.950443267822266,
      38.998130798339844,
      37.29154586791992,
      38.56394958496094
    ],
    [
      39.440093994140625,
      38.59059143066406,
      39.8480110168457,
      39.43465042114258,
      39.40827178955078,
      39.59480667114258,
      38.62684631347656,
      39.43828582763672,
      38.44418716430664,
      40.083831787109375,
      38.3389778137207,
      38.925048828125,
      38.47650909423828,
      38.5752067565918,
      38.660823822021484,
      39.81594467163086,
      39.18496322631836,
      39.645591735839844,
      38.48674392700195,
      39.072967529296875,
      39.58112716674805,
      38.87141418457031,
      38.52979278564453,
      37.83987045288086,
      38.503944396972656
    ],
    [
      38.37556457519531,
      37.91693115234375,
      38.2741584777832,
      38.41287612915039,
      39.17176055908203,
      38.62735366821289,
      39.11046600341797,
      39.63142013549805,
      39.508697509765625,
      39.77445983886719,
      38.56151580810547,
      38.54267501831055,
      40.32338333129883,
      39.56764221191406,
      38.92158508300781,
      38.46441650390625,
      38.58925247192383,
      39.58115005493164,
      39.762123107910156,
      38.99406433105469,
      40.000675201416016,
      38.29224395751953,
      38.51808166503906,
      40.128448486328125,
      38.86964416503906
    ],
    [
      39.15088653564453,
      38.76506423950195,
      40.32152557373047,
      38.64027786254883,
      39.144195556640625,
      38.593055725097656,
      39.15636444091797,
      39.08228302001953,
      37.79060363769531,
      38.040618896484375,
      38.77740478515625,
      39.27421188354492,
      39.06449508666992,
      38.362754821777344,
      39.750152587890625,
      38.29059600830078,
      39.72020721435547,
      39.74711990356445,
      38.729270935058594,
      40.015079498291016,
      38.351768493652344,
      39.125221252441406,
      39.431434631347656,
      38.807437896728516,
      38.102962493896484
    ],
    [
      39.01295471191406,
      40.4044075012207,
      38.70834732055664,
      38.77416229248047,
      39.43593215942383,
      38.7998161315918,
      38.28305435180664,
      38.383697509765625,
      38.52390670776367,
      38.1629638671875,
      38.91009521484375,
      37.986202239990234,
      38.892578125,
      39.584407806396484,
      40.66658020019531,
      39.01244354248047,
      40.377471923828125,
      38.84763717651367,
      37.96642303466797,
      40.25101089477539,
      39.888404846191406,
      38.27651596069336,
      39.33916473388672,
      38.99627685546875,
      39.379486083984375
    ],
    [
      39.34514617919922,
      38.2719612121582,
      40.2786979675293,
      38.76264190673828,
      39.19248962402344,
      39.15386962890625,
      38.535545349121094,
      41.25804901123047,
      38.49402618408203,
      39.75153350830078,
      38.2805061340332,
      39.11757278442383,
      39.054805755615234,
      37.75897979736328,
      38.89694595336914,
      40.66065216064453,
      39.40986633300781,
      38.205169677734375,
      38.811580657958984,
      39.856353759765625,
      37.84986877441406,
      38.813438415527344,
      39.504730224609375,
      40.34733581542969,
      39.92485809326172
    ],
    [
      40.18020248413086,
      38.451446533203125,
      38.486297607421875,
      40.55641174316406,
      38.53226852416992,
      39.868343353271484,
      39.136253356933594,
      39.30003356933594,
      38.19468688964844,
      38.74823760986328,
      39.34878921508789,
      38.39425277709961,
      38.08955764770508,
      39.0980110168457,
      38.433998107910156,
      38.28987121582031,
      37.69734191894531,
      37.819557189941406,
      36.901424407958984,
      37.245384216308594,
      38.46732711791992,
      39.88340377807617,
      38.06413650512695,
      39.641910552978516,
      38.81809997558594
    ]
  ],
  "digital_baseline": 39.086910247802734,
  "mean": [
    39.00261535644531,
    39.01674011230469,
    39.03682357788086,
    38.96939971923828,
    39.07455764770508,
    39.181464996337894,
    38.70588989257813
  ],
  "std": [
    0.6970490506762173,
    0.5714090032245678,
    0.6547865113052326,
    0.6253433831102375,
    0.7566545405369589,
    0.8580913549862896,
    0.8745463846408256
  ],
  "normalized_mean": [
    0.9978433984466152,
    0.9982047663769487,
    0.9987185820111046,
    0.9969936091694263,
    0.9996839709248098,
    1.002419089867572,
    0.9902519704727486
  ],
  "normalized_std": [
    0.017833311619083574,
    0.014618935075756966,
    0.01675206628393047,
    0.015998792924426436,
    0.01935825921619103,
    0.021953419944072634,
    0.022374405628288005
  ],
  "degradation_threshold_10pct": 16.0
}