{
  "sigma_values": [
    0.0,
    0.01,
    0.02,
    0.03,
    0.05,
    0.07,
    0.1,
    0.12,
    0.15
  ],
  "metric_name": "quality_quantization_only",
  "per_trial": [
    [
      46.591468811035156,
      46.59147262573242,
      46.59148025512695,
      46.591468811035156,
      46.59147644042969,
      46.59147262573242,
      46.591468811035156,
      46.591468811035156,
      46.59148406982422,
      46.59146499633789
    ],
    [
      46.59147262573242,
      46.59148025512695,
      46.591468811035156,
      46.59148406982422,
      46.59146499633789,
      46.59145736694336,
      46.59146499633789,
      46.591495513916016,
      46.59147262573242,
      46.59147262573242
    ],
    [
      46.59146499633789,
      46.591495513916016,
      46.59148025512695,
      46.591514587402344,
      46.59146499633789,
      46.59146499633789,
      46.59147262573242,
      46.59148025512695,
      46.59148025512695,
      46.59147644042969
    ],
    [
      46.591487884521484,
      46.59147262573242,
      46.591468811035156,
      46.59147644042969,
      46.591453552246094,
      46.591495513916016,
      46.591487884521484,
      46.59148025512695,
      46.59148406982422,
      46.59148025512695
    ],
    [
      46.59147262573242,
      46.591468811035156,
      46.59146499633789,
      46.591468811035156,
      46.59148025512695,
      46.59148406982422,
      46.59150314331055,
      46.59146499633789,
      46.591468811035156,
      46.59147262573242
    ],
    [
      46.59145736694336,
      46.59145736694336,
      46.59146499633789,
      46.59148025512695,
      46.59148025512695,
      46.59147262573242,
      46.591487884521484,
      46.59146499633789,
      46.59146499633789,
      46.59147262573242
    ],
    [
      46.59146499633789,
      46.59150314331055,
      46.591468811035156,
      46.59146499633789,
      46.59147262573242,
      46.591487884521484,
      46.591495513916016,
      46.59148406982422,
      46.59147262573242,
      46.591468811035156
    ],
    [
      46.59149169921875,
      46.59148025512695,
      46.59148025512695,
      46.59147644042969,
      46.59149169921875,
      46.59150314331055,
      46.591453552246094,
      46.59147644042969,
      46.59147262573242,
      46.59148025512695
    ],
    [
      46.59147262573242,
      46.59146499633789,
      46.59144973754883,
      46.59147262573242,
      46.59147644042969,
      46.591487884521484,
      46.59147262573242,
      46.59147262573242,
      46.59146499633789,
      46.591468811035156
    ]
  ],
  "digital_baseline": 46.59148483276367,
  "mean": [
    46.59147262573242,
    46.59147338867187,
    46.5914794921875,
    46.591478729248045,
    46.59147491455078,
    46.591470336914064,
    46.59147834777832,
    46.59148063659668,
    46.591470336914064
  ],
  "std": [
    5.658110418011218e-06,
    1.0349014256477765e-05,
    1.4754546818400359e-05,
    1.1212874188765771e-05,
    1.1082335698191796e-05,
    9.680616409644716e-06,
    1.2794883599280108e-05,
    1.2588500976562501e-05,
    9.218632487178477e-06
  ],
  "normalized_mean": [
    0.9999997379986646,
    0.999999754373748,
    0.9999998853744159,
    0.9999998689993322,
    0.9999997871239149,
    0.9999996888734142,
    0.9999998608117906,
    0.9999999099370409,
    0.9999996888734142
  ],
  "normalized_std": [
    1.2144086925584242e-07,
    2.22122439188721e-07,
    3.1667904277703533e-07,
    2.4066359398103467e-07,
    2.378618268546481e-07,
    2.077765163396809e-07,
    2.7461849832016084e-07,
    2.701888772540282e-07,
    1.978608863887469e-07
  ],
  "degradation_threshold_10pct": 0.15
}