{
  "sigma_values": [
    0.0,
    0.01,
    0.02,
    0.03,
    0.05,
    0.07,
    0.1,
    0.12,
    0.15
  ],
  "metric_name": "quality_mismatch_only",
  "per_trial": [
    [
      44.448753356933594,
      44.448753356933594,
      44.448753356933594,
      44.448753356933594,
      44.448753356933594,
      44.448753356933594,
      44.448753356933594,
      44.448753356933594,
      44.448753356933594,
      44.448753356933594
    ],
    [
      44.15921401977539,
      43.84678268432617,
      45.06551742553711,
      44.40298080444336,
      43.37849426269531,
      43.9395866394043,
      44.977783203125,
      43.72145462036133,
      44.59519958496094,
      44.59104919433594
    ],
    [
      45.782508850097656,
      45.159019470214844,
      46.67901611328125,
      45.12412643432617,
      42.801387786865234,
      42.57387161254883,
      45.69273376464844,
      44.73395919799805,
      43.84464645385742,
      47.01503372192383
    ],
    [
      44.749549865722656,
      44.09925842285156,
      42.027259826660156,
      44.283729553222656,
      43.411861419677734,
      46.12188720703125,
      44.71529769897461,
      45.6165657043457,
      44.64350891113281,
      42.95647048950195
    ],
    [
      41.475460052490234,
      49.20216751098633,
      43.25049591064453,
      42.296470642089844,
      44.94145584106445,
      43.33650588989258,
      46.20927810668945,
      45.3851203918457,
      49.98929214477539,
      45.99949645996094
    ],
    [
      36.3209228515625,
      41.79881286621094,
      53.29165267944336,
      48.274410247802734,
      46.96473693847656,
      44.16670608520508,
      41.746620178222656,
      46.599002838134766,
      40.46094512939453,
      42.764915466308594
    ],
    [
      41.33218765258789,
      48.21397018432617,
      50.67594909667969,
      58.772979736328125,
      41.45661926269531,
      35.84519577026367,
      35.80661392211914,
      45.834346771240234,
      40.89396286010742,
      44.983375549316406
    ],
    [
      42.272926330566406,
      38.16098403930664,
      45.513465881347656,
      43.44261932373047,
      35.16256332397461,
      38.6553955078125,
      36.33304977416992,
      44.73224639892578,
      37.21763610839844,
      55.23380661010742
    ],
    [
      36.65574645996094,
      30.14153480529785,
      25.65273094177246,
      36.84271240234375,
      43.08066940307617,
      28.004310607910156,
      20.169876098632812,
      55.328975677490234,
      34.46061706542969,
      34.56904220581055
    ]
  ],
  "digital_baseline": 44.448753356933594,
  "mean": [
    44.448753356933594,
    44.26780624389649,
    44.94063034057617,
    44.26253890991211,
    45.208574295043945,
    44.23887252807617,
    44.3815200805664,
    41.67246932983399,
    34.49062156677246
  ],
  "std": [
    0.0,
    0.5250249606089529,
    1.4178405170672121,
    1.1545961214231313,
    2.651202320118878,
    4.500539721793422,
    6.635577846970338,
    5.6893445886296,
    9.286721262204768
  ],
  "normalized_mean": [
    1.0,
    0.9959290846340715,
    1.0110661592619414,
    0.9958105811084027,
    1.0170943138046824,
    0.995278139137626,
    0.9984873979293122,
    0.9375396649529084,
    0.7759637551542768
  ],
  "normalized_std": [
    0.0,
    0.011811916442130178,
    0.031898319075039754,
    0.02597589435526936,
    0.05964626946517759,
    0.10125232727345726,
    0.14928602819712714,
    0.12799784378524343,
    0.20893097243088654
  ],
  "degradation_threshold_10pct": 0.12
}