{
  "sigma_values": [
    2.0,
    4.0,
    6.0,
    8.0,
    10.0,
    12.0,
    16.0
  ],
  "metric_name": "quality_vs_adc_bits_sigma0.050",
  "per_trial": [
    [
      39.36407470703125,
      39.05216598510742,
      40.11796188354492,
      39.71677780151367,
      39.67979049682617,
      39.92008972167969,
      39.8782958984375,
      38.82551574707031,
      39.2284049987793,
      38.28199005126953,
      39.49063491821289,
      39.022216796875,
      38.33598709106445,
      38.562137603759766,
      39.40671920776367,
      37.771453857421875,
      39.34450912475586,
      39.02076721191406,
      39.009830474853516,
      38.92208480834961,
      38.673641204833984,
      37.82780838012695,
      39.41790771484375,
      39.16842269897461,
      39.841514587402344
    ],
    [
      39.97162628173828,
      39.772430419921875,
      38.678985595703125,
      39.93156814575195,
      37.97146224975586,
      38.97300338745117,
      40.380958557128906,
      37.809364318847656,
      39.60902404785156,
      39.240718841552734,
      39.71330642700195,
      37.676361083984375,
      38.89992141723633,
      40.525203704833984,
      38.683101654052734,
      39.44626998901367,
      39.54595947265625,
      39.92328643798828,
      38.138511657714844,
      38.16442108154297,
      39.09083557128906,
      39.587738037109375,
      39.4247932434082,
      38.53390884399414,
      38.78519058227539
    ],
    [
      39.33917236328125,
      38.94587707519531,
      39.034393310546875,
      40.909976959228516,
      40.30010986328125,
      38.831974029541016,
      40.242835998535156,
      38.18232727050781,
      39.09370803833008,
      38.12266540527344,
      40.39174270629883,
      38.344276428222656,
      39.19328308105469,
      39.46733093261719,
      38.819580078125,
      40.32123565673828,
      39.189964294433594,
      39.39725875854492,
      39.531463623046875,
      38.840797424316406,
      39.19264221191406,
      40.23189163208008,
      37.936038970947266,
      39.49170684814453,
      39.1661491394043
    ],
    [
      39.720157623291016,
      38.744354248046875,
      40.20432662963867,
      37.84519577026367,
      37.98950958251953,
      38.152809143066406,
      38.5563850402832,
      38.93559265136719,
      40.575469970703125,
      40.172157287597656,
      37.93659591674805,
      38.998294830322266,
      39.35197067260742,
      39.165924072265625,
      39.4100227355957,
      38.83869552612305,
      38.913726806640625,
      38.053627014160156,
      40.45100021362305,
      38.453834533691406,
      39.98833084106445,
      39.06147003173828,
      40.52311706542969,
      39.438377380371094,
      39.19211959838867
    ],
    [
      40.6549072265625,
      38.88311767578125,
      38.467063903808594,
      38.1871452331543,
      37.576393127441406,
      38.63945388793945,
      39.182395935058594,
      38.4289665222168,
      38.35622787475586,
      37.2099609375,
      38.783103942871094,
      38.79597091674805,
      39.57613754272461,
      39.83408737182617,
      38.004878997802734,
      40.060096740722656,
      39.002254486083984,
      39.149715423583984,
      39.572486877441406,
      38.11180114746094,
      38.77960205078125,
      38.8746337890625,
      38.45552444458008,
      38.27162551879883,
      40.53575134277344
    ],
    [
      38.31602478027344,
      38.08169937133789,
      37.6005859375,
      39.07648468017578,
      40.36650848388672,
      39.29963302612305,
      39.88617706298828,
      39.69159698486328,
      39.32551574707031,
      37.33611297607422,
      38.73929977416992,
      38.78192138671875,
      40.063453674316406,
      38.94462585449219,
      37.02540969848633,
      40.47072219848633,
      38.52464294433594,
      38.38526916503906,
      39.47792434692383,
      39.22531509399414,
      39.05816650390625,
      40.10438537597656,
      37.79047393798828,
      37.710086822509766,
      37.94276809692383
    ],
    [
      40.586673736572266,
      38.316829681396484,
      38.69231414794922,
      38.685123443603516,
      39.14583206176758,
      40.01747512817383,
      40.188201904296875,
      38.74025344848633,
      39.6100959777832,
      39.354949951171875,
      38.9677619934082,
      38.04343032836914,
      40.44932174682617,
      38.67169189453125,
      38.79651641845703,
      39.657474517822266,
      40.021453857421875,
      39.45697784423828,
      38.33391189575195,
      39.52204895019531,
      39.5692138671875,
      39.25706481933594,
      38.98358154296875,
      40.41539764404297,
      39.10826873779297
    ]
  ],
  "digital_baseline": 39.086910247802734,
  "mean": [
    39.11522811889648,
    39.13911804199219,
    39.300736083984376,
    39.14692260742188,
    38.855732116699215,
    38.84899215698242,
    39.30367462158203
  ],
  "std": [
    0.6102709559599339,
    0.7778158764667823,
    0.7503334675070445,
    0.8230873094274319,
    0.8229392878535379,
    0.9478956713635366,
    0.6893049948264574
  ],
  "normalized_mean": [
    1.0007244847677705,
    1.0013356848586514,
    1.0054705228636909,
    1.0015353569580885,
    0.9940855358062866,
    0.9939131005927058,
    1.0055457024462937
  ],
  "normalized_std": [
    0.015613179759948925,
    0.019899651098938095,
    0.019196540804839502,
    0.021057876005272164,
    0.021054089019476776,
    0.024250974695980795,
    0.01763518759749516
  ],
  "degradation_threshold_10pct": 16.0
}