{
  "sigma_values": [
    0.0,
    0.01,
    0.02,
    0.03,
    0.05,
    0.07,
    0.1,
    0.12,
    0.15
  ],
  "metric_name": "quality_quantization_only",
  "per_trial": [
    [
      38.45245361328125,
      38.452457427978516,
      38.45244598388672,
      38.45246124267578,
      38.452449798583984,
      38.45245361328125,
      38.45244598388672,
      38.45245361328125,
      38.45246124267578,
      38.45246124267578
    ],
    [
      38.452457427978516,
      38.45244598388672,
      38.45245361328125,
      38.45245361328125,
      38.45245361328125,
      38.452430725097656,
      38.452449798583984,
      38.45244598388672,
      38.45245361328125,
      38.45246505737305
    ],
    [
      38.45246505737305,
      38.45245361328125,
      38.45245361328125,
      38.45243835449219,
      38.45245361328125,
      38.45245361328125,
      38.452457427978516,
      38.45246124267578,
      38.45246124267578,
      38.45244598388672
    ],
    [
      38.45245361328125,
      38.45246124267578,
      38.45244598388672,
      38.45246505737305,
      38.45244598388672,
      38.45244598388672,
      38.452449798583984,
      38.45246124267578,
      38.45245361328125,
      38.452457427978516
    ],
    [
      38.452457427978516,
      38.45246124267578,
      38.45245361328125,
      38.45245361328125,
      38.45246124267578,
      38.45245361328125,
      38.45245361328125,
      38.45245361328125,
      38.452457427978516,
      38.45246124267578
    ],
    [
      38.45244216918945,
      38.45245361328125,
      38.45245361328125,
      38.45245361328125,
      38.45245361328125,
      38.45246124267578,
      38.45245361328125,
      38.45245361328125,
      38.45243835449219,
      38.45244216918945
    ],
    [
      38.452449798583984,
      38.45244598388672,
      38.45244598388672,
      38.45244216918945,
      38.452449798583984,
      38.45244216918945,
      38.45244598388672,
      38.45244598388672,
      38.452457427978516,
      38.452457427978516
    ],
    [
      38.45245361328125,
      38.45245361328125,
      38.452457427978516,
      38.45246124267578,
      38.45244598388672,
      38.452457427978516,
      38.45245361328125,
      38.452457427978516,
      38.45245361328125,
      38.45246124267578
    ],
    [
      38.452449798583984,
      38.45243835449219,
      38.45244598388672,
      38.45245361328125,
      38.45245361328125,
      38.45244598388672,
      38.45245361328125,
      38.45245361328125,
      38.45244598388672,
      38.45246124267578
    ]
  ],
  "digital_baseline": 38.452453994750975,
  "mean": [
    38.4524543762207,
    38.45245094299317,
    38.4524543762207,
    38.452453994750975,
    38.452456665039065,
    38.452450561523435,
    38.45244827270508,
    38.45245552062988,
    38.45245018005371
  ],
  "std": [
    5.606437094382885e-06,
    8.53844806121803e-06,
    7.3969724386845846e-06,
    6.705625851153162e-06,
    3.325575976212062e-06,
    6.781154188015434e-06,
    5.1745071282388825e-06,
    4.264961199760036e-06,
    6.019490752433586e-06
  ],
  "normalized_mean": [
    1.0000000099205562,
    0.9999999206355514,
    1.0000000099205562,
    1.0,
    1.0000000694438926,
    0.9999999107149952,
    0.9999998511916587,
    1.0000000396822244,
    0.9999999007944391
  ],
  "normalized_std": [
    1.4580180227634373e-07,
    2.2205209743918e-07,
    1.9236671968177434e-07,
    1.7438746177470302e-07,
    8.648540289953994e-08,
    1.763516624697375e-07,
    1.345689700050155e-07,
    1.1091518893286324e-07,
    1.5654373458857237e-07
  ],
  "degradation_threshold_10pct": 0.15
}