{
  "sigma_values": [
    2.0,
    4.0,
    6.0,
    8.0,
    10.0,
    12.0,
    16.0
  ],
  "metric_name": "quality_vs_adc_bits_sigma0.050",
  "per_trial": [
    [
      44.50239181518555,
      50.6749382019043,
      38.443756103515625,
      47.186912536621094,
      40.284908294677734,
      50.98674774169922,
      44.27277374267578,
      44.578834533691406,
      42.21992874145508,
      44.8897819519043,
      45.07420349121094,
      45.70998001098633,
      48.58201217651367,
      53.875431060791016,
      43.83413314819336,
      48.680320739746094,
      49.16523742675781,
      43.52286911010742,
      49.78338623046875,
      46.78548812866211,
      48.31169891357422,
      45.329166412353516,
      40.72150802612305,
      46.03697204589844,
      44.48956298828125
    ],
    [
      45.58769989013672,
      37.917503356933594,
      44.0665397644043,
      42.32427215576172,
      43.330039978027344,
      43.58383560180664,
      44.74230194091797,
      47.232643127441406,
      41.6745719909668,
      43.48994827270508,
      48.36527633666992,
      38.268497467041016,
      48.63740539550781,
      46.50136184692383,
      48.244510650634766,
      46.23133087158203,
      47.280181884765625,
      42.61397933959961,
      44.63498306274414,
      43.11122131347656,
      42.20947265625,
      42.991676330566406,
      41.888553619384766,
      54.63722229003906,
      45.5211181640625
    ],
    [
      44.632625579833984,
      48.759464263916016,
      46.98638916015625,
      43.83405303955078,
      48.06706237792969,
      44.923362731933594,
      46.816158294677734,
      41.89008712768555,
      39.29359817504883,
      43.947547912597656,
      46.69721221923828,
      41.32329177856445,
      44.48411560058594,
      39.912471771240234,
      46.16324996948242,
      40.274051666259766,
      45.10487747192383,
      41.1948127746582,
      49.4561653137207,
      47.57175064086914,
      41.92068099975586,
      39.55497741699219,
      44.5384635925293,
      46.65812683105469,
      49.4338493347168
    ],
    [
      44.98426055908203,
      50.21868133544922,
      47.266597747802734,
      40.34513473510742,
      42.987125396728516,
      50.81787872314453,
      40.94559860229492,
      42.76927185058594,
      45.265323638916016,
      50.5892219543457,
      54.819854736328125,
      39.39529800415039,
      45.87126159667969,
      46.472076416015625,
      46.15598678588867,
      45.1566047668457,
      46.96550369262695,
      45.801021575927734,
      45.542579650878906,
      47.070838928222656,
      43.01258087158203,
      40.72476577758789,
      49.91975402832031,
      48.90077590942383,
      44.863040924072266
    ],
    [
      43.91044235229492,
      46.455448150634766,
      41.330955505371094,
      44.88928985595703,
      43.56626892089844,
      48.94864273071289,
      48.73411178588867,
      46.227909088134766,
      45.110198974609375,
      45.170204162597656,
      46.82122039794922,
      46.95650100708008,
      45.09512710571289,
      45.707706451416016,
      44.641258239746094,
      38.93446350097656,
      43.69721221923828,
      43.230987548828125,
      40.945396423339844,
      41.29871368408203,
      46.721351623535156,
      47.734676361083984,
      49.091922760009766,
      41.83424758911133,
      42.995643615722656
    ],
    [
      48.88545608520508,
      46.3474006652832,
      42.31392288208008,
      50.47600173950195,
      44.039955139160156,
      44.390987396240234,
      42.157188415527344,
      40.37934494018555,
      41.137962341308594,
      46.05971145629883,
      43.78803253173828,
      43.77573013305664,
      41.77216339111328,
      44.26941680908203,
      46.56319808959961,
      45.15323257446289,
      50.00362014770508,
      41.225440979003906,
      45.23454284667969,
      42.137351989746094,
      46.72797393798828,
      40.40577697753906,
      44.45622634887695,
      44.953590393066406,
      38.62590026855469
    ],
    [
      41.50746154785156,
      42.37397384643555,
      42.31916809082031,
      43.104156494140625,
      47.885650634765625,
      44.98054122924805,
      41.43171310424805,
      43.872501373291016,
      43.11849594116211,
      41.47038650512695,
      40.08675003051758,
      43.73070526123047,
      36.3106803894043,
      47.95841598510742,
      48.152828216552734,
      39.961639404296875,
      41.56254959106445,
      42.650394439697266,
      47.916690826416016,
      42.10985565185547,
      48.5093994140625,
      46.32816696166992,
      46.33182907104492,
      42.098876953125,
      44.13973617553711
    ]
  ],
  "digital_baseline": 44.448753356933594,
  "mean": [
    45.91771774291992,
    44.60344589233399,
    44.537537841796876,
    45.87444152832031,
    44.801996002197264,
    44.21120513916016,
    43.596502685546874
  ],
  "std": [
    3.515789101826783,
    3.4129105977029055,
    3.0934092985464097,
    3.6245299869462344,
    2.605410736332783,
    2.9275406879768817,
    2.9899788161960164
  ],
  "normalized_mean": [
    1.0330484946155905,
    1.0034802446349436,
    1.0019974572548824,
    1.0320748741801173,
    1.0079471890342357,
    0.994655683234446,
    0.9808262188020673
  ],
  "normalized_std": [
    0.07909758623811555,
    0.07678304429139908,
    0.06959496194877796,
    0.08154401897035074,
    0.058616058709470266,
    0.0658632799995101,
    0.06726800169592624
  ],
  "degradation_threshold_10pct": 16.0
}