{
  "sigma_values": [
    0.0,
    0.01,
    0.02,
    0.03,
    0.05,
    0.07,
    0.1,
    0.12,
    0.15
  ],
  "metric_name": "quality_mismatch_only",
  "per_trial": [
    [
      46.59147262573242,
      46.59147262573242,
      46.59147262573242,
      46.59147262573242,
      46.59147262573242,
      46.59147262573242,
      46.59147262573242,
      46.59147262573242,
      46.59147262573242,
      46.59147262573242
    ],
    [
      46.384639739990234,
      46.898292541503906,
      46.35701370239258,
      46.64986038208008,
      46.53474426269531,
      46.508705139160156,
      46.206180572509766,
      46.760284423828125,
      46.58164978027344,
      46.45903396606445
    ],
    [
      46.55952453613281,
      46.15032958984375,
      45.95096969604492,
      46.10170364379883,
      46.14176940917969,
      46.2907600402832,
      46.72742462158203,
      46.06367874145508,
      45.94226837158203,
      46.84112548828125
    ],
    [
      48.1783447265625,
      46.86842727661133,
      47.37879180908203,
      45.6273307800293,
      46.996551513671875,
      47.0252571105957,
      46.234619140625,
      46.439754486083984,
      47.292808532714844,
      46.52701950073242
    ],
    [
      46.2222785949707,
      46.52146911621094,
      45.76667785644531,
      47.24412155151367,
      46.67851257324219,
      46.874691009521484,
      46.9554557800293,
      46.41846466064453,
      46.38536834716797,
      47.1942253112793
    ],
    [
      47.91995620727539,
      46.04204177856445,
      46.331966400146484,
      47.637454986572266,
      46.02867126464844,
      46.94526672363281,
      48.11857986450195,
      45.24281311035156,
      48.46328353881836,
      46.76438522338867
    ],
    [
      43.236244201660156,
      45.96549606323242,
      43.30139923095703,
      43.688018798828125,
      42.82295608520508,
      48.99357604980469,
      47.3773078918457,
      47.40888977050781,
      44.406349182128906,
      49.872676849365234
    ],
    [
      48.14196014404297,
      48.146358489990234,
      47.9868278503418,
      46.409812927246094,
      51.753570556640625,
      48.31561279296875,
      48.126136779785156,
      45.71600341796875,
      49.62826919555664,
      45.7144775390625
    ],
    [
      44.641502380371094,
      48.99198532104492,
      43.27317810058594,
      47.71339416503906,
      46.16534423828125,
      43.05781555175781,
      42.92092514038086,
      49.04534912109375,
      45.977142333984375,
      52.20050811767578
    ]
  ],
  "digital_baseline": 46.59147262573242,
  "mean": [
    46.59147262573242,
    46.534040451049805,
    46.27695541381836,
    46.856890487670896,
    46.62612648010254,
    46.94944190979004,
    45.70729141235351,
    47.99390296936035,
    46.39871444702148
  ],
  "std": [
    0.0,
    0.19156364832672743,
    0.3049652173789663,
    0.6662198189803205,
    0.4349053610598566,
    1.0036520753189466,
    2.447138299580417,
    1.728189743908388,
    2.923431233542501
  ],
  "normalized_mean": [
    1.0,
    0.9987673243311288,
    0.9932494683213692,
    1.0056967047182768,
    1.0007437810487017,
    1.0076831502393833,
    0.9810226815434339,
    1.0301005798827954,
    0.9958628013272008
  ],
  "normalized_std": [
    0.0,
    0.00411156028197587,
    0.006545515739086863,
    0.014299179258231215,
    0.009334441187412884,
    0.021541540087844972,
    0.05252330870153405,
    0.03709240439320028,
    0.06274605778242547
  ],
  "degradation_threshold_10pct": 0.15
}