{
  "sigma_values": [
    0.0,
    0.01,
    0.02,
    0.03,
    0.05,
    0.07,
    0.1,
    0.12,
    0.15
  ],
  "metric_name": "quality_mismatch_only",
  "per_trial": [
    [
      39.08694076538086,
      39.086944580078125,
      39.08693313598633,
      39.08692932128906,
      39.08693313598633,
      39.08694076538086,
      39.08693313598633,
      39.0869140625,
      39.08690643310547,
      39.08692932128906
    ],
    [
      39.04914093017578,
      39.06239318847656,
      38.78467559814453,
      39.249610900878906,
      38.87154769897461,
      39.25089645385742,
      39.11758804321289,
      39.2515754699707,
      38.89426803588867,
      38.920650482177734
    ],
    [
      38.977134704589844,
      38.78048324584961,
      38.800533294677734,
      39.376182556152344,
      39.164031982421875,
      39.193824768066406,
      39.29258346557617,
      38.601009368896484,
      39.30561447143555,
      39.26861572265625
    ],
    [
      38.86354064941406,
      38.49607849121094,
      39.6259765625,
      39.56167221069336,
      39.676639556884766,
      38.17430114746094,
      39.16158676147461,
      39.30982971191406,
      39.102386474609375,
      38.82505798339844
    ],
    [
      39.35575866699219,
      37.230186462402344,
      38.93064880371094,
      40.246158599853516,
      39.121315002441406,
      39.1746826171875,
      38.174190521240234,
      39.735374450683594,
      38.103084564208984,
      38.133243560791016
    ],
    [
      39.07522964477539,
      40.13380813598633,
      39.300987243652344,
      39.912960052490234,
      35.5086669921875,
      37.96701431274414,
      38.45218276977539,
      39.124290466308594,
      37.71653366088867,
      39.0496826171875
    ],
    [
      37.5011100769043,
      37.86284637451172,
      40.673309326171875,
      37.714447021484375,
      37.2905158996582,
      43.55332946777344,
      39.38581848144531,
      39.404117584228516,
      38.114341735839844,
      42.772525787353516
    ],
    [
      37.86815643310547,
      37.993736267089844,
      42.139198303222656,
      36.749698638916016,
      40.0628776550293,
      40.40248107910156,
      37.50168228149414,
      39.36659622192383,
      38.95185470581055,
      37.582332611083984
    ],
    [
      37.30528259277344,
      40.35737609863281,
      42.58506393432617,
      35.83509063720703,
      43.851226806640625,
      40.12216567993164,
      36.41740798950195,
      36.22410583496094,
      39.28325271606445,
      40.1632080078125
    ]
  ],
  "digital_baseline": 39.08692512512207,
  "mean": [
    39.086930465698245,
    39.04523468017578,
    39.07600135803223,
    39.07970695495605,
    38.820464324951175,
    38.62413558959961,
    39.42723617553711,
    38.86186141967774,
    39.21441802978516
  ],
  "std": [
    1.1322648681378043e-05,
    0.16387738140475158,
    0.2543769636905197,
    0.4710796641772063,
    0.8554464736983919,
    1.265871275535354,
    2.124870487001799,
    1.5655460946990087,
    2.602430267229
  ],
  "normalized_mean": [
    1.0000001366333156,
    0.9989333915417282,
    0.9997205263127025,
    0.9998153303146023,
    0.9931828661549118,
    0.9881599912492217,
    1.0087065188506301,
    0.9942419695403545,
    1.003261778823864
  ],
  "normalized_std": [
    2.8967867503347595e-07,
    0.004192639376982453,
    0.006507980939309696,
    0.01205210342510244,
    0.021885744937981233,
    0.03238605419799956,
    0.05436269238881867,
    0.04005293559643033,
    0.0665805831207827
  ],
  "degradation_threshold_10pct": 0.15
}