{
  "sigma_values": [
    0.0,
    0.01,
    0.02,
    0.03,
    0.05,
    0.07,
    0.1,
    0.12,
    0.15
  ],
  "metric_name": "quality_thermal_only",
  "per_trial": [
    [
      46.59147262573242,
      46.591468811035156,
      46.59147262573242,
      46.591453552246094,
      46.59148025512695,
      46.59147262573242,
      46.59148025512695,
      46.591453552246094,
      46.59148025512695,
      46.591487884521484
    ],
    [
      46.59147262573242,
      46.591468811035156,
      46.59147262573242,
      46.59147262573242,
      46.59148406982422,
      46.59147644042969,
      46.591468811035156,
      46.591468811035156,
      46.59147262573242,
      46.59149932861328
    ],
    [
      46.59147644042969,
      46.59149169921875,
      46.59146499633789,
      46.59148406982422,
      46.591495513916016,
      46.591495513916016,
      46.59147262573242,
      46.59147262573242,
      46.59148406982422,
      46.59149932861328
    ],
    [
      46.59148406982422,
      46.59146499633789,
      46.59146499633789,
      46.59148025512695,
      46.59146499633789,
      46.59147262573242,
      46.59148025512695,
      46.59148025512695,
      46.59147262573242,
      46.59147262573242
    ],
    [
      46.59146499633789,
      46.59148025512695,
      46.59147262573242,
      46.59147644042969,
      46.59147644042969,
      46.59146499633789,
      46.591468811035156,
      46.59148025512695,
      46.59147262573242,
      46.591487884521484
    ],
    [
      46.591495513916016,
      46.59148406982422,
      46.59148025512695,
      46.59147262573242,
      46.59147262573242,
      46.59148025512695,
      46.59148406982422,
      46.59145736694336,
      46.591468811035156,
      46.591487884521484
    ],
    [
      46.59147644042969,
      46.59149932861328,
      46.59147262573242,
      46.591468811035156,
      46.591468811035156,
      46.591487884521484,
      46.59147262573242,
      46.59147262573242,
      46.591468811035156,
      46.591495513916016
    ],
    [
      46.591468811035156,
      46.59149932861328,
      46.59147262573242,
      46.591487884521484,
      46.59147644042969,
      46.591495513916016,
      46.591453552246094,
      46.591487884521484,
      46.591487884521484,
      46.59147262573242
    ],
    [
      46.59147262573242,
      46.59145736694336,
      46.591468811035156,
      46.591495513916016,
      46.591487884521484,
      46.59147262573242,
      46.59148025512695,
      46.591487884521484,
      46.59149169921875,
      46.59146499633789
    ]
  ],
  "digital_baseline": 46.59147262573242,
  "mean": [
    46.5914722442627,
    46.59147567749024,
    46.591483688354494,
    46.591473770141604,
    46.591474533081055,
    46.59147834777832,
    46.59147834777832,
    46.59148025512695,
    46.591477966308595
  ],
  "std": [
    1.0715158008718978e-05,
    8.994923494378354e-06,
    1.1115114047495626e-05,
    6.8345920056033774e-06,
    6.877043295791605e-06,
    1.0271386732357986e-05,
    1.0956883709980066e-05,
    1.3214498959113138e-05,
    1.1966237748228548e-05
  ],
  "normalized_mean": [
    0.9999999918124561,
    1.0000000655003511,
    1.0000002374387726,
    1.0000000245626317,
    1.0000000409377194,
    1.0000001228131583,
    1.0000001228131583,
    1.0000001637508775,
    1.0000001146256143
  ],
  "normalized_std": [
    2.299810975024002e-07,
    1.9305943743470488e-07,
    2.385654159674867e-07,
    1.4669190777688875e-07,
    1.4760304639938385e-07,
    2.204563658004042e-07,
    2.35169293703084e-07,
    2.836248397912794e-07,
    2.5683321590525574e-07
  ],
  "degradation_threshold_10pct": 0.15
}