{
  "sigma_values": [
    0.0,
    0.01,
    0.02,
    0.03,
    0.05,
    0.07,
    0.1,
    0.12,
    0.15
  ],
  "metric_name": "quality",
  "per_trial": [
    [
      44.448760986328125,
      44.44874572753906,
      44.44874954223633,
      44.448753356933594,
      44.448753356933594,
      44.448753356933594,
      44.44874954223633,
      44.44874572753906,
      44.44873809814453,
      44.44874954223633,
      44.44874572753906,
      44.448753356933594,
      44.44874954223633,
      44.44874954223633,
      44.44874572753906,
      44.448753356933594,
      44.44874954223633,
      44.44874572753906,
      44.44875717163086,
      44.448753356933594,
      44.44874954223633,
      44.448753356933594,
      44.44873046875,
      44.448753356933594,
      44.448760986328125,
      44.448753356933594,
      44.44874954223633,
      44.448753356933594,
      44.44874572753906,
      44.448760986328125,
      44.448753356933594,
      44.44875717163086,
      44.448753356933594,
      44.44874572753906,
      44.448753356933594,
      44.448760986328125,
      44.44873809814453,
      44.448753356933594,
      44.448753356933594,
      44.44874954223633,
      44.44874572753906,
      44.448760986328125,
      44.44874572753906,
      44.4487419128418,
      44.44876480102539,
      44.448753356933594,
      44.44873809814453,
      44.44875717163086,
      44.448753356933594,
      44.448753356933594
    ],
    [
      45.258522033691406,
      45.02969741821289,
      44.27762985229492,
      44.589622497558594,
      45.188594818115234,
      46.12372970581055,
      45.03910827636719,
      44.27025604248047,
      44.2081184387207,
      44.12993240356445,
      44.557369232177734,
      44.78432846069336,
      45.52490234375,
      45.075809478759766,
      45.128780364990234,
      45.653656005859375,
      44.09220504760742,
      44.55738067626953,
      44.70862579345703,
      44.590965270996094,
      43.81917190551758,
      44.057037353515625,
      43.70347213745117,
      44.98958206176758,
      45.11886215209961,
      45.2059326171875,
      43.33253860473633,
      43.894229888916016,
      44.28812026977539,
      43.587337493896484,
      44.14888000488281,
      44.24986267089844,
      44.25736999511719,
      45.86349868774414,
      45.26106643676758,
      44.632598876953125,
      43.44105529785156,
      45.36901092529297,
      43.748165130615234,
      44.45736312866211,
      44.28691482543945,
      44.063682556152344,
      43.35246276855469,
      43.2720947265625,
      44.54861068725586,
      43.86585235595703,
      45.57378005981445,
      44.6536979675293,
      44.466453552246094,
      44.479156494140625
    ],
    [
      45.292606353759766,
      44.949729919433594,
      45.80344772338867,
      45.98671340942383,
      45.4565315246582,
      44.88468551635742,
      44.78827667236328,
      43.35818099975586,
      44.90032958984375,
      45.64677429199219,
      42.91950607299805,
      45.42916488647461,
      44.742408752441406,
      44.89012145996094,
      43.15439987182617,
      41.53052520751953,
      42.79942321777344,
      45.2507438659668,
      44.27088928222656,
      42.95089340209961,
      44.426753997802734,
      43.80283737182617,
      45.64383316040039,
      44.06463623046875,
      43.02701950073242,
      43.48286056518555,
      46.256813049316406,
      44.40516662597656,
      44.874595642089844,
      45.050785064697266,
      43.140506744384766,
      45.63759231567383,
      43.43736267089844,
      43.90481185913086,
      43.83450698852539,
      46.58811950683594,
      43.47139358520508,
      42.1551399230957,
      45.559383392333984,
      45.190425872802734,
      43.82162857055664,
      43.95573425292969,
      43.67122268676758,
      47.71923065185547,
      45.81315231323242,
      44.53221130371094,
      42.988487243652344,
      46.39252471923828,
      44.19247055053711,
      44.20618438720703
    ],
    [
      44.92732620239258,
      44.892372131347656,
      45.42177963256836,
      43.62615966796875,
      45.40693283081055,
      43.389522552490234,
      44.187259674072266,
      45.89760208129883,
      45.3076057434082,
      41.341487884521484,
      47.83115768432617,
      44.912017822265625,
      45.38772964477539,
      43.82544708251953,
      41.58340072631836,
      44.958351135253906,
      44.1963005065918,
      45.472564697265625,
      43.889190673828125,
      42.25467300415039,
      45.813533782958984,
      43.33626937866211,
      46.06867980957031,
      42.492103576660156,
      44.329620361328125,
      46.552223205566406,
      43.14992141723633,
      47.97935485839844,
      47.68131637573242,
      42.01814651489258,
      44.46266555786133,
      41.15670394897461,
      44.8119010925293,
      43.39836120605469,
      44.744144439697266,
      43.69044876098633,
      42.263790130615234,
      45.37925338745117,
      43.742271423339844,
      45.79038619995117,
      46.50143051147461,
      42.5712890625,
      46.20072937011719,
      45.35783004760742,
      44.642173767089844,
      48.267311096191406,
      44.819183349609375,
      46.13748550415039,
      46.16007995605469,
      43.67137145996094
    ],
    [
      50.70208740234375,
      40.75108337402344,
      46.8122444152832,
      44.50508499145508,
      45.04738998413086,
      47.46377182006836,
      46.28587341308594,
      41.0071907043457,
      43.922237396240234,
      47.05187225341797,
      38.78401565551758,
      48.24017333984375,
      42.024784088134766,
      49.64421463012695,
      41.397830963134766,
      43.31495666503906,
      50.15024185180664,
      43.91680908203125,
      43.21873474121094,
      41.88089370727539,
      47.976409912109375,
      47.30613327026367,
      43.51345443725586,
      42.709503173828125,
      48.832244873046875,
      49.15800476074219,
      43.88425827026367,
      40.71950912475586,
      45.45238494873047,
      48.39775466918945,
      48.630306243896484,
      49.534305572509766,
      43.72282791137695,
      46.326072692871094,
      46.08835220336914,
      45.12085723876953,
      44.904930114746094,
      49.871055603027344,
      42.92475891113281,
      50.1308479309082,
      47.41710662841797,
      47.8880500793457,
      45.64209747314453,
      45.974143981933594,
      42.517822265625,
      46.39680862426758,
      41.91563415527344,
      43.86399459838867,
      42.033565521240234,
      45.5589485168457
    ],
    [
      44.57337188720703,
      43.66181564331055,
      53.84197235107422,
      41.85429000854492,
      48.722023010253906,
      41.954673767089844,
      50.93982696533203,
      42.25261306762695,
      41.33465576171875,
      43.693267822265625,
      46.726497650146484,
      37.36802673339844,
      48.219947814941406,
      39.15005111694336,
      45.0625114440918,
      49.549415588378906,
      47.089134216308594,
      43.39847946166992,
      46.72787857055664,
      43.08626937866211,
      49.44875717163086,
      48.038875579833984,
      45.008094787597656,
      47.48836135864258,
      45.074039459228516,
      42.77385711669922,
      47.769927978515625,
      39.088294982910156,
      44.590206146240234,
      50.56429672241211,
      37.68876266479492,
      44.20200729370117,
      38.68722152709961,
      49.429725646972656,
      44.89835739135742,
      37.22254180908203,
      45.46035385131836,
      41.419803619384766,
      44.8138427734375,
      48.57814407348633,
      43.380409240722656,
      36.71949768066406,
      42.37553024291992,
      42.43122863769531,
      50.602394104003906,
      38.6809196472168,
      48.12821960449219,
      41.46395492553711,
      45.8360710144043,
      53.54161834716797
    ],
    [
      49.98283767700195,
      42.276371002197266,
      43.001644134521484,
      38.95664978027344,
      62.85647201538086,
      59.58366012573242,
      54.54439163208008,
