{
  "sigma_values": [
    0.0,
    0.01,
    0.02,
    0.03,
    0.05,
    0.07,
    0.1,
    0.12,
    0.15
  ],
  "metric_name": "output_mse",
  "per_trial": [
    [
      -0.14587882161140442,
      -0.14586544036865234,
      -0.1458912044763565,
      -0.14583519101142883,
      -0.14587323367595673,
      -0.14588400721549988,
      -0.14587220549583435,
      -0.14587965607643127,
      -0.14589573442935944,
      -0.1458699107170105,
      -0.14586752653121948,
      -0.1459118276834488,
      -0.1458929479122162,
      -0.14586593210697174,
      -0.14588956534862518,
      -0.14587314426898956,
      -0.14591634273529053,
      -0.14587290585041046,
      -0.14589178562164307,
      -0.14586637914180756,
      -0.14588354527950287,
      -0.14584776759147644,
      -0.14585067331790924,
      -0.14589224755764008,
      -0.14584888517856598,
      -0.14588460326194763,
      -0.14586301147937775,
      -0.14589297771453857,
      -0.14586566388607025,
      -0.14585444331169128,
      -0.14588819444179535,
      -0.1458984762430191,
      -0.14586614072322845,
      -0.14586015045642853,
      -0.14585615694522858,
      -0.14586639404296875,
      -0.1458607316017151,
      -0.14587174355983734,
      -0.14590638875961304,
      -0.14588455855846405,
      -0.14588508009910583,
      -0.1458681970834732,
      -0.14586679637432098,
      -0.1458771675825119,
      -0.14591293036937714,
      -0.1458853781223297,
      -0.1458730846643448,
      -0.14588505029678345,
      -0.1458946317434311,
      -0.14591239392757416
    ],
    [
      -0.1462615430355072,
      -0.14669954776763916,
      -0.14689306914806366,
      -0.14573518931865692,
      -0.14642484486103058,
      -0.14628912508487701,
      -0.14515714347362518,
      -0.14677204191684723,
      -0.1456681787967682,
      -0.1455840766429901,
      -0.14510829746723175,
      -0.14592459797859192,
      -0.14465050399303436,
      -0.14418984949588776,
      -0.14477026462554932,
      -0.14579184353351593,
      -0.14642277359962463,
      -0.1462876796722412,
      -0.14486393332481384,
      -0.14535218477249146,
      -0.1451268047094345,
      -0.14444339275360107,
      -0.14701923727989197,
      -0.1462048441171646,
      -0.14638738334178925,
      -0.14530760049819946,
      -0.14637967944145203,
      -0.14534702897071838,
      -0.14626803994178772,
      -0.14630022644996643,
      -0.14599020779132843,
      -0.14585541188716888,
      -0.14539441466331482,
      -0.14589308202266693,
      -0.14407452940940857,
      -0.14550471305847168,
      -0.1445503979921341,
      -0.1456480175256729,
      -0.14523857831954956,
      -0.14587873220443726,
      -0.14575809240341187,
      -0.14613522589206696,
      -0.144877091050148,
      -0.14484144747257233,
      -0.14508004486560822,
      -0.14513914287090302,
      -0.1458282172679901,
      -0.1450914442539215,
      -0.14468936622142792,
      -0.14580510556697845
    ],
    [
      -0.14472350478172302,
      -0.14421488344669342,
      -0.14424912631511688,
      -0.14519143104553223,
      -0.1484794020652771,
      -0.1465689092874527,
      -0.14410173892974854,
      -0.14489960670471191,
      -0.14665795862674713,
      -0.1435757428407669,
      -0.14248894155025482,
      -0.14433805644512177,
      -0.14614278078079224,
      -0.1453789323568344,
      -0.14495211839675903,
      -0.14595140516757965,
      -0.1430133432149887,
      -0.14881400763988495,
      -0.14615149796009064,
      -0.1449144333600998,
      -0.14601759612560272,
      -0.1465565264225006,
      -0.14732010662555695,
      -0.14770390093326569,
      -0.14467313885688782,
      -0.14843375980854034,
      -0.14469362795352936,
      -0.14530234038829803,
      -0.14601890742778778,
      -0.1441054791212082,
      -0.14456430077552795,
      -0.14432047307491302,
      -0.14636096358299255,
      -0.14401480555534363,
      -0.14473576843738556,
      -0.1471654176712036,
      -0.14710959792137146,
      -0.14663708209991455,
      -0.1455448716878891,
      -0.14645875990390778,
      -0.14229367673397064,
      -0.14401434361934662,
      -0.14626246690750122,
      -0.14579688012599945,
      -0.14380961656570435,
      -0.1455317735671997,
      -0.14538602530956268,
      -0.144765704870224,
      -0.1468750387430191,
      -0.14704176783561707
    ],
    [
      -0.14537084102630615,
      -0.14193609356880188,
      -0.14260421693325043,
      -0.14531317353248596,
      -0.14506171643733978,
      -0.14414793252944946,
      -0.1480039805173874,
      -0.14562952518463135,
      -0.1466866135597229,
      -0.14422906935214996,
      -0.14449627697467804,
      -0.14929671585559845,
      -0.14288777112960815,
      -0.14380832016468048,
      -0.143034890294075,
      -0.14680564403533936,
      -0.14300113916397095,
      -0.14811810851097107,
      -0.1458628922700882,
      -0.1486215740442276,
      -0.14981718361377716,
      -0.1423216015100479,
      -0.1427115648984909,
      -0.14770130813121796,
      -0.14601834118366241,
      -0.1450870782136917,
      -0.1458960324525833,
      -0.14757683873176575,
      -0.14755335450172424,
      -0.14784781634807587,
      -0.14781738817691803,
      -0.1437733918428421,
      -0.15064702928066254,
      -0.14361099898815155,
      -0.1478516161441803,
      -0.1501908302307129,
      -0.14549079537391663,
      -0.14426763355731964,
      -0.14289790391921997,
      -0.14334051311016083,
      -0.149613618850708,
      -0.14869175851345062,
      -0.14316301047801971,
      -0.1439891904592514,
      -0.14642970263957977,
      -0.14437982439994812,
      -0.147972971200943,
      -0.14490965008735657,
      -0.14917096495628357,
      -0.14877429604530334
    ],
    [
      -0.14797072112560272,
      -0.146951362490654,
      -0.1408986896276474,
      -0.14249734580516815,
      -0.15046851336956024,
      -0.1467762142419815,
      -0.14567573368549347,
      -0.14674139022827148,
      -0.15059274435043335,
      -0.1453893482685089,
      -0.14298804104328156,
      -0.14606750011444092,
      -0.14039336144924164,
      -0.1432311236858368,
      -0.14159753918647766,
      -0.1438346952199936,
      -0.14433680474758148,
      -0.13924750685691833,
      -0.14256161451339722,
      -0.14828412234783173,
      -0.1472950130701065,
      -0.15435801446437836,
      -0.13809002935886383,
      -0.1456960141658783,
      -0.14550970494747162,
      -0.14667606353759766,
      -0.1502467393875122,
      -0.1474524587392807,
      -0.1434430032968521,
      -0.14285239577293396,
      -0.14967350661754608,
      -0.14436551928520203,
      -0.14782041311264038,
      -0.14996939897537231,
      -0.14473703503608704,
      -0.1460689753293991,
      -0.14712239801883698,
      -0.1464632749557495,
      -0.14885692298412323,
      -0.15351657569408417,
      -0.1426672786474228,
      -0.1474267989397049,
      -0.15200665593147278,
      -0.14048270881175995,
      -0.14987210929393768,
      -0.14389890432357788,
      -0.1450231671333313,
      -0.13969303667545319,
      -0.1477605700492859,
      -0.13753707706928253
    ],
    [
      -0.1388242095708847,
      -0.14527812600135803,
      -0.14307667315006256,
      -0.14100544154644012,
      -0.1458779126405716,
      -0.1530400812625885,
      -0.15164068341255188,
      -0.14436593651771545,
      -0.15274731814861298,
      -0.13530005514621735,
      -0.1507394164800644,
      -0.15247714519500732,
      -0.14607422053813934,
      -0.14196646213531494,
      -0.1445290595293045,
      -0.1500660479068756,
      -0.15032602846622467,
      -0.14691181480884552,
      -0.14730335772037506,
      -0.14485031366348267,
      -0.15525904297828674,
      -0.15390561521053314,
      -0.14590540528297424,
      -0.13697144389152527,
      -0.14337681233882904,
      -0.15080824494361877,
      -0.14623410999774933,
      -0.14856690168380737,
      -0.15060080587863922,
      -0.14270871877670288,
