{
  "sigma_values": [
    0.0,
    0.01,
    0.02,
    0.03,
    0.05,
    0.07,
    0.1,
    0.12,
    0.15
  ],
  "metric_name": "quality",
  "per_trial": [
    [
      -0.2586154639720917,
      -0.25862154364585876,
      -0.2586609721183777,
      -0.25861185789108276,
      -0.25865477323532104,
      -0.25865456461906433,
      -0.2586711049079895,
      -0.25869807600975037,
      -0.25862249732017517,
      -0.25867047905921936,
      -0.2586493492126465,
      -0.2586333453655243,
      -0.25862619280815125,
      -0.2586648762226105,
      -0.2586427330970764,
      -0.2586546838283539,
      -0.25865301489830017,
      -0.2586378753185272,
      -0.25861114263534546,
      -0.258609801530838,
      -0.25859561562538147,
      -0.25860294699668884,
      -0.2586258053779602,
      -0.2586318850517273,
      -0.25866225361824036,
      -0.25863057374954224,
      -0.25862112641334534,
      -0.25867295265197754,
      -0.2586420178413391,
      -0.2586909830570221,
      -0.25860267877578735,
      -0.2586417496204376,
      -0.2586241364479065,
      -0.25861838459968567,
      -0.2587043046951294,
      -0.2586844861507416,
      -0.2586507201194763,
      -0.2586594521999359,
      -0.2586289644241333,
      -0.2586178779602051,
      -0.258674681186676,
      -0.2586093246936798,
      -0.25859788060188293,
      -0.2586003243923187,
      -0.25861072540283203,
      -0.2586617171764374,
      -0.2586468458175659,
      -0.25862765312194824,
      -0.25864899158477783,
      -0.2586876451969147
    ],
    [
      -0.25903981924057007,
      -0.25884467363357544,
      -0.2584115266799927,
      -0.2588229775428772,
      -0.25936633348464966,
      -0.25878068804740906,
      -0.2588253617286682,
      -0.2590581178665161,
      -0.25910282135009766,
      -0.2587662637233734,
      -0.25865912437438965,
      -0.25851204991340637,
      -0.25859707593917847,
      -0.2587888240814209,
      -0.2588445246219635,
      -0.25875359773635864,
      -0.2590208649635315,
      -0.25871992111206055,
      -0.2589160203933716,
      -0.2588587999343872,
      -0.2588788866996765,
      -0.25924819707870483,
      -0.25871017575263977,
      -0.2591318190097809,
      -0.2587146461009979,
      -0.25837239623069763,
      -0.25899919867515564,
      -0.2591938078403473,
      -0.25867605209350586,
      -0.258967787027359,
      -0.2587435245513916,
      -0.25841858983039856,
      -0.2587745785713196,
      -0.25916895270347595,
      -0.25874727964401245,
      -0.258983314037323,
      -0.25879183411598206,
      -0.2591077983379364,
      -0.25897854566574097,
      -0.2586304247379303,
      -0.2589327096939087,
      -0.2590620815753937,
      -0.25875619053840637,
      -0.25845324993133545,
      -0.2585296332836151,
      -0.25865015387535095,
      -0.25886479020118713,
      -0.25885236263275146,
      -0.2589138448238373,
      -0.2585274279117584
    ],
    [
      -0.2585541009902954,
      -0.25953686237335205,
      -0.2587735056877136,
      -0.25946587324142456,
      -0.2591409981250763,
      -0.2588197886943817,
      -0.258720338344574,
      -0.25928419828414917,
      -0.2595871090888977,
      -0.25939059257507324,
      -0.2585751414299011,
      -0.2591466009616852,
      -0.2589341998100281,
      -0.25826236605644226,
      -0.2594931125640869,
      -0.2589668035507202,
      -0.2604817748069763,
      -0.2584553062915802,
      -0.258855938911438,
      -0.2592941224575043,
      -0.2582622468471527,
      -0.25827860832214355,
      -0.25857555866241455,
      -0.2585393488407135,
      -0.2587444484233856,
      -0.2585850656032562,
      -0.25850093364715576,
      -0.2588791847229004,
      -0.2589871287345886,
      -0.25892871618270874,
      -0.25869840383529663,
      -0.25889965891838074,
      -0.2590170204639435,
      -0.2586042284965515,
      -0.25914451479911804,
      -0.2590871751308441,
      -0.2591931223869324,
      -0.2592039108276367,
      -0.25846317410469055,
      -0.2591281831264496,
      -0.2580636739730835,
      -0.2586553394794464,
      -0.2588988244533539,
      -0.2589217722415924,
      -0.25911465287208557,
      -0.25992757081985474,
      -0.25924181938171387,
      -0.2594454884529114,
      -0.25851523876190186,
      -0.2583617866039276
    ],
    [
      -0.2589946389198303,
      -0.2595241963863373,
      -0.2584839165210724,
      -0.25861141085624695,
      -0.2593664228916168,
      -0.25861185789108276,
      -0.2587134540081024,
      -0.2577928602695465,
      -0.25863102078437805,
      -0.2584358751773834,
      -0.25943997502326965,
      -0.2588474154472351,
      -0.2587803602218628,
      -0.25829556584358215,
      -0.2597930431365967,
      -0.25848859548568726,
      -0.25796234607696533,
      -0.2583533823490143,
      -0.26043906807899475,
      -0.25917091965675354,
      -0.25916311144828796,
      -0.258791446685791,
      -0.2585294544696808,
      -0.25893259048461914,
      -0.25802844762802124,
      -0.25914183259010315,
      -0.25932860374450684,
      -0.259711354970932,
      -0.25985416769981384,
      -0.25842490792274475,
      -0.25884702801704407,
      -0.2593458890914917,
      -0.25804153084754944,
      -0.2594486176967621,
      -0.2585126459598541,
      -0.25856372714042664,
      -0.2589792013168335,
      -0.2587674558162689,
      -0.26015397906303406,
      -0.2585820257663727,
      -0.2586517333984375,
      -0.2581239342689514,
      -0.26149022579193115,
      -0.25744885206222534,
      -0.25824853777885437,
      -0.25986555218696594,
      -0.25876474380493164,
      -0.259791761636734,
      -0.25872430205345154,
      -0.25792208313941956
    ],
    [
      -0.26139938831329346,
      -0.259355753660202,
      -0.2594265639781952,
      -0.2609836161136627,
      -0.2575293779373169,
      -0.2594856023788452,
      -0.25855666399002075,
      -0.25718939304351807,
      -0.2582409083843231,
      -0.2596127986907959,
      -0.25876176357269287,
      -0.2591850459575653,
      -0.25865915417671204,
      -0.2584211826324463,
      -0.2588191330432892,
      -0.2590952515602112,
      -0.2588483691215515,
      -0.2586144208908081,
      -0.25816473364830017,
      -0.25665611028671265,
      -0.2591724097728729,
      -0.2577350437641144,
      -0.25734078884124756,
      -0.2588236927986145,
      -0.2592967748641968,
      -0.2592673897743225,
      -0.2604168951511383,
      -0.2588953375816345,
      -0.25865811109542847,
      -0.2598879635334015,
      -0.2571171820163727,
      -0.2598041594028473,
      -0.25810524821281433,
      -0.2585776448249817,
      -0.2583373188972473,
      -0.2596110701560974,
      -0.2574775815010071,
      -0.2589133679866791,
      -0.2585238516330719,
      -0.25732409954071045,
      -0.2584134042263031,
      -0.2583226263523102,
      -0.25989532470703125,
      -0.25946667790412903,
      -0.25836628675460815,
      -0.2596360146999359,
      -0.2597670257091522,
      -0.26116007566452026,
      -0.25917142629623413,
      -0.2582223415374756
    ],
    [
      -0.2579669654369354,
      -0.2591812014579773,
      -0.2594107389450073,
      -0.25786179304122925,
      -0.2571483254432678,
      -0.2574598789215088,
      -0.26010897755622864,
      -0.25870344042778015,
      -0.25890815258026123,
      -0.25937962532043457,
      -0.2583754360675812,
      -0.25803425908088684,
      -0.25707581639289856,
      -0.25889334082603455,
      -0.25981369614601135,
      -0.2588619887828827,
      -0.25915515422821045,
      -0.26071929931640625,
      -0.25746020674705505,
      -0.25729888677597046,
      -0.25780120491981506,
      -0.25964993238449097,
      -0.2634620666503906,
      -0.2582481801509857,
      -0.26225924491882324,
      -0.2579343914985657,
      -0.2618481516838074,
      -0.2581945061683655,
      -0.2579125463962555,
      -0.2605370879173279,
      -0.2577025294303894,
      -0.2602502107620239,
      -0.25716227293014526,
