{
  "sigma_values": [
    2.0,
    4.0,
    6.0,
    8.0,
    10.0,
    12.0,
    16.0
  ],
  "metric_name": "quality_vs_adc_bits_sigma0.050",
  "per_trial": [
    [
      -0.2612892687320709,
      -0.26192569732666016,
      -0.2617897689342499,
      -0.261647492647171,
      -0.2618279457092285,
      -0.2606557011604309,
      -0.2626654803752899,
      -0.2630883753299713,
      -0.26451802253723145,
      -0.26263517141342163,
      -0.2611459493637085,
      -0.26205819845199585,
      -0.26119494438171387,
      -0.26147332787513733,
      -0.2594074308872223,
      -0.2611860930919647,
      -0.2629036605358124,
      -0.26220211386680603,
      -0.26279887557029724,
      -0.26132041215896606,
      -0.26400092244148254,
      -0.2609453797340393,
      -0.26311495900154114,
      -0.25981342792510986,
      -0.26236581802368164
    ],
    [
      -0.2540331780910492,
      -0.2564084529876709,
      -0.25473612546920776,
      -0.2555924355983734,
      -0.2534346580505371,
      -0.2554246783256531,
      -0.2550448775291443,
      -0.2534908652305603,
      -0.2535652220249176,
      -0.25605079531669617,
      -0.254656046628952,
      -0.25739040970802307,
      -0.25444427132606506,
      -0.2567380666732788,
      -0.25327643752098083,
      -0.25317564606666565,
      -0.252763032913208,
      -0.254604697227478,
      -0.2551570534706116,
      -0.2558598518371582,
      -0.2550187110900879,
      -0.2527800500392914,
      -0.2547692358493805,
      -0.2526814937591553,
      -0.25491803884506226
    ],
    [
      -0.25277745723724365,
      -0.25359469652175903,
      -0.25356996059417725,
      -0.25365662574768066,
      -0.25414642691612244,
      -0.25330111384391785,
      -0.2531242072582245,
      -0.25357508659362793,
      -0.2540210485458374,
      -0.25257793068885803,
      -0.2531035244464874,
      -0.25444042682647705,
      -0.2521795332431793,
      -0.2539375126361847,
      -0.2530379593372345,
      -0.25456178188323975,
      -0.2551437020301819,
      -0.2539432644844055,
      -0.25328248739242554,
      -0.2527644634246826,
      -0.2538561522960663,
      -0.2536371350288391,
      -0.2547103464603424,
      -0.25333794951438904,
      -0.25202804803848267
    ],
    [
      -0.25398337841033936,
      -0.25243115425109863,
      -0.2537790834903717,
      -0.25365278124809265,
      -0.2536981701850891,
      -0.25323233008384705,
      -0.25235652923583984,
      -0.25423896312713623,
      -0.2540329098701477,
      -0.25346583127975464,
      -0.2531934976577759,
      -0.25375527143478394,
      -0.2544858753681183,
      -0.2529720366001129,
      -0.2528144419193268,
      -0.25281840562820435,
      -0.252594918012619,
      -0.2533423900604248,
      -0.25289973616600037,
      -0.2528187334537506,
      -0.25354766845703125,
      -0.25342658162117004,
      -0.2534717619419098,
      -0.2523931562900543,
      -0.25347864627838135
    ],
    [
      -0.25415417551994324,
      -0.25272494554519653,
      -0.2534147799015045,
      -0.25449612736701965,
      -0.2518048882484436,
      -0.2542487680912018,
      -0.2543172538280487,
      -0.25340089201927185,
      -0.25253716111183167,
      -0.25276297330856323,
      -0.2529356777667999,
      -0.25370341539382935,
      -0.25209593772888184,
      -0.25280991196632385,
      -0.2541447579860687,
      -0.2526124119758606,
      -0.25288429856300354,
      -0.25295403599739075,
      -0.2532496154308319,
      -0.2528473436832428,
      -0.2544916868209839,
      -0.2527599036693573,
      -0.25170019268989563,
      -0.2530641257762909,
      -0.2529034912586212
    ],
    [
      -0.2538136839866638,
      -0.25351476669311523,
      -0.25379204750061035,
      -0.25251340866088867,
      -0.2529718577861786,
      -0.25382548570632935,
      -0.25251927971839905,
      -0.25292202830314636,
      -0.255105197429657,
      -0.25303611159324646,
      -0.2531600296497345,
      -0.25356823205947876,
      -0.2532954216003418,
      -0.25275352597236633,
      -0.2525719106197357,
      -0.25404754281044006,
      -0.25394487380981445,
      -0.2527415156364441,
      -0.2527426779270172,
      -0.2535995841026306,
      -0.2528623938560486,
      -0.25396430492401123,
      -0.25332528352737427,
      -0.2526136636734009,
      -0.2545398473739624
    ],
    [
      -0.2531701326370239,
      -0.25346192717552185,
      -0.25257161259651184,
      -0.25213879346847534,
      -0.25280770659446716,
      -0.2549382746219635,
      -0.2540201246738434,
      -0.25319260358810425,
      -0.25436311960220337,
      -0.2524411678314209,
      -0.2534603476524353,
      -0.2528223693370819,
      -0.2534325122833252,
      -0.2539735734462738,
      -0.2532925009727478,
      -0.2562275826931,
      -0.2528126835823059,
      -0.25379568338394165,
      -0.253064900636673,
      -0.253715455532074,
      -0.25378838181495667,
      -0.25399285554885864,
      -0.2542889714241028,
      -0.25290223956108093,
      -0.2522536516189575
    ]
  ],
  "digital_baseline": -0.25316351652145386,
  "mean": [
    -0.26191897749900817,
    -0.25464057326316836,
    -0.25353235363960264,
    -0.2533153700828552,
    -0.25316075086593626,
    -0.2533497869968414,
    -0.253477166891098
  ],
  "std": [
    0.001148854363481288,
    0.001263828872677309,
    0.0007447910521488106,
    0.0005699690845825132,
    0.0007804122525954674,
    0.0006579486778708893,
    0.0008813217484697259
  ],
  "normalized_mean": [
    0.9654157870065281,
    0.9941656018923669,
    0.9985430873957799,
    0.9994001759673437,
    1.0000109243841908,
    0.9992642285983898,
    0.9987610759482496
  ],
  "normalized_std": [
    0.004537993385725192,
    0.004992144563492853,
    0.002941936746583684,
    0.0022513871367172778,
    0.0030826410666061864,
    0.0025989079584266745,
    0.003481235213427919
  ],
  "degradation_threshold_10pct": 16.0
}