{
  "sigma_values": [
    0.0,
    0.01,
    0.02,
    0.03,
    0.05,
    0.07,
    0.1,
    0.12,
    0.15
  ],
  "metric_name": "quality_mismatch_only",
  "per_trial": [
    [
      -0.2588697373867035,
      -0.2588697373867035,
      -0.2588697373867035,
      -0.2588697373867035,
      -0.2588697373867035,
      -0.2588697373867035,
      -0.2588697373867035,
      -0.2588697373867035,
      -0.2588697373867035,
      -0.2588697373867035
    ],
    [
      -0.25855857133865356,
      -0.25856366753578186,
      -0.2589457333087921,
      -0.2588670551776886,
      -0.25890085101127625,
      -0.2586212158203125,
      -0.2587651014328003,
      -0.2589724063873291,
      -0.25857681035995483,
      -0.25901147723197937
    ],
    [
      -0.25824174284935,
      -0.2589130997657776,
      -0.2594207525253296,
      -0.2594088613986969,
      -0.2596369683742523,
      -0.2582995593547821,
      -0.2590537369251251,
      -0.2583331763744354,
      -0.25853949785232544,
      -0.2590060830116272
    ],
    [
      -0.2595367431640625,
      -0.2584759294986725,
      -0.25849294662475586,
      -0.2600255310535431,
      -0.2600231468677521,
      -0.2586306035518646,
      -0.25844165682792664,
      -0.2577037215232849,
      -0.2600630521774292,
      -0.2587142884731293
    ],
    [
      -0.2570715844631195,
      -0.2605789303779602,
      -0.25891053676605225,
      -0.25865188241004944,
      -0.2584596276283264,
      -0.2587307095527649,
      -0.26081186532974243,
      -0.2608110308647156,
      -0.25868502259254456,
      -0.2595273554325104
    ],
    [
      -0.25819024443626404,
      -0.2607685327529907,
      -0.2575538754463196,
      -0.2574913501739502,
      -0.2620728015899658,
      -0.260803759098053,
      -0.2585362195968628,
      -0.25844132900238037,
      -0.2587062418460846,
      -0.2578808069229126
    ],
    [
      -0.2589413523674011,
      -0.2611345946788788,
      -0.25781965255737305,
      -0.2593414783477783,
      -0.2595234513282776,
      -0.25717872381210327,
      -0.2604071795940399,
      -0.26085543632507324,
      -0.25910061597824097,
      -0.2614392042160034
    ],
    [
      -0.258962482213974,
      -0.2604632079601288,
      -0.2570776641368866,
      -0.2627139985561371,
      -0.2589074969291687,
      -0.2563284635543823,
      -0.2581881284713745,
      -0.2584737539291382,
      -0.25976037979125977,
      -0.2574768364429474
    ],
    [
      -0.2622513473033905,
      -0.2597912549972534,
      -0.25910064578056335,
      -0.2565305233001709,
      -0.26285693049430847,
      -0.26047900319099426,
      -0.2576311528682709,
      -0.25811848044395447,
      -0.2638949751853943,
      -0.26301366090774536
    ]
  ],
  "digital_baseline": -0.2588697373867035,
  "mean": [
    -0.2588697373867035,
    -0.25877828896045685,
    -0.2588853478431702,
    -0.25901076197624207,
    -0.25922385454177854,
    -0.25904451608657836,
    -0.259574168920517,
    -0.25883524119853973,
    -0.2603667974472046
  ],
  "std": [
    0.0,
    0.00017400418120391237,
    0.00048489598477666516,
    0.0007910424277329402,
    0.001146490798905991,
    0.0015064078103876853,
    0.0013321692623969883,
    0.001741838961868259,
    0.0024167927984802117
  ],
  "normalized_mean": [
    1.0,
    1.000353260397178,
    0.9999396976385718,
    0.9994552295260071,
    0.998632064301336,
    0.999324839196581,
    0.9972788185250051,
    1.0001332569365273,
    0.9942169367666767
  ],
  "normalized_std": [
    0.0,
    0.0006721688790682486,
    0.0018731273484174022,
    0.003055754742591905,
    0.004428832858100157,
    0.005819173092980702,
    0.005146098867504833,
    0.006728631084699846,
    0.009335941786312281
  ],
  "degradation_threshold_10pct": 0.15
}