{
  "sigma_values": [
    2.0,
    4.0,
    6.0,
    8.0,
    10.0,
    12.0,
    16.0
  ],
  "metric_name": "quality_vs_adc_bits_sigma0.050",
  "per_trial": [
    [
      -0.480939120054245,
      -0.4930472671985626,
      -0.4748850464820862,
      -0.591573178768158,
      -0.44663265347480774,
      -0.4910092353820801,
      -0.47757574915885925,
      -0.4698210656642914,
      -0.5200918316841125,
      -0.4883385896682739,
      -0.5105368494987488,
      -0.4308459758758545,
      -0.49842870235443115,
      -0.5517276525497437,
      -0.5201118588447571,
      -0.426137238740921,
      -0.5098641514778137,
      -0.5044828057289124,
      -0.4444570541381836,
      -0.5544184446334839,
      -0.4199255704879761,
      -0.4560500979423523,
      -0.47959375381469727,
      -0.5044828057289124,
      -0.47215425968170166
    ],
    [
      -0.16191573441028595,
      -0.16883954405784607,
      -0.1691921502351761,
      -0.16625671088695526,
      -0.1658235490322113,
      -0.17125660181045532,
      -0.1747944951057434,
      -0.17143002152442932,
      -0.16868917644023895,
      -0.17194348573684692,
      -0.17509782314300537,
      -0.16783730685710907,
      -0.1762542426586151,
      -0.168409064412117,
      -0.17556825280189514,
      -0.17318136990070343,
      -0.16985884308815002,
      -0.17035113275051117,
      -0.1747330278158188,
      -0.17514489591121674,
      -0.17155277729034424,
      -0.1642782986164093,
      -0.1636061668395996,
      -0.1630978286266327,
      -0.17035512626171112
    ],
    [
      -0.16695170104503632,
      -0.16535095870494843,
      -0.1662977933883667,
      -0.1651720404624939,
      -0.16476038098335266,
      -0.1688937544822693,
      -0.16612458229064941,
      -0.16534782946109772,
      -0.16699296236038208,
      -0.164500430226326,
      -0.16453775763511658,
      -0.16483868658542633,
      -0.16485045850276947,
      -0.16272103786468506,
      -0.16384044289588928,
      -0.16402892768383026,
      -0.16391025483608246,
      -0.16555607318878174,
      -0.1620820164680481,
      -0.1654188334941864,
      -0.16747801005840302,
      -0.16320253908634186,
      -0.1675424724817276,
      -0.16328123211860657,
      -0.1629420518875122
    ],
    [
      -0.16468247771263123,
      -0.16481152176856995,
      -0.16639801859855652,
      -0.1662822961807251,
      -0.162319153547287,
      -0.16416998207569122,
      -0.16725170612335205,
      -0.1661873161792755,
      -0.16344758868217468,
      -0.16431766748428345,
      -0.16257885098457336,
      -0.16644369065761566,
      -0.1652192920446396,
      -0.1638226956129074,
      -0.1651565283536911,
      -0.16339212656021118,
      -0.16379216313362122,
      -0.16310511529445648,
      -0.1632855385541916,
      -0.1674090325832367,
      -0.16447864472866058,
      -0.16261574625968933,
      -0.16655007004737854,
      -0.16395129263401031,
      -0.16423238813877106
    ],
    [
      -0.16554386913776398,
      -0.16589590907096863,
      -0.165988951921463,
      -0.16562508046627045,
      -0.16268089413642883,
      -0.16379693150520325,
      -0.16155849397182465,
      -0.16570700705051422,
      -0.16709192097187042,
      -0.16674071550369263,
      -0.16709695756435394,
      -0.1652926504611969,
      -0.1637514978647232,
      -0.16420717537403107,
      -0.16348376870155334,
      -0.16502873599529266,
      -0.16564349830150604,
      -0.16219505667686462,
      -0.160690575838089,
      -0.1646849364042282,
      -0.1640775203704834,
      -0.16454461216926575,
      -0.16577546298503876,
      -0.1651565581560135,
      -0.16661278903484344
    ],
    [
      -0.1654120236635208,
      -0.16683386266231537,
      -0.17044928669929504,
      -0.1664953976869583,
      -0.16415081918239594,
      -0.16578423976898193,
      -0.1651654988527298,
      -0.16477321088314056,
      -0.16513192653656006,
      -0.16492772102355957,
      -0.1677507758140564,
      -0.16472923755645752,
      -0.16684596240520477,
      -0.16834570467472076,
      -0.1637008637189865,
      -0.16269569098949432,
      -0.16695569455623627,
      -0.16259893774986267,
      -0.1649421900510788,
      -0.16418954730033875,
      -0.16712428629398346,
      -0.16293711960315704,
      -0.1627957820892334,
      -0.16518211364746094,
      -0.16474951803684235
    ],
    [
      -0.16282081604003906,
      -0.16479496657848358,
      -0.16552312672138214,
      -0.16723434627056122,
      -0.167678102850914,
      -0.16718511283397675,
      -0.1660582423210144,
      -0.16663916409015656,
      -0.16888470947742462,
      -0.16491810977458954,
      -0.16330936551094055,
      -0.1654842346906662,
      -0.16602683067321777,
      -0.16673803329467773,
      -0.1633794903755188,
      -0.16569434106349945,
      -0.16378074884414673,
      -0.16446363925933838,
      -0.1642182171344757,
      -0.16778747737407684,
      -0.1663231998682022,
      -0.1641591638326645,
      -0.1649506390094757,
      -0.16443540155887604,
      -0.16488561034202576
    ]
  ],
  "digital_baseline": -0.16499722003936768,
  "mean": [
    -0.48868523836135863,
    -0.1699787050485611,
    -0.1650649291276932,
    -0.16463603615760802,
    -0.16475486278533935,
    -0.16538669645786286,
    -0.16549492359161377
  ],
  "std": [
    0.04013007206269234,
    0.004084869431208646,
    0.0016409951433369078,
    0.001462672207243278,
    0.0016461839311252876,
    0.00185875822535015,
    0.0015232613935118574
  ],
  "normalized_mean": [
    -0.9617786181170829,
    0.9698086730915535,
    0.9995896349750053,
    1.002189030104104,
    1.0014688565902534,
    0.9976394970872706,
    0.9969835640132159
  ],
  "normalized_std": [
    0.24321665572982057,
    0.024757201546995837,
    0.009945592676927363,
    0.00886482940072742,
    0.00997704040548389,
    0.011265391167843057,
    0.009232042777135355
  ],
  "degradation_threshold_10pct": 16.0
}