{
  "sigma_values": [
    0.0,
    0.01,
    0.02,
    0.03,
    0.05,
    0.07,
    0.1,
    0.12,
    0.15
  ],
  "metric_name": "quality",
  "per_trial": [
    [
      -0.1650373786687851,
      -0.16499555110931396,
      -0.1650204360485077,
      -0.1650768220424652,
      -0.16501788794994354,
      -0.16484132409095764,
      -0.16502347588539124,
      -0.16499505937099457,
      -0.16506583988666534,
      -0.1650259643793106,
      -0.1649855077266693,
      -0.16500018537044525,
      -0.16497951745986938,
      -0.16500398516654968,
      -0.16488540172576904,
      -0.1650562733411789,
      -0.1650400459766388,
      -0.16492478549480438,
      -0.16511233150959015,
      -0.1650264710187912,
      -0.16506700217723846,
      -0.16502822935581207,
      -0.16499048471450806,
      -0.16501770913600922,
      -0.1650274097919464,
      -0.16498929262161255,
      -0.16494613885879517,
      -0.16500072181224823,
      -0.16489867866039276,
      -0.16506020724773407,
      -0.164937362074852,
      -0.16493231058120728,
      -0.16493767499923706,
      -0.16495202481746674,
      -0.16499602794647217,
      -0.1649617850780487,
      -0.16510789096355438,
      -0.16494421660900116,
      -0.16499361395835876,
      -0.16499044001102448,
      -0.16512325406074524,
      -0.16489136219024658,
      -0.16504687070846558,
      -0.16495481133460999,
      -0.1649780124425888,
      -0.16503627598285675,
      -0.1650848686695099,
      -0.1649690419435501,
      -0.16496343910694122,
      -0.165040522813797
    ],
    [
      -0.16529665887355804,
      -0.16532574594020844,
      -0.16441553831100464,
      -0.16533733904361725,
      -0.16463197767734528,
      -0.16560521721839905,
      -0.16470196843147278,
      -0.16454708576202393,
      -0.1652812659740448,
      -0.16498936712741852,
      -0.16485394537448883,
      -0.1653895527124405,
      -0.16510622203350067,
      -0.16471223533153534,
      -0.16471557319164276,
      -0.16496776044368744,
      -0.1655120551586151,
      -0.16450242698192596,
      -0.165542334318161,
      -0.16520096361637115,
      -0.16522091627120972,
      -0.16512368619441986,
      -0.16510580480098724,
      -0.16489620506763458,
      -0.16519738733768463,
      -0.1659311056137085,
      -0.1652018427848816,
      -0.16469554603099823,
      -0.16507424414157867,
      -0.16432765126228333,
      -0.16499072313308716,
      -0.16445103287696838,
      -0.16511477530002594,
      -0.16492629051208496,
      -0.16512328386306763,
      -0.1657698154449463,
      -0.16495057940483093,
      -0.16445881128311157,
      -0.16477645933628082,
      -0.16508236527442932,
      -0.1651335507631302,
      -0.16445651650428772,
      -0.16457438468933105,
      -0.16478964686393738,
      -0.16475065052509308,
      -0.1639702320098877,
      -0.1653493195772171,
      -0.1647619605064392,
      -0.16566835343837738,
      -0.16478334367275238
    ],
    [
      -0.16443297266960144,
      -0.16584643721580505,
      -0.16429565846920013,
      -0.16632193326950073,
      -0.1661604940891266,
      -0.1652214080095291,
      -0.16496144235134125,
      -0.16458092629909515,
      -0.16389599442481995,
      -0.16414743661880493,
      -0.1649695336818695,
      -0.16448566317558289,
      -0.16441544890403748,
      -0.16462692618370056,
      -0.16482403874397278,
      -0.16572287678718567,
      -0.1656169891357422,
      -0.16517160832881927,
      -0.1649012714624405,
      -0.1646498590707779,
      -0.16534283757209778,
      -0.16572031378746033,
      -0.1652190238237381,
      -0.16357702016830444,
      -0.16446712613105774,
      -0.1657239943742752,
      -0.16570723056793213,
      -0.16562512516975403,
      -0.16557176411151886,
      -0.16461506485939026,
      -0.16391822695732117,
      -0.1648585945367813,
      -0.16524627804756165,
      -0.1648542881011963,
      -0.16422489285469055,
      -0.1640164703130722,
      -0.16485002636909485,
      -0.16499701142311096,
      -0.16472934186458588,
      -0.16490952670574188,
      -0.16510549187660217,
      -0.16534177958965302,
      -0.1640978753566742,
      -0.1649484485387802,
      -0.16492335498332977,
      -0.16413654386997223,
      -0.1648930311203003,
      -0.16542522609233856,
      -0.16540725529193878,
      -0.1658652126789093
    ],
    [
      -0.16396833956241608,
      -0.1634395271539688,
      -0.16453982889652252,
      -0.162967249751091,
      -0.16401204466819763,
      -0.16452397406101227,
      -0.16522616147994995,
      -0.16340075433254242,
      -0.16573303937911987,
      -0.1640075445175171,
      -0.16556572914123535,
      -0.16448438167572021,
      -0.16602057218551636,
      -0.1654384285211563,
      -0.16521914303302765,
      -0.16398538649082184,
      -0.16542629897594452,
      -0.1638481318950653,
      -0.1651592254638672,
      -0.1666172742843628,
      -0.16537508368492126,
      -0.1652645766735077,
      -0.1653125137090683,
      -0.16574805974960327,
      -0.16511614620685577,
      -0.1653238981962204,
      -0.16410663723945618,
      -0.1653066873550415,
      -0.1653488576412201,
      -0.16367538273334503,
      -0.16571007668972015,
      -0.1636895090341568,
      -0.16421543061733246,
      -0.16400882601737976,
      -0.16571173071861267,
      -0.16541574895381927,
      -0.16448023915290833,
      -0.16623522341251373,
      -0.16581501066684723,
      -0.16586171090602875,
      -0.16502946615219116,
      -0.16705664992332458,
      -0.16490472853183746,
      -0.16379593312740326,
      -0.16531459987163544,
      -0.16452834010124207,
      -0.16566814482212067,
      -0.1648579239845276,
      -0.1659589260816574,
      -0.16465556621551514
    ],
    [
      -0.1668945550918579,
      -0.16435033082962036,
      -0.16744671761989594,
      -0.16462774574756622,
      -0.16655315458774567,
      -0.16681310534477234,
      -0.16580206155776978,
      -0.1630735695362091,
      -0.16343678534030914,
      -0.16611041128635406,
      -0.1672854870557785,
      -0.1631806194782257,
      -0.1675434708595276,
      -0.1655675321817398,
      -0.16390903294086456,
      -0.1648028939962387,
      -0.1637323498725891,
      -0.16524700820446014,
      -0.16649313271045685,
      -0.16570980846881866,
      -0.16585946083068848,
      -0.16481879353523254,
      -0.16557157039642334,
      -0.16625678539276123,
      -0.16282807290554047,
      -0.16304317116737366,
      -0.1655157059431076,
      -0.16551461815834045,
      -0.1651012897491455,
      -0.16428148746490479,
      -0.1646801233291626,
      -0.16641807556152344,
      -0.1646721214056015,
      -0.16390152275562286,
      -0.1639431267976761,
      -0.16221891343593597,
      -0.16480237245559692,
      -0.16433614492416382,
      -0.16448263823986053,
      -0.1667392998933792,
      -0.16508640348911285,
      -0.1662781834602356,
      -0.16784867644309998,
      -0.1631949543952942,
      -0.1672758162021637,
      -0.165307879447937,
      -0.16478991508483887,
      -0.16541746258735657,
      -0.16301125288009644,
      -0.1657017469406128
    ],
    [
      -0.1675902158021927,
      -0.16762502491474152,
      -0.16671334207057953,
      -0.16558994352817535,
      -0.16823935508728027,
      -0.16464827954769135,
      -0.16514718532562256,
      -0.1681968718767166,
      -0.16215549409389496,
      -0.17006662487983704,
      -0.16719286143779755,
      -0.16554127633571625,
      -0.16336674988269806,
      -0.16530248522758484,
      -0.1641102284193039,
      -0.16829615831375122,
      -0.16571973264217377,
      -0.16645367443561554,
      -0.16569101810455322,
      -0.16458404064178467,
      -0.16471900045871735,
      -0.16570945084095,
      -0.16039523482322693,
      -0.16640198230743408,
      -0.161789208650589,
      -0.16747836768627167,
      -0.16418209671974182,
      -0.16572687029838562,
      -0.16550399363040924,
      -0.16320094466209412,
