{
  "sigma_values": [
    0.0,
    0.01,
    0.02,
    0.03,
    0.05,
    0.07,
    0.1,
    0.12,
    0.15
  ],
  "metric_name": "quality",
  "per_trial": [
    [
      -0.2574276626110077,
      -0.25744888186454773,
      -0.2574273347854614,
      -0.25738534331321716,
      -0.2574077844619751,
      -0.2573995292186737,
      -0.2573922872543335,
      -0.25740209221839905,
      -0.2573970854282379,
      -0.25739118456840515,
      -0.2573963701725006,
      -0.257423996925354,
      -0.2574395537376404,
      -0.2574031352996826,
      -0.257448673248291,
      -0.25741541385650635,
      -0.25736382603645325,
      -0.2574411928653717,
      -0.25739747285842896,
      -0.25738412141799927,
      -0.2574000656604767,
      -0.25740212202072144,
      -0.2574154734611511,
      -0.25739508867263794,
      -0.25737303495407104,
      -0.2574082314968109,
      -0.2574338912963867,
      -0.2573375403881073,
      -0.25745007395744324,
      -0.2574039697647095,
      -0.25742852687835693,
      -0.25739941000938416,
      -0.2574325203895569,
      -0.2573915421962738,
      -0.2574532628059387,
      -0.2574307322502136,
      -0.25742241740226746,
      -0.2574007511138916,
      -0.25739210844039917,
      -0.25742724537849426,
      -0.257445365190506,
      -0.25736796855926514,
      -0.2574270963668823,
      -0.25740277767181396,
      -0.2573644816875458,
      -0.2573643922805786,
      -0.2574078440666199,
      -0.25739747285842896,
      -0.25743529200553894,
      -0.2574082911014557
    ],
    [
      -0.2575955092906952,
      -0.2573365569114685,
      -0.25731223821640015,
      -0.25723502039909363,
      -0.2574281394481659,
      -0.25747084617614746,
      -0.2573947310447693,
      -0.25746583938598633,
      -0.25719237327575684,
      -0.2574383616447449,
      -0.257487416267395,
      -0.2574813961982727,
      -0.257443368434906,
      -0.257365882396698,
      -0.2574097812175751,
      -0.25750651955604553,
      -0.2573414742946625,
      -0.25721198320388794,
      -0.2574179172515869,
      -0.2575376033782959,
      -0.2574325501918793,
      -0.2572585642337799,
      -0.25742414593696594,
      -0.2576383054256439,
      -0.25746971368789673,
      -0.25748807191848755,
      -0.25736528635025024,
      -0.25771385431289673,
      -0.25720739364624023,
      -0.25727447867393494,
      -0.25749024748802185,
      -0.25730210542678833,
      -0.25726601481437683,
      -0.2575937509536743,
      -0.25774598121643066,
      -0.2576139569282532,
      -0.25730815529823303,
      -0.2572791874408722,
      -0.25750985741615295,
      -0.2575952112674713,
      -0.2573583424091339,
      -0.2572849690914154,
      -0.2572895586490631,
      -0.2571299970149994,
      -0.25763988494873047,
      -0.25730645656585693,
      -0.2574070990085602,
      -0.25751301646232605,
      -0.25741735100746155,
      -0.25764790177345276
    ],
    [
      -0.25714078545570374,
      -0.25749126076698303,
      -0.2571897506713867,
      -0.2572353184223175,
      -0.25704076886177063,
      -0.25764650106430054,
      -0.25740158557891846,
      -0.2574150860309601,
      -0.2576542794704437,
      -0.2574444115161896,
      -0.25776952505111694,
      -0.2575356066226959,
      -0.257621705532074,
      -0.2575155198574066,
      -0.25799036026000977,
      -0.2577919661998749,
      -0.25775909423828125,
      -0.25734859704971313,
      -0.25754478573799133,
      -0.25720521807670593,
      -0.2572285830974579,
      -0.25715118646621704,
      -0.25761041045188904,
      -0.25734734535217285,
      -0.2571241855621338,
      -0.25801628828048706,
      -0.2573378086090088,
      -0.2577929198741913,
      -0.25714337825775146,
      -0.25718212127685547,
      -0.25711309909820557,
      -0.2571853995323181,
      -0.2576373219490051,
      -0.25755059719085693,
      -0.2576354742050171,
      -0.25739556550979614,
      -0.25732851028442383,
      -0.2572987675666809,
      -0.2576412260532379,
      -0.2569398880004883,
      -0.2572328448295593,
      -0.25745487213134766,
      -0.25758352875709534,
      -0.2573437988758087,
      -0.25756704807281494,
      -0.2576258182525635,
      -0.25785520672798157,
      -0.2575477659702301,
      -0.2574220299720764,
      -0.2570652961730957
    ],
    [
      -0.257060170173645,
      -0.257528156042099,
      -0.2580578029155731,
      -0.25803375244140625,
      -0.25806257128715515,
      -0.25736239552497864,
      -0.25764593482017517,
      -0.2582744359970093,
      -0.25705504417419434,
      -0.2576671838760376,
      -0.2578696310520172,
      -0.25716114044189453,
      -0.2571360170841217,
      -0.2574828267097473,
      -0.2572672367095947,
      -0.2581590712070465,
      -0.2578416168689728,
      -0.2575678527355194,
      -0.2577638030052185,
      -0.2574213445186615,
      -0.2580914795398712,
      -0.25752726197242737,
      -0.25783684849739075,
      -0.2569389045238495,
      -0.25717851519584656,
      -0.257505863904953,
      -0.2573047876358032,
      -0.2580442726612091,
      -0.2576969861984253,
      -0.25801172852516174,
      -0.25769346952438354,
      -0.25743645429611206,
      -0.25726237893104553,
      -0.2573719620704651,
      -0.25743749737739563,
      -0.25717461109161377,
      -0.2575109004974365,
      -0.25767871737480164,
      -0.25728267431259155,
      -0.2570619583129883,
      -0.25738033652305603,
      -0.2576868534088135,
      -0.25787511467933655,
      -0.25740739703178406,
      -0.25782260298728943,
      -0.25705328583717346,
      -0.25723227858543396,
      -0.2570172846317291,
      -0.2578715682029724,
      -0.25734493136405945
    ],
    [
      -0.25751206278800964,
      -0.2568815052509308,
      -0.2568376660346985,
      -0.25665196776390076,
      -0.2586762011051178,
      -0.2570304274559021,
      -0.25727251172065735,
      -0.25800079107284546,
      -0.25767892599105835,
      -0.2575175166130066,
      -0.2583244740962982,
      -0.25691670179367065,
      -0.2574145197868347,
      -0.2571304440498352,
      -0.25707006454467773,
      -0.25722965598106384,
      -0.2581663429737091,
      -0.25804954767227173,
      -0.25717398524284363,
      -0.2578304708003998,
      -0.2576925754547119,
      -0.2579311430454254,
      -0.25723591446876526,
      -0.25703948736190796,
      -0.2573877274990082,
      -0.25689783692359924,
      -0.2573881149291992,
      -0.25883904099464417,
      -0.25758448243141174,
      -0.25684449076652527,
      -0.25690239667892456,
      -0.2570820450782776,
      -0.2572877109050751,
      -0.25706467032432556,
      -0.2578181326389313,
      -0.2577846944332123,
      -0.2575604021549225,
      -0.2566699683666229,
      -0.2568705081939697,
      -0.25764530897140503,
      -0.257843941450119,
      -0.2580471932888031,
      -0.2580493688583374,
      -0.25764331221580505,
      -0.2571495473384857,
      -0.2571371793746948,
      -0.2587340772151947,
      -0.25775909423828125,
      -0.2570234537124634,
      -0.2571963369846344
    ],
    [
      -0.2577865421772003,
      -0.2571171522140503,
      -0.258206844329834,
      -0.2575356066226959,
      -0.25888416171073914,
      -0.25660160183906555,
      -0.25683456659317017,
      -0.25668230652809143,
      -0.25879809260368347,
      -0.25734320282936096,
      -0.2566470801830292,
      -0.256957471370697,
      -0.2568819224834442,
      -0.25703102350234985,
      -0.2580566108226776,
      -0.25788524746894836,
      -0.2561565935611725,
      -0.25802135467529297,
      -0.25722333788871765,
      -0.25742107629776,
      -0.2586461305618286,
      -0.25770479440689087,
      -0.2572571933269501,
      -0.25830310583114624,
      -0.2579726576805115,
      -0.25662919878959656,
      -0.2570520341396332,
      -0.25837159156799316,
      -0.2567633092403412,
      -0.2577156126499176,
      -0.2573153078556061,
      -0.25812193751335144,
      -0.2578137218952179,
