{
  "sigma_values": [
    0.0,
    0.01,
    0.02,
    0.03,
    0.05,
    0.07,
    0.1,
    0.12,
    0.15
  ],
  "metric_name": "quality_thermal_only",
  "per_trial": [
    [
      -0.2387668937444687,
      -0.23876795172691345,
      -0.2387663871049881,
      -0.23876503109931946,
      -0.23876461386680603,
      -0.238770991563797,
      -0.23876820504665375,
      -0.2387649118900299,
      -0.23876968026161194,
      -0.23877280950546265
    ],
    [
      -0.23876892030239105,
      -0.2387649118900299,
      -0.2387717068195343,
      -0.23877213895320892,
      -0.23876769840717316,
      -0.23876751959323883,
      -0.23876382410526276,
      -0.2387712150812149,
      -0.2387700378894806,
      -0.2387719452381134
    ],
    [
      -0.23876293003559113,
      -0.23876841366291046,
      -0.23876355588436127,
      -0.23876944184303284,
      -0.2387712448835373,
      -0.23876804113388062,
      -0.2387634515762329,
      -0.23876313865184784,
      -0.23876360058784485,
      -0.23876771330833435
    ],
    [
      -0.23876535892486572,
      -0.23877248167991638,
      -0.23876923322677612,
      -0.2387690395116806,
      -0.23876520991325378,
      -0.23876124620437622,
      -0.2387678027153015,
      -0.23876939713954926,
      -0.2387690544128418,
      -0.23876288533210754
    ],
    [
      -0.2387634813785553,
      -0.2387671172618866,
      -0.2387702912092209,
      -0.2387681007385254,
      -0.23876821994781494,
      -0.23876263201236725,
      -0.23876605927944183,
      -0.23876775801181793,
      -0.23876671493053436,
      -0.23876774311065674
    ],
    [
      -0.2387695163488388,
      -0.23876559734344482,
      -0.23876671493053436,
      -0.23876522481441498,
      -0.23876681923866272,
      -0.23876217007637024,
      -0.2387656718492508,
      -0.23876474797725677,
      -0.23876775801181793,
      -0.23876522481441498
    ],
    [
      -0.23876717686653137,
      -0.23877233266830444,
      -0.23876133561134338,
      -0.23876681923866272,
      -0.23876892030239105,
      -0.2387676239013672,
      -0.23877014219760895,
      -0.23876863718032837,
      -0.2387702614068985,
      -0.23876437544822693
    ],
    [
      -0.2387658953666687,
      -0.2387656271457672,
      -0.23876610398292542,
      -0.23876769840717316,
      -0.2387658655643463,
      -0.23876935243606567,
      -0.2387651652097702,
      -0.23876802623271942,
      -0.23877041041851044,
      -0.23876766860485077
    ],
    [
      -0.2387685328722,
      -0.2387668341398239,
      -0.23876841366291046,
      -0.2387644648551941,
      -0.23876824975013733,
      -0.2387680858373642,
      -0.23876507580280304,
      -0.23876751959323883,
      -0.23876558244228363,
      -0.23876991868019104
    ]
  ],
  "digital_baseline": -0.23876722157001495,
  "mean": [
    -0.2387677475810051,
    -0.2387689918279648,
    -0.23876615315675737,
    -0.2387671709060669,
    -0.23876681178808212,
    -0.23876594454050065,
    -0.2387677624821663,
    -0.23876718133687974,
    -0.23876726776361465
  ],
  "std": [
    2.60678385809195e-06,
    2.814819489018025e-06,
    2.964545105640794e-06,
    3.2472922827601972e-06,
    2.162047574913887e-06,
    1.8524133275369452e-06,
    2.9820872285653492e-06,
    1.6548482534381954e-06,
    1.6530949569903126e-06
  ],
  "normalized_mean": [
    0.999997796971516,
    0.9999925858418162,
    1.0000044747065806,
    1.0000002121897122,
    1.0000017162403203,
    1.0000053484289255,
    0.9999977345627771,
    1.000000168503595,
    0.9999998065329093
  ],
  "normalized_std": [
    1.0917678904797027e-05,
    1.1788969484626769e-05,
    1.2416047253669974e-05,
    1.3600243205108356e-05,
    9.055043488370529e-06,
    7.758239658510884e-06,
    1.2489516814563662e-05,
    6.930801650899705e-06,
    6.923458530531868e-06
  ],
  "degradation_threshold_10pct": 0.15
}