{
  "sigma_values": [
    2.0,
    4.0,
    6.0,
    8.0,
    10.0,
    12.0,
    16.0
  ],
  "metric_name": "quality_vs_adc_bits_sigma0.050",
  "per_trial": [
    [
      -0.2739948630332947,
      -0.27910858392715454,
      -0.2796526849269867,
      -0.27433353662490845,
      -0.28070902824401855,
      -0.2730245888233185,
      -0.2727862298488617,
      -0.275611937046051,
      -0.27359527349472046,
      -0.27393656969070435,
      -0.2771590054035187,
      -0.283011257648468,
      -0.2734357714653015,
      -0.2745974659919739,
      -0.26658540964126587,
      -0.28966885805130005,
      -0.2720026671886444,
      -0.26606643199920654,
      -0.2780984938144684,
      -0.27828049659729004,
      -0.2731182277202606,
      -0.26999998092651367,
      -0.28048908710479736,
      -0.278102844953537,
      -0.27259522676467896
    ],
    [
      -0.2370893359184265,
      -0.24018099904060364,
      -0.24254803359508514,
      -0.24103489518165588,
      -0.238043412566185,
      -0.243668332695961,
      -0.2397652119398117,
      -0.23939907550811768,
      -0.23902536928653717,
      -0.24289201200008392,
      -0.24176061153411865,
      -0.23648490011692047,
      -0.24540986120700836,
      -0.24023903906345367,
      -0.2394644021987915,
      -0.24205823242664337,
      -0.23964717984199524,
      -0.23806531727313995,
      -0.235306054353714,
      -0.23913270235061646,
      -0.2393689602613449,
      -0.23669052124023438,
      -0.23896537721157074,
      -0.240202397108078,
      -0.24054796993732452
    ],
    [
      -0.24038976430892944,
      -0.23999401926994324,
      -0.23915180563926697,
      -0.2380208671092987,
      -0.2386695146560669,
      -0.24042364954948425,
      -0.23971819877624512,
      -0.23728184401988983,
      -0.23811277747154236,
      -0.23820573091506958,
      -0.23816053569316864,
      -0.23932181298732758,
      -0.23853549361228943,
      -0.23897375166416168,
      -0.23927238583564758,
      -0.238308385014534,
      -0.2387641817331314,
      -0.23784799873828888,
      -0.2396399974822998,
      -0.23879191279411316,
      -0.23787479102611542,
      -0.2389465719461441,
      -0.23960961401462555,
      -0.23859363794326782,
      -0.2403862625360489
    ],
    [
      -0.23896224796772003,
      -0.2378692924976349,
      -0.23976363241672516,
      -0.23885878920555115,
      -0.23892739415168762,
      -0.23793154954910278,
      -0.23907284438610077,
      -0.23849047720432281,
      -0.2386716604232788,
      -0.23956246674060822,
      -0.23853498697280884,
      -0.23867684602737427,
      -0.23876021802425385,
      -0.23946727812290192,
      -0.23813995718955994,
      -0.24015377461910248,
      -0.23842155933380127,
      -0.23790468275547028,
      -0.2390592247247696,
      -0.23807953298091888,
      -0.23905019462108612,
      -0.23884889483451843,
      -0.23832891881465912,
      -0.23862811923027039,
      -0.2375716269016266
    ],
    [
      -0.23876431584358215,
      -0.23815473914146423,
      -0.23851706087589264,
      -0.23798266053199768,
      -0.2410534918308258,
      -0.23897741734981537,
      -0.23835253715515137,
      -0.2393782138824463,
      -0.23808708786964417,
      -0.23895053565502167,
      -0.23934617638587952,
      -0.23780645430088043,
      -0.23762372136116028,
      -0.2390526831150055,
      -0.23866020143032074,
      -0.23907004296779633,
      -0.2390078455209732,
      -0.2386160045862198,
      -0.23777388036251068,
      -0.2412349134683609,
      -0.23766925930976868,
      -0.24035780131816864,
      -0.23822462558746338,
      -0.23870207369327545,
      -0.238936647772789
    ],
    [
      -0.23929771780967712,
      -0.23735195398330688,
      -0.2382514774799347,
      -0.23866435885429382,
      -0.23803409934043884,
      -0.23754461109638214,
      -0.23815423250198364,
      -0.24142642319202423,
      -0.23901109397411346,
      -0.23911580443382263,
      -0.2387661635875702,
      -0.23851734399795532,
      -0.23956745862960815,
      -0.2400985062122345,
      -0.23883579671382904,
      -0.239251971244812,
      -0.23967154324054718,
      -0.24098458886146545,
      -0.24005883932113647,
      -0.2392471581697464,
      -0.23906920850276947,
      -0.23978541791439056,
      -0.23798835277557373,
      -0.23871591687202454,
      -0.24100326001644135
    ],
    [
      -0.23869629204273224,
      -0.23987942934036255,
      -0.24079777300357819,
      -0.2389056533575058,
      -0.23884546756744385,
      -0.23873570561408997,
      -0.23878124356269836,
      -0.23903888463974,
      -0.24049191176891327,
      -0.23771978914737701,
      -0.2378631830215454,
      -0.23999837040901184,
      -0.23835676908493042,
      -0.23874977231025696,
      -0.23777785897254944,
      -0.23744355142116547,
      -0.2380218505859375,
      -0.2381294071674347,
      -0.2385946363210678,
      -0.24021096527576447,
      -0.2378140240907669,
      -0.23821920156478882,
      -0.2389627993106842,
      -0.23849864304065704,
      -0.2381262183189392
    ]
  ],
  "digital_baseline": -0.23876722157001495,
  "mean": [
    -0.27559858083724975,
    -0.23987960815429688,
    -0.23891982018947602,
    -0.23870944678783418,
    -0.23881201565265656,
    -0.23913653194904327,
    -0.23874637603759766
  ],
  "std": [
    0.004966155778026269,
    0.0022929333397585664,
    0.0008462324061152826,
    0.000610413991971199,
    0.0009227370261127033,
    0.0010177735509575587,
    0.0008846635171917459
  ],
  "normalized_mean": [
    0.845743653483715,
    0.995341125230811,
    0.9993608895791573,
    1.0002419711625443,
    0.9998123943381044,
    0.9984532618145827,
    1.0000873048330514
  ],
  "normalized_std": [
    0.020799152184170378,
    0.009603216575044819,
    0.003544173277013811,
    0.0025565234120388004,
    0.0038645883637010215,
    0.004262618395712712,
    0.0037051296713788303
  ],
  "degradation_threshold_10pct": 16.0
}