{
  "sigma_values": [
    0.0,
    0.01,
    0.02,
    0.03,
    0.05,
    0.07,
    0.1,
    0.12,
    0.15
  ],
  "metric_name": "quality_thermal_only",
  "per_trial": [
    [
      -0.25741046667099,
      -0.25741374492645264,
      -0.2574159502983093,
      -0.2574142813682556,
      -0.25741806626319885,
      -0.2574084997177124,
      -0.25741490721702576,
      -0.25741174817085266,
      -0.2574175298213959,
      -0.2574112117290497
    ],
    [
      -0.25741732120513916,
      -0.25740575790405273,
      -0.25741204619407654,
      -0.25741955637931824,
      -0.2574159801006317,
      -0.25741201639175415,
      -0.257413387298584,
      -0.25741448998451233,
      -0.25741490721702576,
      -0.2574158310890198
    ],
    [
      -0.2574164867401123,
      -0.2574211359024048,
      -0.257415235042572,
      -0.2574155926704407,
      -0.2574133276939392,
      -0.257418692111969,
      -0.25741833448410034,
      -0.2574153244495392,
      -0.25741979479789734,
      -0.25741511583328247
    ],
    [
      -0.25741589069366455,
      -0.2574213743209839,
      -0.25741949677467346,
      -0.25741177797317505,
      -0.25741785764694214,
      -0.257418692111969,
      -0.2574124336242676,
      -0.2574128806591034,
      -0.2574113607406616,
      -0.2574152946472168
    ],
    [
      -0.2574157118797302,
      -0.257417231798172,
      -0.25741738080978394,
      -0.2574217915534973,
      -0.257414311170578,
      -0.25741875171661377,
      -0.25742053985595703,
      -0.25741690397262573,
      -0.2574158310890198,
      -0.25741374492645264
    ],
    [
      -0.25741228461265564,
      -0.2574162185192108,
      -0.25741609930992126,
      -0.25741317868232727,
      -0.25741469860076904,
      -0.25741851329803467,
      -0.2574191689491272,
      -0.2574143707752228,
      -0.25741568207740784,
      -0.2574136555194855
    ],
    [
      -0.25740885734558105,
      -0.2574121952056885,
      -0.2574155926704407,
      -0.2574172019958496,
      -0.25742194056510925,
      -0.25741344690322876,
      -0.25741660594940186,
      -0.25741466879844666,
      -0.25741779804229736,
      -0.2574130594730377
    ],
    [
      -0.25741860270500183,
      -0.2574198246002197,
      -0.257416307926178,
      -0.25741100311279297,
      -0.2574172914028168,
      -0.2574118673801422,
      -0.2574116587638855,
      -0.2574205696582794,
      -0.2574167847633362,
      -0.25741347670555115
    ],
    [
      -0.25741782784461975,
      -0.2574131488800049,
      -0.2574172616004944,
      -0.2574167251586914,
      -0.2574108839035034,
      -0.25741925835609436,
      -0.25741708278656006,
      -0.2574162781238556,
      -0.2574108839035034,
      -0.2574141025543213
    ]
  ],
  "digital_baseline": -0.25741586089134216,
  "mean": [
    -0.2574136406183243,
    -0.25741412937641145,
    -0.25741690397262573,
    -0.25741570591926577,
    -0.25741721987724303,
    -0.2574153870344162,
    -0.2574151366949081,
    -0.2574157387018204,
    -0.25741534531116483
  ],
  "std": [
    2.9674269826757265e-06,
    3.5515178881575675e-06,
    2.338181653469668e-06,
    3.3652826779424503e-06,
    2.4317380224473774e-06,
    2.1063917996962906e-06,
    3.398224103710832e-06,
    3.335263368273939e-06,
    2.7769960080404337e-06
  ],
  "normalized_mean": [
    1.0000086252378164,
    1.0000067265277466,
    0.9999959478748514,
    1.000000602030022,
    0.9999947206598064,
    1.0000018408225675,
    1.0000028133326033,
    1.0000004746775173,
    1.0000020029075736
  ],
  "normalized_std": [
    1.1527755020225065e-05,
    1.37968106388623e-05,
    9.08328509895759e-06,
    1.3073330704213949e-05,
    9.4467295605916e-06,
    8.182836101872603e-06,
    1.3201300385857951e-05,
    1.2956712755480858e-05,
    1.0787975528876334e-05
  ],
  "degradation_threshold_10pct": 0.15
}