{
  "sigma_values": [
    0.0,
    0.01,
    0.02,
    0.03,
    0.05,
    0.07,
    0.1,
    0.12,
    0.15
  ],
  "metric_name": "quality_thermal_only",
  "per_trial": [
    [
      -0.23875944316387177,
      -0.23876895010471344,
      -0.23876400291919708,
      -0.23876751959323883,
      -0.23876842856407166,
      -0.23876407742500305,
      -0.23876836895942688,
      -0.2387617528438568,
      -0.238771453499794,
      -0.23876525461673737
    ],
    [
      -0.2387685328722,
      -0.2387695461511612,
      -0.2387622594833374,
      -0.23876269161701202,
      -0.2387693226337433,
      -0.2387692630290985,
      -0.23877212405204773,
      -0.23876629769802094,
      -0.2387714833021164,
      -0.23876671493053436
    ],
    [
      -0.23876652121543884,
      -0.23876670002937317,
      -0.23876462876796722,
      -0.23877467215061188,
      -0.2387673258781433,
      -0.23876604437828064,
      -0.23876962065696716,
      -0.23876452445983887,
      -0.23876842856407166,
      -0.23877273499965668
    ],
    [
      -0.2387610822916031,
      -0.23876193165779114,
      -0.23877058923244476,
      -0.2387661337852478,
      -0.238769069314003,
      -0.2387741655111313,
      -0.2387647181749344,
      -0.23876941204071045,
      -0.2387665957212448,
      -0.23877181112766266
    ],
    [
      -0.23876509070396423,
      -0.23876452445983887,
      -0.23876330256462097,
      -0.23876498639583588,
      -0.23877054452896118,
      -0.23877030611038208,
      -0.23876827955245972,
      -0.23877039551734924,
      -0.23876483738422394,
      -0.2387680858373642
    ],
    [
      -0.23876555263996124,
      -0.23876826465129852,
      -0.2387673407793045,
      -0.23877480626106262,
      -0.23876729607582092,
      -0.23876678943634033,
      -0.23877167701721191,
      -0.23876765370368958,
      -0.23876838386058807,
      -0.23877006769180298
    ],
    [
      -0.23876729607582092,
      -0.23876582086086273,
      -0.23876430094242096,
      -0.238766610622406,
      -0.23876790702342987,
      -0.23876862227916718,
      -0.2387678176164627,
      -0.23877297341823578,
      -0.23876725137233734,
      -0.2387673258781433
    ],
    [
      -0.23876558244228363,
      -0.2387661635875702,
      -0.2387661337852478,
      -0.23876899480819702,
      -0.23876696825027466,
      -0.23876607418060303,
      -0.23876704275608063,
      -0.23877111077308655,
      -0.23876722157001495,
      -0.23876911401748657
    ],
    [
      -0.2387648969888687,
      -0.2387654334306717,
      -0.23876670002937317,
      -0.23876771330833435,
      -0.23876787722110748,
      -0.23876971006393433,
      -0.23876723647117615,
      -0.23877374827861786,
      -0.23876699805259705,
      -0.23876149952411652
    ]
  ],
  "digital_baseline": -0.23876722157001495,
  "mean": [
    -0.2387659251689911,
    -0.2387678235769272,
    -0.23876812011003495,
    -0.23876755088567733,
    -0.23876703530550003,
    -0.23876878321170808,
    -0.23876759260892869,
    -0.2387674406170845,
    -0.23876718133687974
  ],
  "std": [
    3.4853621724293687e-06,
    3.1706589803643324e-06,
    3.1812569265370737e-06,
    4.0158087553356676e-06,
    2.6458206577129756e-06,
    2.582812728964201e-06,
    2.1301828844823155e-06,
    1.6665474934034512e-06,
    3.0184622053976214e-06
  ],
  "normalized_mean": [
    1.000005429560286,
    0.9999974786869475,
    0.999996236753043,
    0.9999986207668699,
    1.0000007801092365,
    0.9999934595641611,
    0.9999984460224008,
    0.9999990825915379,
    1.000000168503595
  ],
  "normalized_std": [
    1.4597322653885881e-05,
    1.3279289173428622e-05,
    1.3323675275101433e-05,
    1.6818928196800627e-05,
    1.1081172031551776e-05,
    1.0817283511450626e-05,
    8.921588442815928e-06,
    6.979800168737822e-06,
    1.2641861749488516e-05
  ],
  "degradation_threshold_10pct": 0.15
}