{
  "sigma_values": [
    0.0,
    0.01,
    0.02,
    0.03,
    0.05,
    0.07,
    0.1,
    0.12,
    0.15
  ],
  "metric_name": "quality",
  "per_trial": [
    [
      -0.25322508811950684,
      -0.2532481253147125,
      -0.2532002925872803,
      -0.2532384693622589,
      -0.25315842032432556,
      -0.2532186806201935,
      -0.2532522678375244,
      -0.2532435357570648,
      -0.2531854510307312,
      -0.25324487686157227,
      -0.2531684935092926,
      -0.25325897336006165,
      -0.25324928760528564,
      -0.253240704536438,
      -0.2532169222831726,
      -0.25317639112472534,
      -0.25327813625335693,
      -0.25319257378578186,
      -0.25324225425720215,
      -0.25321999192237854,
      -0.25317347049713135,
      -0.25319501757621765,
      -0.25321877002716064,
      -0.25319167971611023,
      -0.25318631529808044,
      -0.253217488527298,
      -0.25319257378578186,
      -0.253228098154068,
      -0.2532463073730469,
      -0.25319769978523254,
      -0.25322696566581726,
      -0.25327634811401367,
      -0.25317054986953735,
      -0.25322937965393066,
      -0.2532229721546173,
      -0.2531949281692505,
      -0.25318360328674316,
      -0.2531889081001282,
      -0.2532505691051483,
      -0.2532472312450409,
      -0.25321999192237854,
      -0.2532166540622711,
      -0.2532252371311188,
      -0.2531971335411072,
      -0.25326478481292725,
      -0.25316816568374634,
      -0.2532314956188202,
      -0.2532765567302704,
      -0.2532663941383362,
      -0.2532036602497101
    ],
    [
      -0.25333842635154724,
      -0.2532581388950348,
      -0.25361165404319763,
      -0.25319167971611023,
      -0.2533102035522461,
      -0.2531201243400574,
      -0.2532573938369751,
      -0.2535829544067383,
      -0.25316447019577026,
      -0.253231406211853,
      -0.25346601009368896,
      -0.25353410840034485,
      -0.25303488969802856,
      -0.2531155049800873,
      -0.2533605396747589,
      -0.2533845603466034,
      -0.25271204113960266,
      -0.2528947591781616,
      -0.25316551327705383,
      -0.2534888982772827,
      -0.25369441509246826,
      -0.25312358140945435,
      -0.25353455543518066,
      -0.2534771263599396,
      -0.25336670875549316,
      -0.25324517488479614,
      -0.2534661889076233,
      -0.25310972332954407,
      -0.2532091736793518,
      -0.25356781482696533,
      -0.25305184721946716,
      -0.25331205129623413,
      -0.2530128061771393,
      -0.2532513439655304,
      -0.25309187173843384,
      -0.25336286425590515,
      -0.25348135828971863,
      -0.2533820569515228,
      -0.2534250020980835,
      -0.2532294988632202,
      -0.25331002473831177,
      -0.2531712055206299,
      -0.253305584192276,
      -0.2532184422016144,
      -0.2533034086227417,
      -0.25325244665145874,
      -0.2531696557998657,
      -0.2533112168312073,
      -0.25330719351768494,
      -0.2530561089515686
    ],
    [
      -0.2533406615257263,
      -0.25308409333229065,
      -0.253581702709198,
      -0.2535165846347809,
      -0.253127783536911,
      -0.2531448006629944,
      -0.2526323199272156,
      -0.2534339725971222,
      -0.253523588180542,
      -0.2532387375831604,
      -0.2532878816127777,
      -0.2531806230545044,
      -0.2534432113170624,
      -0.2531263828277588,
      -0.2537640929222107,
      -0.25313514471054077,
      -0.25321313738822937,
      -0.25284847617149353,
      -0.25281620025634766,
      -0.2532047629356384,
      -0.25347641110420227,
      -0.25283804535865784,
      -0.2534151077270508,
      -0.2530461251735687,
      -0.25350838899612427,
      -0.25322362780570984,
      -0.2534277141094208,
      -0.2530975937843323,
      -0.25329047441482544,
      -0.25304266810417175,
      -0.25370505452156067,
      -0.25302550196647644,
      -0.2534200847148895,
      -0.2539028525352478,
      -0.2531593441963196,
      -0.25362059473991394,
      -0.253551721572876,
      -0.253385990858078,
      -0.2534297704696655,
      -0.2529820203781128,
      -0.2531900107860565,
      -0.25308898091316223,
      -0.25337326526641846,
      -0.2529517710208893,
      -0.25328725576400757,
      -0.25362733006477356,
      -0.25313863158226013,
      -0.2529461681842804,
      -0.25325602293014526,
      -0.25276604294776917
    ],
    [
      -0.25314861536026,
      -0.2529047727584839,
      -0.2531760036945343,
      -0.2532244622707367,
      -0.2524213492870331,
      -0.2528647184371948,
      -0.25378140807151794,
      -0.2535763382911682,
      -0.2534071207046509,
      -0.25312739610671997,
      -0.25322842597961426,
      -0.2525392770767212,
      -0.2532324492931366,
      -0.25355279445648193,
      -0.2530319094657898,
      -0.25315847992897034,
      -0.25389522314071655,
      -0.25388219952583313,
      -0.2534801661968231,
      -0.2531543970108032,
      -0.2537629008293152,
      -0.2535861134529114,
      -0.25255286693573,
      -0.2526151239871979,
      -0.2533617913722992,
      -0.25404345989227295,
      -0.25357893109321594,
      -0.2533261179924011,
      -0.25270599126815796,
      -0.2533174455165863,
      -0.25359341502189636,
      -0.2535914480686188,
      -0.2530387341976166,
      -0.2529970109462738,
      -0.25327250361442566,
      -0.2525884211063385,
      -0.2527962625026703,
      -0.25297510623931885,
      -0.2531302571296692,
      -0.2537457048892975,
      -0.2536151111125946,
      -0.25309598445892334,
      -0.25367575883865356,
      -0.25410330295562744,
      -0.2528732419013977,
      -0.25290346145629883,
      -0.25317397713661194,
      -0.2534419894218445,
      -0.2526666522026062,
      -0.25296512246131897
    ],
    [
      -0.2532449960708618,
      -0.2531188428401947,
      -0.25264832377433777,
      -0.2534099519252777,
      -0.2539278566837311,
      -0.2531137764453888,
      -0.2530314326286316,
      -0.2536303400993347,
      -0.2531633973121643,
      -0.25385361909866333,
      -0.25341346859931946,
      -0.2540232539176941,
      -0.2527158558368683,
      -0.25317612290382385,
      -0.25335991382598877,
      -0.2530616819858551,
      -0.25227320194244385,
      -0.25288841128349304,
      -0.254119336605072,
      -0.2525729238986969,
      -0.25380879640579224,
      -0.2529027462005615,
      -0.2532705068588257,
      -0.25274786353111267,
      -0.2525610625743866,
      -0.2529769539833069,
      -0.25488990545272827,
      -0.2529311776161194,
      -0.2532663345336914,
      -0.25349825620651245,
      -0.2539820075035095,
      -0.25284868478775024,
      -0.25336188077926636,
      -0.25378382205963135,
      -0.252212792634964,
      -0.25373801589012146,
      -0.25359323620796204,
      -0.2526138722896576,
      -0.2535448670387268,
      -0.25338706374168396,
      -0.25417590141296387,
      -0.2530859410762787,
      -0.2529708445072174,
      -0.25413036346435547,
      -0.25408244132995605,
      -0.25313737988471985,
      -0.25396114587783813,
      -0.252950519323349,
      -0.2541376054286957,
      -0.25300413370132446
    ],
    [
      -0.25255754590034485,
      -0.25299304723739624,
      -0.25250425934791565,
      -0.2529487907886505,
      -0.2552211284637451,
      -0.25277256965637207,
      -0.2545087933540344,
      -0.25380128622055054,
      -0.2531079947948456,
      -0.25413018465042114,
      -0.2536795735359192,
      -0.25496894121170044,
      -0.25270819664001465,
      -0.2525964379310608,
      -0.25609883666038513,
      -0.25384145975112915,
      -0.2529942989349365,
      -0.2525809407234192,
      -0.25292617082595825,
      -0.2535032629966736,
      -0.25303953886032104,
      -0.25424930453300476,
      -0.2538798153400421,
      -0.2525404989719391,
      -0.2529466450214386,
      -0.2518717646598816,
      -0.2529468834400177,
      -0.2552851140499115,
      -0.25492680072784424,
      -0.25199443101882935,
      -0.25356459617614746,
      -0.2536138892173767,
      -0.25571995973587036,
