{
  "sigma_values": [
    0.0,
    0.01,
    0.02,
    0.03,
    0.05,
    0.07,
    0.1,
    0.12,
    0.15
  ],
  "metric_name": "quality_mismatch_only",
  "per_trial": [
    [
      -0.25316351652145386,
      -0.25316351652145386,
      -0.25316351652145386,
      -0.25316351652145386,
      -0.25316351652145386,
      -0.25316351652145386,
      -0.25316351652145386,
      -0.25316351652145386,
      -0.25316351652145386,
      -0.25316351652145386
    ],
    [
      -0.25313645601272583,
      -0.2530931532382965,
      -0.253082811832428,
      -0.25317567586898804,
      -0.25285604596138,
      -0.25315460562705994,
      -0.25329259037971497,
      -0.2531996965408325,
      -0.25304582715034485,
      -0.25320011377334595
    ],
    [
      -0.25304487347602844,
      -0.2533741593360901,
      -0.25316107273101807,
      -0.2533508539199829,
      -0.252877801656723,
      -0.2532646954059601,
      -0.25321680307388306,
      -0.2536064088344574,
      -0.25292378664016724,
      -0.2529485821723938
    ],
    [
      -0.2528553605079651,
      -0.2528058886528015,
      -0.252996027469635,
      -0.253601610660553,
      -0.25305190682411194,
      -0.25304052233695984,
      -0.2533937394618988,
      -0.25367146730422974,
      -0.25322309136390686,
      -0.2531397044658661
    ],
    [
      -0.2527889311313629,
      -0.2531181275844574,
      -0.2530003786087036,
      -0.25258156657218933,
      -0.25373879075050354,
      -0.2541302740573883,
      -0.25254547595977783,
      -0.25206688046455383,
      -0.25268325209617615,
      -0.25382328033447266
    ],
    [
      -0.25438398122787476,
      -0.2537063658237457,
      -0.25151026248931885,
      -0.2517111301422119,
      -0.25466403365135193,
      -0.2522698640823364,
      -0.2534019351005554,
      -0.25336581468582153,
      -0.2531914710998535,
      -0.2531735897064209
    ],
    [
      -0.25213220715522766,
      -0.25271376967430115,
      -0.2539072632789612,
      -0.2575042247772217,
      -0.2542201578617096,
      -0.2522406280040741,
      -0.2521740794181824,
      -0.2531411349773407,
      -0.252347856760025,
      -0.25413426756858826
    ],
    [
      -0.25212424993515015,
      -0.2544274628162384,
      -0.2524690330028534,
      -0.2564237713813782,
      -0.2549152970314026,
      -0.254040002822876,
      -0.25670239329338074,
      -0.2536933422088623,
      -0.2537003755569458,
      -0.25342896580696106
    ],
    [
      -0.254253089427948,
      -0.2563689947128296,
      -0.2529434859752655,
      -0.25404444336891174,
      -0.2557791769504547,
      -0.2524872422218323,
      -0.25384488701820374,
      -0.2530795633792877,
      -0.2542860209941864,
      -0.2579116225242615
    ]
  ],
  "digital_baseline": -0.25316351652145386,
  "mean": [
    -0.25316351652145386,
    -0.25312369763851167,
    -0.2531769037246704,
    -0.25317793190479276,
    -0.25304769575595853,
    -0.2531378448009491,
    -0.25345155894756316,
    -0.25419248938560485,
    -0.2544998526573181
  ],
  "std": [
    0.0,
    0.00011147451542062873,
    0.0002205189486321918,
    0.000279906397809101,
    0.0006236663491899179,
    0.0009883886591009413,
    0.0015616162633059556,
    0.001421314920624122,
    0.0016125640955604223
  ],
  "normalized_mean": [
    1.0,
    1.000157285234023,
    0.999947120329973,
    0.9999430590017986,
    1.0004574939038877,
    1.0001014037127367,
    0.9988622277409198,
    0.9959355404827307,
    0.994721450569869
  ],
  "normalized_std": [
    0.0,
    0.0004403261455375701,
    0.0008710534269004924,
    0.0011056348152178588,
    0.0024634922036132585,
    0.0039041512484962746,
    0.006168409590619743,
    0.005614217009438939,
    0.006369654355088596
  ],
  "degradation_threshold_10pct": 0.15
}