{
  "sigma_values": [
    0.0,
    0.01,
    0.02,
    0.03,
    0.05,
    0.07,
    0.1,
    0.12,
    0.15
  ],
  "metric_name": "output_mse",
  "per_trial": [
    [
      -0.0029719884041696787,
      -0.002972485264763236,
      -0.0029707159847021103,
      -0.002971065230667591,
      -0.0029734165873378515,
      -0.0029716496355831623,
      -0.0029760776087641716,
      -0.0029686603229492903,
      -0.00296787079423666,
      -0.0029713688418269157,
      -0.0029725446365773678,
      -0.0029743972700089216,
      -0.0029668165370821953,
      -0.0029699939768761396,
      -0.002971810521557927,
      -0.0029719751328229904,
      -0.0029697276186197996,
      -0.002971059875562787,
      -0.0029696710407733917,
      -0.0029692889656871557,
      -0.002973041497170925,
      -0.002969389548525214,
      -0.002971355337649584,
      -0.0029730673413723707,
      -0.0029727546498179436,
      -0.002971413778141141,
      -0.002973741153255105,
      -0.0029726766515523195,
      -0.002968692686408758,
      -0.002969438210129738,
      -0.0029714249540120363,
      -0.002968125743791461,
      -0.0029668703209608793,
      -0.002973733004182577,
      -0.0029688056092709303,
      -0.0029680619481951,
      -0.0029742871411144733,
      -0.002965216524899006,
      -0.002970114117488265,
      -0.00296889734454453,
      -0.0029745798092335463,
      -0.002971760230138898,
      -0.002967609092593193,
      -0.0029686642810702324,
      -0.0029721944592893124,
      -0.0029679336585104465,
      -0.0029718121513724327,
      -0.0029747404623776674,
      -0.0029723145999014378,
      -0.0029680137522518635
    ],
    [
      -0.00302535155788064,
      -0.00315292552113533,
      -0.0030961078591644764,
      -0.0031856626737862825,
      -0.0032964644487947226,
      -0.0032605347223579884,
      -0.0032202531583607197,
      -0.0030377504881471395,
      -0.0032599305268377066,
      -0.0031977614853531122,
      -0.0031995968893170357,
      -0.0033800224773585796,
      -0.003200375009328127,
      -0.003446925198659301,
      -0.003725778078660369,
      -0.0031958308536559343,
      -0.003096489468589425,
      -0.0031338066328316927,
      -0.0032901589293032885,
      -0.0031511210836470127,
      -0.003442472778260708,
      -0.0033416920341551304,
      -0.0034265476278960705,
      -0.003265891456976533,
      -0.0031296289525926113,
      -0.003046630183234811,
      -0.0034280673135071993,
      -0.003153212135657668,
      -0.0041417949832975864,
      -0.0033934994135051966,
      -0.0031641877721995115,
      -0.003081634407863021,
      -0.003069896250963211,
      -0.003219729522243142,
      -0.00312313181348145,
      -0.003197117242962122,
      -0.0033163437619805336,
      -0.00318808457814157,
      -0.003328688209876418,
      -0.0031961326021701097,
      -0.003775636199861765,
      -0.0032498063519597054,
      -0.0034749533515423536,
      -0.0031504258513450623,
      -0.0030134161934256554,
      -0.0030802993569523096,
      -0.003435657126829028,
      -0.0033297790214419365,
      -0.003134352620691061,
      -0.003155515296384692
    ],
    [
      -0.003564659971743822,
      -0.0039018422830849886,
      -0.003775674384087324,
      -0.0040013487450778484,
      -0.005340490490198135,
      -0.003432150697335601,
      -0.0041494485922157764,
      -0.0036831367760896683,
      -0.0033526637125760317,
      -0.0035342564806342125,
      -0.00494424207136035,
      -0.003182161832228303,
      -0.0034621967934072018,
      -0.004623815417289734,
      -0.003595878602936864,
      -0.003617117879912257,
      -0.003961724229156971,
      -0.00582865858450532,
      -0.003714541904628277,
      -0.0050871483981609344,
      -0.003299552947282791,
      -0.0033347816206514835,
      -0.0038547071162611246,
      -0.003330227918922901,
      -0.004327865317463875,
      -0.0035213064402341843,
      -0.003586837323382497,
      -0.009496365673840046,
      -0.003726115683093667,
      -0.004454646725207567,
      -0.004509648308157921,
      -0.004185922909528017,
      -0.0037025688216090202,
      -0.004421029705554247,
      -0.003397953463718295,
      -0.004478876478970051,
      -0.0031772698275744915,
      -0.00356882531195879,
      -0.0036710218992084265,
      -0.0041415211744606495,
      -0.004647217690944672,
      -0.0036629559472203255,
      -0.005005994811654091,
      -0.0035144200082868338,
      -0.005398927256464958,
      -0.004006046336144209,
      -0.004425374791026115,
      -0.0034893450792878866,
      -0.003603106364607811,
      -0.003939482849091291
    ],
    [
      -0.005846083629876375,
      -0.007927373982965946,
      -0.004219862166792154,
      -0.0066713918931782246,
      -0.005591502413153648,
      -0.006459658965468407,
      -0.004169823136180639,
      -0.006051997654139996,
      -0.006211575586348772,
      -0.0046919528394937515,
      -0.004112049471586943,
      -0.004495744593441486,
      -0.003826980944722891,
      -0.007851059548556805,
      -0.006655423901975155,
      -0.004662729799747467,
      -0.004687703680247068,
      -0.004324557259678841,
      -0.012812957167625427,
      -0.004963117651641369,
      -0.0043714167550206184,
      -0.004228755831718445,
      -0.0036454142536967993,
      -0.007638265378773212,
      -0.012634223327040672,
      -0.004278916399925947,
      -0.0045713321305811405,
      -0.014728312380611897,
      -0.00403757207095623,
      -0.009757746942341328,
      -0.005608231760561466,
      -0.004924406297504902,
      -0.008027338422834873,
      -0.004806554410606623,
      -0.00489819748327136,
      -0.004826121497899294,
      -0.009370997548103333,
      -0.005235778633505106,
      -0.003869426203891635,
      -0.0071020582690835,
      -0.006254104431718588,
      -0.006054645404219627,
      -0.006952911149710417,
      -0.004114639945328236,
      -0.005829088389873505,
      -0.00432748394086957,
      -0.006303755566477776,
      -0.004712176509201527,
      -0.006822730414569378,
      -0.005249456036835909
    ],
    [
      -0.007294575683772564,
      -0.004850709345191717,
      -0.006415569223463535,
      -0.007269519846886396,
      -0.00444072438403964,
      -0.008246648125350475,
      -0.008898979984223843,
      -0.006429390516132116,
      -0.008994458243250847,
      -0.015172001905739307,
      -0.005795017350465059,
      -0.005362107418477535,
      -0.009058674797415733,
      -0.007652465254068375,
      -0.00743041792884469,
      -0.006230887491255999,
      -0.016459235921502113,
      -0.00716382684186101,
      -0.013095425441861153,
      -0.02320602722465992,
      -0.009104023687541485,
      -0.004970202222466469,
      -0.005575583782047033,
      -0.009406418539583683,
      -0.007562241982668638,
      -0.00925524439662695,
      -0.00723975570872426,
      -0.008072387427091599,
      -0.015566294081509113,
      -0.005477622617036104,
      -0.010448885150253773,
      -0.007285629399120808,
      -0.016457583755254745,
      -0.007533092051744461,
      -0.009710100479424,
      -0.006102704908698797,
      -0.005338477436453104,
      -0.006394693162292242,
      -0.012527165934443474,
      -0.02535805106163025,
      -0.0066438037902116776,
      -0.009779686108231544,
      -0.01265561394393444,
      -0.01573128253221512,
      -0.011906922794878483,
      -0.006976320408284664,
      -0.01354653388261795,
      -0.010366134345531464,
      -0.0063993483781814575,
      -0.017461029812693596
    ],
    [
      -0.005596166010946035,
      -0.01311737671494484,
      -0.01060009840875864,
      -0.0069676656275987625,
      -0.028311440721154213,
      -0.009194626472890377,
      -0.014402208849787712,
      -0.0099021065980196,
      -0.010237762704491615,
      -0.021308736875653267,
      -0.022804204374551773,
      -0.008632129989564419,
      -0.00785017292946577,
      -0.04120762273669243,
      -0.006401747930794954,
      -0.016127970069646835,
