{
  "sigma_values": [
    0.0,
    0.01,
    0.02,
    0.03,
    0.05,
    0.07,
    0.1,
    0.12,
    0.15
  ],
  "metric_name": "quality",
  "per_trial": [
    [
      -0.2388421595096588,
      -0.23893623054027557,
      -0.23882082104682922,
      -0.23877212405204773,
      -0.23880812525749207,
      -0.23886816203594208,
      -0.23881781101226807,
      -0.23880264163017273,
      -0.238800048828125,
      -0.23898640275001526,
      -0.2389940619468689,
      -0.23898571729660034,
      -0.23888134956359863,
      -0.23888516426086426,
      -0.23887142539024353,
      -0.2387418895959854,
      -0.2387213408946991,
      -0.23880374431610107,
      -0.2389277219772339,
      -0.23880423605442047,
      -0.2388363629579544,
      -0.23880818486213684,
      -0.23884379863739014,
      -0.23892569541931152,
      -0.2388765811920166,
      -0.23891416192054749,
      -0.23897716403007507,
      -0.23877795040607452,
      -0.23878811299800873,
      -0.23889245092868805,
      -0.2389664649963379,
      -0.2387351393699646,
      -0.23876120150089264,
      -0.23871324956417084,
      -0.2389615923166275,
      -0.23886936902999878,
      -0.2386939823627472,
      -0.23893621563911438,
      -0.23894859850406647,
      -0.23889093101024628,
      -0.23885133862495422,
      -0.23892350494861603,
      -0.23887041211128235,
      -0.2388959378004074,
      -0.2389477640390396,
      -0.23887044191360474,
      -0.23896892368793488,
      -0.23888695240020752,
      -0.23878641426563263,
      -0.23882457613945007
    ],
    [
      -0.23835472762584686,
      -0.23905178904533386,
      -0.23891302943229675,
      -0.2390555441379547,
      -0.23882541060447693,
      -0.23857726156711578,
      -0.23874828219413757,
      -0.23914426565170288,
      -0.23864297568798065,
      -0.2389032542705536,
      -0.23897382616996765,
      -0.2387128621339798,
      -0.23866747319698334,
      -0.23898613452911377,
      -0.23900407552719116,
      -0.2390384078025818,
      -0.23909306526184082,
      -0.2392464578151703,
      -0.2381993681192398,
      -0.23865583539009094,
      -0.23901133239269257,
      -0.23933221399784088,
      -0.2393755465745926,
      -0.23867422342300415,
      -0.2383480966091156,
      -0.23875436186790466,
      -0.23910273611545563,
      -0.2389865666627884,
      -0.23907658457756042,
      -0.23896534740924835,
      -0.23919007182121277,
      -0.2389482706785202,
      -0.23898275196552277,
      -0.23895703256130219,
      -0.23887522518634796,
      -0.23899561166763306,
      -0.2391767054796219,
      -0.23872405290603638,
      -0.23934805393218994,
      -0.23831956088542938,
      -0.23864178359508514,
      -0.2386382520198822,
      -0.23902210593223572,
      -0.23898261785507202,
      -0.23930203914642334,
      -0.23904137313365936,
      -0.2390557825565338,
      -0.23880180716514587,
      -0.23901565372943878,
      -0.23859204351902008
    ],
    [
      -0.2396719604730606,
      -0.23846136033535004,
      -0.2383994609117508,
      -0.23846352100372314,
      -0.23912647366523743,
      -0.2383875995874405,
      -0.23911960422992706,
      -0.23898077011108398,
      -0.23888932168483734,
      -0.23894600570201874,
      -0.23854272067546844,
      -0.23842193186283112,
      -0.23862135410308838,
      -0.239166259765625,
      -0.23895980417728424,
      -0.23951087892055511,
      -0.2390788197517395,
      -0.23843355476856232,
      -0.2387848049402237,
      -0.23912037909030914,
      -0.2388269454240799,
      -0.2388790249824524,
      -0.23896385729312897,
      -0.23938705027103424,
      -0.23942850530147552,
      -0.23952409625053406,
      -0.23951983451843262,
      -0.2384459376335144,
      -0.2391003668308258,
      -0.23925097286701202,
      -0.2385261207818985,
      -0.2380688637495041,
      -0.23922988772392273,
      -0.23831452429294586,
      -0.23951508104801178,
      -0.23912708461284637,
      -0.23859210312366486,
      -0.2380334883928299,
      -0.239141047000885,
      -0.23923376202583313,
      -0.23943635821342468,
      -0.23822557926177979,
      -0.23919101059436798,
      -0.23922866582870483,
      -0.23925188183784485,
      -0.2382216602563858,
      -0.23866450786590576,
      -0.23889559507369995,
      -0.23849183320999146,
      -0.2389967143535614
    ],
    [
      -0.23855438828468323,
      -0.23894833028316498,
      -0.23892539739608765,
      -0.2391151636838913,
      -0.2385338693857193,
      -0.23871463537216187,
      -0.2380838245153427,
      -0.23859184980392456,
      -0.23874981701374054,
      -0.24032238125801086,
      -0.24080908298492432,
      -0.2384624034166336,
      -0.239902064204216,
      -0.2394217699766159,
      -0.2377592921257019,
      -0.23864701390266418,
      -0.2392265349626541,
      -0.23898589611053467,
      -0.23811133205890656,
      -0.23944880068302155,
      -0.23903067409992218,
      -0.2380087971687317,
      -0.23863935470581055,
      -0.2383788824081421,
      -0.23926161229610443,
      -0.238483726978302,
      -0.23927724361419678,
      -0.23847749829292297,
      -0.23782838881015778,
      -0.23847582936286926,
      -0.2390611618757248,
      -0.23777052760124207,
      -0.23945674300193787,
      -0.23923596739768982,
      -0.23975633084774017,
      -0.23858273029327393,
      -0.23831157386302948,
      -0.2381959706544876,
      -0.2381291389465332,
      -0.23853281140327454,
      -0.23801346123218536,
      -0.23923282325267792,
      -0.2381383627653122,
      -0.2379639595746994,
      -0.239643856883049,
      -0.23911496996879578,
      -0.23894859850406647,
      -0.2388385832309723,
      -0.2398642897605896,
      -0.23895855247974396
    ],
    [
      -0.24079497158527374,
      -0.2383776307106018,
      -0.23899076879024506,
      -0.23850511014461517,
      -0.23751656711101532,
      -0.24197323620319366,
      -0.24006704986095428,
      -0.23930194973945618,
      -0.23607976734638214,
      -0.23824931681156158,
      -0.23833221197128296,
      -0.23744800686836243,
      -0.2384125292301178,
      -0.23714803159236908,
      -0.24127106368541718,
      -0.24053768813610077,
      -0.24177521467208862,
      -0.23954182863235474,
      -0.2379278987646103,
      -0.23918403685092926,
      -0.23930399119853973,
      -0.23745012283325195,
      -0.2381710708141327,
      -0.23964013159275055,
      -0.2376161813735962,
      -0.23905059695243835,
      -0.24140483140945435,
      -0.238091379404068,
      -0.2389628291130066,
      -0.23924754559993744,
      -0.23706679046154022,
      -0.2385188192129135,
      -0.23708666861057281,
      -0.23838771879673004,
      -0.2389450967311859,
      -0.23938848078250885,
      -0.23761634528636932,
      -0.2389688640832901,
      -0.23828844726085663,
      -0.23784731328487396,
      -0.24033932387828827,
      -0.2402566522359848,
      -0.2391546219587326,
      -0.2373381406068802,
      -0.23943807184696198,
      -0.23834465444087982,
      -0.23750203847885132,
      -0.24033145606517792,
      -0.23783031105995178,
      -0.23811377584934235
    ],
    [
      -0.23825059831142426,
      -0.23847447335720062,
      -0.2369348406791687,
      -0.23989157378673553,
      -0.23938347399234772,
      -0.23912832140922546,
      -0.23765957355499268,
      -0.2387218475341797,
      -0.24141322076320648,
      -0.23754973709583282,
      -0.23868124186992645,
      -0.23735995590686798,
      -0.23910409212112427,
      -0.24058738350868225,
      -0.23824208974838257,
      -0.238744854927063,
      -0.2392190396785736,
      -0.24049153923988342,
      -0.2396397590637207,
      -0.23925888538360596,
      -0.23955288529396057,
      -0.23772387206554413,
      -0.2393275797367096,
      -0.23898422718048096,
      -0.23809124529361725,
      -0.23890331387519836,
      -0.24190759658813477,
      -0.23879677057266235,
      -0.23919084668159485,
      -0.23744513094425201,
