{
  "sigma_values": [
    2.0,
    4.0,
    6.0,
    8.0,
    10.0,
    12.0,
    16.0
  ],
  "metric_name": "quality_vs_adc_bits_sigma0.050",
  "per_trial": [
    [
      0.7500000596046448,
      0.9190000295639038,
      0.5470000505447388,
      0.4580000340938568,
      0.7520000338554382,
      0.7140000462532043,
      0.9310000538825989,
      0.8760000467300415,
      0.36900001764297485,
      0.8100000619888306,
      0.7210000157356262,
      0.9160000681877136,
      0.9290000200271606,
      0.9230000376701355,
      0.800000011920929,
      0.7220000624656677,
      0.6570000052452087,
      0.7480000257492065,
      0.9000000357627869,
      0.5820000171661377,
      0.8790000677108765,
      0.7610000371932983,
      0.9290000200271606,
      0.8650000691413879,
      0.6600000262260437,
      0.8730000257492065,
      0.9290000200271606,
      0.8240000605583191,
      0.10300000756978989,
      0.8850000500679016,
      0.9290000200271606,
      0.7160000205039978,
      0.8790000677108765,
      0.2750000059604645,
      0.8050000667572021,
      0.5440000295639038,
      0.9280000329017639,
      0.9220000505447388,
      0.8020000457763672,
      0.753000020980835,
      0.9290000200271606,
      0.737000048160553,
      0.9030000567436218,
      0.9120000600814819,
      0.8360000252723694,
      0.9150000214576721,
      0.4610000252723694,
      0.9240000247955322,
      0.9160000681877136,
      0.909000039100647
    ],
    [
      0.9240000247955322,
      0.9290000200271606,
      0.8030000329017639,
      0.8650000691413879,
      0.7550000548362732,
      0.7290000319480896,
      0.8570000529289246,
      0.8740000128746033,
      0.7360000610351562,
      0.6910000443458557,
      0.9290000200271606,
      0.9250000715255737,
      0.9140000343322754,
      0.800000011920929,
      0.9280000329017639,
      0.9290000200271606,
      0.6450000405311584,
      0.9290000200271606,
      0.2150000035762787,
      0.0950000062584877,
      0.6270000338554382,
      0.8380000591278076,
      0.9270000457763672,
      0.893000066280365,
      0.9020000696182251,
      0.34800001978874207,
      0.5860000252723694,
      0.7720000147819519,
      0.8580000400543213,
      0.8760000467300415,
      0.9110000729560852,
      0.6360000371932983,
      0.7470000386238098,
      0.39900001883506775,
      0.11600000411272049,
      0.9290000200271606,
      0.9300000667572021,
      0.893000066280365,
      0.9290000200271606,
      0.9290000200271606,
      0.9250000715255737,
      0.4140000343322754,
      0.6130000352859497,
      0.8600000143051147,
      0.3360000252723694,
      0.8110000491142273,
      0.7430000305175781,
      0.9270000457763672,
      0.9280000329017639,
      0.9260000586509705
    ],
    [
      0.9290000200271606,
      0.9290000200271606,
      0.8250000476837158,
      0.8990000486373901,
      0.27300000190734863,
      0.9290000200271606,
      0.6890000104904175,
      0.9330000281333923,
      0.527999997138977,
      0.8810000419616699,
      0.46700000762939453,
      0.45100003480911255,
      0.734000027179718,
      0.893000066280365,
      0.9180000424385071,
      0.9290000200271606,
      0.6690000295639038,
      0.9200000166893005,
      0.893000066280365,
      0.8860000371932983,
      0.8490000367164612,
      0.5390000343322754,
      0.9260000586509705,
      0.4150000214576721,
      0.9320000410079956,
      0.5960000157356262,
      0.8450000286102295,
      0.9290000200271606,
      0.784000039100647,
      0.6920000314712524,
      0.2160000056028366,
      0.9280000329017639,
      0.43400001525878906,
      0.8920000195503235,
      0.8610000610351562,
      0.9290000200271606,
      0.09100000560283661,
      0.25200000405311584,
      0.7770000100135803,
      0.36900001764297485,
      0.9250000715255737,
      0.9270000457763672,
      0.656000018119812,
      0.8160000443458557,
      0.38600000739097595,
      0.9290000200271606,
      0.32200002670288086,
      0.8570000529289246,
      0.8870000243186951,
      0.4620000123977661
    ],
    [
      0.7940000295639038,
      0.8210000395774841,
      0.878000020980835,
      0.9270000457763672,
      0.9290000200271606,
      0.6940000057220459,
      0.9280000329017639,
      0.8740000128746033,
      0.24400001764297485,
      0.9110000729560852,
      0.9280000329017639,
      0.8170000314712524,
      0.9110000729560852,
      0.9220000505447388,
      0.3400000035762787,
      0.15300001204013824,
      0.8530000448226929,
      0.9160000681877136,
      0.9290000200271606,
      0.6440000534057617,
      0.8980000615119934,
      0.9270000457763672,
      0.8180000185966492,
      0.3270000219345093,
      0.9280000329017639,
      0.5320000052452087,
      0.9230000376701355,
      0.4570000171661377,
      0.9290000200271606,
      0.6840000152587891,
      0.7740000486373901,
      0.9290000200271606,
      0.9180000424385071,
      0.893000066280365,
      0.9140000343322754,
      0.24400001764297485,
      0.8830000162124634,
      0.7970000505447388,
      0.8020000457763672,
      0.5210000276565552,
      0.6970000267028809,
      0.9290000200271606,
      0.9160000681877136,
      0.8160000443458557,
      0.9270000457763672,
      0.18900001049041748,
      0.8170000314712524,
      0.9250000715255737,
      0.3750000298023224,
      0.9290000200271606
    ],
    [
      0.8390000462532043,
      0.6930000185966492,
      0.14400000870227814,
      0.2980000078678131,
      0.9120000600814819,
      0.4960000216960907,
      0.2639999985694885,
      0.9130000472068787,
      0.9290000200271606,
      0.6780000329017639,
      0.6510000228881836,
      0.8390000462532043,
      0.43700000643730164,
      0.7950000166893005,
      0.5660000443458557,
      0.921000063419342,
      0.6980000138282776,
      0.9280000329017639,
      0.18300001323223114,
      0.9290000200271606,
      0.7970000505447388,
      0.7880000472068787,
      0.7280000448226929,
      0.4580000340938568,
      0.8050000667572021,
      0.9240000247955322,
      0.9310000538825989,
      0.9160000681877136,
      0.9290000200271606,
      0.6450000405311584,
      0.800000011920929,
      0.9110000729560852,
      0.2330000102519989,
      0.31200000643730164,
      0.9100000262260437,
      0.9290000200271606,
      0.893000066280365,
      0.9260000586509705,
      0.8740000128746033,
      0.17600001394748688,
      0.9280000329017639,
      0.8040000200271606,
      0.08400000631809235,
      0.1860000044107437,
      0.8460000157356262,
      0.9280000329017639,
      0.8750000596046448,
      0.9270000457763672,
      0.9010000228881836,
      0.9270000457763672
    ],
    [
      0.9290000200271606,
      0.8570000529289246,
      0.9280000329017639,
      0.9290000200271606,
      0.0860000029206276,
      0.7080000042915344,
      0.9270000457763672,
      0.7090000510215759,
      0.7610000371932983,
      0.12700000405311584,
      0.9030000567436218,
      0.09200000762939453,
      0.7290000319480896,
      0.6850000619888306,
      0.5440000295639038,
      0.7680000066757202,
      0.7200000286102295,
      0.9110000729560852,
      0.8970000147819519,
      0.7360000610351562,
      0.2070000171661377,
      0.8490000367164612,
      0.8730000257492065,
      0.8360000252723694,
      0.8330000638961792,
      0.893000066280365,
      0.8860000371932983,
      0.9290000200271606,
      0.9290000200271606,
      0.9290000200271606,
      0.9010000228881836,
      0.7690000534057617,
      0.9230000376701355,
      0.8650000691413879,
      0.9120000600814819,
      0.6240000128746033,
      0.9180000424385071,
      0.9280000329017639,
      0.9140000343322754,
      0.3440000116825104,
      0.6740000247955322,
      0.6700000166893005,
      0.6650000214576721,
      0.909000039100647,
      0.6650000214576721,
      0.503000020980835,
      0.734000027179718,
      0.9170000553131104,
