{
  "sigma_values": [
    2.0,
    4.0,
    6.0,
    8.0,
    10.0,
    12.0,
    16.0
  ],
  "metric_name": "quality_vs_adc_bits_sigma0.000",
  "per_trial": [
    [
      -0.6066077351570129,
      -0.6066077351570129,
      -0.6060599088668823,
      -0.6066077351570129,
      -0.6060599088668823,
      -0.6071555018424988,
      -0.6060599088668823,
      -0.6060599088668823,
      -0.6066077351570129,
      -0.6060599088668823,
      -0.6060599088668823,
      -0.6066077351570129,
      -0.6066077351570129,
      -0.6066077351570129,
      -0.6060599088668823,
      -0.6066077351570129,
      -0.6060599088668823,
      -0.6060599088668823,
      -0.6060599088668823,
      -0.6077032685279846,
      -0.6071555018424988,
      -0.6060599088668823,
      -0.6060599088668823,
      -0.6060599088668823,
      -0.6066077351570129
    ],
    [
      -0.2677013576030731,
      -0.26807066798210144,
      -0.2671580910682678,
      -0.2668078541755676,
      -0.26797521114349365,
      -0.26786619424819946,
      -0.2675327658653259,
      -0.2665582299232483,
      -0.26745280623435974,
      -0.26719287037849426,
      -0.26722750067710876,
      -0.26768311858177185,
      -0.26741570234298706,
      -0.2674373686313629,
      -0.26817387342453003,
      -0.2680300772190094,
      -0.26747044920921326,
      -0.2674644887447357,
      -0.2677485942840576,
      -0.2675267159938812,
      -0.26784130930900574,
      -0.26790544390678406,
      -0.2678369879722595,
      -0.2677150368690491,
      -0.2676941454410553
    ],
    [
      -0.2571893334388733,
      -0.25732940435409546,
      -0.2571265995502472,
      -0.25735870003700256,
      -0.2573017477989197,
      -0.25750136375427246,
      -0.2572394609451294,
      -0.257340669631958,
      -0.2571362853050232,
      -0.2569420039653778,
      -0.25722813606262207,
      -0.2569342255592346,
      -0.25696948170661926,
      -0.25730201601982117,
      -0.25678741931915283,
      -0.2573646306991577,
      -0.2572757303714752,
      -0.25722095370292664,
      -0.257176011800766,
      -0.25704866647720337,
      -0.2571882903575897,
      -0.25700992345809937,
      -0.25738415122032166,
      -0.2572651505470276,
      -0.257173627614975
    ],
    [
      -0.2571184039115906,
      -0.25728660821914673,
      -0.2572380304336548,
      -0.25722622871398926,
      -0.2572105824947357,
      -0.2571927607059479,
      -0.2572914659976959,
      -0.2571898102760315,
      -0.25715208053588867,
      -0.25723326206207275,
      -0.25732657313346863,
      -0.2572440207004547,
      -0.25723645091056824,
      -0.2572384476661682,
      -0.25722283124923706,
      -0.25717005133628845,
      -0.2571276128292084,
      -0.25729840993881226,
      -0.25717025995254517,
      -0.2571650445461273,
      -0.25729700922966003,
      -0.25720933079719543,
      -0.25723281502723694,
      -0.25729551911354065,
      -0.25718891620635986
    ],
    [
      -0.2573176920413971,
      -0.2573016881942749,
      -0.2573474645614624,
      -0.2573268413543701,
      -0.25731775164604187,
      -0.25733858346939087,
      -0.2573463022708893,
      -0.257295697927475,
      -0.25733858346939087,
      -0.2573074996471405,
      -0.25737035274505615,
      -0.2573109269142151,
      -0.2573091685771942,
      -0.2573484480381012,
      -0.25736358761787415,
      -0.2573288381099701,
      -0.2573396563529968,
      -0.2573481500148773,
      -0.2573375105857849,
      -0.25734469294548035,
      -0.25731945037841797,
      -0.25729918479919434,
      -0.2573573589324951,
      -0.2573639750480652,
      -0.25732937455177307
    ],
    [
      -0.25733307003974915,
      -0.257329523563385,
      -0.25733113288879395,
      -0.2573387324810028,
      -0.2573334872722626,
      -0.2573402225971222,
      -0.25732797384262085,
      -0.25732746720314026,
      -0.25732648372650146,
      -0.2573409974575043,
      -0.2573261857032776,
      -0.2573283016681671,
      -0.25732147693634033,
      -0.25733524560928345,
      -0.2573319971561432,
      -0.2573288381099701,
      -0.2573279142379761,
      -0.25732719898223877,
      -0.2573397159576416,
      -0.25733011960983276,
      -0.25732386112213135,
      -0.25732478499412537,
      -0.2573360502719879,
      -0.2573311924934387,
      -0.2573234736919403
    ],
    [
      -0.25732579827308655,
      -0.25732067227363586,
      -0.2573258578777313,
      -0.25732421875,
      -0.25732579827308655,
      -0.25732582807540894,
      -0.2573290467262268,
      -0.257324755191803,
      -0.25732067227363586,
      -0.25733253359794617,
      -0.25732311606407166,
      -0.2573213577270508,
      -0.2573249936103821,
      -0.2573283016681671,
      -0.25732743740081787,
      -0.25732409954071045,
      -0.2573254108428955,
      -0.25732919573783875,
      -0.25732263922691345,
      -0.25733545422554016,
      -0.25731968879699707,
      -0.2573246955871582,
      -0.2573193311691284,
      -0.25732186436653137,
      -0.2573245167732239
    ]
  ],
  "digital_baseline": -0.25741586089134216,
  "mean": [
    -0.6064105081558228,
    -0.2675794744491577,
    -0.25719175934791566,
    -0.257222501039505,
    -0.2573323512077332,
    -0.2573306179046631,
    -0.2573250913619995
  ],
  "std": [
    0.00043493931413311315,
    0.0003765993297500201,
    0.00016443154884614254,
    5.46657135345634e-05,
    2.0910077912790472e-05,
    5.341091833594199e-06,
    3.748895436017009e-06
  ],
  "normalized_mean": [
    -0.355762018921572,
    0.960516754784952,
    1.0008705817219286,
    1.0007511574895487,
    1.0003244154548978,
    1.0003311489291449,
    1.0003526182459324
  ],
  "normalized_std": [
    0.001689636810362301,
    0.001462999709675957,
    0.0006387778448335425,
    0.0002123634237038655,
    8.123072851993696e-05,
    2.0748883985236355e-05,
    1.4563575931319382e-05
  ],
  "degradation_threshold_10pct": 16.0
}