{
  "sigma_values": [
    2.0,
    4.0,
    6.0,
    8.0,
    10.0,
    12.0,
    16.0
  ],
  "metric_name": "quality_vs_adc_bits_sigma0.050",
  "per_trial": [
    [
      0.909000039100647,
      0.9220000505447388,
      0.8860000371932983,
      0.15200001001358032,
      0.7420000433921814,
      0.5350000262260437,
      0.9260000586509705,
      0.9170000553131104,
      0.12200000882148743,
      0.7450000643730164,
      0.2800000011920929,
      0.8800000548362732,
      0.9290000200271606,
      0.8830000162124634,
      0.7480000257492065,
      0.6950000524520874,
      0.5680000185966492,
      0.6990000605583191,
      0.5139999985694885,
      0.24400001764297485,
      0.8950000405311584,
      0.9030000567436218,
      0.9190000295639038,
      0.8520000576972961,
      0.8450000286102295,
      0.29200002551078796,
      0.597000002861023,
      0.7850000262260437,
      0.4300000071525574,
      0.5390000343322754,
      0.9290000200271606,
      0.8180000185966492,
      0.9020000696182251,
      0.3370000123977661,
      0.9000000357627869,
      0.22100001573562622,
      0.9170000553131104,
      0.9290000200271606,
      0.7510000467300415,
      0.8250000476837158,
      0.9270000457763672,
      0.6470000147819519,
      0.7200000286102295,
      0.8990000486373901,
      0.8940000534057617,
      0.2590000033378601,
      0.8920000195503235,
      0.9260000586509705,
      0.921000063419342,
      0.8160000443458557
    ],
    [
      0.843000054359436,
      0.9240000247955322,
      0.800000011920929,
      0.7830000519752502,
      0.7090000510215759,
      0.7970000505447388,
      0.7990000247955322,
      0.7750000357627869,
      0.9040000438690186,
      0.4010000228881836,
      0.9280000329017639,
      0.9010000228881836,
      0.909000039100647,
      0.6430000066757202,
      0.9250000715255737,
      0.4830000102519989,
      0.6000000238418579,
      0.9290000200271606,
      0.6010000109672546,
      0.07100000232458115,
      0.921000063419342,
      0.8600000143051147,
      0.9290000200271606,
      0.8330000638961792,
      0.862000048160553,
      0.2510000169277191,
      0.8860000371932983,
      0.5590000152587891,
      0.8860000371932983,
      0.36900001764297485,
      0.6070000529289246,
      0.9000000357627869,
      0.484000027179718,
      0.18900001049041748,
      0.25,
      0.9270000457763672,
      0.9250000715255737,
      0.8910000324249268,
      0.8850000500679016,
      0.9280000329017639,
      0.9050000309944153,
      0.25,
      0.25200000405311584,
      0.8530000448226929,
      0.1380000114440918,
      0.9280000329017639,
      0.6920000314712524,
      0.9260000586509705,
      0.9180000424385071,
      0.9270000457763672
    ],
    [
      0.9270000457763672,
      0.921000063419342,
      0.3450000286102295,
      0.9260000586509705,
      0.42100003361701965,
      0.7070000171661377,
      0.3410000205039978,
      0.9160000681877136,
      0.5740000009536743,
      0.7440000176429749,
      0.7800000309944153,
      0.8030000329017639,
      0.12300000339746475,
      0.8390000462532043,
      0.8300000429153442,
      0.9250000715255737,
      0.1980000138282776,
      0.8840000629425049,
      0.9290000200271606,
      0.8350000381469727,
      0.550000011920929,
      0.7910000085830688,
      0.843000054359436,
      0.3540000021457672,
      0.9160000681877136,
      0.9110000729560852,
      0.42600002884864807,
      0.8640000224113464,
      0.921000063419342,
      0.7230000495910645,
      0.7270000576972961,
      0.9160000681877136,
      0.0950000062584877,
      0.47700002789497375,
      0.8100000619888306,
      0.9100000262260437,
      0.11300000548362732,
      0.4490000307559967,
      0.8110000491142273,
      0.921000063419342,
      0.800000011920929,
      0.690000057220459,
      0.9250000715255737,
      0.7690000534057617,
      0.25300002098083496,
      0.9290000200271606,
      0.9290000200271606,
      0.7800000309944153,
      0.8380000591278076,
      0.5600000023841858
    ],
    [
      0.8610000610351562,
      0.8820000290870667,
      0.9250000715255737,
      0.9250000715255737,
      0.8520000576972961,
      0.6920000314712524,
      0.9290000200271606,
      0.625,
      0.34700000286102295,
      0.5830000042915344,
      0.9280000329017639,
      0.8810000419616699,
      0.9270000457763672,
      0.550000011920929,
      0.328000009059906,
      0.11400000751018524,
      0.7940000295639038,
      0.9220000505447388,
      0.8140000104904175,
      0.8350000381469727,
      0.8970000147819519,
      0.9290000200271606,
      0.6040000319480896,
      0.43700000643730164,
      0.9220000505447388,
      0.26600000262260437,
      0.8340000510215759,
      0.7100000381469727,
      0.9220000505447388,
      0.2460000067949295,
      0.5770000219345093,
      0.9200000166893005,
      0.8990000486373901,
      0.9280000329017639,
      0.7150000333786011,
      0.13199999928474426,
      0.6760000586509705,
      0.6690000295639038,
      0.8870000243186951,
      0.2970000207424164,
      0.7160000205039978,
      0.921000063419342,
      0.8730000257492065,
      0.9120000600814819,
      0.9290000200271606,
      0.12400000542402267,
      0.5640000104904175,
      0.8320000171661377,
      0.1120000034570694,
      0.859000027179718
    ],
    [
      0.20600001513957977,
      0.843000054359436,
      0.5950000286102295,
      0.2720000147819519,
      0.9290000200271606,
      0.2510000169277191,
      0.21700000762939453,
      0.8800000548362732,
      0.8890000581741333,
      0.49800002574920654,
      0.8260000348091125,
      0.8500000238418579,
      0.7400000095367432,
      0.9190000295639038,
      0.7410000562667847,
      0.8740000128746033,
      0.796000063419342,
      0.9270000457763672,
      0.656000018119812,
      0.9290000200271606,
      0.25699999928474426,
      0.9200000166893005,
      0.9080000519752502,
      0.13500000536441803,
      0.31300002336502075,
      0.9300000667572021,
      0.9290000200271606,
      0.5560000538825989,
      0.9290000200271606,
      0.4960000216960907,
      0.320000022649765,
      0.781000018119812,
      0.5480000376701355,
      0.3830000162124634,
      0.8490000367164612,
      0.9280000329017639,
      0.3720000088214874,
      0.8650000691413879,
      0.8490000367164612,
      0.07400000095367432,
      0.9120000600814819,
      0.909000039100647,
      0.17400000989437103,
      0.45000001788139343,
      0.7830000519752502,
      0.8110000491142273,
      0.6840000152587891,
      0.9190000295639038,
      0.8810000419616699,
      0.8600000143051147
    ],
    [
      0.9290000200271606,
      0.6890000104904175,
      0.8770000338554382,
      0.9200000166893005,
      0.6580000519752502,
      0.7490000128746033,
      0.9260000586509705,
      0.22200001776218414,
      0.8690000176429749,
      0.11900000274181366,
      0.8170000314712524,
      0.09300000220537186,
      0.9230000376701355,
      0.3150000274181366,
      0.18800000846385956,
      0.4480000138282776,
      0.6640000343322754,
      0.8940000534057617,
      0.5130000114440918,
      0.7410000562667847,
      0.41600000858306885,
      0.893000066280365,
      0.8940000534057617,
      0.690000057220459,
      0.8520000576972961,
      0.9200000166893005,
      0.8530000448226929,
      0.8680000305175781,
      0.9290000200271606,
      0.8360000252723694,
      0.9010000228881836,
      0.7290000319480896,
      0.6440000534057617,
      0.8850000500679016,
      0.9080000519752502,
      0.41700002551078796,
      0.445000022649765,
      0.9150000214576721,
      0.9110000729560852,
      0.5270000100135803,
      0.8670000433921814,
      0.44600000977516174,
      0.8290000557899475,
      0.909000039100647,
      0.08100000023841858,
      0.5590000152587891,
      0.5990000367164612,
      0.8770000338554382,
      0.125,
      0.9170000553131104
    ],
    [
