{
  "sigma_values": [
    0.0,
    0.01,
    0.02,
    0.03,
    0.05,
    0.07,
    0.1,
    0.12,
    0.15
  ],
  "metric_name": "quality",
  "per_trial": [
    [
      -0.25329869985580444,
      -0.2532416880130768,
      -0.25326263904571533,
      -0.2532803416252136,
      -0.25325578451156616,
      -0.25330039858818054,
      -0.2532390058040619,
      -0.25327447056770325,
      -0.2532620131969452,
      -0.2532637119293213,
      -0.2532937824726105,
      -0.2532925009727478,
      -0.25327789783477783,
      -0.2532438039779663,
      -0.2532433569431305,
      -0.253272145986557,
      -0.2532585561275482,
      -0.2532734274864197,
      -0.25329604744911194,
      -0.253284215927124,
      -0.25325310230255127,
      -0.2532453238964081,
      -0.25325629115104675,
      -0.253254771232605,
      -0.25324174761772156,
      -0.2532844543457031,
      -0.253269225358963,
      -0.25324001908302307,
      -0.2532290816307068,
      -0.2533034384250641,
      -0.25328773260116577,
      -0.25326430797576904,
      -0.25330767035484314,
      -0.2532745897769928,
      -0.25326311588287354,
      -0.25326529145240784,
      -0.25327712297439575,
      -0.2532707452774048,
      -0.25330156087875366,
      -0.2532620429992676,
      -0.2532835602760315,
      -0.25325700640678406,
      -0.2532813251018524,
      -0.25330230593681335,
      -0.2532317042350769,
      -0.25327417254447937,
      -0.25323382019996643,
      -0.25326019525527954,
      -0.2532668709754944,
      -0.253273069858551
    ],
    [
      -0.25300973653793335,
      -0.25338929891586304,
      -0.25330060720443726,
      -0.25316113233566284,
      -0.2533995509147644,
      -0.25310784578323364,
      -0.2534332573413849,
      -0.25310203433036804,
      -0.25311359763145447,
      -0.2532566785812378,
      -0.2531420588493347,
      -0.25343918800354004,
      -0.2532072961330414,
      -0.2530953884124756,
      -0.2534200847148895,
      -0.25310009717941284,
      -0.25278565287590027,
      -0.2532401978969574,
      -0.2531578838825226,
      -0.2536922097206116,
      -0.25310495495796204,
      -0.2535035014152527,
      -0.253412127494812,
      -0.2533387839794159,
      -0.2529884874820709,
      -0.2532976567745209,
      -0.2533115744590759,
      -0.2531450390815735,
      -0.253381609916687,
      -0.25351935625076294,
      -0.25331148505210876,
      -0.25326311588287354,
      -0.253240168094635,
      -0.2532022297382355,
      -0.253071665763855,
      -0.25309503078460693,
      -0.25337329506874084,
      -0.2531913220882416,
      -0.2530297338962555,
      -0.25335487723350525,
      -0.2533188462257385,
      -0.25312182307243347,
      -0.25355279445648193,
      -0.25307101011276245,
      -0.25343021750450134,
      -0.25330403447151184,
      -0.25331851840019226,
      -0.25322771072387695,
      -0.2531091272830963,
      -0.2534169852733612
    ],
    [
      -0.25348907709121704,
      -0.2528325021266937,
      -0.2531348466873169,
      -0.25388529896736145,
      -0.2530539631843567,
      -0.2536769509315491,
      -0.2532317340373993,
      -0.25288769602775574,
      -0.2527983784675598,
      -0.2536849081516266,
      -0.25330039858818054,
      -0.25351613759994507,
      -0.2530211806297302,
      -0.2532953917980194,
      -0.25372615456581116,
      -0.25312286615371704,
      -0.2535179555416107,
      -0.25340622663497925,
      -0.25329816341400146,
      -0.2532387971878052,
      -0.2538872957229614,
      -0.25375139713287354,
      -0.25280117988586426,
      -0.25276198983192444,
      -0.2536912262439728,
      -0.25303053855895996,
      -0.25372546911239624,
      -0.2529754340648651,
      -0.2538381516933441,
      -0.25363868474960327,
      -0.2532596290111542,
      -0.25243738293647766,
      -0.25314971804618835,
      -0.25312918424606323,
      -0.2530498206615448,
      -0.2535744607448578,
      -0.25320693850517273,
      -0.2531081736087799,
      -0.25357434153556824,
      -0.2530677616596222,
      -0.253542959690094,
      -0.2527025043964386,
      -0.2533801198005676,
      -0.25410372018814087,
      -0.2529504895210266,
      -0.2536305785179138,
      -0.2531511187553406,
      -0.253644734621048,
      -0.2535977065563202,
      -0.25317618250846863
    ],
    [
      -0.25304701924324036,
      -0.25331658124923706,
      -0.2536923587322235,
      -0.2525518238544464,
      -0.25367099046707153,
      -0.25287124514579773,
      -0.25389495491981506,
      -0.2533923089504242,
      -0.25292953848838806,
      -0.2532302439212799,
      -0.25324952602386475,
      -0.2534063458442688,
      -0.25332018733024597,
      -0.253948450088501,
      -0.25326913595199585,
      -0.25312113761901855,
      -0.25405457615852356,
      -0.2529574930667877,
      -0.25376585125923157,
      -0.2532278597354889,
      -0.25431206822395325,
      -0.2532835900783539,
      -0.25286877155303955,
      -0.25308021903038025,
      -0.2532217800617218,
      -0.2534883916378021,
      -0.25358104705810547,
      -0.2536034882068634,
      -0.25331351161003113,
      -0.25308147072792053,
      -0.25356459617614746,
      -0.2538217306137085,
      -0.25355905294418335,
      -0.2532064914703369,
      -0.25314977765083313,
      -0.2531352639198303,
      -0.253142774105072,
      -0.25226953625679016,
      -0.2539702355861664,
      -0.2529362142086029,
      -0.2531433701515198,
      -0.2526799738407135,
      -0.25373706221580505,
      -0.25316891074180603,
      -0.25308820605278015,
      -0.25265467166900635,
      -0.2529478669166565,
      -0.2531728446483612,
      -0.25284120440483093,
      -0.25317421555519104
    ],
    [
      -0.25556477904319763,
      -0.25429651141166687,
      -0.2548026442527771,
      -0.2547646164894104,
      -0.25371015071868896,
      -0.252685010433197,
      -0.25239136815071106,
      -0.2535160481929779,
      -0.25258970260620117,
      -0.2542116045951843,
      -0.2522943913936615,
      -0.2537097930908203,
      -0.2524699866771698,
      -0.25326916575431824,
      -0.2530456483364105,
      -0.2533115744590759,
      -0.25321903824806213,
      -0.25268131494522095,
      -0.25202885270118713,
      -0.2532501816749573,
      -0.2529047131538391,
      -0.25430211424827576,
      -0.25391143560409546,
      -0.2531869113445282,
      -0.2530836760997772,
      -0.25335821509361267,
      -0.25424906611442566,
      -0.2542022168636322,
      -0.25208452343940735,
      -0.25316643714904785,
      -0.25483453273773193,
      -0.25375646352767944,
      -0.25302281975746155,
      -0.25325819849967957,
      -0.2531396746635437,
      -0.2534089982509613,
      -0.25374269485473633,
      -0.2555652856826782,
      -0.25383099913597107,
      -0.25332343578338623,
      -0.2525547444820404,
      -0.25258180499076843,
      -0.2536226511001587,
      -0.2523915469646454,
      -0.252942830324173,
      -0.2541036307811737,
      -0.2530151307582855,
      -0.252298504114151,
      -0.25297629833221436,
      -0.252642422914505
    ],
    [
      -0.2530336380004883,
      -0.25154489278793335,
      -0.25313109159469604,
      -0.25456106662750244,
      -0.25440484285354614,
      -0.25299862027168274,
      -0.25498872995376587,
      -0.2527701258659363,
      -0.2535516023635864,
      -0.2528201937675476,
      -0.2562968134880066,
      -0.2537805438041687,
      -0.25359606742858887,
      -0.25426194071769714,
      -0.2536976635456085,
      -0.2540539801120758,
      -0.25285694003105164,
      -0.25465261936187744,
      -0.25352752208709717,
      -0.2534942626953125,
      -0.2525208592414856,
      -0.25278639793395996,
      -0.2530800998210907,
      -0.25594475865364075,
      -0.2523244023323059,
      -0.25309425592422485,
      -0.2541777789592743,
      -0.2541891038417816,
      -0.252847820520401,
      -0.25273817777633667,
      -0.25339022278785706,
      -0.25292450189590454,
      -0.2544006407260895,
