{
  "sigma_values": [
    0.0,
    0.01,
    0.02,
    0.03,
    0.05,
    0.07,
    0.1,
    0.12,
    0.15
  ],
  "metric_name": "quality_mismatch_only",
  "per_trial": [
    [
      0.9290000200271606,
      0.9290000200271606,
      0.9290000200271606,
      0.9290000200271606,
      0.9290000200271606,
      0.9290000200271606,
      0.9290000200271606,
      0.9290000200271606,
      0.9290000200271606,
      0.9290000200271606,
      0.9290000200271606,
      0.9290000200271606,
      0.9290000200271606,
      0.9290000200271606,
      0.9290000200271606,
      0.9290000200271606,
      0.9290000200271606,
      0.9290000200271606,
      0.9290000200271606,
      0.9290000200271606
    ],
    [
      0.9290000200271606,
      0.9290000200271606,
      0.9290000200271606,
      0.9290000200271606,
      0.9290000200271606,
      0.9290000200271606,
      0.9290000200271606,
      0.9290000200271606,
      0.9290000200271606,
      0.9290000200271606,
      0.9290000200271606,
      0.9290000200271606,
      0.9290000200271606,
      0.9290000200271606,
      0.9290000200271606,
      0.9290000200271606,
      0.9290000200271606,
      0.9290000200271606,
      0.9290000200271606,
      0.9290000200271606
    ],
    [
      0.9290000200271606,
      0.9290000200271606,
      0.9290000200271606,
      0.9290000200271606,
      0.9290000200271606,
      0.9290000200271606,
      0.9290000200271606,
      0.9290000200271606,
      0.9290000200271606,
      0.9290000200271606,
      0.9290000200271606,
      0.9290000200271606,
      0.9290000200271606,
      0.9290000200271606,
      0.9290000200271606,
      0.9290000200271606,
      0.9290000200271606,
      0.9290000200271606,
      0.9290000200271606,
      0.9290000200271606
    ],
    [
      0.9290000200271606,
      0.9290000200271606,
      0.9290000200271606,
      0.9290000200271606,
      0.9290000200271606,
      0.9290000200271606,
      0.9290000200271606,
      0.9290000200271606,
      0.9290000200271606,
      0.9290000200271606,
      0.9290000200271606,
      0.9290000200271606,
      0.9290000200271606,
      0.9290000200271606,
      0.9290000200271606,
      0.9290000200271606,
      0.9290000200271606,
      0.9290000200271606,
      0.9290000200271606,
      0.9290000200271606
    ],
    [
      0.9290000200271606,
      0.9290000200271606,
      0.9290000200271606,
      0.9290000200271606,
      0.9290000200271606,
      0.9290000200271606,
      0.9290000200271606,
      0.9290000200271606,
      0.9290000200271606,
      0.9290000200271606,
      0.9290000200271606,
      0.9290000200271606,
      0.9290000200271606,
      0.9290000200271606,
      0.9290000200271606,
      0.9290000200271606,
      0.9290000200271606,
      0.9290000200271606,
      0.9290000200271606,
      0.9290000200271606
    ],
    [
      0.9290000200271606,
      0.9290000200271606,
      0.9290000200271606,
      0.9290000200271606,
      0.9290000200271606,
      0.9290000200271606,
      0.9290000200271606,
      0.9290000200271606,
      0.9290000200271606,
      0.9290000200271606,
      0.9290000200271606,
      0.9290000200271606,
      0.9290000200271606,
      0.9290000200271606,
      0.9290000200271606,
      0.9290000200271606,
      0.9290000200271606,
      0.9290000200271606,
      0.9290000200271606,
      0.9290000200271606
    ],
    [
      0.9290000200271606,
      0.9290000200271606,
      0.9290000200271606,
      0.9290000200271606,
      0.9290000200271606,
      0.9290000200271606,
      0.9290000200271606,
      0.9290000200271606,
      0.9290000200271606,
      0.9290000200271606,
      0.9290000200271606,
      0.9290000200271606,
      0.9290000200271606,
      0.9290000200271606,
      0.9290000200271606,
      0.9290000200271606,
      0.9290000200271606,
      0.9290000200271606,
      0.9290000200271606,
      0.9290000200271606
    ],
    [
      0.9290000200271606,
      0.9290000200271606,
      0.9290000200271606,
      0.9290000200271606,
      0.9290000200271606,
      0.9290000200271606,
      0.9290000200271606,
      0.9290000200271606,
      0.9290000200271606,
      0.9290000200271606,
      0.9290000200271606,
      0.9290000200271606,
      0.9290000200271606,
      0.9290000200271606,
      0.9290000200271606,
      0.9290000200271606,
      0.9290000200271606,
      0.9290000200271606,
      0.9290000200271606,
      0.9290000200271606
    ],
    [
      0.9290000200271606,
      0.9290000200271606,
      0.9290000200271606,
      0.9290000200271606,
      0.9290000200271606,
      0.9290000200271606,
      0.9290000200271606,
      0.9290000200271606,
      0.9290000200271606,
      0.9290000200271606,
      0.9290000200271606,
      0.9290000200271606,
      0.9290000200271606,
      0.9290000200271606,
      0.9290000200271606,
      0.9290000200271606,
      0.9290000200271606,
      0.9290000200271606,
      0.9290000200271606,
      0.9290000200271606
    ]
  ],
  "digital_baseline": 0.9290000200271606,
  "ideal_analog_baseline": 0.9290000200271606,
  "mean": [
    0.9290000200271606,
    0.9290000200271606,
    0.9290000200271606,
    0.9290000200271606,
    0.9290000200271606,
    0.9290000200271606,
    0.9290000200271606,
    0.9290000200271606,
    0.9290000200271606
  ],
  "std": [
    0.0,
    0.0,
    0.0,
    0.0,
    0.0,
    0.0,
    0.0,
    0.0,
    0.0
  ],
  "normalized_mean": [
    1.0,
    1.0,
    1.0,
    1.0,
    1.0,
    1.0,
    1.0,
    1.0,
    1.0
  ],
  "normalized_std": [
    0.0,
    0.0,
    0.0,
    0.0,
    0.0,
    0.0,
    0.0,
    0.0,
    0.0
  ],
  "degradation_threshold_10pct": 0.15,
  "trial_seeds": {
    "digital_baseline": [
      101060345,
      101060346,
      101060347,
      101060348,
      101060349,
      101060350,
      101060351,
      101060352,
      101060353,
      101060354,
      101060355,
      101060356,
      101060357,
      101060358,
      101060359,
      101060360,
      101060361,
      101060362,
      101060363,
      101060364
    ],
    "ideal_analog_baseline": [
      202060648,
      202060649,
      202060650,
      202060651,
      202060652,
      202060653,
      202060654,
      202060655,
      202060656,
      202060657,
      202060658,
      202060659,
      202060660,
      202060661,
      202060662,
      202060663,
      202060664,
      202060665,
      202060666,
      202060667
    ],
    "per_trial": [
      [
        505141613,
        505141614,
        505141615,
        505141616,
        505141617,
        505141618,
        505141619,
        505141620,
        505141621,
        505141622,
        505141623,
        505141624,
        505141625,
        505141626,
        505141627,
        505141628,
        505141629,
        505141630,
        505141631,
        505141632
      ]
    ]
  },
  "metadata": {
    "arch": "ssm",
    "analog_domain": "conservative",
    "analog_substrate": "classic",
    "seed": 60042,
    "pilot_profile_path": "/workspace/NEW_ACTUAL_RUNS/5-14/945/experiments/cross_arch_tolerance/results/profiles/ssm_profile_reram.json",
    "dynamics_diagnostics": {
      "time_constant_spread": 1.0921460767281612,
      "mean_state_dimension": 8.0,
      "n_layers": 2
    },
    "calibration": "tensor sample_input",
    "ablation_noise": "mismatch"
  },
  "normalized_mean_vs_ideal_analog": [
    1.0,
    1.0,
    1.0,
    1.0,
    1.0,
    1.0,
    1.0,
    1.0,
    1.0
  ],
  "normalized_std_vs_ideal_analog": [
    0.0,
    0.0,
    0.0,
    0.0,
    0.0,
    0.0,
    0.0,
    0.0,
    0.0
  ],
  "degradation_threshold_10pct_vs_ideal_analog": 0.15,
  "analog_energy_pJ": 15170.559999999998,
  "digital_energy_pJ": 2012160.0,
  "analog_latency_ns": 65152.0,
  "digital_latency_ns": 201216.0,
  "energy_saving_vs_digital": 0.9924605597964377,
  "speedup_vs_digital": 3.088408644400786
}