{
  "sigma_values": [
    0.0,
    0.01,
    0.02,
    0.03,
    0.05,
    0.07,
    0.1,
    0.12,
    0.15
  ],
  "metric_name": "quality_mismatch_only",
  "per_trial": [
    [
      -0.23876722157001495,
      -0.23876722157001495,
      -0.23876722157001495,
      -0.23876722157001495,
      -0.23876722157001495,
      -0.23876722157001495,
      -0.23876722157001495,
      -0.23876722157001495,
      -0.23876722157001495,
      -0.23876722157001495
    ],
    [
      -0.23864902555942535,
      -0.2392234355211258,
      -0.238547220826149,
      -0.23897480964660645,
      -0.23873968422412872,
      -0.23887071013450623,
      -0.23901735246181488,
      -0.2390054613351822,
      -0.2386617362499237,
      -0.23860211670398712
    ],
    [
      -0.23846368491649628,
      -0.23974920809268951,
      -0.23837800323963165,
      -0.23887577652931213,
      -0.23930537700653076,
      -0.23871858417987823,
      -0.23842129111289978,
      -0.23865000903606415,
      -0.23897425830364227,
      -0.23864448070526123
    ],
    [
      -0.2387167066335678,
      -0.2381366640329361,
      -0.23846463859081268,
      -0.2385408878326416,
      -0.23860131204128265,
      -0.23881086707115173,
      -0.23933589458465576,
      -0.23924520611763,
      -0.23888811469078064,
      -0.23927918076515198
    ],
    [
      -0.23811006546020508,
      -0.23812749981880188,
      -0.23921070992946625,
      -0.23841102421283722,
      -0.23834365606307983,
      -0.2368568778038025,
      -0.23779241740703583,
      -0.2385084331035614,
      -0.2393328696489334,
      -0.23811255395412445
    ],
    [
      -0.23820321261882782,
      -0.24060775339603424,
      -0.23855571448802948,
      -0.2395532727241516,
      -0.23776932060718536,
      -0.2381766140460968,
      -0.24053284525871277,
      -0.23828615248203278,
      -0.23848265409469604,
      -0.23818069696426392
    ],
    [
      -0.2377946674823761,
      -0.24005988240242004,
      -0.23793622851371765,
      -0.23594525456428528,
      -0.23917850852012634,
      -0.2379167228937149,
      -0.24058279395103455,
      -0.23867812752723694,
      -0.24051527678966522,
      -0.24078264832496643
    ],
    [
      -0.23914934694766998,
      -0.2368423491716385,
      -0.24393624067306519,
      -0.2374395877122879,
      -0.24101613461971283,
      -0.24469566345214844,
      -0.23941940069198608,
      -0.23831583559513092,
      -0.24054381251335144,
      -0.23621326684951782
    ],
    [
      -0.23977865278720856,
      -0.2359832227230072,
      -0.24970902502536774,
      -0.23624812066555023,
      -0.2436608076095581,
      -0.23686784505844116,
      -0.23794589936733246,
      -0.24635642766952515,
      -0.23735858500003815,
      -0.2400621473789215
    ]
  ],
  "digital_baseline": -0.23876722157001495,
  "mean": [
    -0.23876722157001495,
    -0.23882915526628495,
    -0.2388180673122406,
    -0.2388019472360611,
    -0.23828061074018478,
    -0.23883482366800307,
    -0.23893901109695434,
    -0.23975716382265091,
    -0.24039707332849503
  ],
  "std": [
    0.0,
    0.00021081161787118654,
    0.000409532328566485,
    0.00037267757626277206,
    0.0006626717636633876,
    0.0009716502736748105,
    0.0014929886849811838,
    0.0027026791729931458,
    0.0044470769280611005
  ],
  "normalized_mean": [
    1.0,
    0.9997406105584228,
    0.999787048901054,
    0.9998545626748185,
    1.0020380135373292,
    0.9997168702741372,
    0.9992805146124758,
    0.9958539440793984,
    0.993173888158672
  ],
  "normalized_std": [
    0.0,
    0.0008829169116472261,
    0.0017151949328454857,
    0.0015608406120916807,
    0.002775388343952685,
    0.004069445827973034,
    0.006252904712648704,
    0.011319305703779885,
    0.01862515674814711
  ],
  "degradation_threshold_10pct": 0.15
}