{
  "sigma_values": [
    2.0,
    4.0,
    6.0,
    8.0,
    10.0,
    12.0,
    16.0
  ],
  "metric_name": "quality_vs_adc_bits_sigma0.050",
  "per_trial": [
    [
      -0.3182900547981262,
      -0.294029176235199,
      -0.3126694858074188,
      -0.3158116936683655,
      -0.3126411437988281,
      -0.32540076971054077,
      -0.3031140863895416,
      -0.29034632444381714,
      -0.2988947331905365,
      -0.34403300285339355,
      -0.29764461517333984,
      -0.321055144071579,
      -0.3828561305999756,
      -0.30454057455062866,
      -0.30011123418807983,
      -0.31153324246406555,
      -0.3974629044532776,
      -0.2978017032146454,
      -0.3103216588497162,
      -0.29224568605422974,
      -0.31031763553619385,
      -0.2960253357887268,
      -0.29166749119758606,
      -0.3004646301269531,
      -0.30865779519081116
    ],
    [
      -0.2517675459384918,
      -0.25367578864097595,
      -0.2507990300655365,
      -0.25240617990493774,
      -0.2526097893714905,
      -0.25246596336364746,
      -0.253685861825943,
      -0.2511516809463501,
      -0.2518324851989746,
      -0.2536003291606903,
      -0.2536858916282654,
      -0.2537766695022583,
      -0.2530450224876404,
      -0.25491973757743835,
      -0.2533930242061615,
      -0.2518763244152069,
      -0.2512942850589752,
      -0.25345534086227417,
      -0.2530267834663391,
      -0.2543545067310333,
      -0.2514180541038513,
      -0.2531268894672394,
      -0.25221681594848633,
      -0.2541813254356384,
      -0.25521525740623474
    ],
    [
      -0.25323277711868286,
      -0.25431767106056213,
      -0.25399038195610046,
      -0.2540837824344635,
      -0.2539898157119751,
      -0.2520521879196167,
      -0.2537410259246826,
      -0.252511590719223,
      -0.2532636225223541,
      -0.25320810079574585,
      -0.2524920105934143,
      -0.2547093331813812,
      -0.25327369570732117,
      -0.2523254156112671,
      -0.2539020776748657,
      -0.2537645995616913,
      -0.2545158863067627,
      -0.25329285860061646,
      -0.2533166706562042,
      -0.25322726368904114,
      -0.2535310983657837,
      -0.2522769868373871,
      -0.25365376472473145,
      -0.2534688115119934,
      -0.2539655268192291
    ],
    [
      -0.25362297892570496,
      -0.25347384810447693,
      -0.2544480860233307,
      -0.25426948070526123,
      -0.2519862949848175,
      -0.25342631340026855,
      -0.25486743450164795,
      -0.25267815589904785,
      -0.2534731328487396,
      -0.25330254435539246,
      -0.2530478239059448,
      -0.2532885670661926,
      -0.25336790084838867,
      -0.25298476219177246,
      -0.2549170255661011,
      -0.2541969418525696,
      -0.25306612253189087,
      -0.2535504400730133,
      -0.2541191279888153,
      -0.25354278087615967,
      -0.25350722670555115,
      -0.25306013226509094,
      -0.2557080090045929,
      -0.2530190944671631,
      -0.25275835394859314
    ],
    [
      -0.25267118215560913,
      -0.2530345022678375,
      -0.25343236327171326,
      -0.25306662917137146,
      -0.2531602680683136,
      -0.2534346282482147,
      -0.2535799741744995,
      -0.2528335452079773,
      -0.2543821930885315,
      -0.2523961365222931,
      -0.25228264927864075,
      -0.25299495458602905,
      -0.2528594732284546,
      -0.25231343507766724,
      -0.25443437695503235,
      -0.25474968552589417,
      -0.25261637568473816,
      -0.25336766242980957,
      -0.2537388801574707,
      -0.2525629699230194,
      -0.2527306079864502,
      -0.2519565224647522,
      -0.25351783633232117,
      -0.2520689368247986,
      -0.25302836298942566
    ],
    [
      -0.25186794996261597,
      -0.2531861662864685,
      -0.25315046310424805,
      -0.25302818417549133,
      -0.2528451979160309,
      -0.25494828820228577,
      -0.25361865758895874,
      -0.25324514508247375,
      -0.25351789593696594,
      -0.2535499632358551,
      -0.25360557436943054,
      -0.253539115190506,
      -0.2532079815864563,
      -0.25385040044784546,
      -0.2528828978538513,
      -0.25413569808006287,
      -0.2537024915218353,
      -0.25259342789649963,
      -0.2537837326526642,
      -0.2527000904083252,
      -0.25286567211151123,
      -0.25419002771377563,
      -0.25303348898887634,
      -0.25359296798706055,
      -0.2530255615711212
    ],
    [
      -0.25284647941589355,
      -0.25294438004493713,
      -0.25233128666877747,
      -0.25448352098464966,
      -0.25418442487716675,
      -0.25335294008255005,
      -0.25449517369270325,
      -0.25406548380851746,
      -0.25402334332466125,
      -0.2523547112941742,
      -0.2533438503742218,
      -0.2525855004787445,
      -0.25368714332580566,
      -0.2531629502773285,
      -0.25404855608940125,
      -0.2526090145111084,
      -0.25575414299964905,
      -0.25396570563316345,
      -0.25412142276763916,
      -0.25360190868377686,
      -0.2534973621368408,
      -0.25325843691825867,
      -0.2526949644088745,
      -0.2538362741470337,
      -0.2541555166244507
    ]
  ],
  "digital_baseline": -0.25316351652145386,
  "mean": [
    -0.31351745009422305,
    -0.25291922330856326,
    -0.2534442782402039,
    -0.2535873031616211,
    -0.2530885660648346,
    -0.25334668159484863,
    -0.2535761797428131
  ],
  "std": [
    0.025663751495459537,
    0.0011596959154528464,
    0.000687543764213246,
    0.000791197729693866,
    0.0007042577590662334,
    0.0006015355248101363,
    0.0007837757038824507
  ],
  "normalized_mean": [
    0.7616009826295227,
    1.0009649621566616,
    0.9988909866531807,
    0.9983260358917817,
    1.0002960555203573,
    0.9992764949866729,
    0.9983699735766458
  ],
  "normalized_std": [
    0.1013722350206204,
    0.004580817692009623,
    0.002715809029912023,
    0.0031252438762313425,
    0.0027818295809086393,
    0.002376075088051482,
    0.0030959267537904937
  ],
  "degradation_threshold_10pct": 16.0
}