{
  "sigma_values": [
    0.0,
    0.01,
    0.02,
    0.03,
    0.05,
    0.07,
    0.1,
    0.12,
    0.15
  ],
  "metric_name": "quality_mismatch_only",
  "per_trial": [
    [
      0.6690000295639038,
      0.8510000109672546,
      0.9120000600814819,
      0.8850000500679016,
      0.6600000262260437,
      0.7600000500679016,
      0.9130000472068787,
      0.8960000276565552,
      0.49000000953674316,
      0.921000063419342,
      0.3460000157356262,
      0.09600000083446503,
      0.5139999985694885,
      0.15800000727176666,
      0.8980000615119934,
      0.831000030040741,
      0.9280000329017639,
      0.18000000715255737,
      0.9180000424385071,
      0.9240000247955322
    ],
    [
      0.7800000309944153,
      0.9290000200271606,
      0.8960000276565552,
      0.8750000596046448,
      0.7690000534057617,
      0.8450000286102295,
      0.29200002551078796,
      0.09600000083446503,
      0.8380000591278076,
      0.14000000059604645,
      0.17000000178813934,
      0.906000018119812,
      0.9280000329017639,
      0.9120000600814819,
      0.16500000655651093,
      0.906000018119812,
      0.37400001287460327,
      0.3460000157356262,
      0.9040000438690186,
      0.8260000348091125
    ],
    [
      0.9200000166893005,
      0.6630000472068787,
      0.22300000488758087,
      0.5870000123977661,
      0.6650000214576721,
      0.9240000247955322,
      0.9270000457763672,
      0.8500000238418579,
      0.7520000338554382,
      0.5630000233650208,
      0.4320000112056732,
      0.7940000295639038,
      0.6890000104904175,
      0.15600000321865082,
      0.7770000100135803,
      0.800000011920929,
      0.9290000200271606,
      0.7630000114440918,
      0.9280000329017639,
      0.9040000438690186
    ],
    [
      0.7910000085830688,
      0.7420000433921814,
      0.6920000314712524,
      0.9030000567436218,
      0.8370000123977661,
      0.8190000653266907,
      0.30300000309944153,
      0.9120000600814819,
      0.2970000207424164,
      0.9270000457763672,
      0.9290000200271606,
      0.9290000200271606,
      0.8550000190734863,
      0.9020000696182251,
      0.9290000200271606,
      0.9290000200271606,
      0.10100000351667404,
      0.9260000586509705,
      0.8990000486373901,
      0.628000020980835
    ],
    [
      0.9260000586509705,
      0.8990000486373901,
      0.7330000400543213,
      0.9130000472068787,
      0.9080000519752502,
      0.8990000486373901,
      0.1680000126361847,
      0.8690000176429749,
      0.9180000424385071,
      0.9250000715255737,
      0.5750000476837158,
      0.89000004529953,
      0.3790000081062317,
      0.07100000232458115,
      0.43400001525878906,
      0.9070000648498535,
      0.281000018119812,
      0.76500004529953,
      0.7900000214576721,
      0.9260000586509705
    ],
    [
      0.9170000553131104,
      0.34700000286102295,
      0.6260000467300415,
      0.9100000262260437,
      0.781000018119812,
      0.7770000100135803,
      0.18800000846385956,
      0.4010000228881836,
      0.30800002813339233,
      0.9140000343322754,
      0.8880000710487366,
      0.8860000371932983,
      0.8030000329017639,
      0.7480000257492065,
      0.08000000566244125,
      0.9300000667572021,
      0.8880000710487366,
      0.5210000276565552,
      0.9050000309944153,
      0.9300000667572021
    ],
    [
      0.8910000324249268,
      0.8730000257492065,
      0.7120000123977661,
      0.6460000276565552,
      0.8770000338554382,
      0.9250000715255737,
      0.4010000228881836,
      0.5410000085830688,
      0.41700002551078796,
      0.46400001645088196,
      0.9270000457763672,
      0.562000036239624,
      0.9290000200271606,
      0.6660000085830688,
      0.9050000309944153,
      0.07500000298023224,
      0.4050000309944153,
      0.5980000495910645,
      0.07900000363588333,
      0.9260000586509705
    ],
    [
      0.9300000667572021,
      0.9290000200271606,
      0.17500001192092896,
      0.9260000586509705,
      0.753000020980835,
      0.8820000290870667,
      0.289000004529953,
      0.6420000195503235,
      0.9240000247955322,
      0.8790000677108765,
      0.8470000624656677,
      0.10000000149011612,
      0.9280000329017639,
      0.08700000494718552,
      0.9160000681877136,
      0.8540000319480896,
      0.9300000667572021,
      0.11700000613927841,
      0.9140000343322754,
      0.9040000438690186
    ],
    [
      0.9200000166893005,
      0.7980000376701355,
      0.9240000247955322,
      0.7330000400543213,
      0.29100000858306885,
      0.18000000715255737,
      0.29500001668930054,
      0.9260000586509705,
      0.8910000324249268,
      0.8420000672340393,
      0.6850000619888306,
      0.7710000276565552,
      0.8510000109672546,
      0.8650000691413879,
      0.6190000176429749,
      0.8630000352859497,
      0.9290000200271606,
      0.9290000200271606,
      0.9250000715255737,
      0.843000054359436
    ]
  ],
  "digital_baseline": 0.9290000200271606,
  "ideal_analog_baseline": 0.9290000200271606,
  "mean": [
    0.6875000298023224,
    0.6448500275611877,
    0.7123000219464302,
    0.7625000324100256,
    0.7088000383228064,
    0.6874000344425439,
    0.6409500282257795,
    0.696300033852458,
    0.7540000349283218
  ],
  "std": [
    0.2807733221990406,
    0.3158140845308622,
    0.22097514153288408,
    0.23998636441481402,
    0.2766911072198754,
    0.270560247627129,
    0.266750732217278,
    0.3226560414751131,
    0.226357470162365
  ],
  "normalized_mean": [
    0.7400430731769223,
    0.6941334915604572,
    0.7667384355122028,
    0.8207750441035866,
    0.7629709612945795,
    0.7399354355476191,
    0.6899354299336187,
    0.7495156284626352,
    0.8116254237607847
  ],
  "normalized_std": [
    0.30223177195500145,
    0.33995056805448604,
    0.23786344108628066,
    0.25832762028121126,
    0.2978375686275937,
    0.2912381504784239,
    0.28713748812349776,
    0.34731543005314447,
    0.24365712086394475
  ],
  "degradation_threshold_10pct": 0.0,
  "trial_seeds": {
    "digital_baseline": [
      101060345,
      101060346,
      101060347,
      101060348,
      101060349,
      101060350,
      101060351,
      101060352,
      101060353,
      101060354,
      101060355,
      101060356,
      101060357,
      101060358,
      101060359,
      101060360,
      101060361,
      101060362,
      101060363,
      101060364
    ],
    "ideal_analog_baseline": [
      202060648,
      202060649,
      202060650,
      202060651,
      202060652,
      202060653,
      202060654,
      202060655,
      202060656,
      202060657,
      202060658,
      202060659,
      202060660,
      202060661,
      202060662,
      202060663,
      202060664,
      202060665,
      202060666,
      202060667
    ],
    "per_trial": [
      [
        505141613,
        505141614,
        505141615,
        505141616,
        505141617,
        505141618,
        505141619,
        505141620,
        505141621,
        505141622,
        505141623,
        505141624,
        505141625,
        505141626,
        505141627,
        505141628,
        505141629,
        505141630,
        505141631,
        505141632
      ]
    ]
  },
  "metadata": {
    "arch": "ssm",
    "analog_domain": "full_analog",
    "analog_substrate": "classic",
    "seed": 60042,
    "pilot_profile_path": "/workspace/NEW_ACTUAL_RUNS/5-14/945/experiments/cross_arch_tolerance/results/profiles/ssm_profile_full_analog_pcm.json",
    "dynamics_diagnostics": {
      "time_constant_spread": 1.0933807364661665,
      "mean_state_dimension": 8.0,
      "n_layers": 2
    },
    "calibration": "tensor sample_input",
    "ablation_noise": "mismatch"
  },