{
  "sigma_values": [
    0.0,
    0.01,
    0.02,
    0.03,
    0.05,
    0.07,
    0.1,
    0.12,
    0.15
  ],
  "metric_name": "quality",
  "per_trial": [
    [
      -0.258823424577713,
      -0.2587544023990631,
      -0.2588004767894745,
      -0.2588890790939331,
      -0.2589022219181061,
      -0.2588116526603699,
      -0.25888049602508545,
      -0.2587305009365082,
      -0.2587471902370453,
      -0.258767694234848,
      -0.2587445378303528,
      -0.2588023543357849,
      -0.2588717043399811,
      -0.2588369846343994,
      -0.258891761302948,
      -0.25888174772262573,
      -0.25882723927497864,
      -0.2588091194629669,
      -0.2587733864784241,
      -0.2588726878166199,
      -0.2587552070617676,
      -0.25882846117019653,
      -0.25881147384643555,
      -0.25881433486938477,
      -0.25881755352020264,
      -0.2588580846786499,
      -0.2589195966720581,
      -0.25877630710601807,
      -0.2587875723838806,
      -0.2587912082672119,
      -0.2587563693523407,
      -0.2587847411632538,
      -0.25875699520111084,
      -0.25881844758987427,
      -0.25867071747779846,
      -0.25880613923072815,
      -0.2587915062904358,
      -0.2588086724281311,
      -0.25888800621032715,
      -0.2588052749633789,
      -0.25876757502555847,
      -0.25877586007118225,
      -0.25879696011543274,
      -0.25887033343315125,
      -0.25874418020248413,
      -0.2588256001472473,
      -0.2588210105895996,
      -0.2589045464992523,
      -0.2588934302330017,
      -0.2588792145252228
    ],
    [
      -0.2588241696357727,
      -0.2589605748653412,
      -0.25886237621307373,
      -0.2587891221046448,
      -0.2588507831096649,
      -0.25873371958732605,
      -0.25898027420043945,
      -0.25898176431655884,
      -0.25823506712913513,
      -0.2585395872592926,
      -0.25853636860847473,
      -0.258877694606781,
      -0.2589596211910248,
      -0.2589731812477112,
      -0.2586215138435364,
      -0.25903600454330444,
      -0.25842276215553284,
      -0.2590430974960327,
      -0.2589300572872162,
      -0.2586413621902466,
      -0.2589462995529175,
      -0.25874578952789307,
      -0.2586080729961395,
      -0.25825607776641846,
      -0.25852108001708984,
      -0.2586333155632019,
      -0.25887057185173035,
      -0.2586158514022827,
      -0.25903505086898804,
      -0.2584478557109833,
      -0.2589384913444519,
      -0.25899699330329895,
      -0.25916755199432373,
      -0.25852465629577637,
      -0.2587136924266815,
      -0.2591110169887543,
      -0.2588852345943451,
      -0.25885701179504395,
      -0.25867950916290283,
      -0.2591564953327179,
      -0.2587049901485443,
      -0.25895029306411743,
      -0.2587251365184784,
      -0.2589127719402313,
      -0.25836238265037537,
      -0.2585664391517639,
      -0.2591075599193573,
      -0.25886645913124084,
      -0.2588984966278076,
      -0.25879916548728943
    ],
    [
      -0.2580954432487488,
      -0.25846919417381287,
      -0.2587748169898987,
      -0.2591201066970825,
      -0.25932201743125916,
      -0.2582615315914154,
      -0.2586621344089508,
      -0.25962352752685547,
      -0.25884729623794556,
      -0.25804591178894043,
      -0.25859305262565613,
      -0.2589671015739441,
      -0.2583572268486023,
      -0.25827568769454956,
      -0.25851085782051086,
      -0.25850528478622437,
      -0.2585820257663727,
      -0.25815728306770325,
      -0.25914111733436584,
      -0.258167028427124,
      -0.2590956687927246,
      -0.25879883766174316,
      -0.2587488293647766,
      -0.25842374563217163,
      -0.25929009914398193,
      -0.259004145860672,
      -0.2581138014793396,
      -0.2588461637496948,
      -0.258989155292511,
      -0.25957977771759033,
      -0.25899267196655273,
      -0.2591129541397095,
      -0.2589985728263855,
      -0.2588927447795868,
      -0.25919899344444275,
      -0.25847911834716797,
      -0.2582150101661682,
      -0.25870248675346375,
      -0.2590164542198181,
      -0.2586960792541504,
      -0.25911152362823486,
      -0.25816625356674194,
      -0.2586820423603058,
      -0.25861239433288574,
      -0.2591240108013153,
      -0.25861236453056335,
      -0.2582288980484009,
      -0.25898122787475586,
      -0.2599942684173584,
      -0.25862202048301697
    ],
    [
      -0.2606379985809326,
      -0.25792089104652405,
      -0.2598166763782501,
      -0.25906094908714294,
      -0.2590741515159607,
      -0.25908076763153076,
      -0.25898048281669617,
      -0.2602623999118805,
      -0.25995132327079773,
      -0.2593437135219574,
      -0.2594984173774719,
      -0.25907444953918457,
      -0.2577509582042694,
      -0.2586439251899719,
      -0.25914767384529114,
      -0.25908780097961426,
      -0.2580966055393219,
      -0.2590937316417694,
      -0.2588841915130615,
      -0.25773152709007263,
      -0.2590312659740448,
      -0.259274959564209,
      -0.25884658098220825,
      -0.25869491696357727,
      -0.2584938704967499,
      -0.2581835687160492,
      -0.25838688015937805,
      -0.2588135004043579,
      -0.258116751909256,
      -0.25910088419914246,
      -0.25917935371398926,
      -0.2587640583515167,
      -0.2595072090625763,
      -0.258413165807724,
      -0.2593000829219818,
      -0.2594073414802551,
      -0.25728440284729004,
      -0.2580276429653168,
      -0.25799328088760376,
      -0.2601983845233917,
      -0.2598862946033478,
      -0.25872543454170227,
      -0.2584133744239807,
      -0.2591882646083832,
      -0.2590702176094055,
      -0.2594956159591675,
      -0.25964808464050293,
      -0.2588764429092407,
      -0.2576380968093872,
      -0.26032572984695435
    ],
    [
      -0.25825339555740356,
      -0.25886768102645874,
      -0.25869739055633545,
      -0.258928120136261,
      -0.2582460641860962,
      -0.25914710760116577,
      -0.25863024592399597,
      -0.2599593997001648,
      -0.25934502482414246,
      -0.2578493654727936,
      -0.25784894824028015,
      -0.2607092261314392,
      -0.2597922682762146,
      -0.2591712474822998,
      -0.25896915793418884,
      -0.25808724761009216,
      -0.2591914236545563,
      -0.2580764591693878,
      -0.25830981135368347,
      -0.2594134211540222,
      -0.25954797863960266,
      -0.2589549422264099,
      -0.258576363325119,
      -0.2584783136844635,
      -0.25828027725219727,
      -0.2598431408405304,
      -0.2601209878921509,
      -0.2611709237098694,
      -0.25848615169525146,
      -0.2582271695137024,
      -0.25823861360549927,
      -0.2580548822879791,
      -0.2575693726539612,
      -0.25940197706222534,
      -0.2604582607746124,
      -0.2595544457435608,
      -0.25907090306282043,
      -0.2596920430660248,
      -0.2579651176929474,
      -0.2594141960144043,
      -0.258882075548172,
      -0.2590838670730591,
      -0.26323193311691284,
      -0.2609941065311432,
      -0.257072776556015,
      -0.25895756483078003,
      -0.2581099271774292,
      -0.2583640217781067,
      -0.2595835328102112,
      -0.26000797748565674
    ],
    [
      -0.2627829909324646,
      -0.25866392254829407,
      -0.2575588822364807,
      -0.25753867626190186,
      -0.260545551776886,
      -0.2618490159511566,
      -0.25953570008277893,
      -0.26040640473365784,
      -0.2589423358440399,
      -0.25742557644844055,
      -0.2603490948677063,
      -0.25565555691719055,
      -0.2605425715446472,
      -0.25813794136047363,
      -0.2595193684101105,
      -0.2590598165988922,
      -0.2615540623664856,
      -0.2572229206562042,
      -0.2595636546611786,
      -0.2580562233924866,
      -0.25820672512054443,
      -0.2587544620037079,
      -0.25977298617362976,
      -0.25801968574523926,
      -0.25868144631385803,
      -0.25739896297454834,
      -0.2599911093711853,
      -0.2577593922615051,
      -0.25769373774528503,
      -0.2647761404514313,
      -0.25775256752967834,
      -0.258417010307312,
      -0.262738436460495,
      -0.25986427068710327,
