{
  "sigma_values": [
    0.0,
    0.01,
    0.02,
    0.03,
    0.05,
    0.07,
    0.1,
    0.12,
    0.15
  ],
  "metric_name": "quality",
  "per_trial": [
    [
      -0.23870989680290222,
      -0.23870731890201569,
      -0.23870201408863068,
      -0.23869439959526062,
      -0.23865090310573578,
      -0.23864667117595673,
      -0.23869825899600983,
      -0.23867926001548767,
      -0.23869474232196808,
      -0.23867006599903107,
      -0.2386953979730606,
      -0.23867519199848175,
      -0.23867255449295044,
      -0.23861519992351532,
      -0.23865869641304016,
      -0.23867879807949066,
      -0.238708958029747,
      -0.23868350684642792,
      -0.23868824541568756,
      -0.2387000173330307,
      -0.23869746923446655,
      -0.23869410157203674,
      -0.23864184319972992,
      -0.23867642879486084,
      -0.2386639416217804,
      -0.23869121074676514,
      -0.238726407289505,
      -0.23867839574813843,
      -0.23869147896766663,
      -0.2386869490146637,
      -0.23872195184230804,
      -0.2387002855539322,
      -0.2386644035577774,
      -0.23867152631282806,
      -0.238758847117424,
      -0.2386479377746582,
      -0.2386922538280487,
      -0.23865532875061035,
      -0.23866957426071167,
      -0.2386564165353775,
      -0.23867040872573853,
      -0.238650381565094,
      -0.2387167364358902,
      -0.23866006731987,
      -0.23867687582969666,
      -0.2386924773454666,
      -0.23872722685337067,
      -0.2386586219072342,
      -0.23866404592990875,
      -0.23865531384944916
    ],
    [
      -0.2386797070503235,
      -0.2388637214899063,
      -0.23927585780620575,
      -0.23859764635562897,
      -0.23922231793403625,
      -0.2386198341846466,
      -0.23878711462020874,
      -0.23870794475078583,
      -0.23875880241394043,
      -0.23889708518981934,
      -0.23907919228076935,
      -0.23851223289966583,
      -0.2387162744998932,
      -0.23881293833255768,
      -0.23815947771072388,
      -0.2388332635164261,
      -0.23843297362327576,
      -0.23894798755645752,
      -0.23869049549102783,
      -0.23847442865371704,
      -0.23864008486270905,
      -0.23846453428268433,
      -0.23853515088558197,
      -0.23866063356399536,
      -0.23857828974723816,
      -0.23865093290805817,
      -0.23863749206066132,
      -0.2390618622303009,
      -0.23881864547729492,
      -0.23910485208034515,
      -0.239243283867836,
      -0.23870915174484253,
      -0.2385542094707489,
      -0.23879696428775787,
      -0.23888100683689117,
      -0.23853154480457306,
      -0.2390771359205246,
      -0.23887518048286438,
      -0.23865468800067902,
      -0.23888714611530304,
      -0.23881332576274872,
      -0.23870092630386353,
      -0.23883149027824402,
      -0.23897510766983032,
      -0.23863983154296875,
      -0.2390710413455963,
      -0.23853887617588043,
      -0.2388940304517746,
      -0.23915459215641022,
      -0.2388618141412735
    ],
    [
      -0.2386752814054489,
      -0.23858003318309784,
      -0.23897475004196167,
      -0.23898513615131378,
      -0.2386733591556549,
      -0.2386811226606369,
      -0.23878201842308044,
      -0.23877082765102386,
      -0.2382938414812088,
      -0.23906131088733673,
      -0.2385171800851822,
      -0.2395959496498108,
      -0.23796625435352325,
      -0.2393573522567749,
      -0.23935067653656006,
      -0.23831619322299957,
      -0.23873691260814667,
      -0.23878708481788635,
      -0.23871858417987823,
      -0.23864389955997467,
      -0.23910953104496002,
      -0.2395300269126892,
      -0.2387048751115799,
      -0.23873403668403625,
      -0.23901355266571045,
      -0.23853570222854614,
      -0.2380131334066391,
      -0.2390213906764984,
      -0.23888392746448517,
      -0.2387799620628357,
      -0.23929129540920258,
      -0.23932407796382904,
      -0.23865430057048798,
      -0.23891164362430573,
      -0.23855607211589813,
      -0.23841211199760437,
      -0.23898768424987793,
      -0.2386864274740219,
      -0.23868438601493835,
      -0.23866036534309387,
      -0.23884810507297516,
      -0.23847396671772003,
      -0.2381403148174286,
      -0.23879298567771912,
      -0.23853497207164764,
      -0.23873454332351685,
      -0.2386530488729477,
      -0.23821981251239777,
      -0.2386282980442047,
      -0.2386142909526825
    ],
    [
      -0.23853474855422974,
      -0.2394970953464508,
      -0.2388407588005066,
      -0.24024687707424164,
      -0.23899680376052856,
      -0.23829980194568634,
      -0.23916983604431152,
      -0.23864346742630005,
      -0.23896345496177673,
      -0.23884287476539612,
      -0.23918603360652924,
      -0.2396860420703888,
      -0.23910601437091827,
      -0.23888087272644043,
      -0.23813438415527344,
      -0.23811493813991547,
      -0.2394058108329773,
      -0.2377856969833374,
      -0.2384856939315796,
      -0.23834975063800812,
      -0.23871879279613495,
      -0.23898227512836456,
      -0.2395545244216919,
      -0.23955972492694855,
      -0.2395019233226776,
      -0.23803268373012543,
      -0.23848243057727814,
      -0.2393898218870163,
      -0.23851220309734344,
      -0.23952616751194,
      -0.23864085972309113,
      -0.24016083776950836,
      -0.23822687566280365,
      -0.23889465630054474,
      -0.23893234133720398,
      -0.23810622096061707,
      -0.23879005014896393,
      -0.23924708366394043,
      -0.23948946595191956,
      -0.2389727532863617,
      -0.2393050491809845,
      -0.2390173077583313,
      -0.23779918253421783,
      -0.23950409889221191,
      -0.238200843334198,
      -0.23914077877998352,
      -0.23875164985656738,
      -0.23898670077323914,
      -0.23866291344165802,
      -0.23858822882175446
    ],
    [
      -0.23831571638584137,
      -0.2397913783788681,
      -0.2384646236896515,
      -0.2381962239742279,
      -0.23883050680160522,
      -0.23788879811763763,
      -0.23970212042331696,
      -0.23811712861061096,
      -0.23781487345695496,
      -0.2367696613073349,
      -0.24008285999298096,
      -0.24011386930942535,
      -0.23859542608261108,
      -0.23818981647491455,
      -0.23924484848976135,
      -0.2377128303050995,
      -0.2383728176355362,
      -0.24022825062274933,
      -0.23958343267440796,
      -0.23883219063282013,
      -0.23917989432811737,
      -0.23976287245750427,
      -0.23837065696716309,
      -0.2379406839609146,
      -0.23934416472911835,
      -0.2385898381471634,
      -0.23790819942951202,
      -0.23884817957878113,
      -0.2386956810951233,
      -0.2396364063024521,
      -0.23787806928157806,
      -0.23886243999004364,
      -0.2404228299856186,
      -0.2394639253616333,
      -0.23741097748279572,
      -0.2389490008354187,
      -0.23888249695301056,
      -0.23729287087917328,
      -0.24094757437705994,
      -0.2375180572271347,
      -0.23800508677959442,
      -0.23810826241970062,
      -0.23781928420066833,
      -0.23877905309200287,
      -0.2376929223537445,
      -0.239003986120224,
      -0.23884710669517517,
      -0.23903842270374298,
      -0.2392578125,
      -0.2377982884645462
    ],
    [
      -0.23687909543514252,
      -0.24028153717517853,
      -0.23819012939929962,
      -0.239359512925148,
      -0.2376493513584137,
      -0.23994624614715576,
      -0.2409561425447464,
      -0.23981508612632751,
      -0.2386547029018402,
      -0.23880326747894287,
      -0.23959650099277496,
      -0.2390662431716919,
      -0.23718924820423126,
      -0.23969696462154388,
      -0.2380152940750122,
      -0.2393384724855423,
      -0.23754474520683289,
      -0.23863056302070618,
      -0.23756223917007446,
      -0.239353209733963,
      -0.2376060038805008,
      -0.23861244320869446,
      -0.23803788423538208,
      -0.23765185475349426,
      -0.23931486904621124,
      -0.23856739699840546,
      -0.23871245980262756,
      -0.238435760140419,
      -0.23670703172683716,
      -0.2377876490354538,
      -0.23834282159805298,
