{
  "sigma_values": [
    0.0,
    0.01,
    0.02,
    0.03,
    0.05,
    0.07,
    0.1,
    0.12,
    0.15
  ],
  "metric_name": "quality_thermal_only",
  "per_trial": [
    [
      -0.25886595249176025,
      -0.25886446237564087,
      -0.25886833667755127,
      -0.25887224078178406,
      -0.2588697671890259,
      -0.25886043906211853,
      -0.2588651776313782,
      -0.2588742971420288,
      -0.25886794924736023,
      -0.25886988639831543
    ],
    [
      -0.2588613033294678,
      -0.258869469165802,
      -0.2588709592819214,
      -0.25886794924736023,
      -0.2588707208633423,
      -0.2588687241077423,
      -0.25886785984039307,
      -0.2588704228401184,
      -0.25887203216552734,
      -0.258869469165802
    ],
    [
      -0.25886645913124084,
      -0.2588735520839691,
      -0.25886985659599304,
      -0.2588673233985901,
      -0.2588724195957184,
      -0.2588713467121124,
      -0.2588721513748169,
      -0.2588665187358856,
      -0.25887027382850647,
      -0.2588697075843811
    ],
    [
      -0.25887051224708557,
      -0.2588702440261841,
      -0.2588716745376587,
      -0.2588741183280945,
      -0.25886833667755127,
      -0.2588658928871155,
      -0.25886818766593933,
      -0.25886937975883484,
      -0.25887128710746765,
      -0.2588713467121124
    ],
    [
      -0.2588735520839691,
      -0.25887277722358704,
      -0.25886642932891846,
      -0.25887206196784973,
      -0.25887349247932434,
      -0.25886619091033936,
      -0.2588644027709961,
      -0.2588714361190796,
      -0.25887203216552734,
      -0.2588699460029602
    ],
    [
      -0.2588692009449005,
      -0.2588726580142975,
      -0.2588762640953064,
      -0.2588701546192169,
      -0.25887060165405273,
      -0.2588699460029602,
      -0.2588661015033722,
      -0.2588702142238617,
      -0.2588733732700348,
      -0.2588701546192169
    ],
    [
      -0.2588697075843811,
      -0.25886425375938416,
      -0.258872389793396,
      -0.25886642932891846,
      -0.2588652968406677,
      -0.2588706910610199,
      -0.25887182354927063,
      -0.2588706612586975,
      -0.25886717438697815,
      -0.2588665187358856
    ],
    [
      -0.25886332988739014,
      -0.2588716447353363,
      -0.258868932723999,
      -0.258871853351593,
      -0.25886327028274536,
      -0.2588704824447632,
      -0.25886550545692444,
      -0.258868932723999,
      -0.25886937975883484,
      -0.2588709890842438
    ],
    [
      -0.25887009501457214,
      -0.2588721215724945,
      -0.2588680684566498,
      -0.25886622071266174,
      -0.2588728368282318,
      -0.25887590646743774,
      -0.2588690221309662,
      -0.2588687539100647,
      -0.25886547565460205,
      -0.2588717043399811
    ]
  ],
  "digital_baseline": -0.2588697373867035,
  "mean": [
    -0.25886785089969633,
    -0.25886889100074767,
    -0.2588699609041214,
    -0.25887009799480437,
    -0.2588702321052551,
    -0.258870866894722,
    -0.25886849462985995,
    -0.2588684320449829,
    -0.2588700205087662
  ],
  "std": [
    3.821700204230703e-06,
    2.829469591041716e-06,
    2.3853868945912876e-06,
    2.162525595562483e-06,
    3.17842012775057e-06,
    2.5780455873924744e-06,
    2.745311581586247e-06,
    3.0888435850599327e-06,
    3.022203832594551e-06
  ],
  "normalized_mean": [
    1.000007287398775,
    1.0000032695438423,
    0.9999991365641262,
    0.9999986069901236,
    0.9999980889285993,
    0.9999956367707176,
    1.0000048007034583,
    1.0000050424655031,
    0.9999989063145598
  ],
  "normalized_std": [
    1.4763024225275856e-05,
    1.0930090243862735e-05,
    9.214622453253239e-06,
    8.35372113169053e-06,
    1.2278067571114341e-05,
    9.958852716497144e-06,
    1.060499233823249e-05,
    1.1932038160357739e-05,
    1.1674612347908159e-05
  ],
  "degradation_threshold_10pct": 0.15
}