{
  "sigma_values": [
    2.0,
    4.0,
    6.0,
    8.0,
    10.0,
    12.0,
    16.0
  ],
  "metric_name": "quality_vs_adc_bits_sigma0.050",
  "per_trial": [
    [
      -0.3116358518600464,
      -0.30674758553504944,
      -0.31069839000701904,
      -0.29914000630378723,
      -0.3112238049507141,
      -0.3092567026615143,
      -0.3089471459388733,
      -0.3139086961746216,
      -0.3046622574329376,
      -0.30860814452171326,
      -0.3042494058609009,
      -0.30556610226631165,
      -0.3150230944156647,
      -0.3077542781829834,
      -0.3128628134727478,
      -0.3077439069747925,
      -0.3100694417953491,
      -0.31153422594070435,
      -0.31695353984832764,
      -0.3059137165546417,
      -0.3094226121902466,
      -0.30859094858169556,
      -0.31206896901130676,
      -0.3159739375114441,
      -0.2937069833278656
    ],
    [
      -0.2636982202529907,
      -0.2611919045448303,
      -0.2628908157348633,
      -0.26014605164527893,
      -0.2619122266769409,
      -0.25908392667770386,
      -0.2575607895851135,
      -0.2596944570541382,
      -0.2594839036464691,
      -0.26011666655540466,
      -0.26036956906318665,
      -0.2622438073158264,
      -0.2601315677165985,
      -0.2588684558868408,
      -0.26045677065849304,
      -0.25682687759399414,
      -0.25726738572120667,
      -0.2614957392215729,
      -0.2617165446281433,
      -0.26305633783340454,
      -0.2604875862598419,
      -0.25793811678886414,
      -0.2619571387767792,
      -0.26239800453186035,
      -0.2601718008518219
    ],
    [
      -0.25929516553878784,
      -0.26072946190834045,
      -0.25986701250076294,
      -0.25921207666397095,
      -0.2570800483226776,
      -0.25849393010139465,
      -0.258443683385849,
      -0.25947779417037964,
      -0.25906458497047424,
      -0.25818318128585815,
      -0.25955191254615784,
      -0.25852450728416443,
      -0.260788232088089,
      -0.25750261545181274,
      -0.2582989037036896,
      -0.2588880956172943,
      -0.26020321249961853,
      -0.25950539112091064,
      -0.2580583393573761,
      -0.2586822807788849,
      -0.2593405544757843,
      -0.258727103471756,
      -0.2608563303947449,
      -0.2580973505973816,
      -0.2597721517086029
    ],
    [
      -0.2624300420284271,
      -0.2583806812763214,
      -0.2583082914352417,
      -0.25913524627685547,
      -0.25876060128211975,
      -0.26047471165657043,
      -0.2602207660675049,
      -0.2596534192562103,
      -0.25894343852996826,
      -0.25930219888687134,
      -0.2611894905567169,
      -0.26071807742118835,
      -0.25957056879997253,
      -0.259232759475708,
      -0.25879812240600586,
      -0.2598656117916107,
      -0.2579175531864166,
      -0.2595311403274536,
      -0.25786203145980835,
      -0.2590348422527313,
      -0.2596450746059418,
      -0.2582909166812897,
      -0.25902363657951355,
      -0.2579432427883148,
      -0.25874054431915283
    ],
    [
      -0.2596833109855652,
      -0.25990694761276245,
      -0.2587510049343109,
      -0.2584990859031677,
      -0.25978198647499084,
      -0.2580849230289459,
      -0.2587709426879883,
      -0.258347749710083,
      -0.25928589701652527,
      -0.25989654660224915,
      -0.2617480158805847,
      -0.25846782326698303,
      -0.2597156763076782,
      -0.2583651840686798,
      -0.2581785023212433,
      -0.2574029862880707,
      -0.25982844829559326,
      -0.2580183446407318,
      -0.2583717405796051,
      -0.2592388391494751,
      -0.26030969619750977,
      -0.25938573479652405,
      -0.2582792639732361,
      -0.259425550699234,
      -0.2595328092575073
    ],
    [
      -0.2584676146507263,
      -0.25911185145378113,
      -0.25995272397994995,
      -0.2603978216648102,
      -0.26018956303596497,
      -0.2587699890136719,
      -0.2572368383407593,
      -0.259206086397171,
      -0.2585504949092865,
      -0.2602762281894684,
      -0.2597658038139343,
      -0.2591342628002167,
      -0.259002685546875,
      -0.25958678126335144,
      -0.25835999846458435,
      -0.25916287302970886,
      -0.2573583424091339,
      -0.2606227993965149,
      -0.258256733417511,
      -0.26142534613609314,
      -0.25801971554756165,
      -0.2600952088832855,
      -0.2581644356250763,
      -0.2579624652862549,
      -0.2577059864997864
    ],
    [
      -0.26028960943222046,
      -0.2587488889694214,
      -0.25732019543647766,
      -0.258452832698822,
      -0.25838834047317505,
      -0.25826817750930786,
      -0.2595444321632385,
      -0.256743848323822,
      -0.2599809169769287,
      -0.25964340567588806,
      -0.2618353068828583,
      -0.2580372989177704,
      -0.2591896653175354,
      -0.2605552673339844,
      -0.25797420740127563,
      -0.25819358229637146,
      -0.25963178277015686,
      -0.2605118751525879,
      -0.25973576307296753,
      -0.2583331763744354,
      -0.2593826949596405,
      -0.2577868402004242,
      -0.2587021291255951,
      -0.25791388750076294,
      -0.2575302720069885
    ]
  ],
  "digital_baseline": -0.2588697373867035,
  "mean": [
    -0.3088905024528503,
    -0.2604465866088867,
    -0.25906575679779054,
    -0.25931892037391663,
    -0.2590910804271698,
    -0.2590713059902191,
    -0.25890777587890623
  ],
  "std": [
    0.004984853847451097,
    0.001812692770823434,
    0.0009618964887906944,
    0.0010604813988636251,
    0.0009194096114526099,
    0.0010627918634000045,
    0.0011687238257756575
  ],
  "normalized_mean": [
    0.8067724502249366,
    0.9939087154871731,
    0.9992427874611152,
    0.9982648300579757,
    0.9991449636303542,
    0.9992213512264877,
    0.9998530593317444
  ],
  "normalized_std": [
    0.019256224762976632,
    0.007002335572796624,
    0.003715754875409786,
    0.004096583129295883,
    0.0035516303324369743,
    0.004105508330672079,
    0.004514717856069056
  ],
  "degradation_threshold_10pct": 16.0
}