{
  "sigma_values": [
    0.0,
    0.01,
    0.02,
    0.03,
    0.05,
    0.07,
    0.1,
    0.12,
    0.15
  ],
  "metric_name": "output_mse",
  "per_trial": [
    [
      -0.0002193480177083984,
      -0.0002197069115936756,
      -0.00022273193462751806,
      -0.00022490239643957466,
      -0.00021815812215209007,
      -0.00021868720068596303,
      -0.00022053437714930624,
      -0.0002184653130825609,
      -0.00021712454326916486,
      -0.00022071172134019434,
      -0.00022241429542191327,
      -0.00021905149333178997,
      -0.00021991900575812906,
      -0.00022308991174213588,
      -0.00022017314040567726,
      -0.00022819172590970993,
      -0.0002202638133894652,
      -0.00021638146426994354,
      -0.00021780763927381486,
      -0.000217472726944834,
      -0.00021760216623079032,
      -0.0002241268812213093,
      -0.0002221450995421037,
      -0.00022119336063042283,
      -0.0002216688881162554,
      -0.00022124458337202668,
      -0.0002213676634710282,
      -0.00021986837964504957,
      -0.0002179028233513236,
      -0.0002251585538033396,
      -0.0002172392123611644,
      -0.0002173836692236364,
      -0.00021872774232178926,
      -0.00022418913431465626,
      -0.00022577364870812744,
      -0.00022436396102420986,
      -0.00022365301265381277,
      -0.00022348806669469923,
      -0.00021614642173517495,
      -0.00022405355412047356,
      -0.0002249496174044907,
      -0.00022508067195303738,
      -0.00022082950454205275,
      -0.0002215580316260457,
      -0.00021721325174439698,
      -0.00022204748529475182,
      -0.00021868397016078234,
      -0.0002237549051642418,
      -0.00022196993813849986,
      -0.00022437582083512098
    ],
    [
      -0.00025324104353785515,
      -0.00023664894979447126,
      -0.0004547848366200924,
      -0.00023920799139887094,
      -0.0001551719760755077,
      -0.0002030421164818108,
      -0.0004798040899913758,
      -0.0003550885012373328,
      -0.00047665101010352373,
      -0.00017138058319687843,
      -0.00035705213667824864,
      -0.0002101588761433959,
      -0.0002697306626942009,
      -0.0003549045359250158,
      -0.0001712488883640617,
      -0.00034526290255598724,
      -0.00016341607260983437,
      -0.00023501140822190791,
      -0.0004610291216522455,
      -0.00020743883214890957,
      -0.0005370264407247305,
      -0.00020254947594366968,
      -0.00030390312895178795,
      -0.00036260957131162286,
      -0.00020869627769570798,
      -0.00021291447046678513,
      -0.0004616826481651515,
      -0.0002978814300149679,
      -0.00017741833289619535,
      -0.0004971634480170906,
      -0.0002224670461146161,
      -0.00020241428865119815,
      -0.00019048182002734393,
      -0.00027437059907242656,
      -0.0001840405020629987,
      -0.00019837757281493396,
      -0.00026384604279883206,
      -0.00028406610363163054,
      -0.00026284073828719556,
      -0.00034164037788286805,
      -0.00017402674711775035,
      -0.0003329034079797566,
      -0.0004782116157002747,
      -0.0002490769256837666,
      -0.0006387144676409662,
      -0.00028612950700335205,
      -0.00035073800245299935,
      -0.0002464947465341538,
      -0.00024124862102326006,
      -0.00024484386085532606
    ],
    [
      -0.0002100234414683655,
      -0.0003320191171951592,
      -0.0003744307323358953,
      -0.0002709190302994102,
      -0.00024039710115175694,
      -0.0006908047944307327,
      -0.0007778456201776862,
      -0.0002052185300271958,
      -0.0003054438275285065,
      -0.0002476875961292535,
      -0.0002099862031172961,
      -0.0005227558431215584,
      -0.00045858495286665857,
      -0.0002137966948794201,
      -0.0002551757206674665,
      -0.00023989586043171585,
      -0.0003692376776598394,
      -0.0004412278067320585,
      -0.0015637663891538978,
      -0.0010394874261692166,
      -0.0003060407761950046,
      -0.00029444898245856166,
      -0.0002449172316119075,
      -0.0013015532167628407,
      -0.0006751525797881186,
      -0.0003894858527928591,
      -0.00021407393796835095,
      -0.00021853373618796468,
      -0.0005375934997573495,
      -0.0007841679616831243,
      -0.0006219166680239141,
      -0.0007391094113700092,
      -0.0005371355800889432,
      -0.00045209238305687904,
      -0.0005669007659889758,
      -0.0004835873260162771,
      -0.00025884516071528196,
      -0.0005340785137377679,
      -0.0005600865697488189,
      -0.00036550493678078055,
      -0.00038847161340527236,
      -0.0011229523224756122,
      -0.0006436078692786396,
      -0.000300143874483183,
      -0.00018906391051132232,
      -0.0003984335344284773,
      -0.0006370798801071942,
      -0.00039867457235231996,
      -0.0003834504750557244,
      -0.00032761783222667873
    ],
    [
      -0.0004880777560174465,
      -0.00041234903619624674,
      -0.000712876208126545,
      -0.00201406585983932,
      -0.00048632643301971257,
      -0.0011038243537768722,
      -0.0006945346249267459,
      -0.0011634320253506303,
      -0.0004903250373899937,
      -0.0004380011814646423,
      -0.002136754570528865,
      -0.0004523975949268788,
      -0.0003285802958998829,
      -0.0006017529522068799,
      -0.0009286346612498164,
      -0.0011161483125761151,
      -0.000558823870960623,
      -0.0009959414601325989,
      -0.0006514953565783799,
      -0.0010191294131800532,
      -0.0005656956927850842,
      -0.00035874854074791074,
      -0.0008048135205172002,
      -0.0007810273673385382,
      -0.00032337254378944635,
      -0.0007819797028787434,
      -0.00037913431879132986,
      -0.000597892445512116,
      -0.0004332000680733472,
      -0.001164450659416616,
      -0.00034415879053995013,
      -0.000244972383370623,
      -0.0013565438566729426,
      -0.0008055164944380522,
      -0.0007454272708855569,
      -0.0010014610597863793,
      -0.002106111729517579,
      -0.0021013112273067236,
      -0.00021957045828457922,
      -0.00036916128010489047,
      -0.0010838302550837398,
      -0.0007406377117149532,
      -0.00026203098241239786,
      -0.00031527597457170486,
      -0.0004305250768084079,
      -0.001018292037770152,
      -0.0010307071497663856,
      -0.0010062905494123697,
      -0.00045529581257142127,
      -0.00035681645385921
    ],
    [
      -0.003044535405933857,
      -0.002734234556555748,
      -0.0009608030086383224,
      -0.0012132618576288223,
      -0.0008571961661800742,
      -0.002188036683946848,
      -0.0007859113393351436,
      -0.0008473226916976273,
      -0.0017488289158791304,
      -0.004345082677900791,
      -0.0006664232350885868,
      -0.003506515873596072,
      -0.0012892481172457337,
      -0.0028179611545056105,
      -0.0028443599585443735,
      -0.0010678021935746074,
      -0.0011437323410063982,
      -0.0017798123881220818,
      -0.001987486146390438,
      -0.0020144430454820395,
      -0.0025705292355269194,
      -0.0009286112617701292,
      -0.004438614938408136,
      -0.0006438143318518996,
      -0.0009304942796006799,
      -0.0009385445737279952,
      -0.0024164572823792696,
      -0.0010465092491358519,
      -0.0014609009958803654,
      -0.0009012732771225274,
      -0.0014767302200198174,
      -0.001369448029436171,
      -0.0008466754225082695,
      -0.0052675544284284115,
      -0.0013938687043264508,
      -0.0013453367864713073,
      -0.001629577949643135,
      -0.0019161414820700884,
      -0.0013581719249486923,
      -0.0007358680595643818,
      -0.002685812534764409,
      -0.00233671348541975,
      -0.0028552357107400894,
      -0.002606896450743079,
      -0.000559631793294102,
      -0.0020653526298701763,
      -0.0011129844933748245,
      -0.0006957576260901988,
      -0.0015689212596043944,
      -0.003513379953801632
    ],
    [
      -0.006600797176361084,
      -0.012665966525673866,
      -0.0036784836556762457,
      -0.004379350692033768,
      -0.0011871997267007828,
      -0.0026819235645234585,
      -0.0036253242287784815,
