{
  "sigma_values": [
    0.0,
    0.01,
    0.02,
    0.03,
    0.05,
    0.07,
    0.1,
    0.12,
    0.15
  ],
  "metric_name": "quality_mismatch_only",
  "per_trial": [
    [
      -0.23876722157001495,
      -0.23876722157001495,
      -0.23876722157001495,
      -0.23876722157001495,
      -0.23876722157001495,
      -0.23876722157001495,
      -0.23876722157001495,
      -0.23876722157001495,
      -0.23876722157001495,
      -0.23876722157001495
    ],
    [
      -0.23879659175872803,
      -0.2387661635875702,
      -0.2384675145149231,
      -0.2385159134864807,
      -0.23865576088428497,
      -0.23878762125968933,
      -0.239002525806427,
      -0.2385794073343277,
      -0.23853202164173126,
      -0.23842820525169373
    ],
    [
      -0.2387377768754959,
      -0.2387688010931015,
      -0.2389935553073883,
      -0.2388085126876831,
      -0.2383657991886139,
      -0.23837856948375702,
      -0.23918002843856812,
      -0.23875604569911957,
      -0.23845185339450836,
      -0.23895461857318878
    ],
    [
      -0.2382143884897232,
      -0.23836925625801086,
      -0.23914945125579834,
      -0.2387620061635971,
      -0.23908007144927979,
      -0.23928892612457275,
      -0.23930169641971588,
      -0.2382134348154068,
      -0.23965609073638916,
      -0.240210622549057
    ],
    [
      -0.23887896537780762,
      -0.239198699593544,
      -0.240461066365242,
      -0.24115033447742462,
      -0.23871774971485138,
      -0.23919638991355896,
      -0.23865023255348206,
      -0.23801884055137634,
      -0.23897458612918854,
      -0.24127748608589172
    ],
    [
      -0.2385704666376114,
      -0.24149025976657867,
      -0.2403320074081421,
      -0.23843158781528473,
      -0.23849458992481232,
      -0.23874801397323608,
      -0.2377026081085205,
      -0.2391691505908966,
      -0.23939873278141022,
      -0.23778197169303894
    ],
    [
      -0.2394048124551773,
      -0.2409907728433609,
      -0.24617649614810944,
      -0.24120940268039703,
      -0.2380552887916565,
      -0.24000756442546844,
      -0.23938976228237152,
      -0.23962721228599548,
      -0.23863543570041656,
      -0.24123132228851318
    ],
    [
      -0.2395392656326294,
      -0.23735524713993073,
      -0.2377578169107437,
      -0.23943394422531128,
      -0.2342604547739029,
      -0.24368523061275482,
      -0.23734237253665924,
      -0.2389509081840515,
      -0.24346832931041718,
      -0.239035964012146
    ],
    [
      -0.24547307193279266,
      -0.24241259694099426,
      -0.2433130145072937,
      -0.24332295358181,
      -0.23743678629398346,
      -0.23591071367263794,
      -0.24308758974075317,
      -0.2390415221452713,
      -0.24028435349464417,
      -0.23604366183280945
    ]
  ],
  "digital_baseline": -0.23876722157001495,
  "mean": [
    -0.23876722157001495,
    -0.2386531725525856,
    -0.23873955607414246,
    -0.2390245944261551,
    -0.23945243507623673,
    -0.23901193886995314,
    -0.24047280699014664,
    -0.23908295333385468,
    -0.240632626414299
  ],
  "std": [
    0.0,
    0.00017248332911402287,
    0.0002575746710295161,
    0.0006151104186712495,
    0.0010562501267566483,
    0.0011025043368240507,
    0.002153687164244291,
    0.002679376926641953,
    0.0032135455526736793
  ],
  "normalized_mean": [
    1.0,
    1.0004776577650794,
    1.0001158680646807,
    0.9989220762613571,
    0.9971302027903322,
    0.9989750800033227,
    0.99285670198398,
    0.9986776586762469,
    0.9921873495364311
  ],
  "normalized_std": [
    0.0,
    0.0007223911556195107,
    0.0010787689756400927,
    0.0025761928904084407,
    0.004423765204500311,
    0.004617486142254068,
    0.009020028587185088,
    0.011221711711614759,
    0.013458905839515976
  ],
  "degradation_threshold_10pct": 0.15
}