{
  "sigma_values": [
    0.0,
    0.01,
    0.02,
    0.03,
    0.05,
    0.07,
    0.1,
    0.12,
    0.15
  ],
  "metric_name": "quality_thermal_only",
  "per_trial": [
    [
      -0.1650005578994751,
      -0.16499654948711395,
      -0.16500574350357056,
      -0.16499421000480652,
      -0.1649988740682602,
      -0.1649998426437378,
      -0.1649957001209259,
      -0.1649939864873886,
      -0.16499866545200348,
      -0.16499535739421844
    ],
    [
      -0.1649945229291916,
      -0.1650014966726303,
      -0.16499444842338562,
      -0.16499294340610504,
      -0.16499829292297363,
      -0.1649988442659378,
      -0.16499395668506622,
      -0.16500142216682434,
      -0.1649988740682602,
      -0.16499978303909302
    ],
    [
      -0.16499409079551697,
      -0.1649998426437378,
      -0.16499872505664825,
      -0.16500087082386017,
      -0.1649983823299408,
      -0.16499368846416473,
      -0.16499485075473785,
      -0.16499650478363037,
      -0.16500353813171387,
      -0.1650024652481079
    ],
    [
      -0.16499364376068115,
      -0.16500133275985718,
      -0.16499729454517365,
      -0.16500386595726013,
      -0.1649961620569229,
      -0.16499115526676178,
      -0.16499443352222443,
      -0.16499806940555573,
      -0.1650000661611557,
      -0.16499760746955872
    ],
    [
      -0.16499768197536469,
      -0.16499768197536469,
      -0.16500167548656464,
      -0.1650000661611557,
      -0.16499480605125427,
      -0.16499795019626617,
      -0.1649995744228363,
      -0.16499222815036774,
      -0.16499389708042145,
      -0.16500426828861237
    ],
    [
      -0.16500224173069,
      -0.16500262916088104,
      -0.16500172019004822,
      -0.1649981588125229,
      -0.16499590873718262,
      -0.16499830782413483,
      -0.16499924659729004,
      -0.16500341892242432,
      -0.1649991124868393,
      -0.16499973833560944
    ],
    [
      -0.16499948501586914,
      -0.1649978905916214,
      -0.1649930477142334,
      -0.16500073671340942,
      -0.1649954617023468,
      -0.16499894857406616,
      -0.16499613225460052,
      -0.1649988293647766,
      -0.16499820351600647,
      -0.16499383747577667
    ],
    [
      -0.16500063240528107,
      -0.16499502956867218,
      -0.16500245034694672,
      -0.16499750316143036,
      -0.16499772667884827,
      -0.16499347984790802,
      -0.16499589383602142,
      -0.16499723494052887,
      -0.16499662399291992,
      -0.16499735414981842
    ],
    [
      -0.16499562561511993,
      -0.16499559581279755,
      -0.16499587893486023,
      -0.1649961918592453,
      -0.16499657928943634,
      -0.16499410569667816,
      -0.16499607264995575,
      -0.16499680280685425,
      -0.16499684751033783,
      -0.1650007665157318
    ]
  ],
  "digital_baseline": -0.16499722003936768,
  "mean": [
    -0.16499794870615006,
    -0.16499745845794678,
    -0.16499829590320586,
    -0.16499736309051513,
    -0.1649979829788208,
    -0.16500004827976228,
    -0.16499725729227066,
    -0.16499739289283752,
    -0.1649964466691017
  ],
  "std": [
    3.4048449020697447e-06,
    3.0392159384085194e-06,
    3.287358271353023e-06,
    3.5820494722968377e-06,
    3.4655423988636873e-06,
    2.2578362174541416e-06,
    2.4000608832268e-06,
    2.448630337705724e-06,
    1.6239319378801163e-06
  ],
  "normalized_mean": [
    0.9999955837632767,
    0.999998555014569,
    0.999993479503243,
    0.9999991330087414,
    0.999995376046621,
    0.9999828588603255,
    0.9999997742210264,
    0.9999989523855626,
    1.0000046871714916
  ],
  "normalized_std": [
    2.063577132546453e-05,
    1.8419800877150382e-05,
    1.9923719142472052e-05,
    2.1709756512516848e-05,
    2.1003641140358745e-05,
    1.368408641621617e-05,
    1.4546068610453893e-05,
    1.484043390016808e-05,
    9.842177568159346e-06
  ],
  "degradation_threshold_10pct": 0.15
}