{
  "sigma_values": [
    0.0,
    0.01,
    0.02,
    0.03,
    0.05,
    0.07,
    0.1,
    0.12,
    0.15
  ],
  "metric_name": "quality_mismatch_only",
  "per_trial": [
    [
      -0.23970134556293488,
      -0.23970134556293488,
      -0.23970134556293488,
      -0.23970134556293488,
      -0.23970134556293488,
      -0.23970134556293488,
      -0.23970134556293488,
      -0.23970134556293488,
      -0.23970134556293488,
      -0.23970134556293488
    ],
    [
      -0.23974566161632538,
      -0.2398318350315094,
      -0.23960232734680176,
      -0.2395070195198059,
      -0.2395709604024887,
      -0.23958158493041992,
      -0.23978252708911896,
      -0.23991574347019196,
      -0.2395966351032257,
      -0.23958903551101685
    ],
    [
      -0.24014876782894135,
      -0.23975509405136108,
      -0.23965835571289062,
      -0.2395833134651184,
      -0.239503413438797,
      -0.23966000974178314,
      -0.2396932691335678,
      -0.2394500970840454,
      -0.23968708515167236,
      -0.23959998786449432
    ],
    [
      -0.2397070974111557,
      -0.23992623388767242,
      -0.2395142912864685,
      -0.23923081159591675,
      -0.23937778174877167,
      -0.23942677676677704,
      -0.2397179752588272,
      -0.24020950496196747,
      -0.23928672075271606,
      -0.23991547524929047
    ],
    [
      -0.24003495275974274,
      -0.24045725166797638,
      -0.23956400156021118,
      -0.24052999913692474,
      -0.23960095643997192,
      -0.23999734222888947,
      -0.23955164849758148,
      -0.24035917222499847,
      -0.23985452950000763,
      -0.23988455533981323
    ],
    [
      -0.23930524289608002,
      -0.23983243107795715,
      -0.24027280509471893,
      -0.2415314018726349,
      -0.24041470885276794,
      -0.2394990622997284,
      -0.23991698026657104,
      -0.24082089960575104,
      -0.23980678617954254,
      -0.23994559049606323
    ],
    [
      -0.24853315949440002,
      -0.23968929052352905,
      -0.24066464602947235,
      -0.24022160470485687,
      -0.24430939555168152,
      -0.25154152512550354,
      -0.2427966445684433,
      -0.24294224381446838,
      -0.24004416167736053,
      -0.24567995965480804
    ],
    [
      -0.23970523476600647,
      -0.24106276035308838,
      -0.24279281497001648,
      -0.23873813450336456,
      -0.240263894200325,
      -0.23997555673122406,
      -0.24131900072097778,
      -0.24037042260169983,
      -0.24034100770950317,
      -0.24362888932228088
    ],
    [
      -0.24759583175182343,
      -0.24654997885227203,
      -0.24068225920200348,
      -0.2429809421300888,
      -0.254221111536026,
      -0.2602141499519348,
      -0.2417413741350174,
      -0.2399035543203354,
      -0.23904964327812195,
      -0.24457864463329315
    ]
  ],
  "digital_baseline": -0.23970134556293488,
  "mean": [
    -0.23970134556293488,
    -0.23967233300209045,
    -0.23967393934726716,
    -0.23963126689195632,
    -0.23998344093561172,
    -0.2401345908641815,
    -0.24364226311445236,
    -0.24081977158784867,
    -0.24575174897909163
  ],
  "std": [
    0.0,
    0.0001286930361064217,
    0.00018052640415466793,
    0.00030236377108707477,
    0.00034674316160496134,
    0.0006239564496499413,
    0.003758470594002316,
    0.0013827707306934213,
    0.0064411562254574565
  ],
  "normalized_mean": [
    1.0,
    1.0001210362869524,
    1.0001143348428159,
    1.0002923582711394,
    0.9988231381346052,
    0.9981925620808295,
    0.9835590511923815,
    0.9953340853290281,
    0.9747585755017458
  ],
  "normalized_std": [
    0.0,
    0.0005368890850578587,
    0.0007531305413855916,
    0.0012614187474708502,
    0.0014465632672634374,
    0.0026030577683433076,
    0.015679805990139965,
    0.005768723272896136,
    0.02687158977072282
  ],
  "degradation_threshold_10pct": 0.15
}