{
  "sigma_values": [
    0.0,
    0.01,
    0.02,
    0.03,
    0.05,
    0.07,
    0.1,
    0.12,
    0.15
  ],
  "metric_name": "quality",
  "per_trial": [
    [
      -0.125357985496521,
      -0.12530431151390076,
      -0.12533916532993317,
      -0.1253044605255127,
      -0.12537918984889984,
      -0.1253066211938858,
      -0.12538659572601318,
      -0.12533681094646454,
      -0.12531352043151855,
      -0.12535084784030914,
      -0.1254279464483261,
      -0.12533557415008545,
      -0.12533214688301086,
      -0.1253538429737091,
      -0.1253349334001541,
      -0.12533217668533325,
      -0.12535512447357178,
      -0.12531442940235138,
      -0.12534822523593903,
      -0.1253211349248886,
      -0.12535856664180756,
      -0.12535937130451202,
      -0.1253596991300583,
      -0.12533259391784668,
      -0.12535694241523743,
      -0.1252860724925995,
      -0.12536442279815674,
      -0.12532778084278107,
      -0.1254163682460785,
      -0.12539753317832947,
      -0.12530966103076935,
      -0.12538482248783112,
      -0.1253354549407959,
      -0.1253182590007782,
      -0.12535110116004944,
      -0.12536945939064026,
      -0.12536269426345825,
      -0.12533579766750336,
      -0.12544003129005432,
      -0.12536528706550598,
      -0.12538665533065796,
      -0.12538622319698334,
      -0.12533757090568542,
      -0.12535935640335083,
      -0.12541981041431427,
      -0.12533360719680786,
      -0.1253073811531067,
      -0.12533578276634216,
      -0.12533719837665558,
      -0.12535546720027924
    ],
    [
      -0.12510275840759277,
      -0.12486080825328827,
      -0.125423863530159,
      -0.12520216405391693,
      -0.1254313588142395,
      -0.1250472068786621,
      -0.12516149878501892,
      -0.12517638504505157,
      -0.12507060170173645,
      -0.12567660212516785,
      -0.1253657042980194,
      -0.12509211897850037,
      -0.12530820071697235,
      -0.12557832896709442,
      -0.12524093687534332,
      -0.12537012994289398,
      -0.12507109344005585,
      -0.1254470944404602,
      -0.12506242096424103,
      -0.12523339688777924,
      -0.12535491585731506,
      -0.125087171792984,
      -0.12537291646003723,
      -0.12517164647579193,
      -0.12510882318019867,
      -0.12560158967971802,
      -0.12544257938861847,
      -0.1251087635755539,
      -0.1253589540719986,
      -0.12513087689876556,
      -0.12527991831302643,
      -0.1249711662530899,
      -0.1252008080482483,
      -0.12545207142829895,
      -0.12513892352581024,
      -0.1247812956571579,
      -0.12527646124362946,
      -0.1252412647008896,
      -0.12582413852214813,
      -0.12529218196868896,
      -0.12564603984355927,
      -0.12587392330169678,
      -0.12494118511676788,
      -0.12528397142887115,
      -0.12507092952728271,
      -0.12526220083236694,
      -0.12498081475496292,
      -0.12514258921146393,
      -0.12520568072795868,
      -0.1256035417318344
    ],
    [
      -0.12675070762634277,
      -0.12493675202131271,
      -0.12502595782279968,
      -0.1248960867524147,
      -0.12488147616386414,
      -0.1249680146574974,
      -0.12566104531288147,
      -0.1251249760389328,
      -0.12615306675434113,
      -0.1250421702861786,
      -0.12705601751804352,
      -0.1254839152097702,
      -0.12581391632556915,
      -0.12525995075702667,
      -0.12551112473011017,
      -0.12564583122730255,
      -0.12497195601463318,
      -0.12465324252843857,
      -0.1250409334897995,
      -0.12602342665195465,
      -0.12538805603981018,
      -0.12465136498212814,
      -0.12556396424770355,
      -0.12513501942157745,
      -0.12489914894104004,
      -0.12531310319900513,
      -0.12570364773273468,
      -0.12576793134212494,
      -0.12589608132839203,
      -0.12500664591789246,
      -0.12505203485488892,
      -0.12471414357423782,
      -0.12506192922592163,
      -0.1250344216823578,
      -0.12581372261047363,
      -0.1252560168504715,
      -0.12550820410251617,
      -0.1259794980287552,
      -0.1255071461200714,
      -0.12492452561855316,
      -0.12535278499126434,
      -0.12487199902534485,
      -0.12521201372146606,
      -0.12539556622505188,
      -0.12473856657743454,
      -0.12519969046115875,
      -0.12572461366653442,
      -0.1255348026752472,
      -0.12521892786026,
      -0.125265970826149
    ],
    [
      -0.1251755654811859,
      -0.12539398670196533,
      -0.12472261488437653,
      -0.12671133875846863,
      -0.1256410926580429,
      -0.12528732419013977,
      -0.12483832985162735,
      -0.12591210007667542,
      -0.1256139725446701,
      -0.1257401406764984,
      -0.1257668435573578,
      -0.12473106384277344,
      -0.12486209720373154,
      -0.12574300169944763,
      -0.12544159591197968,
      -0.12684036791324615,
      -0.1263100951910019,
      -0.1247103288769722,
      -0.1252564787864685,
      -0.12610632181167603,
      -0.12600253522396088,
      -0.12534281611442566,
      -0.12721312046051025,
      -0.12508989870548248,
      -0.12523280084133148,
      -0.12593846023082733,
      -0.12714916467666626,
      -0.1255352944135666,
      -0.124945729970932,
      -0.12435807287693024,
      -0.12520740926265717,
      -0.12428349256515503,
      -0.12455503642559052,
      -0.12648925185203552,
      -0.1246643215417862,
      -0.12425599992275238,
      -0.1258344054222107,
      -0.12506362795829773,
      -0.125020369887352,
      -0.12570619583129883,
      -0.12576691806316376,
      -0.12524566054344177,
      -0.1257355660200119,
      -0.12622635066509247,
      -0.12519752979278564,
      -0.1251838207244873,
      -0.12504298985004425,
      -0.1259436458349228,
      -0.12445185333490372,
      -0.12435215711593628
    ],
    [
      -0.12572483718395233,
      -0.1257932335138321,
      -0.1269838809967041,
      -0.12537142634391785,
      -0.127175435423851,
      -0.1273263543844223,
      -0.12522253394126892,
      -0.12463246285915375,
      -0.1259564757347107,
      -0.12477611005306244,
      -0.12551246583461761,
      -0.12496121227741241,
      -0.12471910566091537,
      -0.1254887878894806,
      -0.12721861898899078,
      -0.12666067481040955,
      -0.12469611316919327,
      -0.12432987987995148,
      -0.12500110268592834,
      -0.12456724792718887,
      -0.12586604058742523,
      -0.12634620070457458,
      -0.12674754858016968,
      -0.12683822214603424,
      -0.12506616115570068,
      -0.12610720098018646,
      -0.12719158828258514,
      -0.1248975545167923,
      -0.12477944791316986,
      -0.12528392672538757,
      -0.12615899741649628,
      -0.12713609635829926,
      -0.12600740790367126,
      -0.12437299638986588,
      -0.1260872632265091,
      -0.12473699450492859,
      -0.12481947243213654,
      -0.1251797080039978,
      -0.1247367262840271,
      -0.1259995549917221,
      -0.1269855797290802,
      -0.12457846105098724,
      -0.12559089064598083,
      -0.12618157267570496,
      -0.12870830297470093,
      -0.12637948989868164,
      -0.12614880502223969,
      -0.12728019058704376,
      -0.12787696719169617,
      -0.12455599009990692
    ],
    [
      -0.12823079526424408,
      -0.12547345459461212,
      -0.12600813806056976,
      -0.1256466656923294,
      -0.1288294792175293,
      -0.12512606382369995,
      -0.1248253732919693,
      -0.12421266734600067,
      -0.12426295876502991,
      -0.12613557279109955,
      -0.12500405311584473,
      -0.12443456053733826,
      -0.12586772441864014,
      -0.12593664228916168,
      -0.12680760025978088,
      -0.1266353726387024,
      -0.12578102946281433,
      -0.12653709948062897,
      -0.12467039376497269,
      -0.1270490288734436,
      -0.12433813512325287,
      -0.12521055340766907,
      -0.1263195127248764,
      -0.126051664352417,
      -0.1248474195599556,
      -0.12549792230129242,
      -0.1242501363158226,
      -0.12745194137096405,
      -0.1253850758075714,
      -0.12492832541465759,
