{
  "sigma_values": [
    0.0,
    0.01,
    0.02,
    0.03,
    0.05,
    0.07,
    0.1,
    0.12,
    0.15
  ],
  "metric_name": "output_mse",
  "per_trial": [
    [
      -0.00010207932791672647,
      -0.00010113203461514786,
      -0.00010194633796345443,
      -0.00010133790783584118,
      -0.00010165693674935028,
      -0.00010232889326289296,
      -0.000100346100225579,
      -0.00010184385610045865,
      -0.00010186689178226516,
      -0.00010210629261564463,
      -0.00010149691661354154,
      -0.00010149073204956949,
      -0.00010167470463784412,
      -0.00010186967119807377,
      -0.00010209633910562843,
      -0.0001016581809381023,
      -0.00010148993897018954,
      -0.00010140526865143329,
      -0.00010216416558250785,
      -0.00010141530947294086,
      -0.00010141565871890634,
      -0.00010180506069445983,
      -0.00010262478463118896,
      -0.00010184361599385738,
      -0.0001029220802593045,
      -0.00010288005432812497,
      -0.00010173713235417381,
      -0.0001017801187117584,
      -0.00010161461250390857,
      -0.00010175666102441028,
      -0.00010216655937256292,
      -0.00010207925515715033,
      -0.0001023508157231845,
      -0.00010143545659957454,
      -0.00010181620746152475,
      -0.00010149047011509538,
      -0.00010251891944790259,
      -0.0001028756087180227,
      -0.00010164693230763078,
      -0.00010245069279335439,
      -0.0001026926256599836,
      -0.00010156997450394556,
      -0.0001015207963064313,
      -0.00010187647421844304,
      -0.00010234464571112767,
      -0.00010141749953618273,
      -0.00010222146374871954,
      -0.00010131961607839912,
      -0.00010232128261122853,
      -0.00010283017036272213
    ],
    [
      -0.0006001084111630917,
      -0.00011368482955731452,
      -0.0001448760012863204,
      -0.00021014003141317517,
      -0.00012472353409975767,
      -0.001034739543683827,
      -0.00019874225836247206,
      -0.00011183607421116903,
      -0.00025113404262810946,
      -0.0004285169125068933,
      -0.00017129434854723513,
      -0.00014189032663125545,
      -0.0010661204578354955,
      -0.0014663664624094963,
      -0.00035711779491975904,
      -0.001564878853969276,
      -0.001209296053275466,
      -0.00013591897732112557,
      -0.0003205495304428041,
      -0.0002815641928464174,
      -0.00014599280257243663,
      -0.00020614340610336512,
      -0.00020551845955196768,
      -0.00014742965868208557,
      -0.0002626670466270298,
      -0.0004890671698376536,
      -0.0010175441857427359,
      -0.0003761424159165472,
      -0.00012896295811515301,
      -0.00041231780778616667,
      -0.0007520078215748072,
      -0.0003433475212659687,
      -0.00036303201341070235,
      -0.0003023027384188026,
      -0.001277043018490076,
      -0.001598287490196526,
      -0.00033047390752471983,
      -0.000333780306391418,
      -0.0007126111886464059,
      -0.00031893985578790307,
      -0.00031883115298114717,
      -0.0001690343051450327,
      -0.0003121571207884699,
      -0.0004274020902812481,
      -0.00014289095997810364,
      -0.0007729015778750181,
      -0.0020890366286039352,
      -0.0005166322225704789,
      -0.0002161367010558024,
      -0.00019157113274559379
    ],
    [
      -0.0028433070983737707,
      -0.0008000177913345397,
      -0.0015580067411065102,
      -0.0008099391707219183,
      -0.001157277380116284,
      -0.0005822750390507281,
      -0.0010560562368482351,
      -0.000668624765239656,
      -0.0006147256935946643,
      -0.0007816366269253194,
      -0.001656577456742525,
      -0.00017379886412527412,
      -0.0007629120373167098,
      -0.0002243550115963444,
      -0.00039572775131091475,
      -0.00038524638512171805,
      -0.0009412061190232635,
      -0.0011464881245046854,
      -0.000474311294965446,
      -0.0007431022240780294,
      -0.0030439088586717844,
      -0.004294850397855043,
      -0.0017623199382796884,
      -0.0031577113550156355,
      -0.0010339602595195174,
      -0.00019254405924584717,
      -0.0021899878047406673,
      -0.0025388430804014206,
      -0.0026108240708708763,
      -0.0004335259727668017,
      -0.0008796878973953426,
      -0.00042496476089581847,
      -0.0035555767826735973,
      -0.005188439041376114,
      -0.00024885698803700507,
      -0.00188540224917233,
      -0.0003591288987081498,
      -0.00042692216811701655,
      -0.00020361393399070948,
      -0.005102436989545822,
      -0.0025831423699855804,
      -0.0003032275417353958,
      -0.0012656833278015256,
      -0.000573997269384563,
      -0.005240608472377062,
      -0.00028844751068390906,
      -0.001732375705614686,
      -0.0016013884451240301,
      -0.0011672548716887832,
      -0.0010011926060542464
    ],
    [
      -0.00041348455124534667,
      -0.0017243397887796164,
      -0.005232064984738827,
      -0.0036485467571765184,
      -0.010130115784704685,
      -0.00034652563044801354,
      -0.00900479219853878,
      -0.00067293451866135,
      -0.009053759276866913,
      -0.0017885660054162145,
      -0.010541235096752644,
      -0.0002786860568448901,
      -0.0008800776558928192,
      -0.0017835762118920684,
      -0.002641189144924283,
      -0.005084130447357893,
      -0.001582713215611875,
      -0.0003750327741727233,
      -0.003116198815405369,
      -0.0019310450879856944,
      -0.0012289657024666667,
      -0.0007406511576846242,
      -0.0015217297477647662,
      -0.00647093215957284,
      -0.0034340161364525557,
      -0.00033166882349178195,
      -0.005112440790981054,
      -0.002006061375141144,
      -0.0009139800677075982,
      -0.001400637673214078,
      -0.0035600638948380947,
      -0.0005749233532696962,
      -0.010195266455411911,
      -0.007685366552323103,
      -0.0014678854495286942,
      -0.007968400605022907,
      -0.01091076247394085,
      -0.004191963467746973,
      -0.007758621592074633,
      -0.0002469281607773155,
      -0.001656938693486154,
      -0.0025745881721377373,
      -0.005737862084060907,
      -0.004689610097557306,
      -0.0016282711876556277,
      -0.002370542148128152,
      -0.0010304037714377046,
      -0.00020528021559584886,
      -0.002750827930867672,
      -0.011495554819703102
    ],
    [
      -0.006024014204740524,
      -0.0026495077181607485,
      -0.008163868449628353,
      -0.017155317589640617,
      -0.013075643219053745,
      -0.009695610962808132,
      -0.0005771235446445644,
      -0.0029389250557869673,
      -0.0009404442389495671,
      -0.0046553597785532475,
      -0.0013009703252464533,
      -0.020208923146128654,
      -0.03202159330248833,
      -0.03110617958009243,
      -0.0009034063550643623,
      -0.010632751509547234,
      -0.0020409657154232264,
      -0.008562524802982807,
      -0.0013870175462216139,
      -0.01028668787330389,
      -0.01394704170525074,
      -0.020692702382802963,
      -0.01974719576537609,
      -0.010330152697861195,
      -0.024609580636024475,
      -0.0011228721123188734,
      -0.006058630999177694,
      -0.005770963616669178,
      -0.005499777849763632,
      -0.007885664701461792,
      -0.011127898469567299,
      -0.02836071327328682,
      -0.005399048328399658,
      -0.009964081458747387,
      -0.016073375940322876,
      -0.011672991327941418,
      -0.002478473586961627,
      -0.0012732751201838255,
      -0.005892486777156591,
      -0.004488564562052488,
      -0.010379903018474579,
      -0.0007358810980804265,
      -0.017813630402088165,
      -0.0033933951053768396,
      -0.0313689149916172,
      -0.014125767163932323,
      -0.01450447365641594,
      -0.004068299662321806,
      -0.00422311294823885,
      -0.002148343250155449
    ],
    [
      -0.03237329050898552,
      -0.010544047690927982,
      -0.009545986540615559,
      -0.002267748350277543,
      -0.014332527294754982,
      -0.022683296352624893,
      -0.04646926000714302,
      -0.003863908816128969,
      -0.0016366577474400401,
      -0.019537148997187614,
