{
  "sigma_values": [
    0.0,
    0.01,
    0.02,
    0.03,
    0.05,
    0.07,
    0.1,
    0.12,
    0.15
  ],
  "metric_name": "output_mse",
  "per_trial": [
    [
      -0.00913357175886631,
      -0.009149721823632717,
      -0.009113960899412632,
      -0.00913817435503006,
      -0.009124268777668476,
      -0.009135960601270199,
      -0.00913424976170063,
      -0.009153378196060658,
      -0.00910342950373888,
      -0.009148363023996353,
      -0.009154981933534145,
      -0.009138301946222782,
      -0.009111191146075726,
      -0.009124583564698696,
      -0.009128078818321228,
      -0.009142580442130566,
      -0.009129936806857586,
      -0.009135271422564983,
      -0.009122096933424473,
      -0.009142540395259857,
      -0.009149647317826748,
      -0.009151970036327839,
      -0.009150535799562931,
      -0.009108091704547405,
      -0.009159847162663937,
      -0.009154684841632843,
      -0.009143277071416378,
      -0.009154730476439,
      -0.00914351548999548,
      -0.009128246456384659,
      -0.009120296686887741,
      -0.009122267365455627,
      -0.009145081974565983,
      -0.00915231928229332,
      -0.009129824116826057,
      -0.009125578217208385,
      -0.009168789722025394,
      -0.009137771092355251,
      -0.0091504892334342,
      -0.00914489571005106,
      -0.009159290231764317,
      -0.009130583144724369,
      -0.009143280796706676,
      -0.009112473577260971,
      -0.009125937707722187,
      -0.009130604565143585,
      -0.009151673875749111,
      -0.009131543338298798,
      -0.009109893813729286,
      -0.009133780375123024
    ],
    [
      -0.008779391646385193,
      -0.01017846167087555,
      -0.009470545686781406,
      -0.008581334725022316,
      -0.00882338359951973,
      -0.00875177513808012,
      -0.010390580631792545,
      -0.008662492968142033,
      -0.007628836669027805,
      -0.00838292483240366,
      -0.008877314627170563,
      -0.008447964675724506,
      -0.008203226141631603,
      -0.009724169969558716,
      -0.008609012700617313,
      -0.00952380895614624,
      -0.00874246284365654,
      -0.011067675426602364,
      -0.00912183616310358,
      -0.008525990881025791,
      -0.00853650365024805,
      -0.008693980053067207,
      -0.007018357515335083,
      -0.009492924436926842,
      -0.009548994712531567,
      -0.00962077733129263,
      -0.008427987806499004,
      -0.009120813570916653,
      -0.00901125930249691,
      -0.008397276513278484,
      -0.009549102745950222,
      -0.010065452195703983,
      -0.009103701449930668,
      -0.01036120392382145,
      -0.01087709330022335,
      -0.00910318735986948,
      -0.008879234082996845,
      -0.008990385569632053,
      -0.008238273672759533,
      -0.010599836707115173,
      -0.010041517205536366,
      -0.00908808596432209,
      -0.009473112411797047,
      -0.00989839993417263,
      -0.010125605389475822,
      -0.009227434173226357,
      -0.008581963367760181,
      -0.008531922474503517,
      -0.00735282339155674,
      -0.008820917457342148
    ],
    [
      -0.008615865372121334,
      -0.01147143542766571,
      -0.009888436645269394,
      -0.009183536283671856,
      -0.007668329402804375,
      -0.00844100583344698,
      -0.008273093029856682,
      -0.007135502062737942,
      -0.007675113622099161,
      -0.007259196136146784,
      -0.010132395662367344,
      -0.007526248227804899,
      -0.007715902756899595,
      -0.007940640673041344,
      -0.010763699188828468,
      -0.01246313564479351,
      -0.008417341858148575,
      -0.01237062830477953,
      -0.0102227246388793,
      -0.00850624218583107,
      -0.0077710868790745735,
      -0.008757761679589748,
      -0.005775189492851496,
      -0.010054895654320717,
      -0.009118858724832535,
      -0.008737596683204174,
      -0.010237309150397778,
      -0.007878337055444717,
      -0.009352968074381351,
      -0.007270246744155884,
      -0.010680750012397766,
      -0.007390588987618685,
      -0.00710541196167469,
      -0.010621397756040096,
      -0.010525730438530445,
      -0.010771313682198524,
      -0.010571926832199097,
      -0.01081556174904108,
      -0.009498138912022114,
      -0.01099372934550047,
      -0.00872013159096241,
      -0.009418829344213009,
      -0.007002584170550108,
      -0.014792095869779587,
      -0.008370205760002136,
      -0.01196988858282566,
      -0.006327163428068161,
      -0.008828775957226753,
      -0.011044886894524097,
      -0.00952489860355854
    ],
    [
      -0.009651178494095802,
      -0.008450453169643879,
      -0.00812457874417305,
      -0.011350134387612343,
      -0.009324274957180023,
      -0.008011147379875183,
      -0.007926401682198048,
      -0.011338322423398495,
      -0.006828964687883854,
      -0.012102044187486172,
      -0.007428801152855158,
      -0.007971442304551601,
      -0.009657692164182663,
      -0.014310890808701515,
      -0.014944218099117279,
      -0.009401924908161163,
      -0.008270042948424816,
      -0.011454609222710133,
      -0.007534721400588751,
      -0.011256569065153599,
      -0.007078833878040314,
      -0.008846485987305641,
      -0.012354549951851368,
      -0.008513852953910828,
      -0.009421554394066334,
      -0.015983859077095985,
      -0.009843166917562485,
      -0.010696022771298885,
      -0.009803646244108677,
      -0.006045231129974127,
      -0.010947376489639282,
      -0.008205568417906761,
      -0.01289916131645441,
      -0.007699513342231512,
      -0.012508946470916271,
      -0.00604697410017252,
      -0.011555397883057594,
      -0.007863029837608337,
      -0.010505394078791142,
      -0.011656773276627064,
      -0.008837555535137653,
      -0.011613207869231701,
      -0.014355289749801159,
      -0.010790932923555374,
      -0.007129942066967487,
      -0.00572483753785491,
      -0.006679616402834654,
      -0.009632229804992676,
      -0.011257660575211048,
      -0.012335344217717648
    ],
    [
      -0.0033693541772663593,
      -0.013267390429973602,
      -0.011332926340401173,
      -0.011355893686413765,
      -0.011994674801826477,
      -0.011325708590447903,
      -0.006225583143532276,
      -0.002773425541818142,
      -0.0065304902382195,
      -0.004775715060532093,
      -0.0074374680407345295,
      -0.011065338738262653,
      -0.013845260255038738,
      -0.011232782155275345,
      -0.007452812511473894,
      -0.01651252992451191,
      -0.025478839874267578,
      -0.00946547370404005,
      -0.009934489615261555,
      -0.0054080369882285595,
      -0.01094735972583294,
      -0.009921896271407604,
      -0.011694085784256458,
      -0.00970609299838543,
      -0.011826847679913044,
      -0.015185532160103321,
      -0.008781034499406815,
      -0.012678240425884724,
      -0.005927817430347204,
      -0.007734107784926891,
      -0.016173256561160088,
      -0.0031134444288909435,
      -0.005922071170061827,
      -0.007189558353275061,
      -0.01503266766667366,
      -0.01169535331428051,
      -0.008356712758541107,
      -0.0105052525177598,
      -0.010777454823255539,
      -0.01148951705545187,
      -0.003461000509560108,
      -0.010055696591734886,
      -0.010480654425919056,
      -0.007915855385363102,
      -0.006266235373914242,
      -0.009463222697377205,
      -0.012003098614513874,
      -0.007740560919046402,
      -0.005948144011199474,
      -0.009029320441186428
    ],
    [
      -0.011699213646352291,
      -0.005509973503649235,
      -0.012611388228833675,
      -0.006816544104367495,
      -0.009318435564637184,
      -0.013388005085289478,
      -0.014958811923861504,
      -0.012837196700274944,
      -0.022011438384652138,
      -0.010238009504973888,
      -0.011283790692687035,
      -0.016601722687482834,
      -0.014646975323557854,
      -0.014577949419617653,
      -0.010548784397542477,
      -0.01202820148319006,
      -0.01141177024692297,
      -0.007204105611890554,
      -0.014754317700862885,
