{
  "sigma_values": [
    2.0,
    4.0,
    6.0,
    8.0,
    10.0,
    12.0,
    16.0
  ],
  "metric_name": "quality_vs_adc_bits_sigma0.050",
  "per_trial": [
    [
      -0.31191757321357727,
      -0.34192660450935364,
      -0.24954810738563538,
      -0.31260573863983154,
      -0.2763556241989136,
      -0.24505475163459778,
      -0.32143673300743103,
      -0.30787867307662964,
      -0.267061322927475,
      -0.24504826962947845,
      -0.2908247113227844,
      -0.28525882959365845,
      -0.3027859926223755,
      -0.2826809287071228,
      -0.309255450963974,
      -0.3469526767730713,
      -0.3198392391204834,
      -0.2954646944999695,
      -0.34992167353630066,
      -0.2844996452331543,
      -0.29874131083488464,
      -0.26965194940567017,
      -0.2825988829135895,
      -0.296308308839798,
      -0.34108826518058777
    ],
    [
      -0.1247476115822792,
      -0.1260010153055191,
      -0.12601172924041748,
      -0.12634368240833282,
      -0.1254405528306961,
      -0.12475351989269257,
      -0.12618498504161835,
      -0.1285339742898941,
      -0.1256505250930786,
      -0.12627199292182922,
      -0.1263059675693512,
      -0.1246451735496521,
      -0.13049961626529694,
      -0.12724018096923828,
      -0.12763671576976776,
      -0.1265527456998825,
      -0.12535713613033295,
      -0.1255389153957367,
      -0.12716783583164215,
      -0.1299484223127365,
      -0.12800779938697815,
      -0.12639185786247253,
      -0.1264384537935257,
      -0.12559768557548523,
      -0.1257343888282776
    ],
    [
      -0.12468546628952026,
      -0.12764208018779755,
      -0.12481169402599335,
      -0.12646766006946564,
      -0.12565477192401886,
      -0.1265496164560318,
      -0.1257556974887848,
      -0.12451183050870895,
      -0.12676703929901123,
      -0.12498970329761505,
      -0.12579187750816345,
      -0.13053658604621887,
      -0.12536059319972992,
      -0.12660081684589386,
      -0.1268797218799591,
      -0.1247132197022438,
      -0.12471716105937958,
      -0.12529133260250092,
      -0.12563513219356537,
      -0.126252219080925,
      -0.1252439320087433,
      -0.12647293508052826,
      -0.12657995522022247,
      -0.12485948204994202,
      -0.1263384222984314
    ],
    [
      -0.12653566896915436,
      -0.12507838010787964,
      -0.12470633536577225,
      -0.12477148324251175,
      -0.12660790979862213,
      -0.12725940346717834,
      -0.12517595291137695,
      -0.12490715831518173,
      -0.12475348263978958,
      -0.12526515126228333,
      -0.1249120905995369,
      -0.12573373317718506,
      -0.12620599567890167,
      -0.1271754503250122,
      -0.12501896917819977,
      -0.1270001381635666,
      -0.12669764459133148,
      -0.12450331449508667,
      -0.12520098686218262,
      -0.1246170923113823,
      -0.1249198317527771,
      -0.12590357661247253,
      -0.1261167973279953,
      -0.12508150935173035,
      -0.12656919658184052
    ],
    [
      -0.12724660336971283,
      -0.12476138025522232,
      -0.1273973435163498,
      -0.12508654594421387,
      -0.12547191977500916,
      -0.1262519806623459,
      -0.12564168870449066,
      -0.12539663910865784,
      -0.12843476235866547,
      -0.12675920128822327,
      -0.12528449296951294,
      -0.12503346800804138,
      -0.12464526295661926,
      -0.12437541782855988,
      -0.12679187953472137,
      -0.12564492225646973,
      -0.1259108930826187,
      -0.125314861536026,
      -0.12558625638484955,
      -0.12505558133125305,
      -0.12678834795951843,
      -0.12546977400779724,
      -0.12497789412736893,
      -0.12562526762485504,
      -0.12449653446674347
    ],
    [
      -0.1258918046951294,
      -0.12807950377464294,
      -0.12440165132284164,
      -0.12584041059017181,
      -0.1261715292930603,
      -0.1284114271402359,
      -0.12641172111034393,
      -0.12621979415416718,
      -0.1239306703209877,
      -0.12439659982919693,
      -0.12465427070856094,
      -0.12463868409395218,
      -0.12481843680143356,
      -0.12827935814857483,
      -0.12733623385429382,
      -0.12643243372440338,
      -0.12729205191135406,
      -0.12459812313318253,
      -0.1251308172941208,
      -0.1257500797510147,
      -0.12871021032333374,
      -0.12592105567455292,
      -0.12544862926006317,
      -0.12717348337173462,
      -0.12460820376873016
    ],
    [
      -0.1253078728914261,
      -0.1240430399775505,
      -0.12475904822349548,
      -0.12594251334667206,
      -0.12417065352201462,
      -0.12554705142974854,
      -0.12590812146663666,
      -0.12468748539686203,
      -0.12615922093391418,
      -0.1273188591003418,
      -0.1275283247232437,
      -0.12508510053157806,
      -0.12488692998886108,
      -0.12449190020561218,
      -0.12506608664989471,
      -0.12541449069976807,
      -0.12773475050926208,
      -0.12534913420677185,
      -0.12493517994880676,
      -0.12463501840829849,
      -0.12484532594680786,
      -0.12600310146808624,
      -0.12490811198949814,
      -0.12698093056678772,
      -0.12674035131931305
    ]
  ],
  "digital_baseline": -0.12531010806560516,
  "mean": [
    -0.2973882383108139,
    -0.12652009934186936,
    -0.1259643578529358,
    -0.12562869012355804,
    -0.12573795676231384,
    -0.12602188736200332,
    -0.12553794413805008
  ],
  "std": [
    0.029401499900152766,
    0.0014467832641034198,
    0.0012496902530734412,
    0.0008734160639727223,
    0.000981024900625008,
    0.0013779693486218574,
    0.0010184130127761824
  ],
  "normalized_mean": [
    -0.37321827346217384,
    0.9903440249558263,
    0.9947789544081462,
    0.9974576507604153,
    0.9965856808894884,
    0.9943198572933517,
    0.9981818220735582
  ],
  "normalized_std": [
    0.2346299141706895,
    0.011545622986343347,
    0.009972780906223265,
    0.006970036794760818,
    0.007828777069694967,
    0.010996474026663771,
    0.008127141764517511
  ],
  "degradation_threshold_10pct": 16.0
}