{
  "sigma_values": [
    2.0,
    4.0,
    6.0,
    8.0,
    10.0,
    12.0,
    16.0
  ],
  "metric_name": "quality_vs_adc_bits_sigma0.050",
  "per_trial": [
    [
      -0.24268248677253723,
      -0.24953456223011017,
      -0.24648676812648773,
      -0.24660539627075195,
      -0.2478363811969757,
      -0.24400252103805542,
      -0.24662001430988312,
      -0.24569283425807953,
      -0.24803082644939423,
      -0.24241462349891663,
      -0.24008707702159882,
      -0.24571064114570618,
      -0.24709506332874298,
      -0.24467971920967102,
      -0.24222320318222046,
      -0.2453746348619461,
      -0.2428552210330963,
      -0.2426585555076599,
      -0.24469180405139923,
      -0.24704593420028687,
      -0.24781858921051025,
      -0.24899186193943024,
      -0.24194449186325073,
      -0.24486739933490753,
      -0.24426427483558655
    ],
    [
      -0.2420058697462082,
      -0.24219729006290436,
      -0.23889952898025513,
      -0.2417324036359787,
      -0.2394769787788391,
      -0.23880396783351898,
      -0.23983067274093628,
      -0.2382199466228485,
      -0.23898741602897644,
      -0.24032653868198395,
      -0.2404778003692627,
      -0.23906394839286804,
      -0.23967690765857697,
      -0.23866277933120728,
      -0.24184852838516235,
      -0.2435680478811264,
      -0.23746547102928162,
      -0.23882225155830383,
      -0.238492950797081,
      -0.23953010141849518,
      -0.24207806587219238,
      -0.24086709320545197,
      -0.2401191145181656,
      -0.23947526514530182,
      -0.2446882724761963
    ],
    [
      -0.23963001370429993,
      -0.24020910263061523,
      -0.24076920747756958,
      -0.24035198986530304,
      -0.23991751670837402,
      -0.2407134771347046,
      -0.23939402401447296,
      -0.24050326645374298,
      -0.24016566574573517,
      -0.240905299782753,
      -0.24058225750923157,
      -0.240049809217453,
      -0.2423945814371109,
      -0.23938855528831482,
      -0.24045102298259735,
      -0.2402278333902359,
      -0.2391369342803955,
      -0.23968449234962463,
      -0.23995524644851685,
      -0.24059250950813293,
      -0.23995231091976166,
      -0.23949502408504486,
      -0.2403186410665512,
      -0.242583766579628,
      -0.24034756422042847
    ],
    [
      -0.24027326703071594,
      -0.23926237225532532,
      -0.2402874082326889,
      -0.24015836417675018,
      -0.2406737357378006,
      -0.23965105414390564,
      -0.23944531381130219,
      -0.24062544107437134,
      -0.23942500352859497,
      -0.23931284248828888,
      -0.23955349624156952,
      -0.23985019326210022,
      -0.2400098443031311,
      -0.2396901398897171,
      -0.23983675241470337,
      -0.24107946455478668,
      -0.24058309197425842,
      -0.23989897966384888,
      -0.23946450650691986,
      -0.24033795297145844,
      -0.2400253415107727,
      -0.23989129066467285,
      -0.24027015268802643,
      -0.241252139210701,
      -0.2397385686635971
    ],
    [
      -0.2397794872522354,
      -0.23981085419654846,
      -0.23967687785625458,
      -0.24076801538467407,
      -0.23965713381767273,
      -0.23934493958950043,
      -0.24031953513622284,
      -0.23965148627758026,
      -0.2391965687274933,
      -0.23940645158290863,
      -0.24084818363189697,
      -0.23941205441951752,
      -0.23988518118858337,
      -0.24015720188617706,
      -0.23996993899345398,
      -0.2402835637331009,
      -0.23985116183757782,
      -0.2396087348461151,
      -0.24034272134304047,
      -0.23994459211826324,
      -0.24005308747291565,
      -0.2403291016817093,
      -0.2396506667137146,
      -0.23977476358413696,
      -0.2397836297750473
    ],
    [
      -0.2393253594636917,
      -0.2400667518377304,
      -0.23930993676185608,
      -0.23978576064109802,
      -0.23961900174617767,
      -0.2395171970129013,
      -0.24098768830299377,
      -0.23997704684734344,
      -0.24028082191944122,
      -0.23926925659179688,
      -0.24359096586704254,
      -0.24028067290782928,
      -0.24032646417617798,
      -0.23954933881759644,
      -0.2417137771844864,
      -0.24061302840709686,
      -0.2414732128381729,
      -0.23967556655406952,
      -0.23970669507980347,
      -0.23958724737167358,
      -0.23955824971199036,
      -0.23975823819637299,
      -0.24025693535804749,
      -0.23970533907413483,
      -0.24048259854316711
    ],
    [
      -0.24000370502471924,
      -0.23935815691947937,
      -0.23992998898029327,
      -0.23988433182239532,
      -0.2399527132511139,
      -0.239207923412323,
      -0.23956620693206787,
      -0.24004970490932465,
      -0.23972836136817932,
      -0.2399480789899826,
      -0.23950448632240295,
      -0.2405228167772293,
      -0.2418544590473175,
      -0.24089257419109344,
      -0.23946651816368103,
      -0.2397909313440323,
      -0.2407383918762207,
      -0.24147090315818787,
      -0.23998700082302094,
      -0.2397753894329071,
      -0.2395487129688263,
      -0.23979675769805908,
      -0.23960106074810028,
      -0.23959606885910034,
      -0.2405664324760437
    ]
  ],
  "digital_baseline": -0.23970134556293488,
  "mean": [
    -0.24520859539508819,
    -0.24021268844604493,
    -0.24030880451202394,
    -0.2400238686800003,
    -0.23990023732185364,
    -0.2401766860485077,
    -0.24002966701984405
  ],
  "std": [
    0.002389727964977805,
    0.0017292060059172015,
    0.0007887511677233818,
    0.0005204679322362584,
    0.00040539610887291424,
    0.0009367188741121195,
    0.0006335746127870994
  ],
  "normalized_mean": [
    0.9770245351805614,
    0.9978667500513643,
    0.9974657674629966,
    0.9986544793217244,
    0.9991702518045876,
    0.9980169469451392,
    0.9986302894706823
  ],
  "normalized_std": [
    0.009969605966814938,
    0.00721400208186645,
    0.0032905579477287123,
    0.002171318358743242,
    0.0016912550403955715,
    0.003907858222123242,
    0.0026431833801314687
  ],
  "degradation_threshold_10pct": 16.0
}