{
  "sigma_values": [
    2.0,
    4.0,
    6.0,
    8.0,
    10.0,
    12.0,
    16.0
  ],
  "metric_name": "quality_vs_adc_bits_sigma0.050",
  "per_trial": [
    [
      -0.25124725699424744,
      -0.2535545527935028,
      -0.25596126914024353,
      -0.2563086152076721,
      -0.25117745995521545,
      -0.2552892565727234,
      -0.25489330291748047,
      -0.25396934151649475,
      -0.25246500968933105,
      -0.25123897194862366,
      -0.25579389929771423,
      -0.25738999247550964,
      -0.25379833579063416,
      -0.25263381004333496,
      -0.25115031003952026,
      -0.25616389513015747,
      -0.254292756319046,
      -0.2515261769294739,
      -0.24953240156173706,
      -0.2543719708919525,
      -0.2537815272808075,
      -0.25227242708206177,
      -0.2539139688014984,
      -0.25599178671836853,
      -0.2511076331138611
    ],
    [
      -0.246324360370636,
      -0.24509799480438232,
      -0.24666059017181396,
      -0.246437668800354,
      -0.24705497920513153,
      -0.246082603931427,
      -0.24568898975849152,
      -0.2464473396539688,
      -0.24727468192577362,
      -0.24542072415351868,
      -0.24584157764911652,
      -0.24578042328357697,
      -0.24662163853645325,
      -0.24592936038970947,
      -0.24761705100536346,
      -0.24531535804271698,
      -0.2464636266231537,
      -0.24632340669631958,
      -0.2459404319524765,
      -0.24510377645492554,
      -0.24629808962345123,
      -0.24565084278583527,
      -0.24651557207107544,
      -0.24533498287200928,
      -0.24658100306987762
    ],
    [
      -0.24644766747951508,
      -0.24675919115543365,
      -0.2461518943309784,
      -0.24641743302345276,
      -0.24624121189117432,
      -0.2462664544582367,
      -0.24685505032539368,
      -0.24583685398101807,
      -0.24627523124217987,
      -0.24618811905384064,
      -0.2463892102241516,
      -0.24657201766967773,
      -0.24626868963241577,
      -0.24682016670703888,
      -0.24635398387908936,
      -0.24647121131420135,
      -0.24626612663269043,
      -0.2462126463651657,
      -0.24612754583358765,
      -0.24637679755687714,
      -0.24640251696109772,
      -0.24600820243358612,
      -0.2462964653968811,
      -0.24603480100631714,
      -0.24632693827152252
    ],
    [
      -0.24624724686145782,
      -0.24593205749988556,
      -0.24622328579425812,
      -0.24629905819892883,
      -0.24602216482162476,
      -0.2466871291399002,
      -0.24621428549289703,
      -0.24643178284168243,
      -0.24655094742774963,
      -0.2465292364358902,
      -0.24641679227352142,
      -0.24635668098926544,
      -0.24655087292194366,
      -0.24625667929649353,
      -0.24609263241291046,
      -0.2460358589887619,
      -0.246337890625,
      -0.24648022651672363,
      -0.24630200862884521,
      -0.24645021557807922,
      -0.24606339633464813,
      -0.2462206482887268,
      -0.24629217386245728,
      -0.24575775861740112,
      -0.24610313773155212
    ],
    [
      -0.2464299499988556,
      -0.24639244377613068,
      -0.24618838727474213,
      -0.24639080464839935,
      -0.24616536498069763,
      -0.24635440111160278,
      -0.24616722762584686,
      -0.2461535632610321,
      -0.24643191695213318,
      -0.24660710990428925,
      -0.24616938829421997,
      -0.24621480703353882,
      -0.24619731307029724,
      -0.24633930623531342,
      -0.24638694524765015,
      -0.24604667723178864,
      -0.24644285440444946,
      -0.24653688073158264,
      -0.24613656103610992,
      -0.2465921938419342,
      -0.24595700204372406,
      -0.24667762219905853,
      -0.24641647934913635,
      -0.24619217216968536,
      -0.2464667558670044
    ],
    [
      -0.24630586802959442,
      -0.2462751567363739,
      -0.24634519219398499,
      -0.24614907801151276,
      -0.24610793590545654,
      -0.2463003545999527,
      -0.24651996791362762,
      -0.24655218422412872,
      -0.24641166627407074,
      -0.2467755377292633,
      -0.2464236468076706,
      -0.24636535346508026,
      -0.2465590238571167,
      -0.24630890786647797,
      -0.24623626470565796,
      -0.24651603400707245,
      -0.24633407592773438,
      -0.2464105784893036,
      -0.2461809366941452,
      -0.24629968404769897,
      -0.2459699809551239,
      -0.24622952938079834,
      -0.24629251658916473,
      -0.24639983475208282,
      -0.24611538648605347
    ],
    [
      -0.2465430051088333,
      -0.2460419088602066,
      -0.24624870717525482,
      -0.24602754414081573,
      -0.24646511673927307,
      -0.24621784687042236,
      -0.2466827780008316,
      -0.2463550716638565,
      -0.24645911157131195,
      -0.24632114171981812,
      -0.24621430039405823,
      -0.245952770113945,
      -0.24632854759693146,
      -0.24620544910430908,
      -0.24630551040172577,
      -0.24627603590488434,
      -0.2463666796684265,
      -0.24645006656646729,
      -0.24624593555927277,
      -0.24636410176753998,
      -0.24627815186977386,
      -0.2460678070783615,
      -0.2462448626756668,
      -0.2461591362953186,
      -0.24636831879615784
    ]
  ],
  "digital_baseline": -0.24621181190013885,
  "mean": [
    -0.2535930371284485,
    -0.24615228295326233,
    -0.24633465707302094,
    -0.2462741667032242,
    -0.2463221651315689,
    -0.24633538782596587,
    -0.24628759622573854
  ],
  "std": [
    0.002042699509729375,
    0.0006410943551641568,
    0.00023456610544879693,
    0.00021360806943897392,
    0.00018063513999371227,
    0.00016788744912215326,
    0.00016275368640011529
  ],
  "normalized_mean": [
    0.9700208321796381,
    1.0002417794110572,
    0.9995010589787142,
    0.9997467432508452,
    0.9995517955431203,
    0.9994980909937938,
    0.9996921986601097
  ],
  "normalized_std": [
    0.008296513046895874,
    0.002603832652123849,
    0.0009527004559144981,
    0.0008675784796450436,
    0.0007336574902709222,
    0.0006818821884558763,
    0.0006610311875131588
  ],
  "degradation_threshold_10pct": 16.0
}