{
  "sigma_values": [
    0.0,
    0.01,
    0.02,
    0.03,
    0.05,
    0.07,
    0.1,
    0.12,
    0.15
  ],
  "metric_name": "quality_thermal_only",
  "per_trial": [
    [
      -0.24754837155342102,
      -0.24754533171653748,
      -0.24754966795444489,
      -0.2475513517856598,
      -0.24754390120506287,
      -0.24754679203033447,
      -0.24754519760608673,
      -0.24755212664604187,
      -0.2475525140762329,
      -0.2475513517856598
    ],
    [
      -0.24754434823989868,
      -0.2475513070821762,
      -0.24754899740219116,
      -0.24754194915294647,
      -0.2475418746471405,
      -0.24754497408866882,
      -0.24754880368709564,
      -0.24755871295928955,
      -0.24755005538463593,
      -0.24754588305950165
    ],
    [
      -0.2475547343492508,
      -0.24755024909973145,
      -0.24754589796066284,
      -0.24755419790744781,
      -0.247548907995224,
      -0.24755334854125977,
      -0.2475416511297226,
      -0.2475500851869583,
      -0.24755097925662994,
      -0.24754442274570465
    ],
    [
      -0.24754661321640015,
      -0.24754548072814941,
      -0.2475428581237793,
      -0.2475500851869583,
      -0.24755047261714935,
      -0.2475455403327942,
      -0.24754644930362701,
      -0.24753950536251068,
      -0.24754351377487183,
      -0.24754491448402405
    ],
    [
      -0.24754562973976135,
      -0.2475404590368271,
      -0.2475479543209076,
      -0.2475433498620987,
      -0.24754616618156433,
      -0.24754318594932556,
      -0.24754218757152557,
      -0.2475481927394867,
      -0.24754095077514648,
      -0.24754397571086884
    ],
    [
      -0.24754177033901215,
      -0.24754557013511658,
      -0.2475409358739853,
      -0.24754852056503296,
      -0.24755337834358215,
      -0.2475484311580658,
      -0.2475443184375763,
      -0.24754361808300018,
      -0.2475464791059494,
      -0.24754412472248077
    ],
    [
      -0.24754323065280914,
      -0.24754804372787476,
      -0.24754288792610168,
      -0.2475442737340927,
      -0.24754293262958527,
      -0.2475447952747345,
      -0.24754583835601807,
      -0.24754738807678223,
      -0.24754196405410767,
      -0.24754483997821808
    ],
    [
      -0.2475472092628479,
      -0.24754388630390167,
      -0.2475511133670807,
      -0.24754391610622406,
      -0.24754589796066284,
      -0.24754096567630768,
      -0.24755094945430756,
      -0.24754290282726288,
      -0.24755364656448364,
      -0.2475418895483017
    ],
    [
      -0.2475401908159256,
      -0.24754968285560608,
      -0.2475496232509613,
      -0.24754469096660614,
      -0.2475471794605255,
      -0.247540682554245,
      -0.24754880368709564,
      -0.24755145609378815,
      -0.24754604697227478,
      -0.2475477159023285
    ]
  ],
  "digital_baseline": -0.24754662811756134,
  "mean": [
    -0.2475486606359482,
    -0.24754769057035447,
    -0.2475494474172592,
    -0.24754554331302642,
    -0.24754420518875123,
    -0.24754571467638015,
    -0.2475446194410324,
    -0.24754623770713807,
    -0.24754660725593566
  ],
  "std": [
    3.0275932744568553e-06,
    4.8137072854344375e-06,
    4.099421838050197e-06,
    3.0834661446855065e-06,
    2.5758518085074357e-06,
    3.4908052539335095e-06,
    1.894708281715615e-06,
    4.13115338260342e-06,
    3.587568364586199e-06
  ],
  "normalized_mean": [
    0.9999917893513546,
    0.9999957080700262,
    0.9999886110357499,
    1.0000043822230307,
    1.0000097877673735,
    1.0000036899762608,
    1.0000081143360515,
    1.000001577118728,
    1.00000008427352
  ],
  "normalized_std": [
    1.2230395935827627e-05,
    1.944565887259179e-05,
    1.6560200675015285e-05,
    1.2456102384158312e-05,
    1.0405521691388778e-05,
    1.4101606959783374e-05,
    7.653945020878277e-06,
    1.6688384786406832e-05,
    1.4492495381041675e-05
  ],
  "degradation_threshold_10pct": 0.15
}