{
  "sigma_values": [
    0.0,
    0.01,
    0.02,
    0.03,
    0.05,
    0.07,
    0.1,
    0.12,
    0.15
  ],
  "metric_name": "quality_mismatch_only",
  "per_trial": [
    [
      -0.12531010806560516,
      -0.12531010806560516,
      -0.12531010806560516,
      -0.12531010806560516,
      -0.12531010806560516,
      -0.12531010806560516,
      -0.12531010806560516,
      -0.12531010806560516,
      -0.12531010806560516,
      -0.12531010806560516
    ],
    [
      -0.12563562393188477,
      -0.12564098834991455,
      -0.12530650198459625,
      -0.12535955011844635,
      -0.12492800503969193,
      -0.12557177245616913,
      -0.12486851215362549,
      -0.12536098062992096,
      -0.1254802644252777,
      -0.12524822354316711
    ],
    [
      -0.12571501731872559,
      -0.12493656575679779,
      -0.12582996487617493,
      -0.125343918800354,
      -0.12554539740085602,
      -0.1251911222934723,
      -0.1252116709947586,
      -0.12493376433849335,
      -0.12580399215221405,
      -0.1257971227169037
    ],
    [
      -0.12657859921455383,
      -0.12451952695846558,
      -0.12513020634651184,
      -0.1258280873298645,
      -0.12522903084754944,
      -0.1257936805486679,
      -0.12549084424972534,
      -0.12596233189105988,
      -0.12498180568218231,
      -0.12515507638454437
    ],
    [
      -0.1268659085035324,
      -0.12707851827144623,
      -0.12398679554462433,
      -0.12484880536794662,
      -0.12599384784698486,
      -0.12562376260757446,
      -0.12417944520711899,
      -0.1255396157503128,
      -0.12467347085475922,
      -0.12567825615406036
    ],
    [
      -0.12428740411996841,
      -0.12676051259040833,
      -0.1259675920009613,
      -0.1256307065486908,
      -0.12812578678131104,
      -0.12392497062683105,
      -0.1246197521686554,
      -0.12639126181602478,
      -0.1261175572872162,
      -0.12444167584180832
    ],
    [
      -0.12428555637598038,
      -0.12676391005516052,
      -0.12426605820655823,
      -0.1254093050956726,
      -0.13086099922657013,
      -0.12660114467144012,
      -0.12466397881507874,
      -0.1267029345035553,
      -0.12844109535217285,
      -0.12485795468091965
    ],
    [
      -0.13256898522377014,
      -0.12853366136550903,
      -0.12515302002429962,
      -0.12850147485733032,
      -0.12882424890995026,
      -0.12945812940597534,
      -0.1247686818242073,
      -0.12585650384426117,
      -0.1333054155111313,
      -0.12630093097686768
    ],
    [
      -0.12947756052017212,
      -0.13060317933559418,
      -0.12498359382152557,
      -0.124793641269207,
      -0.12724687159061432,
      -0.1289597749710083,
      -0.1235465332865715,
      -0.1242770105600357,
      -0.12587933242321014,
      -0.13019154965877533
    ]
  ],
  "digital_baseline": -0.12531010806560516,
  "mean": [
    -0.12531010806560516,
    -0.12534004226326942,
    -0.12543085366487502,
    -0.1254669189453125,
    -0.12544684261083602,
    -0.12562672197818756,
    -0.12628529369831085,
    -0.12832710519433022,
    -0.12699590474367142
  ],
  "std": [
    0.0,
    0.0002556928086764804,
    0.00033630827171991117,
    0.0005584938257684276,
    0.0009880573868829823,
    0.0012482190226828299,
    0.0019899094735991614,
    0.002780701425992766,
    0.002504787513185829
  ],
  "normalized_mean": [
    1.0,
    0.9997611190499606,
    0.9990364257031312,
    0.9987486174728598,
    0.9989088306814062,
    0.9974733569584296,
    0.9922178214689981,
    0.9759237528775769,
    0.9865470016418494
  ],
  "normalized_std": [
    0.0,
    0.0020404803141867403,
    0.002683808009676598,
    0.004456893656783317,
    0.007884897731998542,
    0.009961040190224193,
    0.01587987995794688,
    0.022190559635755405,
    0.01998871082191124
  ],
  "degradation_threshold_10pct": 0.15
}