{
  "sigma_values": [
    0.0,
    0.01,
    0.02,
    0.03,
    0.05,
    0.07,
    0.1,
    0.12,
    0.15
  ],
  "metric_name": "quality_mismatch_only",
  "per_trial": [
    [
      -0.23874826729297638,
      -0.23874826729297638,
      -0.23874826729297638,
      -0.23874826729297638,
      -0.23874826729297638,
      -0.23874826729297638,
      -0.23874826729297638,
      -0.23874826729297638,
      -0.23874826729297638,
      -0.23874826729297638
    ],
    [
      -0.2387336939573288,
      -0.23880387842655182,
      -0.23869962990283966,
      -0.23881174623966217,
      -0.23877373337745667,
      -0.23876333236694336,
      -0.23875996470451355,
      -0.23886126279830933,
      -0.23874495923519135,
      -0.2387121319770813
    ],
    [
      -0.23861707746982574,
      -0.23859252035617828,
      -0.238877072930336,
      -0.23893193900585175,
      -0.23883642256259918,
      -0.23876191675662994,
      -0.23881736397743225,
      -0.23873747885227203,
      -0.23888713121414185,
      -0.23877452313899994
    ],
    [
      -0.23892250657081604,
      -0.23884347081184387,
      -0.23882465064525604,
      -0.23864656686782837,
      -0.23878513276576996,
      -0.23895125091075897,
      -0.23876874148845673,
      -0.23863163590431213,
      -0.23903346061706543,
      -0.2387336641550064
    ],
    [
      -0.23889876902103424,
      -0.23851022124290466,
      -0.238803431391716,
      -0.2390739470720291,
      -0.23879770934581757,
      -0.23909851908683777,
      -0.23884238302707672,
      -0.2384636551141739,
      -0.2389213889837265,
      -0.2387721836566925
    ],
    [
      -0.23847272992134094,
      -0.23868857324123383,
      -0.23879283666610718,
      -0.23960623145103455,
      -0.23912948369979858,
      -0.23929956555366516,
      -0.23878298699855804,
      -0.23848560452461243,
      -0.2387678623199463,
      -0.2391548752784729
    ],
    [
      -0.2393675148487091,
      -0.2397981435060501,
      -0.23914986848831177,
      -0.23910494148731232,
      -0.23908214271068573,
      -0.23861326277256012,
      -0.2390880286693573,
      -0.23859833180904388,
      -0.2386881411075592,
      -0.23867455124855042
    ],
    [
      -0.23909541964530945,
      -0.23876190185546875,
      -0.23857109248638153,
      -0.2393551766872406,
      -0.2385835498571396,
      -0.23942169547080994,
      -0.23925676941871643,
      -0.23947817087173462,
      -0.23894451558589935,
      -0.2396935373544693
    ],
    [
      -0.23845918476581573,
      -0.23957288265228271,
      -0.2377389520406723,
      -0.23906829953193665,
      -0.23926417529582977,
      -0.23920710384845734,
      -0.2381756603717804,
      -0.2384657859802246,
      -0.23922869563102722,
      -0.23940648138523102
    ]
  ],
  "digital_baseline": -0.23874826729297638,
  "mean": [
    -0.23874826729297638,
    -0.2387664332985878,
    -0.2387833446264267,
    -0.2388141080737114,
    -0.2388182207942009,
    -0.23891807496547698,
    -0.239016492664814,
    -0.23911618292331696,
    -0.23885872215032578
  ],
  "std": [
    0.0,
    4.6364977038711016e-05,
    0.00010597680635611368,
    0.000122630466959844,
    0.00019621874954317103,
    0.00034848150883151386,
    0.00036488707414337123,
    0.00037024739616085237,
    0.0005754231456288944
  ],
  "normalized_mean": [
    1.0,
    0.9999239114661757,
    0.9998530781653495,
    0.9997242250949858,
    0.999706998915562,
    0.9992887585136179,
    0.9988765347917332,
    0.9984589809404183,
    0.9995373584964541
  ],
  "normalized_std": [
    0.0,
    0.00019420026609791026,
    0.0004438851328963398,
    0.0005136391913971877,
    0.000821864601439742,
    0.001459619007009923,
    0.0015283339153854695,
    0.0015507856888716549,
    0.0024101667926359122
  ],
  "degradation_threshold_10pct": 0.15
}