{
  "sigma_values": [
    0.0,
    0.01,
    0.02,
    0.03,
    0.05,
    0.07,
    0.1,
    0.12,
    0.15
  ],
  "metric_name": "output_mse",
  "per_trial": [
    [
      -0.0052510774694383144,
      -0.005250120535492897,
      -0.005240804050117731,
      -0.005237571895122528,
      -0.005236889235675335,
      -0.005251350346952677,
      -0.0052316077053546906,
      -0.005250202491879463,
      -0.005237936973571777,
      -0.005257566925138235,
      -0.005263890605419874,
      -0.005253429990261793,
      -0.0052574751898646355,
      -0.005254092160612345,
      -0.005257051438093185,
      -0.005238146521151066,
      -0.005248512141406536,
      -0.00524498475715518,
      -0.0052266246639192104,
      -0.00525682745501399,
      -0.005236133933067322,
      -0.005253167357295752,
      -0.005241206847131252,
      -0.005261245649307966,
      -0.005248209927231073,
      -0.0052493782714009285,
      -0.0052553219720721245,
      -0.005257170181721449,
      -0.0052604372613132,
      -0.005237907636910677,
      -0.005260972306132317,
      -0.0052498881705105305,
      -0.005247316788882017,
      -0.005263854283839464,
      -0.005273470189422369,
      -0.005239174235612154,
      -0.005252971779555082,
      -0.005248693749308586,
      -0.0052526891231536865,
      -0.005236857570707798,
      -0.0052581350319087505,
      -0.0052567943930625916,
      -0.0052351211197674274,
      -0.005243736319243908,
      -0.005245419684797525,
      -0.005272983573377132,
      -0.005244922358542681,
      -0.005252612289041281,
      -0.00523833092302084,
      -0.0052587538957595825
    ],
    [
      -0.005633755121380091,
      -0.0052863238379359245,
      -0.005464441142976284,
      -0.005054972134530544,
      -0.005484757944941521,
      -0.0057792142033576965,
      -0.004707768559455872,
      -0.004974674433469772,
      -0.0055491020902991295,
      -0.005821605678647757,
      -0.004310728050768375,
      -0.005099889822304249,
      -0.00541619211435318,
      -0.006436858791857958,
      -0.005142965354025364,
      -0.006228446029126644,
      -0.004885261878371239,
      -0.005235966760665178,
      -0.005752589087933302,
      -0.005180250853300095,
      -0.004559247754514217,
      -0.004846574272960424,
      -0.005146518815308809,
      -0.005806711036711931,
      -0.005203950218856335,
      -0.0071420310996472836,
      -0.00529257208108902,
      -0.004614120814949274,
      -0.005724176298826933,
      -0.00502806669101119,
      -0.005654485896229744,
      -0.0054008071310818195,
      -0.006627501919865608,
      -0.005781747866421938,
      -0.0047126347199082375,
      -0.005452683661133051,
      -0.005587346386164427,
      -0.004607326816767454,
      -0.004892317112535238,
      -0.005729095544666052,
      -0.005551961716264486,
      -0.005187684670090675,
      -0.005344798788428307,
      -0.006155515089631081,
      -0.005853232461959124,
      -0.00493299774825573,
      -0.004758159164339304,
      -0.006159286946058273,
      -0.007025601342320442,
      -0.004433886148035526
    ],
    [
      -0.006373962853103876,
      -0.004000189248472452,
      -0.005268625449389219,
      -0.005918513052165508,
      -0.005962783005088568,
      -0.004942144267261028,
      -0.004558838903903961,
      -0.005440065637230873,
      -0.005011338274925947,
      -0.004766739904880524,
      -0.0032423140946775675,
      -0.0061078062281012535,
      -0.003390122205018997,
      -0.0072214542888104916,
      -0.006007406860589981,
      -0.006082498002797365,
      -0.0036953254602849483,
      -0.005686876829713583,
      -0.0053666322492063046,
      -0.003190696006640792,
      -0.006226299796253443,
      -0.0040871258825063705,
      -0.004933488555252552,
      -0.006145048420876265,
      -0.005458757281303406,
      -0.006130063906311989,
      -0.002793332329019904,
      -0.006319217849522829,
      -0.0035935137420892715,
      -0.002997663104906678,
      -0.005783619359135628,
      -0.005362624302506447,
      -0.006445420440286398,
      -0.006435571704059839,
      -0.0057093002833426,
      -0.005663758609443903,
      -0.004324428271502256,
      -0.003722541034221649,
      -0.005390773992985487,
      -0.004728442057967186,
      -0.004523144103586674,
      -0.006510949227958918,
      -0.005508317146450281,
      -0.00669186282902956,
      -0.005023549310863018,
      -0.0046216328628361225,
      -0.006658748257905245,
      -0.006003497634083033,
      -0.0037752576172351837,
      -0.0077259717509150505
    ],
    [
      -0.004962387960404158,
      -0.014498491771519184,
      -0.007417149841785431,
      -0.006222223863005638,
      -0.0033909715712070465,
      -0.007341985125094652,
      -0.005108173470944166,
      -0.005077086389064789,
      -0.005150859244167805,
      -0.008420681580901146,
      -0.003473870921880007,
      -0.006011600140482187,
      -0.0045686704106628895,
      -0.007323284167796373,
      -0.003591276705265045,
      -0.004840109962970018,
      -0.003957503009587526,
      -0.009260517545044422,
      -0.003341608913615346,
      -0.0029194566886872053,
      -0.003960972186177969,
      -0.006937666330486536,
      -0.007685860153287649,
      -0.006026371382176876,
      -0.00488924328237772,
      -0.005911558400839567,
      -0.008085756562650204,
      -0.005606737919151783,
      -0.004192843567579985,
      -0.005783282686024904,
      -0.005630039609968662,
      -0.0063345832750201225,
      -0.007465921808034182,
      -0.004577037878334522,
      -0.0023040466476231813,
      -0.008303733542561531,
      -0.007361632771790028,
      -0.0075610326603055,
      -0.006609494797885418,
      -0.004181709606200457,
      -0.005301684606820345,
      -0.007035505957901478,
      -0.007849697954952717,
      -0.005151939578354359,
      -0.0059947362169623375,
      -0.003969598561525345,
      -0.004437911324203014,
      -0.0036289964336901903,
      -0.003923677373677492,
      -0.005828774534165859
    ],
    [
      -0.0042964317835867405,
      -0.0035393901634961367,
      -0.010796600952744484,
      -0.0072148945182561874,
      -0.0016555708134546876,
      -0.0029022067319601774,
      -0.005213624332100153,
      -0.0067826732993125916,
      -0.005646427161991596,
      -0.004557877313345671,
      -0.01225220039486885,
      -0.005366249475628138,
      -0.00861445628106594,
      -0.006259235553443432,
      -0.012737643904983997,
      -0.003761578816920519,
      -0.0020807203836739063,
      -0.0035297113936394453,
      -0.002771826460957527,
      -0.0007917076582089067,
      -0.004433355759829283,
      -0.008132059127092361,
      -0.0045843045227229595,
      -0.004773606546223164,
      -0.012044318951666355,
      -0.0038218656554818153,
      -0.004973108880221844,
      -0.006219109054654837,
      -0.0037945748772472143,
      -0.0020459189545363188,
      -0.0074168480932712555,
      -0.00532960519194603,
      -0.005899650044739246,
      -0.0040277703665196896,
      -0.008522924967110157,
      -0.015810368582606316,
      -0.007092458661645651,
      -0.015549158677458763,
      -0.003796990728005767,
      -0.0029589335899800062,
      -0.014629531651735306,
      -0.0071144080720841885,
      -0.009698464535176754,
      -0.0028966718818992376,
      -0.00662278151139617,
      -0.0006190259591676295,
      -0.006185560487210751,
      -0.0035008760169148445,
      -0.0074465833604335785,
      -0.010208715684711933
    ],
    [
      -0.016491306945681572,
      -0.011406945995986462,
      -0.004606403410434723,
      -0.011504734866321087,
      -0.005059795454144478,
      -0.012798241339623928,
      -0.006583324633538723,
      -0.006989027839154005,
      -0.010533498600125313,
      -0.008720863610506058,
      -0.011148788966238499,
      -0.0060483235865831375,
      -0.007648495491594076,
      -0.020551787689328194,
      -0.013045542873442173,
      -0.009026321582496166,
