{
  "sigma_values": [
    0.0,
    0.01,
    0.02,
    0.03,
    0.05,
    0.07,
    0.1,
    0.12,
    0.15
  ],
  "metric_name": "quality_mismatch_only",
  "per_trial": [
    [
      -0.24621181190013885,
      -0.24621181190013885,
      -0.24621181190013885,
      -0.24621181190013885,
      -0.24621181190013885,
      -0.24621181190013885,
      -0.24621181190013885,
      -0.24621181190013885,
      -0.24621181190013885,
      -0.24621181190013885
    ],
    [
      -0.24618615210056305,
      -0.24619866907596588,
      -0.2462034374475479,
      -0.24621786177158356,
      -0.24618850648403168,
      -0.24621884524822235,
      -0.2462429404258728,
      -0.24623623490333557,
      -0.24627220630645752,
      -0.24623332917690277
    ],
    [
      -0.24621853232383728,
      -0.2462761253118515,
      -0.24619527161121368,
      -0.24625088274478912,
      -0.24612857401371002,
      -0.2461952418088913,
      -0.2463178038597107,
      -0.24621640145778656,
      -0.24623942375183105,
      -0.24617865681648254
    ],
    [
      -0.24618062376976013,
      -0.24616163969039917,
      -0.2463456094264984,
      -0.24632471799850464,
      -0.24623997509479523,
      -0.24625471234321594,
      -0.24623894691467285,
      -0.24617242813110352,
      -0.24639810621738434,
      -0.24622467160224915
    ],
    [
      -0.24629290401935577,
      -0.2462315559387207,
      -0.24630534648895264,
      -0.24658143520355225,
      -0.2464805245399475,
      -0.24589374661445618,
      -0.2462437003850937,
      -0.24608111381530762,
      -0.24624712765216827,
      -0.24627169966697693
    ],
    [
      -0.2463715374469757,
      -0.24644982814788818,
      -0.24731428921222687,
      -0.24669545888900757,
      -0.24641157686710358,
      -0.24625419080257416,
      -0.2467944473028183,
      -0.24674592912197113,
      -0.24668627977371216,
      -0.24657230079174042
    ],
    [
      -0.2465714067220688,
      -0.24726881086826324,
      -0.24562539160251617,
      -0.24612687528133392,
      -0.24714404344558716,
      -0.24596291780471802,
      -0.24658681452274323,
      -0.24676060676574707,
      -0.2466985583305359,
      -0.24679306149482727
    ],
    [
      -0.24632471799850464,
      -0.24600031971931458,
      -0.24750587344169617,
      -0.24659276008605957,
      -0.24792374670505524,
      -0.24609433114528656,
      -0.2463066130876541,
      -0.24642466008663177,
      -0.24741293489933014,
      -0.24639716744422913
    ],
    [
      -0.24674560129642487,
      -0.2468847930431366,
      -0.2469785511493683,
      -0.24799908697605133,
      -0.2470366209745407,
      -0.254016637802124,
      -0.2458297610282898,
      -0.24645425379276276,
      -0.2462434470653534,
      -0.24696406722068787
    ]
  ],
  "digital_baseline": -0.24621181190013885,
  "mean": [
    -0.24621181190013885,
    -0.24621981829404832,
    -0.24622169137001038,
    -0.24625414311885835,
    -0.24626291543245316,
    -0.2466295838356018,
    -0.24655384868383406,
    -0.2466983124613762,
    -0.24751528203487397
  ],
  "std": [
    0.0,
    2.562308378494125e-05,
    5.0324545652492416e-05,
    7.484126056863002e-05,
    0.00017958974775812746,
    0.0002842041438726,
    0.0004873752671832151,
    0.0006313662026948538,
    0.0022337631756904662
  ],
  "normalized_mean": [
    1.0,
    0.9999674816823463,
    0.9999598741027278,
    0.9998280699110542,
    0.999792440777232,
    0.9983032010843071,
    0.9986108027025368,
    0.9980240567766316,
    0.9947058992634205
  ],
  "normalized_std": [
    0.0,
    0.00010406927103616672,
    0.0002043953345053306,
    0.00030397104018301495,
    0.0007294115841646433,
    0.0011543075114035166,
    0.00197949587967327,
    0.0025643213370726906,
    0.009072526449691452
  ],
  "degradation_threshold_10pct": 0.15
}