{
  "sigma_values": [
    0.0,
    0.01,
    0.02,
    0.03,
    0.05,
    0.07,
    0.1,
    0.12,
    0.15
  ],
  "metric_name": "quality_thermal_only",
  "per_trial": [
    [
      -0.25036531686782837,
      -0.25036633014678955,
      -0.2503708600997925,
      -0.25036802887916565,
      -0.2503705620765686,
      -0.2503681480884552,
      -0.2503701150417328,
      -0.25036486983299255,
      -0.2503674030303955,
      -0.2503654360771179
    ],
    [
      -0.2503725588321686,
      -0.2503643333911896,
      -0.25036656856536865,
      -0.25036993622779846,
      -0.25036776065826416,
      -0.2503648102283478,
      -0.25036484003067017,
      -0.2503747344017029,
      -0.2503633499145508,
      -0.25036871433258057
    ],
    [
      -0.25036755204200745,
      -0.2503686249256134,
      -0.2503725290298462,
      -0.2503657042980194,
      -0.25036418437957764,
      -0.2503680884838104,
      -0.2503666877746582,
      -0.2503662407398224,
      -0.2503700852394104,
      -0.25036343932151794
    ],
    [
      -0.2503659129142761,
      -0.2503666281700134,
      -0.2503708004951477,
      -0.2503628432750702,
      -0.25037136673927307,
      -0.25036749243736267,
      -0.2503630518913269,
      -0.2503634989261627,
      -0.2503666579723358,
      -0.2503717541694641
    ],
    [
      -0.2503695487976074,
      -0.2503702640533447,
      -0.2503668963909149,
      -0.25036612153053284,
      -0.2503674030303955,
      -0.25036531686782837,
      -0.2503631114959717,
      -0.2503696382045746,
      -0.2503659129142761,
      -0.25036895275115967
    ],
    [
      -0.25036269426345825,
      -0.2503631114959717,
      -0.250369131565094,
      -0.250365287065506,
      -0.250370591878891,
      -0.25036484003067017,
      -0.2503615617752075,
      -0.25037291646003723,
      -0.2503644526004791,
      -0.2503672242164612
    ],
    [
      -0.250367671251297,
      -0.25036001205444336,
      -0.2503673732280731,
      -0.25036656856536865,
      -0.25036948919296265,
      -0.25036850571632385,
      -0.2503672242164612,
      -0.2503753900527954,
      -0.25036248564720154,
      -0.2503626346588135
    ],
    [
      -0.25036653876304626,
      -0.2503703534603119,
      -0.2503589391708374,
      -0.25036248564720154,
      -0.25035783648490906,
      -0.2503714859485626,
      -0.2503637671470642,
      -0.2503737509250641,
      -0.250370055437088,
      -0.2503708302974701
    ],
    [
      -0.25036418437957764,
      -0.2503671944141388,
      -0.2503640651702881,
      -0.25036707520484924,
      -0.2503657639026642,
      -0.2503671944141388,
      -0.25036415457725525,
      -0.2503603398799896,
      -0.2503676414489746,
      -0.25036951899528503
    ]
  ],
  "digital_baseline": -0.250366747379303,
  "mean": [
    -0.25036770701408384,
    -0.25036776065826416,
    -0.25036731362342834,
    -0.2503670006990433,
    -0.2503673166036606,
    -0.2503661811351776,
    -0.250366735458374,
    -0.2503666043281555,
    -0.25036571323871615
  ],
  "std": [
    2.1236240761331955e-06,
    3.565882433254758e-06,
    2.572822599080841e-06,
    3.208071543677637e-06,
    2.1679812031996253e-06,
    3.5088105702929012e-06,
    4.089617106422307e-06,
    5.285604664040875e-06,
    2.4658265769042467e-06
  ],
  "normalized_mean": [
    0.9999961670837245,
    0.9999959528213239,
    0.9999977383413281,
    0.999998988205331,
    0.9999977264378614,
    1.000002261658672,
    1.0000000476138668,
    1.0000005713664013,
    1.0000041305029428
  ],
  "normalized_std": [
    8.482053221372595e-06,
    1.4242635935404329e-05,
    1.0276215296207214e-05,
    1.2813488920784845e-05,
    8.659221825153787e-06,
    1.4014682888287439e-05,
    1.6334505876799126e-05,
    2.111144838269293e-05,
    9.848858135975004e-06
  ],
  "degradation_threshold_10pct": 0.15
}