{
  "sigma_values": [
    2.0,
    4.0,
    6.0,
    8.0,
    10.0,
    12.0,
    16.0
  ],
  "metric_name": "quality_vs_adc_bits_sigma0.050",
  "per_trial": [
    [
      -0.2622085213661194,
      -0.2532234787940979,
      -0.2547762989997864,
      -0.28226032853126526,
      -0.2723503112792969,
      -0.26347360014915466,
      -0.2698667049407959,
      -0.26236552000045776,
      -0.2665136456489563,
      -0.25806424021720886,
      -0.25835850834846497,
      -0.2638816237449646,
      -0.28427472710609436,
      -0.25418898463249207,
      -0.27129244804382324,
      -0.2555108368396759,
      -0.25293564796447754,
      -0.25189509987831116,
      -0.25781306624412537,
      -0.25677916407585144,
      -0.25669199228286743,
      -0.2577427923679352,
      -0.26829057931900024,
      -0.2559290826320648,
      -0.2589375376701355
    ],
    [
      -0.24908757209777832,
      -0.2470470368862152,
      -0.24705670773983002,
      -0.24903324246406555,
      -0.24869763851165771,
      -0.24847979843616486,
      -0.24925154447555542,
      -0.24966898560523987,
      -0.24822275340557098,
      -0.2474825531244278,
      -0.2486903816461563,
      -0.2495562881231308,
      -0.24961411952972412,
      -0.24840889871120453,
      -0.2472977638244629,
      -0.2492283284664154,
      -0.24884210526943207,
      -0.24796397984027863,
      -0.2488139122724533,
      -0.24938257038593292,
      -0.24850578606128693,
      -0.24948252737522125,
      -0.24764001369476318,
      -0.24865052103996277,
      -0.2496728152036667
    ],
    [
      -0.2478550225496292,
      -0.24784158170223236,
      -0.24800217151641846,
      -0.24715763330459595,
      -0.24711857736110687,
      -0.2474171221256256,
      -0.2496817708015442,
      -0.24942299723625183,
      -0.24809429049491882,
      -0.2509797215461731,
      -0.2474128156900406,
      -0.24700751900672913,
      -0.24796649813652039,
      -0.247825026512146,
      -0.24800819158554077,
      -0.25050145387649536,
      -0.24766461551189423,
      -0.24811826646327972,
      -0.2476741075515747,
      -0.2476411759853363,
      -0.24788989126682281,
      -0.24828140437602997,
      -0.2479233294725418,
      -0.24774834513664246,
      -0.24943102896213531
    ],
    [
      -0.24828863143920898,
      -0.24738891422748566,
      -0.24741193652153015,
      -0.2489464282989502,
      -0.2477814257144928,
      -0.24696557223796844,
      -0.248916894197464,
      -0.24788057804107666,
      -0.24752919375896454,
      -0.2485191822052002,
      -0.24730028212070465,
      -0.24719837307929993,
      -0.24801155924797058,
      -0.24724198877811432,
      -0.24847866594791412,
      -0.24782559275627136,
      -0.24792708456516266,
      -0.24760112166404724,
      -0.2495032697916031,
      -0.25019097328186035,
      -0.2476087063550949,
      -0.2477308064699173,
      -0.2473682463169098,
      -0.24703283607959747,
      -0.24821288883686066
    ],
    [
      -0.2474038004875183,
      -0.24732346832752228,
      -0.24793219566345215,
      -0.24806034564971924,
      -0.2477451115846634,
      -0.2479311227798462,
      -0.24740926921367645,
      -0.248710498213768,
      -0.24750368297100067,
      -0.2483031153678894,
      -0.2473844438791275,
      -0.24822008609771729,
      -0.2480430155992508,
      -0.2469610571861267,
      -0.24742990732192993,
      -0.24751435220241547,
      -0.2478734850883484,
      -0.2470693439245224,
      -0.24745315313339233,
      -0.24723754823207855,
      -0.24795475602149963,
      -0.2472088485956192,
      -0.24746733903884888,
      -0.24769455194473267,
      -0.24758002161979675
    ],
    [
      -0.2473960816860199,
      -0.24877744913101196,
      -0.24694877862930298,
      -0.2474031150341034,
      -0.2469494640827179,
      -0.24747434258460999,
      -0.24736201763153076,
      -0.2491452544927597,
      -0.24750417470932007,
      -0.2472621202468872,
      -0.2476673275232315,
      -0.24709221720695496,
      -0.2477445900440216,
      -0.24719181656837463,
      -0.24778129160404205,
      -0.24938201904296875,
      -0.24772308766841888,
      -0.24819806218147278,
      -0.24843265116214752,
      -0.2475426197052002,
      -0.24769946932792664,
      -0.24835772812366486,
      -0.2472521811723709,
      -0.24908433854579926,
      -0.24732881784439087
    ],
    [
      -0.24735508859157562,
      -0.24911047518253326,
      -0.24771110713481903,
      -0.24851424992084503,
      -0.24875475466251373,
      -0.24848110973834991,
      -0.24761362373828888,
      -0.247835174202919,
      -0.24720311164855957,
      -0.24739010632038116,
      -0.2471894472837448,
      -0.24712583422660828,
      -0.25168377161026,
      -0.24751171469688416,
      -0.24794131517410278,
      -0.2483864426612854,
      -0.24728131294250488,
      -0.24724885821342468,
      -0.24763141572475433,
      -0.24750082194805145,
      -0.2504462003707886,
      -0.2476104199886322,
      -0.24905022978782654,
      -0.24741016328334808,
      -0.24741587042808533
    ]
  ],
  "digital_baseline": -0.24754662811756134,
  "mean": [
    -0.2619849896430969,
    -0.2486311137676239,
    -0.24818658232688903,
    -0.2479544460773468,
    -0.24765658080577851,
    -0.24778804063796997,
    -0.24805610477924347
  ],
  "std": [
    0.008510016106890412,
    0.0008059584231957563,
    0.00099863127516335,
    0.0007721882201667062,
    0.0004073326617005952,
    0.0006847839963557742,
    0.0010710541430308785
  ],
  "normalized_mean": [
    0.9416741741330498,
    0.9956190651502329,
    0.9974148134668844,
    0.9983525610391599,
    0.9995558303942441,
    0.9990247796051822,
    0.9979418961770702
  ],
  "normalized_std": [
    0.034377426877529337,
    0.003255784291325519,
    0.004034113826382212,
    0.0031193647275211097,
    0.0016454785298353994,
    0.0027662828678505216,
    0.004326676356594236
  ],
  "degradation_threshold_10pct": 16.0
}