{
  "sigma_values": [
    0.0,
    0.01,
    0.02,
    0.03,
    0.05,
    0.07,
    0.1,
    0.12,
    0.15
  ],
  "metric_name": "quality",
  "per_trial": [
    [
      -0.23883381485939026,
      -0.2388310581445694,
      -0.23878340423107147,
      -0.23880250751972198,
      -0.23883776366710663,
      -0.2388080358505249,
      -0.23878832161426544,
      -0.2388305515050888,
      -0.23877675831317902,
      -0.23876957595348358,
      -0.23880858719348907,
      -0.23879747092723846,
      -0.23877204954624176,
      -0.23882855474948883,
      -0.23881535232067108,
      -0.23880158364772797,
      -0.23882125318050385,
      -0.23883743584156036,
      -0.23876677453517914,
      -0.2387797236442566,
      -0.2387998402118683,
      -0.23876740038394928,
      -0.23879972100257874,
      -0.23875734210014343,
      -0.23882730305194855,
      -0.23879759013652802,
      -0.23876439034938812,
      -0.23877325654029846,
      -0.2387932986021042,
      -0.23881027102470398,
      -0.23881632089614868,
      -0.23879007995128632,
      -0.23882904648780823,
      -0.23881462216377258,
      -0.23879826068878174,
      -0.23876939713954926,
      -0.23883812129497528,
      -0.23879334330558777,
      -0.23880277574062347,
      -0.23877842724323273,
      -0.23878225684165955,
      -0.23879151046276093,
      -0.23884451389312744,
      -0.23882275819778442,
      -0.23880934715270996,
      -0.23880255222320557,
      -0.23879022896289825,
      -0.23883581161499023,
      -0.23879657685756683,
      -0.2387954294681549
    ],
    [
      -0.2387753576040268,
      -0.23872646689414978,
      -0.23875939846038818,
      -0.23880578577518463,
      -0.23887275159358978,
      -0.23874740302562714,
      -0.23885323107242584,
      -0.23881317675113678,
      -0.2388409525156021,
      -0.2388056069612503,
      -0.23871612548828125,
      -0.23866388201713562,
      -0.238718181848526,
      -0.2387436479330063,
      -0.23877659440040588,
      -0.23877592384815216,
      -0.23879244923591614,
      -0.23867858946323395,
      -0.23870910704135895,
      -0.23883271217346191,
      -0.23877984285354614,
      -0.2387067973613739,
      -0.23874063789844513,
      -0.23870255053043365,
      -0.23864036798477173,
      -0.23880727589130402,
      -0.23883867263793945,
      -0.23881131410598755,
      -0.23877358436584473,
      -0.23881813883781433,
      -0.2386666238307953,
      -0.23895515501499176,
      -0.23876820504665375,
      -0.23874548077583313,
      -0.23869551718235016,
      -0.23881219327449799,
      -0.23871636390686035,
      -0.23887133598327637,
      -0.2386697381734848,
      -0.23876674473285675,
      -0.23886969685554504,
      -0.23875176906585693,
      -0.23871652781963348,
      -0.23876571655273438,
      -0.23886290192604065,
      -0.2386765331029892,
      -0.23865598440170288,
      -0.2387550324201584,
      -0.23883222043514252,
      -0.2387932687997818
    ],
    [
      -0.2384500801563263,
      -0.23863141238689423,
      -0.23860487341880798,
      -0.2388891726732254,
      -0.23877617716789246,
      -0.23863470554351807,
      -0.2387913465499878,
      -0.23898257315158844,
      -0.23877079784870148,
      -0.23882052302360535,
      -0.23881709575653076,
      -0.2387184500694275,
      -0.23886853456497192,
      -0.23891344666481018,
      -0.23883755505084991,
      -0.23884108662605286,
      -0.23882165551185608,
      -0.2386772781610489,
      -0.23865672945976257,
      -0.2387860268354416,
      -0.23879659175872803,
      -0.2387084811925888,
      -0.23881347477436066,
      -0.2386937141418457,
      -0.23881582915782928,
      -0.23890888690948486,
      -0.23855718970298767,
      -0.23880556225776672,
      -0.23872867226600647,
      -0.23865801095962524,
      -0.23876969516277313,
      -0.23848803341388702,
      -0.23877066373825073,
      -0.23880836367607117,
      -0.238575279712677,
      -0.23888523876667023,
      -0.23849761486053467,
      -0.23881185054779053,
      -0.2387106567621231,
      -0.23883631825447083,
      -0.23862019181251526,
      -0.23886767029762268,
      -0.23875842988491058,
      -0.23867060244083405,
      -0.2385580837726593,
      -0.23895463347434998,
      -0.23896978795528412,
      -0.2386797070503235,
      -0.2388610988855362,
      -0.2387678176164627
    ],
    [
      -0.2389705628156662,
      -0.23876681923866272,
      -0.2388213872909546,
      -0.23892809450626373,
      -0.23889854550361633,
      -0.23889754712581635,
      -0.2388705462217331,
      -0.23901382088661194,
      -0.2386699765920639,
      -0.2390344887971878,
      -0.2387697398662567,
      -0.23862892389297485,
      -0.23898915946483612,
      -0.23890623450279236,
      -0.23826998472213745,
      -0.23890136182308197,
      -0.23896683752536774,
      -0.23856443166732788,
      -0.23893365263938904,
      -0.23898734152317047,
      -0.23853445053100586,
      -0.23884287476539612,
      -0.23888207972049713,
      -0.23874323070049286,
      -0.23894135653972626,
      -0.23878102004528046,
      -0.2385774701833725,
      -0.23888692259788513,
      -0.2388860136270523,
      -0.2387496829032898,
      -0.23898552358150482,
      -0.23876497149467468,
      -0.23865829408168793,
      -0.2389484941959381,
      -0.23889118432998657,
      -0.23875044286251068,
      -0.23854012787342072,
      -0.2388070821762085,
      -0.23883432149887085,
      -0.23880235850811005,
      -0.23891235888004303,
      -0.23885557055473328,
      -0.23855829238891602,
      -0.2389146387577057,
      -0.23881232738494873,
      -0.23863619565963745,
      -0.2388523817062378,
      -0.23875290155410767,
      -0.2388119250535965,
      -0.239021435379982
    ],
    [
      -0.23878762125968933,
      -0.23911044001579285,
      -0.23866352438926697,
      -0.23923590779304504,
      -0.23902060091495514,
      -0.23915542662143707,
      -0.23894059658050537,
      -0.23876802623271942,
      -0.23884326219558716,
      -0.23860906064510345,
      -0.23871318995952606,
      -0.23892436921596527,
      -0.2390763908624649,
      -0.23840750753879547,
      -0.23888052999973297,
      -0.23888792097568512,
      -0.23851412534713745,
      -0.23939034342765808,
      -0.238491490483284,
      -0.2385992705821991,
      -0.23927803337574005,
      -0.23844997584819794,
      -0.2383272647857666,
      -0.23909951746463776,
      -0.2385910004377365,
      -0.23931506276130676,
      -0.23873835802078247,
      -0.23913313448429108,
      -0.2386779487133026,
      -0.2386869192123413,
      -0.23898273706436157,
      -0.23885862529277802,
      -0.23869475722312927,
      -0.238856703042984,
      -0.23869246244430542,
      -0.23880061507225037,
      -0.23899319767951965,
      -0.23894807696342468,
      -0.23852184414863586,
      -0.23863331973552704,
      -0.2384851574897766,
      -0.23914490640163422,
      -0.2388284057378769,
      -0.2388002723455429,
      -0.23870553076267242,
      -0.23919272422790527,
      -0.23899976909160614,
      -0.23862658441066742,
      -0.2388909012079239,
      -0.23840519785881042
    ],
    [
      -0.23910391330718994,
      -0.2387322336435318,
      -0.23838083446025848,
      -0.23831388354301453,
      -0.2390654981136322,
      -0.2396095246076584,
      -0.23825399577617645,
      -0.23852607607841492,
      -0.23915676772594452,
      -0.23936791718006134,
      -0.23847021162509918,
      -0.23892579972743988,
      -0.23845043778419495,
      -0.2391432523727417,
      -0.23907580971717834,
      -0.23842667043209076,
      -0.23868204653263092,
      -0.23871314525604248,
      -0.2390153408050537,
      -0.23924805223941803,
      -0.23874174058437347,
      -0.23901379108428955,
      -0.2386482059955597,
      -0.2391473650932312,
      -0.23929636180400848,
      -0.23896266520023346,
      -0.23922204971313477,
      -0.23912620544433594,
      -0.23980437219142914,
      -0.23943288624286652,
