{
  "sigma_values": [
    2.0,
    4.0,
    6.0,
    8.0,
    10.0,
    12.0,
    16.0
  ],
  "metric_name": "quality_vs_adc_bits_sigma0.000",
  "per_trial": [
    [
      -0.6193071007728577,
      -0.6175848841667175,
      -0.6214598417282104,
      -0.6146597266197205,
      -0.6218016743659973,
      -0.6226628422737122,
      -0.6146597266197205,
      -0.6206874251365662,
      -0.6197376847267151,
      -0.6179267764091492,
      -0.6202568411827087,
      -0.6214598417282104,
      -0.6217130422592163,
      -0.6215484738349915,
      -0.6159513592720032,
      -0.6234351992607117,
      -0.6197376847267151,
      -0.6146596670150757,
      -0.6171543002128601,
      -0.6193071007728577,
      -0.6203455924987793,
      -0.6222323179244995,
      -0.6183573007583618,
      -0.6197376251220703,
      -0.6175848841667175
    ],
    [
      -0.2495320737361908,
      -0.250911146402359,
      -0.24979211390018463,
      -0.2500646114349365,
      -0.24978989362716675,
      -0.2510400712490082,
      -0.2497660219669342,
      -0.2516329288482666,
      -0.2514195442199707,
      -0.24976520240306854,
      -0.2504197955131531,
      -0.25012704730033875,
      -0.2507319152355194,
      -0.25094980001449585,
      -0.24992597103118896,
      -0.2512465715408325,
      -0.25058844685554504,
      -0.25098276138305664,
      -0.25067004561424255,
      -0.2507628798484802,
      -0.2500951886177063,
      -0.25066909193992615,
      -0.2509256601333618,
      -0.2505854368209839,
      -0.2501690685749054
    ],
    [
      -0.25020384788513184,
      -0.25052690505981445,
      -0.25019314885139465,
      -0.2504115104675293,
      -0.2505702078342438,
      -0.2501892149448395,
      -0.2504705786705017,
      -0.2502545714378357,
      -0.2506038546562195,
      -0.25012242794036865,
      -0.2503613531589508,
      -0.2502845823764801,
      -0.25021296739578247,
      -0.25049838423728943,
      -0.2501344084739685,
      -0.25011932849884033,
      -0.25023436546325684,
      -0.2502443492412567,
      -0.2505628168582916,
      -0.2501712739467621,
      -0.25054264068603516,
      -0.2502424120903015,
      -0.25034087896347046,
      -0.25042256712913513,
      -0.2499176561832428
    ],
    [
      -0.2502482235431671,
      -0.25023531913757324,
      -0.25035616755485535,
      -0.2502380907535553,
      -0.2502943277359009,
      -0.2503005266189575,
      -0.25023603439331055,
      -0.250257283449173,
      -0.25022342801094055,
      -0.2502361238002777,
      -0.25023865699768066,
      -0.2502567172050476,
      -0.25031527876853943,
      -0.2502647638320923,
      -0.2502707839012146,
      -0.25026148557662964,
      -0.2502326965332031,
      -0.2502709925174713,
      -0.25019943714141846,
      -0.250238299369812,
      -0.25025826692581177,
      -0.25039157271385193,
      -0.25029638409614563,
      -0.2502393424510956,
      -0.2502412796020508
    ],
    [
      -0.25037920475006104,
      -0.2503543794155121,
      -0.25034990906715393,
      -0.2503769099712372,
      -0.25036728382110596,
      -0.2503591477870941,
      -0.2503853142261505,
      -0.250383198261261,
      -0.2503678500652313,
      -0.2503540515899658,
      -0.2503407895565033,
      -0.2503752112388611,
      -0.25036507844924927,
      -0.25034841895103455,
      -0.25037646293640137,
      -0.2503800094127655,
      -0.250371515750885,
      -0.25038576126098633,
      -0.25038954615592957,
      -0.2503630816936493,
      -0.250359445810318,
      -0.2503749132156372,
      -0.2503708302974701,
      -0.2503594160079956,
      -0.2503712475299835
    ],
    [
      -0.25036734342575073,
      -0.2503719925880432,
      -0.2503596246242523,
      -0.250361829996109,
      -0.25036150217056274,
      -0.25036415457725525,
      -0.25036734342575073,
      -0.2503634989261627,
      -0.2503684163093567,
      -0.2503666579723358,
      -0.25036439299583435,
      -0.25036725401878357,
      -0.25036296248435974,
      -0.25036805868148804,
      -0.2503708302974701,
      -0.2503720819950104,
      -0.2503601610660553,
      -0.2503616511821747,
      -0.2503663897514343,
      -0.25036001205444336,
      -0.2503722906112671,
      -0.2503589987754822,
      -0.25036534667015076,
      -0.25036051869392395,
      -0.25037217140197754
    ],
    [
      -0.25036707520484924,
      -0.25037166476249695,
      -0.2503669559955597,
      -0.25036120414733887,
      -0.25036656856536865,
      -0.2503724694252014,
      -0.2503657341003418,
      -0.2503668963909149,
      -0.2503712475299835,
      -0.25036826729774475,
      -0.25036975741386414,
      -0.25036096572875977,
      -0.25037071108818054,
      -0.25036078691482544,
      -0.2503741979598999,
      -0.2503669559955597,
      -0.25037235021591187,
      -0.2503632605075836,
      -0.2503618896007538,
      -0.25036463141441345,
      -0.250364750623703,
      -0.2503722906112671,
      -0.25036752223968506,
      -0.25036364793777466,
      -0.2503631114959717
    ]
  ],
  "digital_baseline": -0.250366747379303,
  "mean": [
    -0.6193587565422058,
    -0.2505025315284729,
    -0.25031345009803774,
    -0.250264059305191,
    -0.2503683590888977,
    -0.25036541938781737,
    -0.2503669965267181
  ],
  "std": [
    0.0025057369515160896,
    0.0005627779369231826,
    0.00017314517340395817,
    4.169312128302224e-05,
    1.2567268445374367e-05,
    4.239772527502953e-06,
    3.944304480611923e-06
  ],
  "normalized_mean": [
    -0.47380597873040964,
    0.9994576590118647,
    1.0002128768369727,
    1.0004101506098029,
    0.9999935626052118,
    1.000005304184759,
    0.9999990048701844
  ],
  "normalized_std": [
    0.010008265785072187,
    0.0022478142277839314,
    0.0006915661732891591,
    0.00016652819002300494,
    5.019543760072534e-05,
    1.6934247746086434e-05,
    1.575410681290013e-05
  ],
  "degradation_threshold_10pct": 16.0
}