{
  "sigma_values": [
    0.0,
    0.01,
    0.02,
    0.03,
    0.05,
    0.07,
    0.1,
    0.12,
    0.15
  ],
  "metric_name": "quality_thermal_only",
  "per_trial": [
    [
      -0.1253107488155365,
      -0.12531526386737823,
      -0.1253131628036499,
      -0.12530973553657532,
      -0.1253127157688141,
      -0.1253078132867813,
      -0.1253068447113037,
      -0.12530604004859924,
      -0.12530769407749176,
      -0.1253064125776291
    ],
    [
      -0.12530910968780518,
      -0.12531115114688873,
      -0.12531082332134247,
      -0.12530545890331268,
      -0.12531231343746185,
      -0.12531504034996033,
      -0.1253075748682022,
      -0.12530562281608582,
      -0.12530849874019623,
      -0.12530887126922607
    ],
    [
      -0.12531274557113647,
      -0.1253141313791275,
      -0.12531103193759918,
      -0.12530864775180817,
      -0.1253100037574768,
      -0.12530754506587982,
      -0.1253083199262619,
      -0.1253090351819992,
      -0.12530922889709473,
      -0.12530411779880524
    ],
    [
      -0.12530755996704102,
      -0.12531207501888275,
      -0.1253134310245514,
      -0.12530796229839325,
      -0.125311478972435,
      -0.1253051459789276,
      -0.12530793249607086,
      -0.12530937790870667,
      -0.12531046569347382,
      -0.12530894577503204
    ],
    [
      -0.1253102868795395,
      -0.12531250715255737,
      -0.12531009316444397,
      -0.12531083822250366,
      -0.12531346082687378,
      -0.1253109872341156,
      -0.1253087967634201,
      -0.1253124177455902,
      -0.12531054019927979,
      -0.12531284987926483
    ],
    [
      -0.12530827522277832,
      -0.12530916929244995,
      -0.12530934810638428,
      -0.12531012296676636,
      -0.12531128525733948,
      -0.1253112554550171,
      -0.12530764937400818,
      -0.12531191110610962,
      -0.12530656158924103,
      -0.12530618906021118
    ],
    [
      -0.12530839443206787,
      -0.1253078579902649,
      -0.125311017036438,
      -0.12530824542045593,
      -0.12531337141990662,
      -0.1253117471933365,
      -0.12530802190303802,
      -0.1253102421760559,
      -0.12530949711799622,
      -0.12531179189682007
    ],
    [
      -0.12530605494976044,
      -0.12531021237373352,
      -0.1253109723329544,
      -0.12530894577503204,
      -0.1253107190132141,
      -0.12530936300754547,
      -0.12530620396137238,
      -0.12531326711177826,
      -0.12530966103076935,
      -0.12531417608261108
    ],
    [
      -0.1253088265657425,
      -0.1253100335597992,
      -0.125311940908432,
      -0.12530866265296936,
      -0.12531061470508575,
      -0.12530876696109772,
      -0.12530888617038727,
      -0.12530727684497833,
      -0.12531226873397827,
      -0.12530913949012756
    ]
  ],
  "digital_baseline": -0.12531010806560516,
  "mean": [
    -0.12530964314937593,
    -0.12530944645404815,
    -0.1253094807267189,
    -0.12530943751335144,
    -0.12531127780675888,
    -0.12530917674303055,
    -0.125310018658638,
    -0.1253099575638771,
    -0.12530964165925979
  ],
  "std": [
    3.0504085516868334e-06,
    2.8227472245730765e-06,
    2.6415640275460905e-06,
    2.3400517092697325e-06,
    1.3932107595919937e-06,
    1.8994538872568372e-06,
    1.820163268315081e-06,
    2.474036611381665e-06,
    1.4863271523342937e-06
  ],
  "normalized_mean": [
    1.000003710125515,
    1.0000052797940024,
    1.0000050062911598,
    1.00000535114257,
    0.9999906652290723,
    1.0000074321424584,
    1.000000713485676,
    1.0000012010342212,
    1.0000037220169433
  ],
  "normalized_std": [
    2.4342877033429857e-05,
    2.252609361006415e-05,
    2.1080215062643785e-05,
    1.867408579716982e-05,
    1.111810356801056e-05,
    1.5158026088864216e-05,
    1.4525270917188486e-05,
    1.9743312407698202e-05,
    1.1861191210178657e-05
  ],
  "degradation_threshold_10pct": 0.15
}