{
  "sigma_values": [
    0.0,
    0.01,
    0.02,
    0.03,
    0.05,
    0.07,
    0.1,
    0.12,
    0.15
  ],
  "metric_name": "quality_thermal_only",
  "per_trial": [
    [
      -0.24620693922042847,
      -0.2462102621793747,
      -0.2462097704410553,
      -0.24621307849884033,
      -0.2462107390165329,
      -0.24621576070785522,
      -0.24620847404003143,
      -0.24620983004570007,
      -0.24621397256851196,
      -0.24621133506298065
    ],
    [
      -0.24621090292930603,
      -0.24621210992336273,
      -0.24620985984802246,
      -0.24620996415615082,
      -0.24621179699897766,
      -0.2462109923362732,
      -0.2462131828069687,
      -0.24621090292930603,
      -0.2462061047554016,
      -0.24621175229549408
    ],
    [
      -0.2462122142314911,
      -0.2462150901556015,
      -0.24621553719043732,
      -0.24621427059173584,
      -0.24621310830116272,
      -0.24620865285396576,
      -0.24620535969734192,
      -0.24620789289474487,
      -0.24621672928333282,
      -0.24621453881263733
    ],
    [
      -0.24620313942432404,
      -0.2462102174758911,
      -0.24621213972568512,
      -0.2462107390165329,
      -0.24620875716209412,
      -0.24620811641216278,
      -0.24620746076107025,
      -0.2462138533592224,
      -0.2462148815393448,
      -0.2462085336446762
    ],
    [
      -0.24620947241783142,
      -0.24620646238327026,
      -0.24621208012104034,
      -0.24621367454528809,
      -0.2462140917778015,
      -0.24620550870895386,
      -0.24620844423770905,
      -0.24621254205703735,
      -0.24620912969112396,
      -0.24620875716209412
    ],
    [
      -0.24621117115020752,
      -0.24621301889419556,
      -0.2462122142314911,
      -0.24621427059173584,
      -0.24621233344078064,
      -0.24621188640594482,
      -0.2462102323770523,
      -0.2462124526500702,
      -0.24620993435382843,
      -0.24620825052261353
    ],
    [
      -0.24621322751045227,
      -0.24621999263763428,
      -0.24620936810970306,
      -0.24621261656284332,
      -0.2462150752544403,
      -0.24621698260307312,
      -0.2462155967950821,
      -0.24621111154556274,
      -0.24621014297008514,
      -0.24620944261550903
    ],
    [
      -0.24621054530143738,
      -0.2462121546268463,
      -0.24620911478996277,
      -0.24621127545833588,
      -0.24620994925498962,
      -0.24620720744132996,
      -0.24621276557445526,
      -0.24621045589447021,
      -0.24621324241161346,
      -0.2462148219347
    ],
    [
      -0.2462204098701477,
      -0.24621205031871796,
      -0.24620775878429413,
      -0.24620705842971802,
      -0.24621419608592987,
      -0.2462111860513687,
      -0.24620747566223145,
      -0.24621374905109406,
      -0.24621456861495972,
      -0.24621471762657166
    ]
  ],
  "digital_baseline": -0.24621181190013885,
  "mean": [
    -0.2462110161781311,
    -0.24621075689792632,
    -0.24621233940124512,
    -0.24620978385210038,
    -0.246210016310215,
    -0.24621157646179198,
    -0.24621335566043853,
    -0.2462111532688141,
    -0.24621231704950333
  ],
  "std": [
    2.495872884406171e-06,
    1.8155436842463768e-06,
    3.5821176586082275e-06,
    3.227079977589859e-06,
    2.805681310874506e-06,
    1.6404791159619139e-06,
    3.351364904600224e-06,
    2.0849786532521337e-06,
    3.938624966509618e-06
  ],
  "normalized_mean": [
    1.0000032318595993,
    1.0000042849374464,
    0.9999978575312768,
    1.0000082370054582,
    1.0000072928666988,
    1.0000009562431025,
    0.9999937299502906,
    1.000002675059818,
    0.9999979483138498
  ],
  "normalized_std": [
    1.0137096450183604e-05,
    7.37390976588379e-06,
    1.454892692175589e-05,
    1.3106925913443713e-05,
    1.1395396870774271e-05,
    6.662877395286285e-06,
    1.3611714558842959e-05,
    8.468231630161518e-06,
    1.5996896883676265e-05
  ],
  "degradation_threshold_10pct": 0.15
}