{
  "sigma_values": [
    0.0,
    0.01,
    0.02,
    0.03,
    0.05,
    0.07,
    0.1,
    0.12,
    0.15
  ],
  "metric_name": "output_mse",
  "per_trial": [
    [
      -2.0836347175645642e-05,
      -2.0854078684351407e-05,
      -2.0890049199806526e-05,
      -2.0805031454074197e-05,
      -2.0762556232511997e-05,
      -2.0795550881302916e-05,
      -2.066364322672598e-05,
      -2.064011641778052e-05,
      -2.095440140692517e-05,
      -2.0840032448177226e-05,
      -2.105671592289582e-05,
      -2.0725014110212214e-05,
      -2.0825676983804442e-05,
      -2.074273106700275e-05,
      -2.0930145183228888e-05,
      -2.085029518639203e-05,
      -2.0949524696334265e-05,
      -2.0795452655875124e-05,
      -2.0747140297316946e-05,
      -2.0775532902916893e-05,
      -2.075734482787084e-05,
      -2.091941496473737e-05,
      -2.0910789316985756e-05,
      -2.100080018863082e-05,
      -2.090237285301555e-05,
      -2.0851257431786507e-05,
      -2.072089228022378e-05,
      -2.1044843379058875e-05,
      -2.0919793314533308e-05,
      -2.0715409846161492e-05,
      -2.066625347652007e-05,
      -2.0775965822394937e-05,
      -2.0896148271276616e-05,
      -2.066195520455949e-05,
      -2.0872652385151014e-05,
      -2.0721876353491098e-05,
      -2.106161991832778e-05,
      -2.0801413484150544e-05,
      -2.0929275706293993e-05,
      -2.0726312868646346e-05,
      -2.082311038975604e-05,
      -2.0856898117926903e-05,
      -2.0884308469248936e-05,
      -2.0883668184978887e-05,
      -2.0960696929250844e-05,
      -2.0770299670402892e-05,
      -2.08490982913645e-05,
      -2.1016014216002077e-05,
      -2.082469654851593e-05,
      -2.0784542357432656e-05
    ],
    [
      -0.00011829427239717916,
      -3.53528193954844e-05,
      -9.483507892582566e-05,
      -7.507720874855295e-05,
      -7.330845983233303e-05,
      -0.0003215319011360407,
      -6.481263699242845e-05,
      -7.241831917781383e-05,
      -6.146322266431525e-05,
      -0.0006050454685464501,
      -3.349464532220736e-05,
      -8.495480142300949e-05,
      -5.587010309682228e-05,
      -7.888390246080235e-05,
      -4.767924110637978e-05,
      -0.00033583230106160045,
      -0.00017650578229222447,
      -2.7881329515366815e-05,
      -0.0006722197867929935,
      -5.086751843919046e-05,
      -4.12896006309893e-05,
      -0.00011004824773408473,
      -0.00011913988419109955,
      -0.0013236430240795016,
      -0.0009840598795562983,
      -0.0002204776246799156,
      -2.567537740105763e-05,
      -3.823014412773773e-05,
      -5.609059371636249e-05,
      -0.00011200647713849321,
      -0.00024615126312710345,
      -5.989641067571938e-05,
      -4.489786806516349e-05,
      -0.0001890394778456539,
      -0.0001509409921709448,
      -0.0003430565702728927,
      -3.183586522936821e-05,
      -3.41226659656968e-05,
      -0.00039210199611261487,
      -0.0004262964939698577,
      -9.457925625611097e-05,
      -0.00024078031128738075,
      -4.384641579235904e-05,
      -0.0001311298692598939,
      -6.185244274092838e-05,
      -0.0007055338937789202,
      -0.0006029827054589987,
      -3.614431625464931e-05,
      -0.0005244809435680509,
      -8.974188676802441e-05
    ],
    [
      -0.00013501750072464347,
      -0.0008545962627977133,
      -0.0008353629382327199,
      -0.0002616420097183436,
      -0.0011504949070513248,
      -6.418063276214525e-05,
      -0.0003919099399354309,
      -9.545902867102996e-05,
      -0.0007420932524837554,
      -0.0007814005948603153,
      -0.0011235539568588138,
      -0.0003568882530089468,
      -0.0021287843119353056,
      -0.005193341989070177,
      -0.00027775694616138935,
      -0.0007137205102480948,
      -0.000632230076007545,
      -0.0003855146933346987,
      -0.0003415239916648716,
      -6.520465103676543e-05,
      -0.0009011354995891452,
      -0.0002750674029812217,
      -0.0006569221732206643,
      -0.0003343381977174431,
      -8.106192399282008e-05,
      -9.576904267305508e-05,
      -0.0010057346662506461,
      -0.00013647730520460755,
      -8.529060141881928e-05,
      -0.0005858596996404231,
      -9.686708654044196e-05,
      -0.000341731880325824,
      -0.0008496674709022045,
      -0.0001398858439642936,
      -0.0008182002929970622,
      -9.389546175953001e-05,
      -0.000880175968632102,
      -0.0007273704395629466,
      -0.0005231006070971489,
      -0.0004148480948060751,
      -0.0026163829024881124,
      -0.0015782237751409411,
      -9.460682485951111e-05,
      -0.00011286648077657446,
      -0.00035957133513875306,
      -0.0005605350015684962,
      -0.00020900831441394985,
      -4.501605872064829e-05,
      -0.0003424281603656709,
      -0.00012203123333165422
    ],
    [
      -8.10752171673812e-05,
      -0.00015073965187184513,
      -0.0003992490819655359,
      -0.0015783894341439009,
      -0.0028885151259601116,
      -0.0018343881238251925,
      -0.000500185415148735,
      -0.0014651671517640352,
      -0.0009321525576524436,
      -6.382060382748023e-05,
      -0.002973472233861685,
      -0.0001729587238514796,
      -0.0002639794547576457,
      -0.00014948062016628683,
      -0.00020028470316901803,
      -0.0007851833943277597,
      -0.00012283606338314712,
      -0.0019550714641809464,
      -0.0026958046946674585,
      -0.004910437855869532,
      -0.0007051099673844874,
      -0.002382175996899605,
      -0.0011874799383804202,
      -0.0011787783587351441,
      -0.0009693349129520357,
      -0.0013333784881979227,
      -0.00028117140755057335,
      -0.00018645620730239898,
      -0.0018716603517532349,
      -0.000828844029456377,
      -0.0001474110467825085,
      -0.0031297383829951286,
      -0.00036401208490133286,
      -0.00036662202910520136,
      -0.0003345847362652421,
      -0.0012692849850282073,
      -0.00042021891567856073,
      -0.0020912138279527426,
      -0.00011443775292718783,
      -0.0001116599960369058,
      -0.0006009807693772018,
      -0.0027333665639162064,
      -0.0009455710533075035,
      -0.00010723515879362822,
      -0.0038828968536108732,
      -0.0018277581548318267,
      -0.0008711385889910161,
      -0.002532019978389144,
      -0.0015972397523000836,
      -0.0005847854190506041
    ],
    [
      -0.0016574719920754433,
      -0.008949995040893555,
      -0.002348116133362055,
      -0.010134568437933922,
      -0.0008621109300293028,
      -0.0004725811304524541,
      -0.00022188021102920175,
      -0.01061361562460661,
      -0.007855628617107868,
      -0.0027460006531327963,
      -0.00016781804151833057,
      -0.0007124777184799314,
      -0.002838179701939225,
      -0.007597100455313921,
      -0.00595905352383852,
      -0.0002026757865678519,
      -0.0007532022427767515,
      -0.000895452918484807,
      -0.005283241160213947,
      -0.002919575897976756,
      -0.0037563492078334093,
      -0.000260736356722191,
      -0.005852790083736181,
      -0.00442395219579339,
      -0.003868259023874998,
      -0.0039194379933178425,
      -0.0003692778409458697,
      -0.0020610725041478872,
      -0.002041551284492016,
      -0.006545078940689564,
      -0.0025616351049393415,
      -0.00043117598397657275,
      -0.006319592706859112,
      -0.002402688143774867,
      -0.00024043361190706491,
      -0.00834865216165781,
      -0.0015107403742149472,
      -0.0006513557746075094,
      -0.0045652915723621845,
      -0.0068641770631074905,
      -0.000632238166872412,
      -0.00111582619138062,
      -0.0026199419517070055,
      -7.622283737873659e-05,
      -0.002142106182873249,
      -0.0022355939727276564,
      -0.013892238959670067,
      -0.0004878793261013925,
      -0.0011561778374016285,
      -0.0013265250017866492
    ],
    [
      -0.0021503849420696497,
      -0.02496982365846634,
      -0.003259175457060337,
      -0.003646868048235774,
      -0.012372772209346294,
      -0.0024617977906018496,
      -0.001159875770099461,
      -0.006118048448115587,
