{
  "sigma_values": [
    2.0,
    4.0,
    6.0,
    8.0,
    10.0,
    12.0,
    16.0
  ],
  "metric_name": "quality_vs_adc_bits_sigma0.050",
  "per_trial": [
    [
      -0.256449818611145,
      -0.26380082964897156,
      -0.2558956742286682,
      -0.25740647315979004,
      -0.25641125440597534,
      -0.25611311197280884,
      -0.25767382979393005,
      -0.2568987309932709,
      -0.25599387288093567,
      -0.259971022605896,
      -0.2578035891056061,
      -0.25647085905075073,
      -0.2570776045322418,
      -0.2643374502658844,
      -0.25930994749069214,
      -0.2582104206085205,
      -0.25707757472991943,
      -0.2564471960067749,
      -0.25662872195243835,
      -0.25706183910369873,
      -0.25657957792282104,
      -0.25616222620010376,
      -0.2587680518627167,
      -0.2581508159637451,
      -0.26359042525291443
    ],
    [
      -0.2499271035194397,
      -0.2494838535785675,
      -0.2504315972328186,
      -0.24972115457057953,
      -0.2495105117559433,
      -0.24908004701137543,
      -0.2507067620754242,
      -0.2510819137096405,
      -0.24960927665233612,
      -0.251308798789978,
      -0.24972321093082428,
      -0.24966967105865479,
      -0.25052523612976074,
      -0.2510156035423279,
      -0.24980616569519043,
      -0.24959540367126465,
      -0.2489289939403534,
      -0.2499716579914093,
      -0.25019580125808716,
      -0.25069379806518555,
      -0.25050660967826843,
      -0.2513279318809509,
      -0.25125426054000854,
      -0.2502552568912506,
      -0.24909336864948273
    ],
    [
      -0.2505218982696533,
      -0.2501813769340515,
      -0.2502499222755432,
      -0.2506515383720398,
      -0.25046470761299133,
      -0.2502965033054352,
      -0.2504042387008667,
      -0.2505274713039398,
      -0.25054705142974854,
      -0.25058791041374207,
      -0.25027671456336975,
      -0.25014543533325195,
      -0.2505244016647339,
      -0.2506985366344452,
      -0.25051501393318176,
      -0.25073254108428955,
      -0.25098031759262085,
      -0.25050580501556396,
      -0.25118404626846313,
      -0.2500178813934326,
      -0.25036099553108215,
      -0.2499173879623413,
      -0.2505861818790436,
      -0.25018444657325745,
      -0.2500969469547272
    ],
    [
      -0.2505282461643219,
      -0.2504212558269501,
      -0.2503844201564789,
      -0.250684529542923,
      -0.25033554434776306,
      -0.2503293752670288,
      -0.2503657042980194,
      -0.2503947615623474,
      -0.25030478835105896,
      -0.25026899576187134,
      -0.2503710985183716,
      -0.25044023990631104,
      -0.25058987736701965,
      -0.25049272179603577,
      -0.25057485699653625,
      -0.2505062520503998,
      -0.25031039118766785,
      -0.25033804774284363,
      -0.25081634521484375,
      -0.2505703270435333,
      -0.2505892217159271,
      -0.25072285532951355,
      -0.2503106892108917,
      -0.2504420876502991,
      -0.2504981458187103
    ],
    [
      -0.25087741017341614,
      -0.2504667341709137,
      -0.2502652704715729,
      -0.250216543674469,
      -0.2505160868167877,
      -0.2505776584148407,
      -0.2503512501716614,
      -0.25021374225616455,
      -0.250029981136322,
      -0.2505592405796051,
      -0.2503473460674286,
      -0.25060611963272095,
      -0.2502211332321167,
      -0.2501382529735565,
      -0.2504447400569916,
      -0.2503008544445038,
      -0.2503257691860199,
      -0.25044873356819153,
      -0.2503082752227783,
      -0.2503012418746948,
      -0.25066903233528137,
      -0.25055888295173645,
      -0.2500649392604828,
      -0.2505396008491516,
      -0.2503933310508728
    ],
    [
      -0.25057101249694824,
      -0.25030258297920227,
      -0.250407874584198,
      -0.25029656291007996,
      -0.2505322992801666,
      -0.25045642256736755,
      -0.25041940808296204,
      -0.25053977966308594,
      -0.2505883276462555,
      -0.2503308653831482,
      -0.25016817450523376,
      -0.2505744397640228,
      -0.25060656666755676,
      -0.25046345591545105,
      -0.2504233121871948,
      -0.2503112256526947,
      -0.2504218518733978,
      -0.2503516674041748,
      -0.2503041625022888,
      -0.2501944303512573,
      -0.2501927316188812,
      -0.2502441108226776,
      -0.25021064281463623,
      -0.2503906786441803,
      -0.2504482567310333
    ],
    [
      -0.25056594610214233,
      -0.25033101439476013,
      -0.2508167326450348,
      -0.250563383102417,
      -0.25061386823654175,
      -0.25019437074661255,
      -0.25049418210983276,
      -0.2503092586994171,
      -0.25051969289779663,
      -0.2501404583454132,
      -0.25024938583374023,
      -0.25040221214294434,
      -0.25041094422340393,
      -0.2501973807811737,
      -0.2503751814365387,
      -0.2502749264240265,
      -0.2508174777030945,
      -0.2504081130027771,
      -0.2502514123916626,
      -0.2503695785999298,
      -0.25043025612831116,
      -0.2503242492675781,
      -0.25042667984962463,
      -0.2505037784576416,
      -0.25050145387649536
    ]
  ],
  "digital_baseline": -0.250366747379303,
  "mean": [
    -0.2580116367340088,
    -0.2501369595527649,
    -0.25044637084007265,
    -0.2504636311531067,
    -0.25038968682289126,
    -0.2503900337219238,
    -0.2504196774959564
  ],
  "std": [
    0.002404805098598285,
    0.000707972360851239,
    0.00028335970824633295,
    0.0001408633394203049,
    0.00019380076834257576,
    0.00013068215506245622,
    0.00016919826995756844
  ],
  "normalized_mean": [
    0.9694652367587622,
    1.000917804895991,
    0.9996819726996371,
    0.9996130325819309,
    0.9999083766361612,
    0.9999069910726381,
    0.9997885896701241
  ],
  "normalized_std": [
    0.009605129769709515,
    0.002827741176741288,
    0.0011317785257522477,
    0.0005626279883202637,
    0.0007740675244263553,
    0.0005219629061381468,
    0.0006758016858414303
  ],
  "degradation_threshold_10pct": 16.0
}