{
  "sigma_values": [
    0.0,
    0.01,
    0.02,
    0.03,
    0.05,
    0.07,
    0.1,
    0.12,
    0.15
  ],
  "metric_name": "quality_mismatch_only",
  "per_trial": [
    [
      -0.23874826729297638,
      -0.23874826729297638,
      -0.23874826729297638,
      -0.23874826729297638,
      -0.23874826729297638,
      -0.23874826729297638,
      -0.23874826729297638,
      -0.23874826729297638,
      -0.23874826729297638,
      -0.23874826729297638
    ],
    [
      -0.23879268765449524,
      -0.2387203872203827,
      -0.23868800699710846,
      -0.23873303830623627,
      -0.23872685432434082,
      -0.23877882957458496,
      -0.23872867226600647,
      -0.23877796530723572,
      -0.238724485039711,
      -0.23874114453792572
    ],
    [
      -0.2388952523469925,
      -0.23885910212993622,
      -0.23874856531620026,
      -0.23881983757019043,
      -0.23856008052825928,
      -0.23875923454761505,
      -0.2386702299118042,
      -0.23869098722934723,
      -0.2387876808643341,
      -0.23855344951152802
    ],
    [
      -0.2387722283601761,
      -0.2387217879295349,
      -0.23863354325294495,
      -0.23887377977371216,
      -0.23862726986408234,
      -0.23894892632961273,
      -0.23885802924633026,
      -0.23855805397033691,
      -0.23835906386375427,
      -0.23853331804275513
    ],
    [
      -0.23814015090465546,
      -0.23851701617240906,
      -0.2389315962791443,
      -0.23851433396339417,
      -0.23893874883651733,
      -0.23878516256809235,
      -0.23870624601840973,
      -0.23905763030052185,
      -0.23914197087287903,
      -0.24006451666355133
    ],
    [
      -0.23851953446865082,
      -0.238783061504364,
      -0.238660529255867,
      -0.2390829622745514,
      -0.23911885917186737,
      -0.23843273520469666,
      -0.2387276589870453,
      -0.23876327276229858,
      -0.23882201313972473,
      -0.23893821239471436
    ],
    [
      -0.2390601485967636,
      -0.23876534402370453,
      -0.23879313468933105,
      -0.23930828273296356,
      -0.23860660195350647,
      -0.23886020481586456,
      -0.23871533572673798,
      -0.23961351811885834,
      -0.24016864597797394,
      -0.23875731229782104
    ],
    [
      -0.23988023400306702,
      -0.23921437561511993,
      -0.23859567940235138,
      -0.23875364661216736,
      -0.23895451426506042,
      -0.23815272748470306,
      -0.23972803354263306,
      -0.23862551152706146,
      -0.23938779532909393,
      -0.24051493406295776
    ],
    [
      -0.23883268237113953,
      -0.23884065449237823,
      -0.23885272443294525,
      -0.23942823708057404,
      -0.23923799395561218,
      -0.238069087266922,
      -0.2399274855852127,
      -0.23898334801197052,
      -0.23815804719924927,
      -0.24007458984851837
    ]
  ],
  "digital_baseline": -0.23874826729297638,
  "mean": [
    -0.23874826729297638,
    -0.23874120712280272,
    -0.23873444199562072,
    -0.23868860006332399,
    -0.23887973725795747,
    -0.23878488391637803,
    -0.2390648528933525,
    -0.23918074518442153,
    -0.23904048502445222
  ],
  "std": [
    0.0,
    3.064321598234511e-05,
    0.00011023282058028551,
    0.00017187326885021955,
    0.0004859428029636993,
    0.00020950096950322021,
    0.0004701943739666347,
    0.0006748237014344773,
    0.0006236543271505268
  ],
  "normalized_mean": [
    1.0,
    1.0000295716080108,
    1.000057907424889,
    1.0002499169117705,
    0.9994493364644202,
    0.9998466308308043,
    0.9986739773906396,
    0.9981885611303121,
    0.9987760425037253
  ],
  "normalized_std": [
    0.0,
    0.00012834948010216027,
    0.00046171149985777676,
    0.0007198932616307025,
    0.0020353772970732468,
    0.0008774973401006267,
    0.001969414812085914,
    0.0028265072207053024,
    0.0026121836787415032
  ],
  "degradation_threshold_10pct": 0.15
}