{
  "sigma_values": [
    0.0,
    0.01,
    0.02,
    0.03,
    0.05,
    0.07,
    0.1,
    0.12,
    0.15
  ],
  "metric_name": "quality_mismatch_only",
  "per_trial": [
    [
      0.4220000207424164,
      0.9120000600814819,
      0.19100001454353333,
      0.13700000941753387,
      0.8790000677108765,
      0.43700000643730164,
      0.9270000457763672,
      0.1600000113248825,
      0.7590000629425049,
      0.9000000357627869,
      0.9270000457763672,
      0.8720000386238098,
      0.7470000386238098,
      0.9290000200271606,
      0.3830000162124634,
      0.30400002002716064,
      0.7670000195503235,
      0.5300000309944153,
      0.9290000200271606,
      0.812000036239624
    ],
    [
      0.8190000653266907,
      0.07100000232458115,
      0.2770000100135803,
      0.9250000715255737,
      0.9290000200271606,
      0.656000018119812,
      0.09200000762939453,
      0.6520000100135803,
      0.9160000681877136,
      0.8750000596046448,
      0.18800000846385956,
      0.9050000309944153,
      0.9120000600814819,
      0.07200000435113907,
      0.9290000200271606,
      0.9290000200271606,
      0.7000000476837158,
      0.921000063419342,
      0.8490000367164612,
      0.8240000605583191
    ],
    [
      0.1980000138282776,
      0.6430000066757202,
      0.8570000529289246,
      0.7830000519752502,
      0.9020000696182251,
      0.9290000200271606,
      0.9280000329017639,
      0.07100000232458115,
      0.18900001049041748,
      0.8800000548362732,
      0.6620000600814819,
      0.8790000677108765,
      0.9290000200271606,
      0.9290000200271606,
      0.9290000200271606,
      0.9190000295639038,
      0.8990000486373901,
      0.29200002551078796,
      0.9000000357627869,
      0.753000020980835
    ],
    [
      0.8970000147819519,
      0.6220000386238098,
      0.9020000696182251,
      0.8880000710487366,
      0.9280000329017639,
      0.8860000371932983,
      0.9290000200271606,
      0.8860000371932983,
      0.9290000200271606,
      0.15900000929832458,
      0.9180000424385071,
      0.9290000200271606,
      0.8910000324249268,
      0.23200000822544098,
      0.9270000457763672,
      0.9270000457763672,
      0.9290000200271606,
      0.3320000171661377,
      0.07100000232458115,
      0.12800000607967377
    ],
    [
      0.9220000505447388,
      0.08900000154972076,
      0.9250000715255737,
      0.921000063419342,
      0.08900000154972076,
      0.9270000457763672,
      0.6650000214576721,
      0.9290000200271606,
      0.9290000200271606,
      0.89000004529953,
      0.5649999976158142,
      0.9290000200271606,
      0.07100000232458115,
      0.5470000505447388,
      0.921000063419342,
      0.5240000486373901,
      0.07100000232458115,
      0.9150000214576721,
      0.07100000232458115,
      0.9290000200271606
    ],
    [
      0.8130000233650208,
      0.12200000882148743,
      0.5190000534057617,
      0.08300000429153442,
      0.9290000200271606,
      0.9290000200271606,
      0.9290000200271606,
      0.36500000953674316,
      0.7990000247955322,
      0.07900000363588333,
      0.7950000166893005,
      0.8990000486373901,
      0.9190000295639038,
      0.9290000200271606,
      0.7270000576972961,
      0.9290000200271606,
      0.8160000443458557,
      0.07400000095367432,
      0.07200000435113907,
      0.7520000338554382
    ],
    [
      0.7090000510215759,
      0.9250000715255737,
      0.9290000200271606,
      0.9230000376701355,
      0.28700000047683716,
      0.4690000116825104,
      0.07100000232458115,
      0.9290000200271606,
      0.9290000200271606,
      0.9260000586509705,
      0.8910000324249268,
      0.6850000619888306,
      0.23600001633167267,
      0.8270000219345093,
      0.9290000200271606,
      0.9290000200271606,
      0.6270000338554382,
      0.27400001883506775,
      0.9290000200271606,
      0.8760000467300415
    ],
    [
      0.8360000252723694,
      0.9290000200271606,
      0.3370000123977661,
      0.07100000232458115,
      0.9290000200271606,
      0.40300002694129944,
      0.9290000200271606,
      0.07100000232458115,
      0.8010000586509705,
      0.9050000309944153,
      0.9290000200271606,
      0.8860000371932983,
      0.3460000157356262,
      0.3700000047683716,
      0.48100003600120544,
      0.9290000200271606,
      0.7240000367164612,
      0.9290000200271606,
      0.8220000267028809,
      0.9290000200271606
    ],
    [
      0.9170000553131104,
      0.2800000011920929,
      0.7250000238418579,
      0.9270000457763672,
      0.9260000586509705,
      0.8990000486373901,
      0.2680000066757202,
      0.5060000419616699,
      0.07100000232458115,
      0.3190000057220459,
      0.8980000615119934,
      0.9230000376701355,
      0.9290000200271606,
      0.9290000200271606,
      0.11500000208616257,
      0.3710000216960907,
      0.9160000681877136,
      0.11800000816583633,
      0.07100000232458115,
      0.9270000457763672
    ]
  ],
  "digital_baseline": 0.9290000200271606,
  "ideal_analog_baseline": 0.9290000200271606,
  "mean": [
    0.646200031042099,
    0.6720500342547894,
    0.7235500331968069,
    0.7155000295490026,
    0.6414500284940005,
    0.6239500232040882,
    0.7150000292807818,
    0.6778000228106975,
    0.6017500288784504
  ],
  "std": [
    0.28457436080724074,
    0.32110396826259513,
    0.28264227063012654,
    0.3165590898919323,
    0.35213968573075055,
    0.3401645981470479,
    0.2799232128251884,
    0.2976109269748876,
    0.34750194284375885
  ],
  "normalized_mean": [
    0.6955866707335554,
    0.7234122925370239,
    0.7788482428403531,
    0.7701830076689169,
    0.6904736433431367,
    0.6716361784210145,
    0.7696447942593991,
    0.7296017311074774,
    0.6477395219656265
  ],
  "normalized_std": [
    0.3063233096581858,
    0.3456447377183126,
    0.3042435570904111,
    0.3407525113752713,
    0.3790523984277796,
    0.36616209990727744,
    0.3013166919167606,
    0.32035621158133726,
    0.3740602102824488
  ],
  "degradation_threshold_10pct": 0.0,
  "trial_seeds": {
    "digital_baseline": [
      101010345,
      101010346,
      101010347,
      101010348,
      101010349,
      101010350,
      101010351,
      101010352,
      101010353,
      101010354,
      101010355,
      101010356,
      101010357,
      101010358,
      101010359,
      101010360,
      101010361,
      101010362,
      101010363,
      101010364
    ],
    "ideal_analog_baseline": [
      202010648,
      202010649,
      202010650,
      202010651,
      202010652,
      202010653,
      202010654,
      202010655,
      202010656,
      202010657,
      202010658,
      202010659,
      202010660,
      202010661,
      202010662,
      202010663,
      202010664,
      202010665,
      202010666,
      202010667
    ],
    "per_trial": [
      [
        505091613,
        505091614,
        505091615,
        505091616,
        505091617,
        505091618,
        505091619,
        505091620,
        505091621,
        505091622,
        505091623,
        505091624,
        505091625,
        505091626,
        505091627,
        505091628,
        505091629,
        505091630,
        505091631,
        505091632
      ]
    ]
  },
  "metadata": {
    "arch": "transformer",
    "analog_domain": "full_analog",
    "analog_substrate": "classic",
    "seed": 10042,
    "pilot_profile_path": "/workspace/NEW_ACTUAL_RUNS/5-14/945/experiments/cross_arch_tolerance/results/profiles/transformer_profile_full_analog_pcm.json",
    "dynamics_diagnostics": {},
    "calibration": "tensor sample_input",
    "ablation_noise": "mismatch"
  },
  "normalized_mean_vs_ideal_analog": [
    0.6955866707335554,
    0.7234122925370239,
    0.7788482428403531,
    0.7701830076689169,
    0.6904736433431367,
    0.6716361784210145,
    0.7696447942593991,
    0.7296017311074774,
    0.6477395219656265
  ],