{
  "sigma_values": [
    2.0,
    4.0,
    6.0,
    8.0,
    10.0,
    12.0,
    16.0
  ],
  "metric_name": "quality_vs_adc_bits_sigma0.050",
  "per_trial": [
    [
      -0.251048743724823,
      -0.2538435161113739,
      -0.24857555329799652,
      -0.2529796063899994,
      -0.2507424056529999,
      -0.25218304991722107,
      -0.25454455614089966,
      -0.2466053068637848,
      -0.24777601659297943,
      -0.25415152311325073,
      -0.2547837793827057,
      -0.25447869300842285,
      -0.25127729773521423,
      -0.2480694055557251,
      -0.2561885118484497,
      -0.253904789686203,
      -0.2502448558807373,
      -0.24868543446063995,
      -0.2546663284301758,
      -0.2518426179885864,
      -0.2470463663339615,
      -0.2518417239189148,
      -0.2504531443119049,
      -0.2515578269958496,
      -0.25373056530952454
    ],
    [
      -0.23918341100215912,
      -0.2392401397228241,
      -0.24003611505031586,
      -0.23984022438526154,
      -0.24017567932605743,
      -0.23804229497909546,
      -0.23961396515369415,
      -0.23953405022621155,
      -0.23971819877624512,
      -0.24095308780670166,
      -0.23672932386398315,
      -0.2375132143497467,
      -0.2395281046628952,
      -0.24012219905853271,
      -0.23982927203178406,
      -0.24019959568977356,
      -0.2391379028558731,
      -0.23757922649383545,
      -0.23854221403598785,
      -0.23870383203029633,
      -0.2384117990732193,
      -0.23925288021564484,
      -0.23789919912815094,
      -0.23769618570804596,
      -0.24061712622642517
    ],
    [
      -0.23897632956504822,
      -0.2393483817577362,
      -0.23935642838478088,
      -0.2385542392730713,
      -0.2383812814950943,
      -0.23920448124408722,
      -0.23893645405769348,
      -0.23874275386333466,
      -0.23875698447227478,
      -0.2392510175704956,
      -0.23843523859977722,
      -0.23992624878883362,
      -0.23885832726955414,
      -0.23875582218170166,
      -0.2391577810049057,
      -0.2383897751569748,
      -0.23923823237419128,
      -0.23900939524173737,
      -0.23870064318180084,
      -0.23892655968666077,
      -0.23922432959079742,
      -0.23884181678295135,
      -0.2391253262758255,
      -0.23896241188049316,
      -0.23891803622245789
    ],
    [
      -0.23925690352916718,
      -0.239142507314682,
      -0.2388651967048645,
      -0.23945392668247223,
      -0.23861822485923767,
      -0.2392924726009369,
      -0.23867227137088776,
      -0.2387135624885559,
      -0.23875975608825684,
      -0.23873372375965118,
      -0.2385958880186081,
      -0.23874084651470184,
      -0.23892635107040405,
      -0.23862911760807037,
      -0.23922152817249298,
      -0.23896276950836182,
      -0.23900526762008667,
      -0.2388467937707901,
      -0.23870952427387238,
      -0.23953387141227722,
      -0.23855668306350708,
      -0.23901675641536713,
      -0.238418847322464,
      -0.23887579143047333,
      -0.23866000771522522
    ],
    [
      -0.23889878392219543,
      -0.23923757672309875,
      -0.23901325464248657,
      -0.23860208690166473,
      -0.23902365565299988,
      -0.23913009464740753,
      -0.2390299141407013,
      -0.23898084461688995,
      -0.23850341141223907,
      -0.23901598155498505,
      -0.23873519897460938,
      -0.238603413105011,
      -0.23879759013652802,
      -0.23904113471508026,
      -0.2389696091413498,
      -0.23879024386405945,
      -0.23945166170597076,
      -0.23888494074344635,
      -0.23865316808223724,
      -0.23855626583099365,
      -0.23870983719825745,
      -0.23899507522583008,
      -0.23877783119678497,
      -0.2387375384569168,
      -0.2383023202419281
    ],
    [
      -0.2385922372341156,
      -0.23894843459129333,
      -0.23868976533412933,
      -0.23889996111392975,
      -0.2385435849428177,
      -0.2387980818748474,
      -0.2388998568058014,
      -0.23846140503883362,
      -0.23864975571632385,
      -0.23909597098827362,
      -0.23926100134849548,
      -0.238782599568367,
      -0.23845912516117096,
      -0.23882171511650085,
      -0.23910187184810638,
      -0.23868390917778015,
      -0.23888011276721954,
      -0.23864543437957764,
      -0.23896412551403046,
      -0.23869504034519196,
      -0.23844602704048157,
      -0.2391161471605301,
      -0.23903661966323853,
      -0.23890036344528198,
      -0.23905378580093384
    ],
    [
      -0.23826344311237335,
      -0.23862318694591522,
      -0.2388431429862976,
      -0.2393549531698227,
      -0.23921462893486023,
      -0.2385304868221283,
      -0.23862342536449432,
      -0.2388632893562317,
      -0.23890292644500732,
      -0.23906025290489197,
      -0.2384706288576126,
      -0.23896269500255585,
      -0.23825815320014954,
      -0.2391176074743271,
      -0.23873713612556458,
      -0.2387639880180359,
      -0.23881793022155762,
      -0.23913216590881348,
      -0.23911704123020172,
      -0.23928366601467133,
      -0.23902444541454315,
      -0.23884235322475433,
      -0.23896373808383942,
      -0.23891805112361908,
      -0.23958875238895416
    ]
  ],
  "digital_baseline": -0.23874826729297638,
  "mean": [
    -0.25164886474609377,
    -0.23912396967411043,
    -0.2389591318368912,
    -0.23888834357261657,
    -0.23885765731334685,
    -0.23881707727909088,
    -0.2388911235332489
  ],
  "std": [
    0.002652966807031724,
    0.0010598418430400986,
    0.0003422112584225945,
    0.0002849973668104291,
    0.0002468114621079015,
    0.00022259081194700602,
    0.00031459771466074384
  ],
  "normalized_mean": [
    0.9459656918167845,
    0.9984263660407092,
    0.9991167913120138,
    0.9994132888115653,
    0.9995418185789963,
    0.9997117885424062,
    0.9994016449128938
  ],
  "normalized_std": [
    0.011111983500915528,
    0.0044391603552017805,
    0.0014333559874704978,
    0.0011937149117011133,
    0.0010337727888304652,
    0.0009323243032120397,
    0.0013176963260415622
  ],
  "degradation_threshold_10pct": 16.0
}