{
  "sigma_values": [
    0.0,
    0.01,
    0.02,
    0.03,
    0.05,
    0.07,
    0.1,
    0.12,
    0.15
  ],
  "metric_name": "quality",
  "per_trial": [
    [
      -0.2502935826778412,
      -0.2502689063549042,
      -0.25021740794181824,
      -0.2503625452518463,
      -0.25028523802757263,
      -0.25023791193962097,
      -0.2501957416534424,
      -0.25024354457855225,
      -0.25021445751190186,
      -0.25026261806488037,
      -0.2502248287200928,
      -0.2502155601978302,
      -0.2502252757549286,
      -0.250291645526886,
      -0.25028836727142334,
      -0.25025081634521484,
      -0.2502370774745941,
      -0.25026097893714905,
      -0.2502281665802002,
      -0.2503027319908142,
      -0.25032681226730347,
      -0.25020933151245117,
      -0.2502899169921875,
      -0.25025448203086853,
      -0.2502921521663666,
      -0.2502622604370117,
      -0.2501942813396454,
      -0.2503020167350769,
      -0.25027748942375183,
      -0.25024938583374023,
      -0.25027963519096375,
      -0.2502959072589874,
      -0.25025516748428345,
      -0.25025951862335205,
      -0.2502678334712982,
      -0.25026044249534607,
      -0.2502421736717224,
      -0.25019317865371704,
      -0.25019708275794983,
      -0.25027501583099365,
      -0.2502540647983551,
      -0.2502661645412445,
      -0.2502833902835846,
      -0.25029993057250977,
      -0.25026294589042664,
      -0.25033318996429443,
      -0.2502639889717102,
      -0.2502235174179077,
      -0.25024735927581787,
      -0.25029829144477844
    ],
    [
      -0.25031936168670654,
      -0.25037193298339844,
      -0.25034165382385254,
      -0.25041282176971436,
      -0.25028011202812195,
      -0.2503918409347534,
      -0.2504248321056366,
      -0.2503533959388733,
      -0.25033578276634216,
      -0.25025618076324463,
      -0.2504322826862335,
      -0.2502995431423187,
      -0.2503012716770172,
      -0.2503133714199066,
      -0.25036153197288513,
      -0.2503158152103424,
      -0.25029808282852173,
      -0.2503630220890045,
      -0.25038692355155945,
      -0.2503518760204315,
      -0.2503529489040375,
      -0.25040167570114136,
      -0.250140905380249,
      -0.2504006326198578,
      -0.2504291832447052,
      -0.25025054812431335,
      -0.2503831684589386,
      -0.250285804271698,
      -0.250479131937027,
      -0.250341534614563,
      -0.25037577748298645,
      -0.2502889633178711,
      -0.25032278895378113,
      -0.2503035068511963,
      -0.25039488077163696,
      -0.25035274028778076,
      -0.250284343957901,
      -0.25043103098869324,
      -0.25031158328056335,
      -0.25036633014678955,
      -0.25036606192588806,
      -0.25034263730049133,
      -0.25049901008605957,
      -0.25030919909477234,
      -0.2502281069755554,
      -0.2503821551799774,
      -0.2502593696117401,
      -0.25030672550201416,
      -0.250386118888855,
      -0.25035497546195984
    ],
    [
      -0.2503247559070587,
      -0.2503264546394348,
      -0.2503587007522583,
      -0.25042951107025146,
      -0.2503168284893036,
      -0.2503679692745209,
      -0.25037989020347595,
      -0.25022074580192566,
      -0.25031256675720215,
      -0.2503216862678528,
      -0.25030088424682617,
      -0.2503403425216675,
      -0.25025609135627747,
      -0.25048527121543884,
      -0.25047749280929565,
      -0.25029924511909485,
      -0.2502081096172333,
      -0.25040823221206665,
      -0.25035810470581055,
      -0.25050967931747437,
      -0.25034135580062866,
      -0.2504642605781555,
      -0.25028762221336365,
      -0.2505854368209839,
      -0.2503245770931244,
      -0.25031182169914246,
      -0.2504025399684906,
      -0.2503158152103424,
      -0.25036734342575073,
      -0.25041964650154114,
      -0.25029173493385315,
      -0.25036293268203735,
      -0.2502361238002777,
      -0.2504633069038391,
      -0.250314325094223,
      -0.2503800392150879,
      -0.25047239661216736,
      -0.25036829710006714,
      -0.25035977363586426,
      -0.25036513805389404,
      -0.25042954087257385,
      -0.25033876299858093,
      -0.25041261315345764,
      -0.2504284381866455,
      -0.2501818835735321,
      -0.2503085732460022,
      -0.2503123879432678,
      -0.2502999007701874,
      -0.2503703236579895,
      -0.2502408027648926
    ],
    [
      -0.25026682019233704,
      -0.25027984380722046,
      -0.2503238022327423,
      -0.25030308961868286,
      -0.25051894783973694,
      -0.25019240379333496,
      -0.2504977881908417,
      -0.2504187226295471,
      -0.25049644708633423,
      -0.2502383589744568,
      -0.25035330653190613,
      -0.25042083859443665,
      -0.2504814863204956,
      -0.2504309117794037,
      -0.25046560168266296,
      -0.25046855211257935,
      -0.2502163052558899,
      -0.25030896067619324,
      -0.25028908252716064,
      -0.25032299757003784,
      -0.25042518973350525,
      -0.2503780722618103,
      -0.250443696975708,
      -0.25033310055732727,
      -0.250337153673172,
      -0.25029388070106506,
      -0.250603586435318,
      -0.2503821849822998,
      -0.2502446472644806,
      -0.25010523200035095,
      -0.25044015049934387,
      -0.2504459619522095,
      -0.25039124488830566,
      -0.25020408630371094,
      -0.25036370754241943,
      -0.25037455558776855,
      -0.2505367398262024,
      -0.2505185306072235,
      -0.250386506319046,
      -0.25047433376312256,
      -0.2502322494983673,
      -0.25036555528640747,
      -0.2505094110965729,
      -0.2503834366798401,
      -0.2503599524497986,
      -0.2505149245262146,
      -0.25041550397872925,
      -0.2504487931728363,
      -0.25029537081718445,
      -0.2504746615886688
    ],
    [
      -0.2510651648044586,
      -0.25038111209869385,
      -0.25063806772232056,
      -0.2504076659679413,
      -0.25047585368156433,
      -0.25074854493141174,
      -0.2508101165294647,
      -0.2502923607826233,
      -0.2504711151123047,
      -0.25038012862205505,
      -0.250546932220459,
      -0.250214546918869,
      -0.25103485584259033,
      -0.25037404894828796,
      -0.25061488151550293,
      -0.2502276301383972,
      -0.2507198452949524,
      -0.25036507844924927,
      -0.25029608607292175,
      -0.2502979636192322,
      -0.25020813941955566,
      -0.2500612437725067,
      -0.25052234530448914,
      -0.2504803240299225,
      -0.25047042965888977,
      -0.2503223717212677,
      -0.2505570948123932,
      -0.2504225969314575,
      -0.2504016160964966,
      -0.2502204179763794,
      -0.2505476772785187,
      -0.2505451440811157,
      -0.2503637373447418,
      -0.25036951899528503,
      -0.2504270076751709,
      -0.25101253390312195,
      -0.2504439353942871,
      -0.25030338764190674,
      -0.2502687871456146,
      -0.2505192458629608,
      -0.25055572390556335,
      -0.2505132257938385,
      -0.25046706199645996,
      -0.25065502524375916,
      -0.2504110038280487,
      -0.25054115056991577,
      -0.2504035532474518,
      -0.2505049705505371,
      -0.25036102533340454,
      -0.2503512501716614
    ],
    [
      -0.25036969780921936,
      -0.25095266103744507,
      -0.25040990114212036,
      -0.2506880760192871,
      -0.25089624524116516,
      -0.2509598433971405,
      -0.25042885541915894,
      -0.2505037486553192,
      -0.2504599988460541,
      -0.25058117508888245,
      -0.2503577172756195,
      -0.2503852844238281,
      -0.2504923939704895,
      -0.25071269273757935,
      -0.2505641281604767,
      -0.24994689226150513,
      -0.25041624903678894,
      -0.25073322653770447,
      -0.25060412287712097,
      -0.25054964423179626,
      -0.2503727078437805,
      -0.2503906786441803,
      -0.25047656893730164,
      -0.2503407895565033,
      -0.2505006492137909,
      -0.2505066990852356,
      -0.25048014521598816,
      -0.2504715919494629,
      -0.2502707242965698,
      -0.25049442052841187,
      -0.2509728968143463,
      -0.2507981061935425,
      -0.2504556179046631,
