{
  "sigma_values": [
    0.0,
    0.01,
    0.02,
    0.03,
    0.05,
    0.07,
    0.1,
    0.12,
    0.15
  ],
  "metric_name": "quality_thermal_only",
  "per_trial": [
    [
      -0.23970173299312592,
      -0.2397049516439438,
      -0.239701047539711,
      -0.2396988570690155,
      -0.23970654606819153,
      -0.23970627784729004,
      -0.23969756066799164,
      -0.23969803750514984,
      -0.23969890177249908,
      -0.23969613015651703
    ],
    [
      -0.239699125289917,
      -0.2396995723247528,
      -0.23970633745193481,
      -0.23970165848731995,
      -0.23970209062099457,
      -0.23970018327236176,
      -0.23970022797584534,
      -0.23969599604606628,
      -0.23970164358615875,
      -0.23970037698745728
    ],
    [
      -0.23970361053943634,
      -0.23969969153404236,
      -0.2397032082080841,
      -0.23970142006874084,
      -0.23970812559127808,
      -0.2397054135799408,
      -0.23969757556915283,
      -0.23970718681812286,
      -0.23969793319702148,
      -0.23970408737659454
    ],
    [
      -0.23970450460910797,
      -0.23970797657966614,
      -0.2397017776966095,
      -0.2397000640630722,
      -0.23969991505146027,
      -0.23970092833042145,
      -0.23970527946949005,
      -0.23970487713813782,
      -0.23969994485378265,
      -0.23969994485378265
    ],
    [
      -0.2397020012140274,
      -0.23970472812652588,
      -0.23969851434230804,
      -0.23970718681812286,
      -0.23970498144626617,
      -0.239700585603714,
      -0.23970328271389008,
      -0.23970071971416473,
      -0.23970440030097961,
      -0.2397005558013916
    ],
    [
      -0.2396966964006424,
      -0.23970343172550201,
      -0.23970475792884827,
      -0.23970936238765717,
      -0.23970286548137665,
      -0.23970085382461548,
      -0.2397059053182602,
      -0.2397070825099945,
      -0.23970270156860352,
      -0.23970386385917664
    ],
    [
      -0.23969368636608124,
      -0.23970119655132294,
      -0.23970149457454681,
      -0.23969949781894684,
      -0.23969991505146027,
      -0.2397015392780304,
      -0.23971308767795563,
      -0.23969946801662445,
      -0.2397005259990692,
      -0.2397020161151886
    ],
    [
      -0.2397022545337677,
      -0.23970070481300354,
      -0.23970898985862732,
      -0.2397029548883438,
      -0.23970744013786316,
      -0.23969994485378265,
      -0.23970367014408112,
      -0.23970356583595276,
      -0.23970171809196472,
      -0.2397000789642334
    ],
    [
      -0.23970581591129303,
      -0.23970144987106323,
      -0.23970817029476166,
      -0.2397070825099945,
      -0.23970593512058258,
      -0.23970402777194977,
      -0.23970095813274384,
      -0.23969577252864838,
      -0.23969848453998566,
      -0.2397000789642334
    ]
  ],
  "digital_baseline": -0.23970134556293488,
  "mean": [
    -0.23970100432634353,
    -0.23970072120428085,
    -0.23970282524824144,
    -0.23970252126455308,
    -0.23970269560813903,
    -0.23970375210046768,
    -0.23970124274492263,
    -0.23970313221216202,
    -0.2397027775645256
  ],
  "std": [
    3.57889443591606e-06,
    2.4898181642590736e-06,
    3.456279609442757e-06,
    2.7576848366141916e-06,
    2.523450824134333e-06,
    3.2924570040611402e-06,
    4.5455891472187885e-06,
    2.8552230799002374e-06,
    3.85012931785474e-06
  ],
  "normalized_mean": [
    1.0000014235906376,
    1.000002604735708,
    0.9999938269628688,
    0.9999950951396812,
    0.99999436780298,
    0.9999899602669015,
    1.0000004289421571,
    0.9999925463529503,
    0.9999940258925649
  ],
  "normalized_std": [
    1.4930639740511604e-05,
    1.0387168075388873e-05,
    1.4419108083543453e-05,
    1.1504669822098043e-05,
    1.0527478759904531e-05,
    1.3735663420365272e-05,
    1.896355290181431e-05,
    1.1911585532383184e-05,
    1.6062193179653504e-05
  ],
  "degradation_threshold_10pct": 0.15
}