{
  "sigma_values": [
    2.0,
    4.0,
    6.0,
    8.0,
    10.0,
    12.0,
    16.0
  ],
  "metric_name": "quality_vs_adc_bits_sigma0.050",
  "per_trial": [
    [
      0.9290000200271606,
      0.9290000200271606,
      0.9280000329017639,
      0.9290000200271606,
      0.9280000329017639,
      0.9290000200271606,
      0.5940000414848328,
      0.8400000333786011,
      0.8790000677108765,
      0.8060000538825989,
      0.9130000472068787,
      0.9000000357627869,
      0.9290000200271606,
      0.9290000200271606,
      0.6640000343322754,
      0.8380000591278076,
      0.8970000147819519,
      0.8110000491142273,
      0.9240000247955322,
      0.9290000200271606,
      0.7190000414848328,
      0.6300000548362732,
      0.503000020980835,
      0.9290000200271606,
      0.8790000677108765,
      0.8600000143051147,
      0.8390000462532043,
      0.9080000519752502,
      0.906000018119812,
      0.9290000200271606,
      0.9170000553131104,
      0.628000020980835,
      0.9240000247955322,
      0.9290000200271606,
      0.9290000200271606,
      0.578000009059906,
      0.21300001442432404,
      0.6300000548362732,
      0.9240000247955322,
      0.8870000243186951,
      0.9290000200271606,
      0.9130000472068787,
      0.9290000200271606,
      0.7330000400543213,
      0.9290000200271606,
      0.8960000276565552,
      0.8360000252723694,
      0.9280000329017639,
      0.9290000200271606,
      0.9290000200271606
    ],
    [
      0.9270000457763672,
      0.9080000519752502,
      0.862000048160553,
      0.8910000324249268,
      0.9250000715255737,
      0.8970000147819519,
      0.9250000715255737,
      0.8570000529289246,
      0.9290000200271606,
      0.9230000376701355,
      0.9290000200271606,
      0.28300002217292786,
      0.8790000677108765,
      0.07400000095367432,
      0.5980000495910645,
      0.9220000505447388,
      0.46300002932548523,
      0.9290000200271606,
      0.9290000200271606,
      0.9190000295639038,
      0.9290000200271606,
      0.11400000751018524,
      0.22100001573562622,
      0.8650000691413879,
      0.9290000200271606,
      0.9290000200271606,
      0.9290000200271606,
      0.9290000200271606,
      0.9290000200271606,
      0.9290000200271606,
      0.9290000200271606,
      0.9190000295639038,
      0.8250000476837158,
      0.9280000329017639,
      0.9270000457763672,
      0.07400000095367432,
      0.7990000247955322,
      0.4410000145435333,
      0.8700000643730164,
      0.13100001215934753,
      0.9290000200271606,
      0.9290000200271606,
      0.9290000200271606,
      0.5600000023841858,
      0.07100000232458115,
      0.8970000147819519,
      0.9290000200271606,
      0.8690000176429749,
      0.8180000185966492,
      0.9290000200271606
    ],
    [
      0.7900000214576721,
      0.9260000586509705,
      0.9150000214576721,
      0.9290000200271606,
      0.9290000200271606,
      0.9290000200271606,
      0.9220000505447388,
      0.9100000262260437,
      0.9290000200271606,
      0.9290000200271606,
      0.9290000200271606,
      0.9290000200271606,
      0.9290000200271606,
      0.5180000066757202,
      0.9290000200271606,
      0.9290000200271606,
      0.49500003457069397,
      0.7020000219345093,
      0.9230000376701355,
      0.9290000200271606,
      0.9290000200271606,
      0.9290000200271606,
      0.706000030040741,
      0.9290000200271606,
      0.47700002789497375,
      0.9290000200271606,
      0.9290000200271606,
      0.6140000224113464,
      0.2160000056028366,
      0.9290000200271606,
      0.9240000247955322,
      0.9290000200271606,
      0.9290000200271606,
      0.9290000200271606,
      0.9290000200271606,
      0.9290000200271606,
      0.612000048160553,
      0.1380000114440918,
      0.9240000247955322,
      0.9290000200271606,
      0.9290000200271606,
      0.9290000200271606,
      0.9290000200271606,
      0.9290000200271606,
      0.07200000435113907,
      0.9290000200271606,
      0.9290000200271606,
      0.9290000200271606,
      0.9290000200271606,
      0.7740000486373901
    ],
    [
      0.32500001788139343,
      0.9290000200271606,
      0.9260000586509705,
      0.9290000200271606,
      0.12800000607967377,
      0.9290000200271606,
      0.9290000200271606,
      0.9250000715255737,
      0.9290000200271606,
      0.8960000276565552,
      0.32100000977516174,
      0.9280000329017639,
      0.14800000190734863,
      0.9290000200271606,
      0.862000048160553,
      0.9130000472068787,
      0.9290000200271606,
      0.08500000089406967,
      0.07300000637769699,
      0.9100000262260437,
      0.9160000681877136,
      0.07200000435113907,
      0.5540000200271606,
      0.8790000677108765,
      0.9290000200271606,
      0.9140000343322754,
      0.9080000519752502,
      0.9290000200271606,
      0.9290000200271606,
      0.7980000376701355,
      0.11400000751018524,
      0.8660000562667847,
      0.9300000667572021,
      0.07400000095367432,
      0.7560000419616699,
      0.9290000200271606,
      0.9290000200271606,
      0.8280000686645508,
      0.6720000505447388,
      0.9280000329017639,
      0.11400000751018524,
      0.9290000200271606,
      0.9290000200271606,
      0.9290000200271606,
      0.9290000200271606,
      0.9290000200271606,
      0.9290000200271606,
      0.42100003361701965,
      0.07100000232458115,
      0.9290000200271606
    ],
    [
      0.07100000232458115,
      0.8830000162124634,
      0.9250000715255737,
      0.9290000200271606,
      0.09300000220537186,
      0.9290000200271606,
      0.7700000405311584,
      0.5640000104904175,
      0.4400000274181366,
      0.9290000200271606,
      0.9290000200271606,
      0.9290000200271606,
      0.7870000600814819,
      0.35500001907348633,
      0.8730000257492065,
      0.9290000200271606,
      0.9270000457763672,
      0.6650000214576721,
      0.9290000200271606,
      0.9290000200271606,
      0.9250000715255737,
      0.2580000162124634,
      0.8760000467300415,
      0.9290000200271606,
      0.9220000505447388,
      0.8460000157356262,
      0.9290000200271606,
      0.9290000200271606,
      0.1720000058412552,
      0.9280000329017639,
      0.9230000376701355,
      0.9290000200271606,
      0.7040000557899475,
      0.9290000200271606,
      0.9190000295639038,
      0.9290000200271606,
      0.5630000233650208,
      0.8920000195503235,
      0.5370000004768372,
      0.9190000295639038,
      0.9290000200271606,
      0.9290000200271606,
      0.9290000200271606,
      0.08900000154972076,
      0.9290000200271606,
      0.9020000696182251,
      0.909000039100647,
      0.9290000200271606,
      0.9160000681877136,
      0.9290000200271606
    ],
    [
      0.9290000200271606,
      0.07100000232458115,
      0.9280000329017639,
      0.9290000200271606,
      0.9290000200271606,
      0.07100000232458115,
      0.13700000941753387,
      0.2930000126361847,
      0.6840000152587891,
      0.843000054359436,
      0.9290000200271606,
      0.9290000200271606,
      0.9290000200271606,
      0.07500000298023224,
      0.9290000200271606,
      0.9280000329017639,
      0.6200000047683716,
      0.9270000457763672,
      0.9290000200271606,
      0.14400000870227814,
      0.8960000276565552,
      0.8210000395774841,
      0.9290000200271606,
      0.9290000200271606,
      0.9290000200271606,
      0.9240000247955322,
      0.9290000200271606,
      0.07100000232458115,
      0.909000039100647,
      0.9290000200271606,
      0.9290000200271606,
      0.9230000376701355,
      0.9290000200271606,
      0.42500001192092896,
      0.9280000329017639,
      0.9300000667572021,
      0.9290000200271606,
      0.8760000467300415,
      0.6840000152587891,
      0.9290000200271606,
      0.9290000200271606,
      0.9290000200271606,
      0.9290000200271606,
      0.9290000200271606,
      0.9290000200271606,
      0.9260000586509705,
      0.9290000200271606,
      0.9290000200271606,
