{
  "sigma_values": [
    0.0,
    0.01,
    0.02,
    0.03,
    0.05,
    0.07,
    0.1,
    0.12,
    0.15
  ],
  "metric_name": "quality_mismatch_only",
  "per_trial": [
    [
      -0.24621181190013885,
      -0.24621181190013885,
      -0.24621181190013885,
      -0.24621181190013885,
      -0.24621181190013885,
      -0.24621181190013885,
      -0.24621181190013885,
      -0.24621181190013885,
      -0.24621181190013885,
      -0.24621181190013885
    ],
    [
      -0.2462157905101776,
      -0.24621263146400452,
      -0.24626722931861877,
      -0.2462272047996521,
      -0.24620985984802246,
      -0.24620665609836578,
      -0.2461809515953064,
      -0.24620752036571503,
      -0.24624930322170258,
      -0.2462211698293686
    ],
    [
      -0.2462170273065567,
      -0.24626503884792328,
      -0.24626918137073517,
      -0.24625849723815918,
      -0.24623450636863708,
      -0.24625471234321594,
      -0.24614934623241425,
      -0.2461966574192047,
      -0.24622833728790283,
      -0.24611037969589233
    ],
    [
      -0.2463402897119522,
      -0.24626030027866364,
      -0.24635374546051025,
      -0.24621491134166718,
      -0.24617716670036316,
      -0.24620093405246735,
      -0.24609003961086273,
      -0.2462465763092041,
      -0.2462492287158966,
      -0.246270090341568
    ],
    [
      -0.24607285857200623,
      -0.2462892234325409,
      -0.24604913592338562,
      -0.24668540060520172,
      -0.246082603931427,
      -0.246266707777977,
      -0.24621982872486115,
      -0.24621936678886414,
      -0.24639345705509186,
      -0.24659259617328644
    ],
    [
      -0.24665845930576324,
      -0.2457258552312851,
      -0.24634136259555817,
      -0.24618366360664368,
      -0.2462339997291565,
      -0.2465016394853592,
      -0.24689963459968567,
      -0.24625152349472046,
      -0.24623852968215942,
      -0.24619345366954803
    ],
    [
      -0.24642148613929749,
      -0.24894438683986664,
      -0.24614325165748596,
      -0.24783170223236084,
      -0.2467958778142929,
      -0.2488289773464203,
      -0.24681705236434937,
      -0.2465718686580658,
      -0.24727962911128998,
      -0.24681174755096436
    ],
    [
      -0.24785630404949188,
      -0.24663817882537842,
      -0.24691176414489746,
      -0.24752715229988098,
      -0.2461644560098648,
      -0.24614068865776062,
      -0.2461654394865036,
      -0.24737808108329773,
      -0.24587388336658478,
      -0.24600383639335632
    ],
    [
      -0.24621456861495972,
      -0.24759604036808014,
      -0.24770356714725494,
      -0.2479238063097,
      -0.24656690657138824,
      -0.24761845171451569,
      -0.24649469554424286,
      -0.24650944769382477,
      -0.2466304898262024,
      -0.24836726486682892
    ]
  ],
  "digital_baseline": -0.24621181190013885,
  "mean": [
    -0.24621181190013885,
    -0.24621983170509337,
    -0.24621836841106415,
    -0.2462403282523155,
    -0.2462871178984642,
    -0.24632281213998794,
    -0.24724459797143936,
    -0.24666597843170165,
    -0.24716252386569976
  ],
  "std": [
    0.0,
    2.275016142272723e-05,
    4.994986724140258e-05,
    7.28235240225901e-05,
    0.00020424534297871027,
    0.00029836776564719165,
    0.0009305914693175125,
    0.0006760628019595819,
    0.0007161304995673646
  ],
  "normalized_mean": [
    1.0,
    0.9999674272128025,
    0.9999733704452491,
    0.9998841795933486,
    0.9996941414071723,
    0.9995491676902402,
    0.9958052943791365,
    0.9981553828467539,
    0.996138641935073
  ],
  "normalized_std": [
    0.0,
    9.240077170608889e-05,
    0.00020287356181620468,
    0.0002957759153006299,
    0.0008295513582490113,
    0.0012118336782648217,
    0.003779637792905531,
    0.0027458585221483466,
    0.002908595221490918
  ],
  "degradation_threshold_10pct": 0.15
}