{
  "sigma_values": [
    0.0,
    0.01,
    0.02,
    0.03,
    0.05,
    0.07,
    0.1,
    0.12,
    0.15
  ],
  "metric_name": "quality",
  "per_trial": [
    [
      -0.23973335325717926,
      -0.2397402971982956,
      -0.23976029455661774,
      -0.23977984488010406,
      -0.23973576724529266,
      -0.23975083231925964,
      -0.23974007368087769,
      -0.23977147042751312,
      -0.23974725604057312,
      -0.2397424280643463,
      -0.23975491523742676,
      -0.23975206911563873,
      -0.2397482991218567,
      -0.23976580798625946,
      -0.23973619937896729,
      -0.23976565897464752,
      -0.23973312973976135,
      -0.23974153399467468,
      -0.2397662103176117,
      -0.23976409435272217,
      -0.23974892497062683,
      -0.23977354168891907,
      -0.23973800241947174,
      -0.23976275324821472,
      -0.23977023363113403,
      -0.23976671695709229,
      -0.23975421488285065,
      -0.23975427448749542,
      -0.23975442349910736,
      -0.23974910378456116,
      -0.23975230753421783,
      -0.2397371083498001,
      -0.23975200951099396,
      -0.2397649735212326,
      -0.23975780606269836,
      -0.23975421488285065,
      -0.23973001539707184,
      -0.23972922563552856,
      -0.2397494614124298,
      -0.23974378407001495,
      -0.2397463023662567,
      -0.23976647853851318,
      -0.2397422343492508,
      -0.23974645137786865,
      -0.239771768450737,
      -0.2397604137659073,
      -0.23975996673107147,
      -0.23974138498306274,
      -0.2397603839635849,
      -0.23976492881774902
    ],
    [
      -0.23957696557044983,
      -0.23982012271881104,
      -0.2396460771560669,
      -0.239505797624588,
      -0.2400127798318863,
      -0.2396361380815506,
      -0.23933042585849762,
      -0.23940393328666687,
      -0.23963364958763123,
      -0.23976533114910126,
      -0.23996712267398834,
      -0.23949746787548065,
      -0.2401815801858902,
      -0.23956499993801117,
      -0.23964594304561615,
      -0.23975969851016998,
      -0.23976920545101166,
      -0.23980993032455444,
      -0.2396959662437439,
      -0.23947541415691376,
      -0.23981215059757233,
      -0.23971137404441833,
      -0.23979146778583527,
      -0.24004322290420532,
      -0.23996928334236145,
      -0.2397185117006302,
      -0.23979425430297852,
      -0.239772230386734,
      -0.23957514762878418,
      -0.24017822742462158,
      -0.2397385686635971,
      -0.2397059053182602,
      -0.23980951309204102,
      -0.24001780152320862,
      -0.23958227038383484,
      -0.24015739560127258,
      -0.23974159359931946,
      -0.23965738713741302,
      -0.23947125673294067,
      -0.2400897592306137,
      -0.23954644799232483,
      -0.239738330245018,
      -0.2397821992635727,
      -0.23952212929725647,
      -0.23966646194458008,
      -0.23959966003894806,
      -0.23965002596378326,
      -0.23982961475849152,
      -0.24005834758281708,
      -0.23994982242584229
    ],
    [
      -0.24014897644519806,
      -0.23940694332122803,
      -0.2396882325410843,
      -0.23967033624649048,
      -0.23981080949306488,
      -0.2395509034395218,
      -0.23967865109443665,
      -0.24003562331199646,
      -0.24005630612373352,
      -0.23963603377342224,
      -0.23974944651126862,
      -0.23970898985862732,
      -0.24002736806869507,
      -0.23959393799304962,
      -0.24023674428462982,
      -0.23997177183628082,
      -0.23999053239822388,
      -0.23998460173606873,
      -0.23957905173301697,
      -0.23953457176685333,
      -0.24021564424037933,
      -0.23986470699310303,
      -0.24010393023490906,
      -0.23977406322956085,
      -0.240129292011261,
      -0.2396439164876938,
      -0.23940978944301605,
      -0.2396937757730484,
      -0.23965226113796234,
      -0.239667147397995,
      -0.23958012461662292,
      -0.23971670866012573,
      -0.23994258046150208,
      -0.23940905928611755,
      -0.24036940932273865,
      -0.2396501749753952,
      -0.23984403908252716,
      -0.23960833251476288,
      -0.23977503180503845,
      -0.24030114710330963,
      -0.2394568771123886,
      -0.24048472940921783,
      -0.2402418553829193,
      -0.239965558052063,
      -0.24013374745845795,
      -0.2402559518814087,
      -0.23970670998096466,
      -0.2395513653755188,
      -0.23951664566993713,
      -0.24009913206100464
    ],
    [
      -0.23972801864147186,
      -0.23991955816745758,
      -0.23983174562454224,
      -0.23948734998703003,
      -0.23960746824741364,
      -0.23983925580978394,
      -0.2394716590642929,
      -0.24010950326919556,
      -0.2399987429380417,
      -0.23929214477539062,
      -0.23967623710632324,
      -0.239594504237175,
      -0.24009960889816284,
      -0.23990385234355927,
      -0.2404024451971054,
      -0.23972834646701813,
      -0.2397288829088211,
      -0.24006134271621704,
      -0.23964671790599823,
      -0.23952233791351318,
      -0.2396504431962967,
      -0.2397102415561676,
      -0.23972760140895844,
      -0.23962938785552979,
      -0.23995549976825714,
      -0.24010366201400757,
      -0.24037016928195953,
      -0.2407418042421341,
      -0.23987866938114166,
      -0.23945574462413788,
      -0.24012909829616547,
      -0.2399407923221588,
      -0.24012304842472076,
      -0.23935692012310028,
      -0.23976446688175201,
      -0.23933179676532745,
      -0.2395513653755188,
      -0.23968558013439178,
      -0.2395825833082199,
      -0.24034921824932098,
      -0.23950247466564178,
      -0.23929131031036377,
      -0.2397099882364273,
      -0.23940102756023407,
      -0.2397788166999817,
      -0.2404760718345642,
      -0.23961150646209717,
      -0.2400558739900589,
      -0.23958076536655426,
      -0.23964010179042816
    ],
    [
      -0.23953348398208618,
      -0.23921026289463043,
      -0.2390449494123459,
      -0.23985891044139862,
      -0.23971198499202728,
      -0.24036552011966705,
      -0.2397235780954361,
      -0.24013710021972656,
      -0.23992343246936798,
      -0.23955142498016357,
      -0.24112600088119507,
      -0.24008336663246155,
      -0.23942819237709045,
      -0.23929227888584137,
      -0.23945941030979156,
      -0.2396547794342041,
      -0.23958967626094818,
      -0.24019134044647217,
      -0.23992058634757996,
      -0.23933516442775726,
      -0.23984993994235992,
      -0.2398402839899063,
      -0.2397715300321579,
      -0.2400159388780594,
      -0.2395639717578888,
      -0.23972153663635254,
      -0.23967793583869934,
      -0.23978063464164734,
      -0.24022901058197021,
      -0.23974281549453735,
      -0.2404579520225525,
      -0.23929576575756073,
      -0.24020014703273773,
      -0.23936636745929718,
      -0.23972134292125702,
      -0.24062998592853546,
      -0.2409345805644989,
      -0.24150657653808594,
      -0.23991072177886963,
      -0.2416374534368515,
      -0.2396538406610489,
      -0.23948389291763306,
      -0.23982712626457214,
      -0.23992972075939178,
      -0.23926948010921478,
      -0.24104733765125275,
      -0.23989854753017426,
      -0.23968389630317688,
      -0.2394561916589737,
      -0.2396610528230667
    ],
    [
      -0.2404986023902893,
      -0.24039842188358307,
      -0.23980921506881714,
      -0.244009867310524,
      -0.240168496966362,
      -0.24155114591121674,
      -0.23938152194023132,
      -0.2395956665277481,
      -0.23893998563289642,
      -0.23971116542816162,
      -0.24160315096378326,
      -0.23999901115894318,
      -0.2390962541103363,
      -0.24159252643585205,
      -0.2414739727973938,
      -0.23985077440738678,
      -0.23925647139549255,
      -0.2401706576347351,
      -0.240724116563797,
      -0.23952582478523254,
      -0.2391466349363327,
      -0.2406478375196457,
      -0.24103105068206787,
      -0.23933252692222595,
      -0.24056771397590637,
      -0.24135223031044006,
      -0.24031132459640503,
      -0.24102358520030975,
      -0.23947900533676147,
      -0.24020937085151672,
