{
  "sigma_values": [
    0.0,
    0.01,
    0.02,
    0.03,
    0.05,
    0.07,
    0.1,
    0.12,
    0.15
  ],
  "metric_name": "quality_mismatch_only",
  "per_trial": [
    [
      -0.24754662811756134,
      -0.24754662811756134,
      -0.24754662811756134,
      -0.24754662811756134,
      -0.24754662811756134,
      -0.24754662811756134,
      -0.24754662811756134,
      -0.24754662811756134,
      -0.24754662811756134,
      -0.24754662811756134
    ],
    [
      -0.24769650399684906,
      -0.2477128952741623,
      -0.2476256787776947,
      -0.24751320481300354,
      -0.24770861864089966,
      -0.24761179089546204,
      -0.24754156172275543,
      -0.24756582081317902,
      -0.2475603073835373,
      -0.24740464985370636
    ],
    [
      -0.2480117529630661,
      -0.247558131814003,
      -0.24750640988349915,
      -0.24756820499897003,
      -0.24751317501068115,
      -0.24781198799610138,
      -0.24753549695014954,
      -0.2472638189792633,
      -0.24745702743530273,
      -0.24757391214370728
    ],
    [
      -0.24807333946228027,
      -0.24729053676128387,
      -0.24746794998645782,
      -0.24756820499897003,
      -0.24712339043617249,
      -0.24754323065280914,
      -0.24843443930149078,
      -0.2473495453596115,
      -0.2471989542245865,
      -0.2474621683359146
    ],
    [
      -0.2515234351158142,
      -0.24965344369411469,
      -0.24857470393180847,
      -0.24723507463932037,
      -0.24735412001609802,
      -0.24717643857002258,
      -0.24758897721767426,
      -0.24774271249771118,
      -0.2476174384355545,
      -0.24760836362838745
    ],
    [
      -0.24714334309101105,
      -0.24792362749576569,
      -0.2472381442785263,
      -0.2470252513885498,
      -0.24768882989883423,
      -0.24907827377319336,
      -0.24923910200595856,
      -0.24948188662528992,
      -0.24673835933208466,
      -0.2473362535238266
    ],
    [
      -0.24736237525939941,
      -0.2473808377981186,
      -0.24842071533203125,
      -0.24923153221607208,
      -0.24748128652572632,
      -0.2527821958065033,
      -0.25143253803253174,
      -0.2476091831922531,
      -0.25028175115585327,
      -0.24980655312538147
    ],
    [
      -0.25180259346961975,
      -0.24818766117095947,
      -0.24880623817443848,
      -0.24877235293388367,
      -0.24945728480815887,
      -0.24765412509441376,
      -0.24871376156806946,
      -0.25341424345970154,
      -0.2514415383338928,
      -0.25054192543029785
    ],
    [
      -0.25214099884033203,
      -0.24724416434764862,
      -0.251644104719162,
      -0.24637377262115479,
      -0.2490411400794983,
      -0.2493496835231781,
      -0.24925091862678528,
      -0.2482648640871048,
      -0.25505027174949646,
      -0.24981319904327393
    ]
  ],
  "digital_baseline": -0.24754662811756134,
  "mean": [
    -0.24754662811756134,
    -0.24759410321712494,
    -0.24757999181747437,
    -0.2475511759519577,
    -0.24820747077465058,
    -0.24788930714130403,
    -0.24917889684438704,
    -0.24987917244434357,
    -0.24981731176376343
  ],
  "std": [
    0.0,
    9.282290388005285e-05,
    0.00019179096637138033,
    0.00038518296764544616,
    0.0013139143284629899,
    0.0009576472836120418,
    0.00179246089187533,
    0.001755020210114601,
    0.0024114652047960683
  ],
  "normalized_mean": [
    1.0,
    0.999808217547035,
    0.9998652225636571,
    0.999981628372679,
    0.9973304315953946,
    0.998615699085265,
    0.9934062170862997,
    0.9905773536706204,
    0.9908272487350395
  ],
  "normalized_std": [
    0.0,
    0.0003749713926055608,
    0.0007747670320934352,
    0.0015560016736019548,
    0.005307744801270346,
    0.003868553132370882,
    0.007240902069666163,
    0.007089655082197814,
    0.00974145850070254
  ],
  "degradation_threshold_10pct": 0.15
}