{
  "sigma_values": [
    2.0,
    4.0,
    6.0,
    8.0,
    10.0,
    12.0,
    16.0
  ],
  "metric_name": "quality_vs_adc_bits_sigma0.050",
  "per_trial": [
    [
      -0.6904457211494446,
      -0.6868435740470886,
      -0.6880242824554443,
      -0.688304603099823,
      -0.6899954676628113,
      -0.6917965412139893,
      -0.6884745955467224,
      -0.6913462281227112,
      -0.6931474208831787,
      -0.6890949010848999,
      -0.6889248490333557,
      -0.6908960342407227,
      -0.6913462281227112,
      -0.689545214176178,
      -0.6904457211494446,
      -0.6931474208831787,
      -0.6886446475982666,
      -0.691346287727356,
      -0.6899954676628113,
      -0.6871237754821777,
      -0.6899954676628113,
      -0.6917965412139893,
      -0.6908959746360779,
      -0.6890949606895447,
      -0.6908959746360779
    ],
    [
      -0.23938560485839844,
      -0.2406037449836731,
      -0.23856180906295776,
      -0.2374933660030365,
      -0.23870232701301575,
      -0.24029378592967987,
      -0.24036256968975067,
      -0.24176277220249176,
      -0.23840904235839844,
      -0.24046850204467773,
      -0.2388094812631607,
      -0.24020712077617645,
      -0.23835109174251556,
      -0.23809438943862915,
      -0.24003846943378448,
      -0.23793378472328186,
      -0.2403644174337387,
      -0.24138499796390533,
      -0.23908300697803497,
      -0.24059206247329712,
      -0.2401154339313507,
      -0.23986364901065826,
      -0.24023780226707458,
      -0.23964853584766388,
      -0.23841767013072968
    ],
    [
      -0.2387000471353531,
      -0.23954014480113983,
      -0.23898275196552277,
      -0.23878498375415802,
      -0.2391514778137207,
      -0.2385420948266983,
      -0.23907685279846191,
      -0.23890043795108795,
      -0.2383502870798111,
      -0.239264115691185,
      -0.23894047737121582,
      -0.2381909042596817,
      -0.23903881013393402,
      -0.23844830691814423,
      -0.23913970589637756,
      -0.23870164155960083,
      -0.2391081005334854,
      -0.23921233415603638,
      -0.23973827064037323,
      -0.23889723420143127,
      -0.2390192598104477,
      -0.23936127126216888,
      -0.23873627185821533,
      -0.23897576332092285,
      -0.238944411277771
    ],
    [
      -0.23867502808570862,
      -0.2384822815656662,
      -0.23892731964588165,
      -0.2384217530488968,
      -0.23872961103916168,
      -0.23944124579429626,
      -0.2390151470899582,
      -0.23878240585327148,
      -0.23847180604934692,
      -0.23857179284095764,
      -0.2387094795703888,
      -0.23891833424568176,
      -0.23898597061634064,
      -0.23927803337574005,
      -0.2386649250984192,
      -0.23901894688606262,
      -0.2384917140007019,
      -0.23859833180904388,
      -0.23896558582782745,
      -0.238895446062088,
      -0.2386673390865326,
      -0.2384774088859558,
      -0.2389572411775589,
      -0.23875369131565094,
      -0.23876723647117615
    ],
    [
      -0.23859132826328278,
      -0.23893098533153534,
      -0.2387731820344925,
      -0.23877404630184174,
      -0.23928767442703247,
      -0.23869112133979797,
      -0.2392924726009369,
      -0.23880499601364136,
      -0.2387053668498993,
      -0.23838211596012115,
      -0.23905614018440247,
      -0.23885613679885864,
      -0.23875461518764496,
      -0.23912698030471802,
      -0.23852135241031647,
      -0.23908226191997528,
      -0.23869845271110535,
      -0.23865757882595062,
      -0.23877353966236115,
      -0.23859970271587372,
      -0.23896214365959167,
      -0.23845483362674713,
      -0.2391008734703064,
      -0.23907187581062317,
      -0.23916080594062805
    ],
    [
      -0.23911142349243164,
      -0.2386259138584137,
      -0.23846690356731415,
      -0.23907123506069183,
      -0.23890051245689392,
      -0.23890899121761322,
      -0.2388119399547577,
      -0.2388821542263031,
      -0.23883488774299622,
      -0.23942233622074127,
      -0.23908647894859314,
      -0.23868905007839203,
      -0.2388453334569931,
      -0.23865877091884613,
      -0.23840196430683136,
      -0.238443985581398,
      -0.23936337232589722,
      -0.23864097893238068,
      -0.23907089233398438,
      -0.23872341215610504,
      -0.2389831840991974,
      -0.23896923661231995,
      -0.23920775949954987,
      -0.23861990869045258,
      -0.23906753957271576
    ],
    [
      -0.23908409476280212,
      -0.23898236453533173,
      -0.23871169984340668,
      -0.23890358209609985,
      -0.23872821033000946,
      -0.23904220759868622,
      -0.23873145878314972,
      -0.2387116402387619,
      -0.23879727721214294,
      -0.23885081708431244,
      -0.23905980587005615,
      -0.23906490206718445,
      -0.23883134126663208,
      -0.23864373564720154,
      -0.23942548036575317,
      -0.23916490375995636,
      -0.23854105174541473,
      -0.2386588305234909,
      -0.23937299847602844,
      -0.23913317918777466,
      -0.23919714987277985,
      -0.23873072862625122,
      -0.23885135352611542,
      -0.2388724535703659,
      -0.23898734152317047
    ]
  ],
  "digital_baseline": -0.23874826729297638,
  "mean": [
    -0.6900627160072327,
    -0.23956741750240326,
    -0.23894983828067778,
    -0.23878672301769258,
    -0.23884442329406738,
    -0.23887232661247254,
    -0.23892314434051515
  ],
  "std": [
    0.0016320626452998059,
    0.0010993550628194714,
    0.00034610737583113933,
    0.0002503838611421379,
    0.00024779785940677265,
    0.0002649065162465968,
    0.00022374764573939498
  ],
  "normalized_mean": [
    -0.8903360172261794,
    0.9965689794580931,
    0.9991557174844161,
    0.9998389277327445,
    0.9995972494285246,
    0.9994803760425037,
    0.9992675253750672
  ],
  "normalized_std": [
    0.006835914093973485,
    0.004604661953296667,
    0.0014496749222745933,
    0.0010487358253154697,
    0.0010379043258257083,
    0.0011095641415546724,
    0.0009371697155180874
  ],
  "degradation_threshold_10pct": 16.0
}